,0
1,"<tr><th class=""left"" csk=""197403010KEN"" data-stat=""date_game"" scope=""row""><a href=""/boxscores/index.fcgi?month=3&amp;day=1&amp;year=1974"">Fri, Mar 1, 1974</a></th><td class=""left"" csk=""SAA.197403010KEN"" data-stat=""visitor_team_name""><a href=""/teams/SAA/1974.html"">San Antonio Spurs</a></td><td class=""right"" data-stat=""visitor_pts"">93</td><td class=""left"" csk=""KEN.197403010KEN"" data-stat=""home_team_name""><a href=""/teams/KEN/1974.html"">Kentucky Colonels</a></td><td class=""right"" data-stat=""home_pts"">108</td><td class=""center"" data-stat=""box_score_text""><a href=""/boxscores/197403010KEN.html"">Box Score</a></td><td class=""center iz"" data-stat=""overtimes""></td><td class=""right"" data-stat=""attendance"">10,833</td><td class=""left iz"" data-stat=""game_remarks""></td></tr>"
3,"<tr><th class=""left"" csk=""197403010NYA"" data-stat=""date_game"" scope=""row""><a href=""/boxscores/index.fcgi?month=3&amp;day=1&amp;year=1974"">Fri, Mar 1, 1974</a></th><td class=""left"" csk=""SDA.197403010NYA"" data-stat=""visitor_team_name""><a href=""/teams/SDA/1974.html"">San Diego Conquistadors</a></td><td class=""right"" data-stat=""visitor_pts"">119</td><td class=""left"" csk=""NYA.197403010NYA"" data-stat=""home_team_name""><a href=""/teams/NYA/1974.html"">New York Nets</a></td><td class=""right"" data-stat=""home_pts"">138</td><td class=""center"" data-stat=""box_score_text""><a href=""/boxscores/197403010NYA.html"">Box Score</a></td><td class=""center iz"" data-stat=""overtimes""></td><td class=""right"" data-stat=""attendance"">9,463</td><td class=""left iz"" data-stat=""game_remarks""></td></tr>"
5,"<tr><th class=""left"" csk=""197403010VIR"" data-stat=""date_game"" scope=""row""><a href=""/boxscores/index.fcgi?month=3&amp;day=1&amp;year=1974"">Fri, Mar 1, 1974</a></th><td class=""left"" csk=""MMT.197403010VIR"" data-stat=""visitor_team_name""><a href=""/teams/MMT/1974.html"">Memphis Tams</a></td><td class=""right"" data-stat=""visitor_pts"">108</td><td class=""left"" csk=""VIR.197403010VIR"" data-stat=""home_team_name""><a href=""/teams/VIR/1974.html"">Virginia Squires</a></td><td class=""right"" data-stat=""home_pts"">95</td><td class=""center"" data-stat=""box_score_text""><a href=""/boxscores/197403010VIR.html"">Box Score</a></td><td class=""center iz"" data-stat=""overtimes""></td><td class=""right"" data-stat=""attendance"">2,436</td><td class=""left"" data-stat=""game_remarks"">at Norfolk, VA</td></tr>"
7,"<tr><th class=""left"" csk=""197403020VIR"" data-stat=""date_game"" scope=""row""><a href=""/boxscores/index.fcgi?month=3&amp;day=2&amp;year=1974"">Sat, Mar 2, 1974</a></th><td class=""left"" csk=""NYA.197403020VIR"" data-stat=""visitor_team_name""><a href=""/teams/NYA/1974.html"">New York Nets</a></td><td class=""right"" data-stat=""visitor_pts"">101</td><td class=""left"" csk=""VIR.197403020VIR"" data-stat=""home_team_name""><a href=""/teams/VIR/1974.html"">Virginia Squires</a></td><td class=""right"" data-stat=""home_pts"">106</td><td class=""center"" data-stat=""box_score_text""><a href=""/boxscores/197403020VIR.html"">Box Score</a></td><td class=""center iz"" data-stat=""overtimes""></td><td class=""right"" data-stat=""attendance"">3,234</td><td class=""left"" data-stat=""game_remarks"">at Hampton, VA</td></tr>"
9,"<tr><th class=""left"" csk=""197403020SAA"" data-stat=""date_game"" scope=""row""><a href=""/boxscores/index.fcgi?month=3&amp;day=2&amp;year=1974"">Sat, Mar 2, 1974</a></th><td class=""left"" csk=""DNR.197403020SAA"" data-stat=""visitor_team_name""><a href=""/teams/DNR/1974.html"">Denver Rockets</a></td><td class=""right"" data-stat=""visitor_pts"">104</td><td class=""left"" csk=""SAA.197403020SAA"" data-stat=""home_team_name""><a href=""/teams/SAA/1974.html"">San Antonio Spurs</a></td><td class=""right"" data-stat=""home_pts"">113</td><td class=""center"" data-stat=""box_score_text""><a href=""/boxscores/197403020SAA.html"">Box Score</a></td><td class=""center iz"" data-stat=""overtimes""></td><td class=""right"" data-stat=""attendance"">7,366</td><td class=""left iz"" data-stat=""game_remarks""></td></tr>"
11,"<tr><th class=""left"" csk=""197403020KEN"" data-stat=""date_game"" scope=""row""><a href=""/boxscores/index.fcgi?month=3&amp;day=2&amp;year=1974"">Sat, Mar 2, 1974</a></th><td class=""left"" csk=""MMT.197403020KEN"" data-stat=""visitor_team_name""><a href=""/teams/MMT/1974.html"">Memphis Tams</a></td><td class=""right"" data-stat=""visitor_pts"">117</td><td class=""left"" csk=""KEN.197403020KEN"" data-stat=""home_team_name""><a href=""/teams/KEN/1974.html"">Kentucky Colonels</a></td><td class=""right"" data-stat=""home_pts"">123</td><td class=""center"" data-stat=""box_score_text""><a href=""/boxscores/197403020KEN.html"">Box Score</a></td><td class=""center iz"" data-stat=""overtimes""></td><td class=""right"" data-stat=""attendance"">8,479</td><td class=""left iz"" data-stat=""game_remarks""></td></tr>"
13,"<tr><th class=""left"" csk=""197403020CAR"" data-stat=""date_game"" scope=""row""><a href=""/boxscores/index.fcgi?month=3&amp;day=2&amp;year=1974"">Sat, Mar 2, 1974</a></th><td class=""left"" csk=""INA.197403020CAR"" data-stat=""visitor_team_name""><a href=""/teams/INA/1974.html"">Indiana Pacers</a></td><td class=""right"" data-stat=""visitor_pts"">108</td><td class=""left"" csk=""CAR.197403020CAR"" data-stat=""home_team_name""><a href=""/teams/CAR/1974.html"">Carolina Cougars</a></td><td class=""right"" data-stat=""home_pts"">110</td><td class=""center"" data-stat=""box_score_text""><a href=""/boxscores/197403020CAR.html"">Box Score</a></td><td class=""center iz"" data-stat=""overtimes""></td><td class=""right"" data-stat=""attendance"">7,047</td><td class=""left"" data-stat=""game_remarks"">at Charlotte, NC</td></tr>"
15,"<tr><th class=""left"" csk=""197403030DNR"" data-stat=""date_game"" scope=""row""><a href=""/boxscores/index.fcgi?month=3&amp;day=3&amp;year=1974"">Sun, Mar 3, 1974</a></th><td class=""left"" csk=""SDA.197403030DNR"" data-stat=""visitor_team_name""><a href=""/teams/SDA/1974.html"">San Diego Conquistadors</a></td><td class=""right"" data-stat=""visitor_pts"">112</td><td class=""left"" csk=""DNR.197403030DNR"" data-stat=""home_team_name""><a href=""/teams/DNR/1974.html"">Denver Rockets</a></td><td class=""right"" data-stat=""home_pts"">139</td><td class=""center"" data-stat=""box_score_text""><a href=""/boxscores/197403030DNR.html"">Box Score</a></td><td class=""center iz"" data-stat=""overtimes""></td><td class=""right"" data-stat=""attendance"">3,650</td><td class=""left iz"" data-stat=""game_remarks""></td></tr>"
17,"<tr><th class=""left"" csk=""197403030NYA"" data-stat=""date_game"" scope=""row""><a href=""/boxscores/index.fcgi?month=3&amp;day=3&amp;year=1974"">Sun, Mar 3, 1974</a></th><td class=""left"" csk=""INA.197403030NYA"" data-stat=""visitor_team_name""><a href=""/teams/INA/1974.html"">Indiana Pacers</a></td><td class=""right"" data-stat=""visitor_pts"">120</td><td class=""left"" csk=""NYA.197403030NYA"" data-stat=""home_team_name""><a href=""/teams/NYA/1974.html"">New York Nets</a></td><td class=""right"" data-stat=""home_pts"">99</td><td class=""center"" data-stat=""box_score_text""><a href=""/boxscores/197403030NYA.html"">Box Score</a></td><td class=""center iz"" data-stat=""overtimes""></td><td class=""right"" data-stat=""attendance"">12,090</td><td class=""left iz"" data-stat=""game_remarks""></td></tr>"
19,"<tr><th class=""left"" csk=""197403030SAA"" data-stat=""date_game"" scope=""row""><a href=""/boxscores/index.fcgi?month=3&amp;day=3&amp;year=1974"">Sun, Mar 3, 1974</a></th><td class=""left"" csk=""VIR.197403030SAA"" data-stat=""visitor_team_name""><a href=""/teams/VIR/1974.html"">Virginia Squires</a></td><td class=""right"" data-stat=""visitor_pts"">79</td><td class=""left"" csk=""SAA.197403030SAA"" data-stat=""home_team_name""><a href=""/teams/SAA/1974.html"">San Antonio Spurs</a></td><td class=""right"" data-stat=""home_pts"">111</td><td class=""center"" data-stat=""box_score_text""><a href=""/boxscores/197403030SAA.html"">Box Score</a></td><td class=""center iz"" data-stat=""overtimes""></td><td class=""right"" data-stat=""attendance"">6,156</td><td class=""left iz"" data-stat=""game_remarks""></td></tr>"
21,"<tr><th class=""left"" csk=""197403040UTS"" data-stat=""date_game"" scope=""row""><a href=""/boxscores/index.fcgi?month=3&amp;day=4&amp;year=1974"">Mon, Mar 4, 1974</a></th><td class=""left"" csk=""VIR.197403040UTS"" data-stat=""visitor_team_name""><a href=""/teams/VIR/1974.html"">Virginia Squires</a></td><td class=""right"" data-stat=""visitor_pts"">107</td><td class=""left"" csk=""UTS.197403040UTS"" data-stat=""home_team_name""><a href=""/teams/UTS/1974.html"">Utah Stars</a></td><td class=""right"" data-stat=""home_pts"">106</td><td class=""center"" data-stat=""box_score_text""><a href=""/boxscores/197403040UTS.html"">Box Score</a></td><td class=""center"" data-stat=""overtimes"">2OT</td><td class=""right"" data-stat=""attendance"">7,421</td><td class=""left iz"" data-stat=""game_remarks""></td></tr>"
23,"<tr><th class=""left"" csk=""197403050CAR"" data-stat=""date_game"" scope=""row""><a href=""/boxscores/index.fcgi?month=3&amp;day=5&amp;year=1974"">Tue, Mar 5, 1974</a></th><td class=""left"" csk=""KEN.197403050CAR"" data-stat=""visitor_team_name""><a href=""/teams/KEN/1974.html"">Kentucky Colonels</a></td><td class=""right"" data-stat=""visitor_pts"">96</td><td class=""left"" csk=""CAR.197403050CAR"" data-stat=""home_team_name""><a href=""/teams/CAR/1974.html"">Carolina Cougars</a></td><td class=""right"" data-stat=""home_pts"">112</td><td class=""center"" data-stat=""box_score_text""><a href=""/boxscores/197403050CAR.html"">Box Score</a></td><td class=""center iz"" data-stat=""overtimes""></td><td class=""right"" data-stat=""attendance"">4,535</td><td class=""left"" data-stat=""game_remarks"">at Raleigh, NC</td></tr>"
25,"<tr><th class=""left"" csk=""197403050DNR"" data-stat=""date_game"" scope=""row""><a href=""/boxscores/index.fcgi?month=3&amp;day=5&amp;year=1974"">Tue, Mar 5, 1974</a></th><td class=""left"" csk=""MMT.197403050DNR"" data-stat=""visitor_team_name""><a href=""/teams/MMT/1974.html"">Memphis Tams</a></td><td class=""right"" data-stat=""visitor_pts"">101</td><td class=""left"" csk=""DNR.197403050DNR"" data-stat=""home_team_name""><a href=""/teams/DNR/1974.html"">Denver Rockets</a></td><td class=""right"" data-stat=""home_pts"">135</td><td class=""center"" data-stat=""box_score_text""><a href=""/boxscores/197403050DNR.html"">Box Score</a></td><td class=""center iz"" data-stat=""overtimes""></td><td class=""right"" data-stat=""attendance"">3,753</td><td class=""left iz"" data-stat=""game_remarks""></td></tr>"
27,"<tr><th class=""left"" csk=""197403060INA"" data-stat=""date_game"" scope=""row""><a href=""/boxscores/index.fcgi?month=3&amp;day=6&amp;year=1974"">Wed, Mar 6, 1974</a></th><td class=""left"" csk=""SAA.197403060INA"" data-stat=""visitor_team_name""><a href=""/teams/SAA/1974.html"">San Antonio Spurs</a></td><td class=""right"" data-stat=""visitor_pts"">82</td><td class=""left"" csk=""INA.197403060INA"" data-stat=""home_team_name""><a href=""/teams/INA/1974.html"">Indiana Pacers</a></td><td class=""right"" data-stat=""home_pts"">92</td><td class=""center"" data-stat=""box_score_text""><a href=""/boxscores/197403060INA.html"">Box Score</a></td><td class=""center iz"" data-stat=""overtimes""></td><td class=""right"" data-stat=""attendance"">8,119</td><td class=""left iz"" data-stat=""game_remarks""></td></tr>"
29,"<tr><th class=""left"" csk=""197403060SDA"" data-stat=""date_game"" scope=""row""><a href=""/boxscores/index.fcgi?month=3&amp;day=6&amp;year=1974"">Wed, Mar 6, 1974</a></th><td class=""left"" csk=""NYA.197403060SDA"" data-stat=""visitor_team_name""><a href=""/teams/NYA/1974.html"">New York Nets</a></td><td class=""right"" data-stat=""visitor_pts"">123</td><td class=""left"" csk=""SDA.197403060SDA"" data-stat=""home_team_name""><a href=""/teams/SDA/1974.html"">San Diego Conquistadors</a></td><td class=""right"" data-stat=""home_pts"">97</td><td class=""center"" data-stat=""box_score_text""><a href=""/boxscores/197403060SDA.html"">Box Score</a></td><td class=""center iz"" data-stat=""overtimes""></td><td class=""right"" data-stat=""attendance"">2,520</td><td class=""left iz"" data-stat=""game_remarks""></td></tr>"
31,"<tr><th class=""left"" csk=""197403060UTS"" data-stat=""date_game"" scope=""row""><a href=""/boxscores/index.fcgi?month=3&amp;day=6&amp;year=1974"">Wed, Mar 6, 1974</a></th><td class=""left"" csk=""MMT.197403060UTS"" data-stat=""visitor_team_name""><a href=""/teams/MMT/1974.html"">Memphis Tams</a></td><td class=""right"" data-stat=""visitor_pts"">103</td><td class=""left"" csk=""UTS.197403060UTS"" data-stat=""home_team_name""><a href=""/teams/UTS/1974.html"">Utah Stars</a></td><td class=""right"" data-stat=""home_pts"">119</td><td class=""center"" data-stat=""box_score_text""><a href=""/boxscores/197403060UTS.html"">Box Score</a></td><td class=""center iz"" data-stat=""overtimes""></td><td class=""right"" data-stat=""attendance"">5,613</td><td class=""left iz"" data-stat=""game_remarks""></td></tr>"
33,"<tr><th class=""left"" csk=""197403070VIR"" data-stat=""date_game"" scope=""row""><a href=""/boxscores/index.fcgi?month=3&amp;day=7&amp;year=1974"">Thu, Mar 7, 1974</a></th><td class=""left"" csk=""KEN.197403070VIR"" data-stat=""visitor_team_name""><a href=""/teams/KEN/1974.html"">Kentucky Colonels</a></td><td class=""right"" data-stat=""visitor_pts"">103</td><td class=""left"" csk=""VIR.197403070VIR"" data-stat=""home_team_name""><a href=""/teams/VIR/1974.html"">Virginia Squires</a></td><td class=""right"" data-stat=""home_pts"">89</td><td class=""center"" data-stat=""box_score_text""><a href=""/boxscores/197403070VIR.html"">Box Score</a></td><td class=""center iz"" data-stat=""overtimes""></td><td class=""right"" data-stat=""attendance"">3,015</td><td class=""left"" data-stat=""game_remarks"">at Norfolk, VA</td></tr>"
35,"<tr><th class=""left"" csk=""197403070SAA"" data-stat=""date_game"" scope=""row""><a href=""/boxscores/index.fcgi?month=3&amp;day=7&amp;year=1974"">Thu, Mar 7, 1974</a></th><td class=""left"" csk=""CAR.197403070SAA"" data-stat=""visitor_team_name""><a href=""/teams/CAR/1974.html"">Carolina Cougars</a></td><td class=""right"" data-stat=""visitor_pts"">90</td><td class=""left"" csk=""SAA.197403070SAA"" data-stat=""home_team_name""><a href=""/teams/SAA/1974.html"">San Antonio Spurs</a></td><td class=""right"" data-stat=""home_pts"">98</td><td class=""center"" data-stat=""box_score_text""><a href=""/boxscores/197403070SAA.html"">Box Score</a></td><td class=""center iz"" data-stat=""overtimes""></td><td class=""right"" data-stat=""attendance"">6,163</td><td class=""left iz"" data-stat=""game_remarks""></td></tr>"
37,"<tr><th class=""left"" csk=""197403070DNR"" data-stat=""date_game"" scope=""row""><a href=""/boxscores/index.fcgi?month=3&amp;day=7&amp;year=1974"">Thu, Mar 7, 1974</a></th><td class=""left"" csk=""NYA.197403070DNR"" data-stat=""visitor_team_name""><a href=""/teams/NYA/1974.html"">New York Nets</a></td><td class=""right"" data-stat=""visitor_pts"">114</td><td class=""left"" csk=""DNR.197403070DNR"" data-stat=""home_team_name""><a href=""/teams/DNR/1974.html"">Denver Rockets</a></td><td class=""right"" data-stat=""home_pts"">100</td><td class=""center"" data-stat=""box_score_text""><a href=""/boxscores/197403070DNR.html"">Box Score</a></td><td class=""center iz"" data-stat=""overtimes""></td><td class=""right"" data-stat=""attendance"">5,723</td><td class=""left iz"" data-stat=""game_remarks""></td></tr>"
39,"<tr><th class=""left"" csk=""197403080UTS"" data-stat=""date_game"" scope=""row""><a href=""/boxscores/index.fcgi?month=3&amp;day=8&amp;year=1974"">Fri, Mar 8, 1974</a></th><td class=""left"" csk=""DNR.197403080UTS"" data-stat=""visitor_team_name""><a href=""/teams/DNR/1974.html"">Denver Rockets</a></td><td class=""right"" data-stat=""visitor_pts"">111</td><td class=""left"" csk=""UTS.197403080UTS"" data-stat=""home_team_name""><a href=""/teams/UTS/1974.html"">Utah Stars</a></td><td class=""right"" data-stat=""home_pts"">132</td><td class=""center"" data-stat=""box_score_text""><a href=""/boxscores/197403080UTS.html"">Box Score</a></td><td class=""center iz"" data-stat=""overtimes""></td><td class=""right"" data-stat=""attendance"">7,287</td><td class=""left iz"" data-stat=""game_remarks""></td></tr>"
41,"<tr><th class=""left"" csk=""197403080SDA"" data-stat=""date_game"" scope=""row""><a href=""/boxscores/index.fcgi?month=3&amp;day=8&amp;year=1974"">Fri, Mar 8, 1974</a></th><td class=""left"" csk=""SAA.197403080SDA"" data-stat=""visitor_team_name""><a href=""/teams/SAA/1974.html"">San Antonio Spurs</a></td><td class=""right"" data-stat=""visitor_pts"">115</td><td class=""left"" csk=""SDA.197403080SDA"" data-stat=""home_team_name""><a href=""/teams/SDA/1974.html"">San Diego Conquistadors</a></td><td class=""right"" data-stat=""home_pts"">113</td><td class=""center"" data-stat=""box_score_text""><a href=""/boxscores/197403080SDA.html"">Box Score</a></td><td class=""center iz"" data-stat=""overtimes""></td><td class=""right"" data-stat=""attendance"">1,667</td><td class=""left iz"" data-stat=""game_remarks""></td></tr>"
43,"<tr><th class=""left"" csk=""197403080NYA"" data-stat=""date_game"" scope=""row""><a href=""/boxscores/index.fcgi?month=3&amp;day=8&amp;year=1974"">Fri, Mar 8, 1974</a></th><td class=""left"" csk=""KEN.197403080NYA"" data-stat=""visitor_team_name""><a href=""/teams/KEN/1974.html"">Kentucky Colonels</a></td><td class=""right"" data-stat=""visitor_pts"">111</td><td class=""left"" csk=""NYA.197403080NYA"" data-stat=""home_team_name""><a href=""/teams/NYA/1974.html"">New York Nets</a></td><td class=""right"" data-stat=""home_pts"">100</td><td class=""center"" data-stat=""box_score_text""><a href=""/boxscores/197403080NYA.html"">Box Score</a></td><td class=""center iz"" data-stat=""overtimes""></td><td class=""right"" data-stat=""attendance"">14,461</td><td class=""left iz"" data-stat=""game_remarks""></td></tr>"
45,"<tr><th class=""left"" csk=""197403080INA"" data-stat=""date_game"" scope=""row""><a href=""/boxscores/index.fcgi?month=3&amp;day=8&amp;year=1974"">Fri, Mar 8, 1974</a></th><td class=""left"" csk=""MMT.197403080INA"" data-stat=""visitor_team_name""><a href=""/teams/MMT/1974.html"">Memphis Tams</a></td><td class=""right"" data-stat=""visitor_pts"">103</td><td class=""left"" csk=""INA.197403080INA"" data-stat=""home_team_name""><a href=""/teams/INA/1974.html"">Indiana Pacers</a></td><td class=""right"" data-stat=""home_pts"">115</td><td class=""center"" data-stat=""box_score_text""><a href=""/boxscores/197403080INA.html"">Box Score</a></td><td class=""center iz"" data-stat=""overtimes""></td><td class=""right"" data-stat=""attendance"">7,398</td><td class=""left iz"" data-stat=""game_remarks""></td></tr>"
47,"<tr><th class=""left"" csk=""197403090KEN"" data-stat=""date_game"" scope=""row""><a href=""/boxscores/index.fcgi?month=3&amp;day=9&amp;year=1974"">Sat, Mar 9, 1974</a></th><td class=""left"" csk=""INA.197403090KEN"" data-stat=""visitor_team_name""><a href=""/teams/INA/1974.html"">Indiana Pacers</a></td><td class=""right"" data-stat=""visitor_pts"">108</td><td class=""left"" csk=""KEN.197403090KEN"" data-stat=""home_team_name""><a href=""/teams/KEN/1974.html"">Kentucky Colonels</a></td><td class=""right"" data-stat=""home_pts"">113</td><td class=""center"" data-stat=""box_score_text""><a href=""/boxscores/197403090KEN.html"">Box Score</a></td><td class=""center"" data-stat=""overtimes"">OT</td><td class=""right"" data-stat=""attendance"">6,784</td><td class=""left"" data-stat=""game_remarks"">at Lexington, KY</td></tr>"
49,"<tr><th class=""left"" csk=""197403090SDA"" data-stat=""date_game"" scope=""row""><a href=""/boxscores/index.fcgi?month=3&amp;day=9&amp;year=1974"">Sat, Mar 9, 1974</a></th><td class=""left"" csk=""DNR.197403090SDA"" data-stat=""visitor_team_name""><a href=""/teams/DNR/1974.html"">Denver Rockets</a></td><td class=""right"" data-stat=""visitor_pts"">96</td><td class=""left"" csk=""SDA.197403090SDA"" data-stat=""home_team_name""><a href=""/teams/SDA/1974.html"">San Diego Conquistadors</a></td><td class=""right"" data-stat=""home_pts"">100</td><td class=""center"" data-stat=""box_score_text""><a href=""/boxscores/197403090SDA.html"">Box Score</a></td><td class=""center iz"" data-stat=""overtimes""></td><td class=""right"" data-stat=""attendance"">1,020</td><td class=""left iz"" data-stat=""game_remarks""></td></tr>"
51,"<tr><th class=""left"" csk=""197403090VIR"" data-stat=""date_game"" scope=""row""><a href=""/boxscores/index.fcgi?month=3&amp;day=9&amp;year=1974"">Sat, Mar 9, 1974</a></th><td class=""left"" csk=""UTS.197403090VIR"" data-stat=""visitor_team_name""><a href=""/teams/UTS/1974.html"">Utah Stars</a></td><td class=""right"" data-stat=""visitor_pts"">109</td><td class=""left"" csk=""VIR.197403090VIR"" data-stat=""home_team_name""><a href=""/teams/VIR/1974.html"">Virginia Squires</a></td><td class=""right"" data-stat=""home_pts"">103</td><td class=""center"" data-stat=""box_score_text""><a href=""/boxscores/197403090VIR.html"">Box Score</a></td><td class=""center iz"" data-stat=""overtimes""></td><td class=""right"" data-stat=""attendance"">2,212</td><td class=""left"" data-stat=""game_remarks"">at Hampton, VA</td></tr>"
53,"<tr><th class=""left"" csk=""197403100SAA"" data-stat=""date_game"" scope=""row""><a href=""/boxscores/index.fcgi?month=3&amp;day=10&amp;year=1974"">Sun, Mar 10, 1974</a></th><td class=""left"" csk=""MMT.197403100SAA"" data-stat=""visitor_team_name""><a href=""/teams/MMT/1974.html"">Memphis Tams</a></td><td class=""right"" data-stat=""visitor_pts"">94</td><td class=""left"" csk=""SAA.197403100SAA"" data-stat=""home_team_name""><a href=""/teams/SAA/1974.html"">San Antonio Spurs</a></td><td class=""right"" data-stat=""home_pts"">99</td><td class=""center"" data-stat=""box_score_text""><a href=""/boxscores/197403100SAA.html"">Box Score</a></td><td class=""center iz"" data-stat=""overtimes""></td><td class=""right"" data-stat=""attendance"">7,243</td><td class=""left iz"" data-stat=""game_remarks""></td></tr>"
55,"<tr><th class=""left"" csk=""197403100NYA"" data-stat=""date_game"" scope=""row""><a href=""/boxscores/index.fcgi?month=3&amp;day=10&amp;year=1974"">Sun, Mar 10, 1974</a></th><td class=""left"" csk=""VIR.197403100NYA"" data-stat=""visitor_team_name""><a href=""/teams/VIR/1974.html"">Virginia Squires</a></td><td class=""right"" data-stat=""visitor_pts"">76</td><td class=""left"" csk=""NYA.197403100NYA"" data-stat=""home_team_name""><a href=""/teams/NYA/1974.html"">New York Nets</a></td><td class=""right"" data-stat=""home_pts"">114</td><td class=""center"" data-stat=""box_score_text""><a href=""/boxscores/197403100NYA.html"">Box Score</a></td><td class=""center iz"" data-stat=""overtimes""></td><td class=""right"" data-stat=""attendance"">10,237</td><td class=""left iz"" data-stat=""game_remarks""></td></tr>"
57,"<tr><th class=""left"" csk=""197403100INA"" data-stat=""date_game"" scope=""row""><a href=""/boxscores/index.fcgi?month=3&amp;day=10&amp;year=1974"">Sun, Mar 10, 1974</a></th><td class=""left"" csk=""UTS.197403100INA"" data-stat=""visitor_team_name""><a href=""/teams/UTS/1974.html"">Utah Stars</a></td><td class=""right"" data-stat=""visitor_pts"">103</td><td class=""left"" csk=""INA.197403100INA"" data-stat=""home_team_name""><a href=""/teams/INA/1974.html"">Indiana Pacers</a></td><td class=""right"" data-stat=""home_pts"">126</td><td class=""center"" data-stat=""box_score_text""><a href=""/boxscores/197403100INA.html"">Box Score</a></td><td class=""center iz"" data-stat=""overtimes""></td><td class=""right"" data-stat=""attendance"">7,468</td><td class=""left iz"" data-stat=""game_remarks""></td></tr>"
59,"<tr><th class=""left"" csk=""197403100DNR"" data-stat=""date_game"" scope=""row""><a href=""/boxscores/index.fcgi?month=3&amp;day=10&amp;year=1974"">Sun, Mar 10, 1974</a></th><td class=""left"" csk=""SDA.197403100DNR"" data-stat=""visitor_team_name""><a href=""/teams/SDA/1974.html"">San Diego Conquistadors</a></td><td class=""right"" data-stat=""visitor_pts"">114</td><td class=""left"" csk=""DNR.197403100DNR"" data-stat=""home_team_name""><a href=""/teams/DNR/1974.html"">Denver Rockets</a></td><td class=""right"" data-stat=""home_pts"">99</td><td class=""center"" data-stat=""box_score_text""><a href=""/boxscores/197403100DNR.html"">Box Score</a></td><td class=""center iz"" data-stat=""overtimes""></td><td class=""right"" data-stat=""attendance"">5,141</td><td class=""left iz"" data-stat=""game_remarks""></td></tr>"
61,"<tr><th class=""left"" csk=""197403100CAR"" data-stat=""date_game"" scope=""row""><a href=""/boxscores/index.fcgi?month=3&amp;day=10&amp;year=1974"">Sun, Mar 10, 1974</a></th><td class=""left"" csk=""KEN.197403100CAR"" data-stat=""visitor_team_name""><a href=""/teams/KEN/1974.html"">Kentucky Colonels</a></td><td class=""right"" data-stat=""visitor_pts"">91</td><td class=""left"" csk=""CAR.197403100CAR"" data-stat=""home_team_name""><a href=""/teams/CAR/1974.html"">Carolina Cougars</a></td><td class=""right"" data-stat=""home_pts"">94</td><td class=""center"" data-stat=""box_score_text""><a href=""/boxscores/197403100CAR.html"">Box Score</a></td><td class=""center iz"" data-stat=""overtimes""></td><td class=""right"" data-stat=""attendance"">6,694</td><td class=""left"" data-stat=""game_remarks"">at Greensboro, NC</td></tr>"
63,"<tr><th class=""left"" csk=""197403110VIR"" data-stat=""date_game"" scope=""row""><a href=""/boxscores/index.fcgi?month=3&amp;day=11&amp;year=1974"">Mon, Mar 11, 1974</a></th><td class=""left"" csk=""SAA.197403110VIR"" data-stat=""visitor_team_name""><a href=""/teams/SAA/1974.html"">San Antonio Spurs</a></td><td class=""right"" data-stat=""visitor_pts"">91</td><td class=""left"" csk=""VIR.197403110VIR"" data-stat=""home_team_name""><a href=""/teams/VIR/1974.html"">Virginia Squires</a></td><td class=""right"" data-stat=""home_pts"">102</td><td class=""center"" data-stat=""box_score_text""><a href=""/boxscores/197403110VIR.html"">Box Score</a></td><td class=""center iz"" data-stat=""overtimes""></td><td class=""right"" data-stat=""attendance"">1,074</td><td class=""left"" data-stat=""game_remarks"">at Norfolk, VA</td></tr>"
65,"<tr><th class=""left"" csk=""197403110NYA"" data-stat=""date_game"" scope=""row""><a href=""/boxscores/index.fcgi?month=3&amp;day=11&amp;year=1974"">Mon, Mar 11, 1974</a></th><td class=""left"" csk=""INA.197403110NYA"" data-stat=""visitor_team_name""><a href=""/teams/INA/1974.html"">Indiana Pacers</a></td><td class=""right"" data-stat=""visitor_pts"">117</td><td class=""left"" csk=""NYA.197403110NYA"" data-stat=""home_team_name""><a href=""/teams/NYA/1974.html"">New York Nets</a></td><td class=""right"" data-stat=""home_pts"">124</td><td class=""center"" data-stat=""box_score_text""><a href=""/boxscores/197403110NYA.html"">Box Score</a></td><td class=""center"" data-stat=""overtimes"">2OT</td><td class=""right"" data-stat=""attendance"">7,181</td><td class=""left iz"" data-stat=""game_remarks""></td></tr>"
67,"<tr><th class=""left"" csk=""197403120MMT"" data-stat=""date_game"" scope=""row""><a href=""/boxscores/index.fcgi?month=3&amp;day=12&amp;year=1974"">Tue, Mar 12, 1974</a></th><td class=""left"" csk=""KEN.197403120MMT"" data-stat=""visitor_team_name""><a href=""/teams/KEN/1974.html"">Kentucky Colonels</a></td><td class=""right"" data-stat=""visitor_pts"">88</td><td class=""left"" csk=""MMT.197403120MMT"" data-stat=""home_team_name""><a href=""/teams/MMT/1974.html"">Memphis Tams</a></td><td class=""right"" data-stat=""home_pts"">87</td><td class=""center"" data-stat=""box_score_text""><a href=""/boxscores/197403120MMT.html"">Box Score</a></td><td class=""center iz"" data-stat=""overtimes""></td><td class=""right"" data-stat=""attendance"">1,602</td><td class=""left iz"" data-stat=""game_remarks""></td></tr>"
69,"<tr><th class=""left"" csk=""197403130DNR"" data-stat=""date_game"" scope=""row""><a href=""/boxscores/index.fcgi?month=3&amp;day=13&amp;year=1974"">Wed, Mar 13, 1974</a></th><td class=""left"" csk=""SAA.197403130DNR"" data-stat=""visitor_team_name""><a href=""/teams/SAA/1974.html"">San Antonio Spurs</a></td><td class=""right"" data-stat=""visitor_pts"">111</td><td class=""left"" csk=""DNR.197403130DNR"" data-stat=""home_team_name""><a href=""/teams/DNR/1974.html"">Denver Rockets</a></td><td class=""right"" data-stat=""home_pts"">108</td><td class=""center"" data-stat=""box_score_text""><a href=""/boxscores/197403130DNR.html"">Box Score</a></td><td class=""center"" data-stat=""overtimes"">OT</td><td class=""right"" data-stat=""attendance"">3,352</td><td class=""left iz"" data-stat=""game_remarks""></td></tr>"
71,"<tr><th class=""left"" csk=""197403130INA"" data-stat=""date_game"" scope=""row""><a href=""/boxscores/index.fcgi?month=3&amp;day=13&amp;year=1974"">Wed, Mar 13, 1974</a></th><td class=""left"" csk=""KEN.197403130INA"" data-stat=""visitor_team_name""><a href=""/teams/KEN/1974.html"">Kentucky Colonels</a></td><td class=""right"" data-stat=""visitor_pts"">96</td><td class=""left"" csk=""INA.197403130INA"" data-stat=""home_team_name""><a href=""/teams/INA/1974.html"">Indiana Pacers</a></td><td class=""right"" data-stat=""home_pts"">100</td><td class=""center"" data-stat=""box_score_text""><a href=""/boxscores/197403130INA.html"">Box Score</a></td><td class=""center iz"" data-stat=""overtimes""></td><td class=""right"" data-stat=""attendance"">7,721</td><td class=""left iz"" data-stat=""game_remarks""></td></tr>"
73,"<tr><th class=""left"" csk=""197403130NYA"" data-stat=""date_game"" scope=""row""><a href=""/boxscores/index.fcgi?month=3&amp;day=13&amp;year=1974"">Wed, Mar 13, 1974</a></th><td class=""left"" csk=""UTS.197403130NYA"" data-stat=""visitor_team_name""><a href=""/teams/UTS/1974.html"">Utah Stars</a></td><td class=""right"" data-stat=""visitor_pts"">76</td><td class=""left"" csk=""NYA.197403130NYA"" data-stat=""home_team_name""><a href=""/teams/NYA/1974.html"">New York Nets</a></td><td class=""right"" data-stat=""home_pts"">97</td><td class=""center"" data-stat=""box_score_text""><a href=""/boxscores/197403130NYA.html"">Box Score</a></td><td class=""center iz"" data-stat=""overtimes""></td><td class=""right"" data-stat=""attendance"">9,417</td><td class=""left iz"" data-stat=""game_remarks""></td></tr>"
75,"<tr><th class=""left"" csk=""197403130SDA"" data-stat=""date_game"" scope=""row""><a href=""/boxscores/index.fcgi?month=3&amp;day=13&amp;year=1974"">Wed, Mar 13, 1974</a></th><td class=""left"" csk=""VIR.197403130SDA"" data-stat=""visitor_team_name""><a href=""/teams/VIR/1974.html"">Virginia Squires</a></td><td class=""right"" data-stat=""visitor_pts"">103</td><td class=""left"" csk=""SDA.197403130SDA"" data-stat=""home_team_name""><a href=""/teams/SDA/1974.html"">San Diego Conquistadors</a></td><td class=""right"" data-stat=""home_pts"">119</td><td class=""center"" data-stat=""box_score_text""><a href=""/boxscores/197403130SDA.html"">Box Score</a></td><td class=""center iz"" data-stat=""overtimes""></td><td class=""right"" data-stat=""attendance"">1,319</td><td class=""left iz"" data-stat=""game_remarks""></td></tr>"
77,"<tr><th class=""left"" csk=""197403140SAA"" data-stat=""date_game"" scope=""row""><a href=""/boxscores/index.fcgi?month=3&amp;day=14&amp;year=1974"">Thu, Mar 14, 1974</a></th><td class=""left"" csk=""VIR.197403140SAA"" data-stat=""visitor_team_name""><a href=""/teams/VIR/1974.html"">Virginia Squires</a></td><td class=""right"" data-stat=""visitor_pts"">90</td><td class=""left"" csk=""SAA.197403140SAA"" data-stat=""home_team_name""><a href=""/teams/SAA/1974.html"">San Antonio Spurs</a></td><td class=""right"" data-stat=""home_pts"">105</td><td class=""center"" data-stat=""box_score_text""><a href=""/boxscores/197403140SAA.html"">Box Score</a></td><td class=""center iz"" data-stat=""overtimes""></td><td class=""right"" data-stat=""attendance"">5,856</td><td class=""left iz"" data-stat=""game_remarks""></td></tr>"
79,"<tr><th class=""left"" csk=""197403150NYA"" data-stat=""date_game"" scope=""row""><a href=""/boxscores/index.fcgi?month=3&amp;day=15&amp;year=1974"">Fri, Mar 15, 1974</a></th><td class=""left"" csk=""DNR.197403150NYA"" data-stat=""visitor_team_name""><a href=""/teams/DNR/1974.html"">Denver Rockets</a></td><td class=""right"" data-stat=""visitor_pts"">93</td><td class=""left"" csk=""NYA.197403150NYA"" data-stat=""home_team_name""><a href=""/teams/NYA/1974.html"">New York Nets</a></td><td class=""right"" data-stat=""home_pts"">112</td><td class=""center"" data-stat=""box_score_text""><a href=""/boxscores/197403150NYA.html"">Box Score</a></td><td class=""center iz"" data-stat=""overtimes""></td><td class=""right"" data-stat=""attendance"">9,818</td><td class=""left iz"" data-stat=""game_remarks""></td></tr>"
81,"<tr><th class=""left"" csk=""197403150KEN"" data-stat=""date_game"" scope=""row""><a href=""/boxscores/index.fcgi?month=3&amp;day=15&amp;year=1974"">Fri, Mar 15, 1974</a></th><td class=""left"" csk=""MMT.197403150KEN"" data-stat=""visitor_team_name""><a href=""/teams/MMT/1974.html"">Memphis Tams</a></td><td class=""right"" data-stat=""visitor_pts"">109</td><td class=""left"" csk=""KEN.197403150KEN"" data-stat=""home_team_name""><a href=""/teams/KEN/1974.html"">Kentucky Colonels</a></td><td class=""right"" data-stat=""home_pts"">122</td><td class=""center"" data-stat=""box_score_text""><a href=""/boxscores/197403150KEN.html"">Box Score</a></td><td class=""center iz"" data-stat=""overtimes""></td><td class=""right"" data-stat=""attendance"">3,130</td><td class=""left"" data-stat=""game_remarks"">at Cincinnati, OH</td></tr>"
83,"<tr><th class=""left"" csk=""197403150INA"" data-stat=""date_game"" scope=""row""><a href=""/boxscores/index.fcgi?month=3&amp;day=15&amp;year=1974"">Fri, Mar 15, 1974</a></th><td class=""left"" csk=""SDA.197403150INA"" data-stat=""visitor_team_name""><a href=""/teams/SDA/1974.html"">San Diego Conquistadors</a></td><td class=""right"" data-stat=""visitor_pts"">129</td><td class=""left"" csk=""INA.197403150INA"" data-stat=""home_team_name""><a href=""/teams/INA/1974.html"">Indiana Pacers</a></td><td class=""right"" data-stat=""home_pts"">142</td><td class=""center"" data-stat=""box_score_text""><a href=""/boxscores/197403150INA.html"">Box Score</a></td><td class=""center iz"" data-stat=""overtimes""></td><td class=""right"" data-stat=""attendance"">9,708</td><td class=""left iz"" data-stat=""game_remarks""></td></tr>"
85,"<tr><th class=""left"" csk=""197403150CAR"" data-stat=""date_game"" scope=""row""><a href=""/boxscores/index.fcgi?month=3&amp;day=15&amp;year=1974"">Fri, Mar 15, 1974</a></th><td class=""left"" csk=""UTS.197403150CAR"" data-stat=""visitor_team_name""><a href=""/teams/UTS/1974.html"">Utah Stars</a></td><td class=""right"" data-stat=""visitor_pts"">105</td><td class=""left"" csk=""CAR.197403150CAR"" data-stat=""home_team_name""><a href=""/teams/CAR/1974.html"">Carolina Cougars</a></td><td class=""right"" data-stat=""home_pts"">114</td><td class=""center"" data-stat=""box_score_text""><a href=""/boxscores/197403150CAR.html"">Box Score</a></td><td class=""center iz"" data-stat=""overtimes""></td><td class=""right"" data-stat=""attendance"">8,992</td><td class=""left"" data-stat=""game_remarks"">at Greensboro, NC</td></tr>"
87,"<tr><th class=""left"" csk=""197403160VIR"" data-stat=""date_game"" scope=""row""><a href=""/boxscores/index.fcgi?month=3&amp;day=16&amp;year=1974"">Sat, Mar 16, 1974</a></th><td class=""left"" csk=""DNR.197403160VIR"" data-stat=""visitor_team_name""><a href=""/teams/DNR/1974.html"">Denver Rockets</a></td><td class=""right"" data-stat=""visitor_pts"">101</td><td class=""left"" csk=""VIR.197403160VIR"" data-stat=""home_team_name""><a href=""/teams/VIR/1974.html"">Virginia Squires</a></td><td class=""right"" data-stat=""home_pts"">107</td><td class=""center"" data-stat=""box_score_text""><a href=""/boxscores/197403160VIR.html"">Box Score</a></td><td class=""center iz"" data-stat=""overtimes""></td><td class=""right"" data-stat=""attendance"">2,976</td><td class=""left"" data-stat=""game_remarks"">at Norfolk, VA</td></tr>"
89,"<tr><th class=""left"" csk=""197403160SAA"" data-stat=""date_game"" scope=""row""><a href=""/boxscores/index.fcgi?month=3&amp;day=16&amp;year=1974"">Sat, Mar 16, 1974</a></th><td class=""left"" csk=""MMT.197403160SAA"" data-stat=""visitor_team_name""><a href=""/teams/MMT/1974.html"">Memphis Tams</a></td><td class=""right"" data-stat=""visitor_pts"">102</td><td class=""left"" csk=""SAA.197403160SAA"" data-stat=""home_team_name""><a href=""/teams/SAA/1974.html"">San Antonio Spurs</a></td><td class=""right"" data-stat=""home_pts"">104</td><td class=""center"" data-stat=""box_score_text""><a href=""/boxscores/197403160SAA.html"">Box Score</a></td><td class=""center iz"" data-stat=""overtimes""></td><td class=""right"" data-stat=""attendance"">7,417</td><td class=""left iz"" data-stat=""game_remarks""></td></tr>"
91,"<tr><th class=""left"" csk=""197403160KEN"" data-stat=""date_game"" scope=""row""><a href=""/boxscores/index.fcgi?month=3&amp;day=16&amp;year=1974"">Sat, Mar 16, 1974</a></th><td class=""left"" csk=""NYA.197403160KEN"" data-stat=""visitor_team_name""><a href=""/teams/NYA/1974.html"">New York Nets</a></td><td class=""right"" data-stat=""visitor_pts"">114</td><td class=""left"" csk=""KEN.197403160KEN"" data-stat=""home_team_name""><a href=""/teams/KEN/1974.html"">Kentucky Colonels</a></td><td class=""right"" data-stat=""home_pts"">112</td><td class=""center"" data-stat=""box_score_text""><a href=""/boxscores/197403160KEN.html"">Box Score</a></td><td class=""center"" data-stat=""overtimes"">OT</td><td class=""right"" data-stat=""attendance"">9,106</td><td class=""left"" data-stat=""game_remarks"">at Lexington, KY</td></tr>"
93,"<tr><th class=""left"" csk=""197403160CAR"" data-stat=""date_game"" scope=""row""><a href=""/boxscores/index.fcgi?month=3&amp;day=16&amp;year=1974"">Sat, Mar 16, 1974</a></th><td class=""left"" csk=""SDA.197403160CAR"" data-stat=""visitor_team_name""><a href=""/teams/SDA/1974.html"">San Diego Conquistadors</a></td><td class=""right"" data-stat=""visitor_pts"">101</td><td class=""left"" csk=""CAR.197403160CAR"" data-stat=""home_team_name""><a href=""/teams/CAR/1974.html"">Carolina Cougars</a></td><td class=""right"" data-stat=""home_pts"">90</td><td class=""center"" data-stat=""box_score_text""><a href=""/boxscores/197403160CAR.html"">Box Score</a></td><td class=""center iz"" data-stat=""overtimes""></td><td class=""right"" data-stat=""attendance"">5,581</td><td class=""left"" data-stat=""game_remarks"">at Charlotte, NC</td></tr>"
95,"<tr><th class=""left"" csk=""197403170DNR"" data-stat=""date_game"" scope=""row""><a href=""/boxscores/index.fcgi?month=3&amp;day=17&amp;year=1974"">Sun, Mar 17, 1974</a></th><td class=""left"" csk=""VIR.197403170DNR"" data-stat=""visitor_team_name""><a href=""/teams/VIR/1974.html"">Virginia Squires</a></td><td class=""right"" data-stat=""visitor_pts"">90</td><td class=""left"" csk=""DNR.197403170DNR"" data-stat=""home_team_name""><a href=""/teams/DNR/1974.html"">Denver Rockets</a></td><td class=""right"" data-stat=""home_pts"">101</td><td class=""center"" data-stat=""box_score_text""><a href=""/boxscores/197403170DNR.html"">Box Score</a></td><td class=""center iz"" data-stat=""overtimes""></td><td class=""right"" data-stat=""attendance"">3,253</td><td class=""left iz"" data-stat=""game_remarks""></td></tr>"
97,"<tr><th class=""left"" csk=""197403170INA"" data-stat=""date_game"" scope=""row""><a href=""/boxscores/index.fcgi?month=3&amp;day=17&amp;year=1974"">Sun, Mar 17, 1974</a></th><td class=""left"" csk=""NYA.197403170INA"" data-stat=""visitor_team_name""><a href=""/teams/NYA/1974.html"">New York Nets</a></td><td class=""right"" data-stat=""visitor_pts"">105</td><td class=""left"" csk=""INA.197403170INA"" data-stat=""home_team_name""><a href=""/teams/INA/1974.html"">Indiana Pacers</a></td><td class=""right"" data-stat=""home_pts"">117</td><td class=""center"" data-stat=""box_score_text""><a href=""/boxscores/197403170INA.html"">Box Score</a></td><td class=""center iz"" data-stat=""overtimes""></td><td class=""right"" data-stat=""attendance"">8,539</td><td class=""left iz"" data-stat=""game_remarks""></td></tr>"
99,"<tr><th class=""left"" csk=""197403170KEN"" data-stat=""date_game"" scope=""row""><a href=""/boxscores/index.fcgi?month=3&amp;day=17&amp;year=1974"">Sun, Mar 17, 1974</a></th><td class=""left"" csk=""UTS.197403170KEN"" data-stat=""visitor_team_name""><a href=""/teams/UTS/1974.html"">Utah Stars</a></td><td class=""right"" data-stat=""visitor_pts"">100</td><td class=""left"" csk=""KEN.197403170KEN"" data-stat=""home_team_name""><a href=""/teams/KEN/1974.html"">Kentucky Colonels</a></td><td class=""right"" data-stat=""home_pts"">112</td><td class=""center"" data-stat=""box_score_text""><a href=""/boxscores/197403170KEN.html"">Box Score</a></td><td class=""center iz"" data-stat=""overtimes""></td><td class=""right"" data-stat=""attendance"">10,721</td><td class=""left iz"" data-stat=""game_remarks""></td></tr>"
101,"<tr><th class=""left"" csk=""197403170SDA"" data-stat=""date_game"" scope=""row""><a href=""/boxscores/index.fcgi?month=3&amp;day=17&amp;year=1974"">Sun, Mar 17, 1974</a></th><td class=""left"" csk=""MMT.197403170SDA"" data-stat=""visitor_team_name""><a href=""/teams/MMT/1974.html"">Memphis Tams</a></td><td class=""right"" data-stat=""visitor_pts"">118</td><td class=""left"" csk=""SDA.197403170SDA"" data-stat=""home_team_name""><a href=""/teams/SDA/1974.html"">San Diego Conquistadors</a></td><td class=""right"" data-stat=""home_pts"">115</td><td class=""center"" data-stat=""box_score_text""><a href=""/boxscores/197403170SDA.html"">Box Score</a></td><td class=""center iz"" data-stat=""overtimes""></td><td class=""right"" data-stat=""attendance"">1,583</td><td class=""left iz"" data-stat=""game_remarks""></td></tr>"
103,"<tr><th class=""left"" csk=""197403180CAR"" data-stat=""date_game"" scope=""row""><a href=""/boxscores/index.fcgi?month=3&amp;day=18&amp;year=1974"">Mon, Mar 18, 1974</a></th><td class=""left"" csk=""SAA.197403180CAR"" data-stat=""visitor_team_name""><a href=""/teams/SAA/1974.html"">San Antonio Spurs</a></td><td class=""right"" data-stat=""visitor_pts"">100</td><td class=""left"" csk=""CAR.197403180CAR"" data-stat=""home_team_name""><a href=""/teams/CAR/1974.html"">Carolina Cougars</a></td><td class=""right"" data-stat=""home_pts"">93</td><td class=""center"" data-stat=""box_score_text""><a href=""/boxscores/197403180CAR.html"">Box Score</a></td><td class=""center iz"" data-stat=""overtimes""></td><td class=""right"" data-stat=""attendance"">4,679</td><td class=""left"" data-stat=""game_remarks"">at Greensboro, NC</td></tr>"
105,"<tr><th class=""left"" csk=""197403190MMT"" data-stat=""date_game"" scope=""row""><a href=""/boxscores/index.fcgi?month=3&amp;day=19&amp;year=1974"">Tue, Mar 19, 1974</a></th><td class=""left"" csk=""UTS.197403190MMT"" data-stat=""visitor_team_name""><a href=""/teams/UTS/1974.html"">Utah Stars</a></td><td class=""right"" data-stat=""visitor_pts"">118</td><td class=""left"" csk=""MMT.197403190MMT"" data-stat=""home_team_name""><a href=""/teams/MMT/1974.html"">Memphis Tams</a></td><td class=""right"" data-stat=""home_pts"">103</td><td class=""center"" data-stat=""box_score_text""><a href=""/boxscores/197403190MMT.html"">Box Score</a></td><td class=""center iz"" data-stat=""overtimes""></td><td class=""right"" data-stat=""attendance"">1,400</td><td class=""left iz"" data-stat=""game_remarks""></td></tr>"
107,"<tr><th class=""left"" csk=""197403200DNR"" data-stat=""date_game"" scope=""row""><a href=""/boxscores/index.fcgi?month=3&amp;day=20&amp;year=1974"">Wed, Mar 20, 1974</a></th><td class=""left"" csk=""UTS.197403200DNR"" data-stat=""visitor_team_name""><a href=""/teams/UTS/1974.html"">Utah Stars</a></td><td class=""right"" data-stat=""visitor_pts"">111</td><td class=""left"" csk=""DNR.197403200DNR"" data-stat=""home_team_name""><a href=""/teams/DNR/1974.html"">Denver Rockets</a></td><td class=""right"" data-stat=""home_pts"">107</td><td class=""center"" data-stat=""box_score_text""><a href=""/boxscores/197403200DNR.html"">Box Score</a></td><td class=""center iz"" data-stat=""overtimes""></td><td class=""right"" data-stat=""attendance"">3,617</td><td class=""left iz"" data-stat=""game_remarks""></td></tr>"
109,"<tr><th class=""left"" csk=""197403200INA"" data-stat=""date_game"" scope=""row""><a href=""/boxscores/index.fcgi?month=3&amp;day=20&amp;year=1974"">Wed, Mar 20, 1974</a></th><td class=""left"" csk=""CAR.197403200INA"" data-stat=""visitor_team_name""><a href=""/teams/CAR/1974.html"">Carolina Cougars</a></td><td class=""right"" data-stat=""visitor_pts"">102</td><td class=""left"" csk=""INA.197403200INA"" data-stat=""home_team_name""><a href=""/teams/INA/1974.html"">Indiana Pacers</a></td><td class=""right"" data-stat=""home_pts"">104</td><td class=""center"" data-stat=""box_score_text""><a href=""/boxscores/197403200INA.html"">Box Score</a></td><td class=""center iz"" data-stat=""overtimes""></td><td class=""right"" data-stat=""attendance"">8,182</td><td class=""left iz"" data-stat=""game_remarks""></td></tr>"
111,"<tr><th class=""left"" csk=""197403200KEN"" data-stat=""date_game"" scope=""row""><a href=""/boxscores/index.fcgi?month=3&amp;day=20&amp;year=1974"">Wed, Mar 20, 1974</a></th><td class=""left"" csk=""SAA.197403200KEN"" data-stat=""visitor_team_name""><a href=""/teams/SAA/1974.html"">San Antonio Spurs</a></td><td class=""right"" data-stat=""visitor_pts"">98</td><td class=""left"" csk=""KEN.197403200KEN"" data-stat=""home_team_name""><a href=""/teams/KEN/1974.html"">Kentucky Colonels</a></td><td class=""right"" data-stat=""home_pts"">102</td><td class=""center"" data-stat=""box_score_text""><a href=""/boxscores/197403200KEN.html"">Box Score</a></td><td class=""center iz"" data-stat=""overtimes""></td><td class=""right"" data-stat=""attendance"">12,312</td><td class=""left iz"" data-stat=""game_remarks""></td></tr>"
113,"<tr><th class=""left"" csk=""197403200NYA"" data-stat=""date_game"" scope=""row""><a href=""/boxscores/index.fcgi?month=3&amp;day=20&amp;year=1974"">Wed, Mar 20, 1974</a></th><td class=""left"" csk=""MMT.197403200NYA"" data-stat=""visitor_team_name""><a href=""/teams/MMT/1974.html"">Memphis Tams</a></td><td class=""right"" data-stat=""visitor_pts"">101</td><td class=""left"" csk=""NYA.197403200NYA"" data-stat=""home_team_name""><a href=""/teams/NYA/1974.html"">New York Nets</a></td><td class=""right"" data-stat=""home_pts"">103</td><td class=""center"" data-stat=""box_score_text""><a href=""/boxscores/197403200NYA.html"">Box Score</a></td><td class=""center iz"" data-stat=""overtimes""></td><td class=""right"" data-stat=""attendance"">7,201</td><td class=""left iz"" data-stat=""game_remarks""></td></tr>"
115,"<tr><th class=""left"" csk=""197403200SDA"" data-stat=""date_game"" scope=""row""><a href=""/boxscores/index.fcgi?month=3&amp;day=20&amp;year=1974"">Wed, Mar 20, 1974</a></th><td class=""left"" csk=""VIR.197403200SDA"" data-stat=""visitor_team_name""><a href=""/teams/VIR/1974.html"">Virginia Squires</a></td><td class=""right"" data-stat=""visitor_pts"">122</td><td class=""left"" csk=""SDA.197403200SDA"" data-stat=""home_team_name""><a href=""/teams/SDA/1974.html"">San Diego Conquistadors</a></td><td class=""right"" data-stat=""home_pts"">125</td><td class=""center"" data-stat=""box_score_text""><a href=""/boxscores/197403200SDA.html"">Box Score</a></td><td class=""center iz"" data-stat=""overtimes""></td><td class=""right"" data-stat=""attendance"">2,598</td><td class=""left iz"" data-stat=""game_remarks""></td></tr>"
117,"<tr><th class=""left"" csk=""197403210VIR"" data-stat=""date_game"" scope=""row""><a href=""/boxscores/index.fcgi?month=3&amp;day=21&amp;year=1974"">Thu, Mar 21, 1974</a></th><td class=""left"" csk=""SAA.197403210VIR"" data-stat=""visitor_team_name""><a href=""/teams/SAA/1974.html"">San Antonio Spurs</a></td><td class=""right"" data-stat=""visitor_pts"">95</td><td class=""left"" csk=""VIR.197403210VIR"" data-stat=""home_team_name""><a href=""/teams/VIR/1974.html"">Virginia Squires</a></td><td class=""right"" data-stat=""home_pts"">81</td><td class=""center"" data-stat=""box_score_text""><a href=""/boxscores/197403210VIR.html"">Box Score</a></td><td class=""center iz"" data-stat=""overtimes""></td><td class=""right"" data-stat=""attendance"">3,191</td><td class=""left"" data-stat=""game_remarks"">at Norfolk, VA</td></tr>"
119,"<tr><th class=""left"" csk=""197403210MMT"" data-stat=""date_game"" scope=""row""><a href=""/boxscores/index.fcgi?month=3&amp;day=21&amp;year=1974"">Thu, Mar 21, 1974</a></th><td class=""left"" csk=""KEN.197403210MMT"" data-stat=""visitor_team_name""><a href=""/teams/KEN/1974.html"">Kentucky Colonels</a></td><td class=""right"" data-stat=""visitor_pts"">121</td><td class=""left"" csk=""MMT.197403210MMT"" data-stat=""home_team_name""><a href=""/teams/MMT/1974.html"">Memphis Tams</a></td><td class=""right"" data-stat=""home_pts"">103</td><td class=""center"" data-stat=""box_score_text""><a href=""/boxscores/197403210MMT.html"">Box Score</a></td><td class=""center iz"" data-stat=""overtimes""></td><td class=""right"" data-stat=""attendance"">1,003</td><td class=""left iz"" data-stat=""game_remarks""></td></tr>"
121,"<tr><th class=""left"" csk=""197403220NYA"" data-stat=""date_game"" scope=""row""><a href=""/boxscores/index.fcgi?month=3&amp;day=22&amp;year=1974"">Fri, Mar 22, 1974</a></th><td class=""left"" csk=""SDA.197403220NYA"" data-stat=""visitor_team_name""><a href=""/teams/SDA/1974.html"">San Diego Conquistadors</a></td><td class=""right"" data-stat=""visitor_pts"">106</td><td class=""left"" csk=""NYA.197403220NYA"" data-stat=""home_team_name""><a href=""/teams/NYA/1974.html"">New York Nets</a></td><td class=""right"" data-stat=""home_pts"">111</td><td class=""center"" data-stat=""box_score_text""><a href=""/boxscores/197403220NYA.html"">Box Score</a></td><td class=""center iz"" data-stat=""overtimes""></td><td class=""right"" data-stat=""attendance"">9,664</td><td class=""left iz"" data-stat=""game_remarks""></td></tr>"
123,"<tr><th class=""left"" csk=""197403220UTS"" data-stat=""date_game"" scope=""row""><a href=""/boxscores/index.fcgi?month=3&amp;day=22&amp;year=1974"">Fri, Mar 22, 1974</a></th><td class=""left"" csk=""DNR.197403220UTS"" data-stat=""visitor_team_name""><a href=""/teams/DNR/1974.html"">Denver Rockets</a></td><td class=""right"" data-stat=""visitor_pts"">105</td><td class=""left"" csk=""UTS.197403220UTS"" data-stat=""home_team_name""><a href=""/teams/UTS/1974.html"">Utah Stars</a></td><td class=""right"" data-stat=""home_pts"">103</td><td class=""center"" data-stat=""box_score_text""><a href=""/boxscores/197403220UTS.html"">Box Score</a></td><td class=""center iz"" data-stat=""overtimes""></td><td class=""right"" data-stat=""attendance"">7,428</td><td class=""left iz"" data-stat=""game_remarks""></td></tr>"
125,"<tr><th class=""left"" csk=""197403230VIR"" data-stat=""date_game"" scope=""row""><a href=""/boxscores/index.fcgi?month=3&amp;day=23&amp;year=1974"">Sat, Mar 23, 1974</a></th><td class=""left"" csk=""SDA.197403230VIR"" data-stat=""visitor_team_name""><a href=""/teams/SDA/1974.html"">San Diego Conquistadors</a></td><td class=""right"" data-stat=""visitor_pts"">101</td><td class=""left"" csk=""VIR.197403230VIR"" data-stat=""home_team_name""><a href=""/teams/VIR/1974.html"">Virginia Squires</a></td><td class=""right"" data-stat=""home_pts"">109</td><td class=""center"" data-stat=""box_score_text""><a href=""/boxscores/197403230VIR.html"">Box Score</a></td><td class=""center iz"" data-stat=""overtimes""></td><td class=""right"" data-stat=""attendance"">3,548</td><td class=""left"" data-stat=""game_remarks"">at Hampton, VA</td></tr>"
127,"<tr><th class=""left"" csk=""197403230MMT"" data-stat=""date_game"" scope=""row""><a href=""/boxscores/index.fcgi?month=3&amp;day=23&amp;year=1974"">Sat, Mar 23, 1974</a></th><td class=""left"" csk=""UTS.197403230MMT"" data-stat=""visitor_team_name""><a href=""/teams/UTS/1974.html"">Utah Stars</a></td><td class=""right"" data-stat=""visitor_pts"">101</td><td class=""left"" csk=""MMT.197403230MMT"" data-stat=""home_team_name""><a href=""/teams/MMT/1974.html"">Memphis Tams</a></td><td class=""right"" data-stat=""home_pts"">106</td><td class=""center"" data-stat=""box_score_text""><a href=""/boxscores/197403230MMT.html"">Box Score</a></td><td class=""center iz"" data-stat=""overtimes""></td><td class=""right"" data-stat=""attendance"">1,348</td><td class=""left iz"" data-stat=""game_remarks""></td></tr>"
129,"<tr><th class=""left"" csk=""197403230KEN"" data-stat=""date_game"" scope=""row""><a href=""/boxscores/index.fcgi?month=3&amp;day=23&amp;year=1974"">Sat, Mar 23, 1974</a></th><td class=""left"" csk=""CAR.197403230KEN"" data-stat=""visitor_team_name""><a href=""/teams/CAR/1974.html"">Carolina Cougars</a></td><td class=""right"" data-stat=""visitor_pts"">97</td><td class=""left"" csk=""KEN.197403230KEN"" data-stat=""home_team_name""><a href=""/teams/KEN/1974.html"">Kentucky Colonels</a></td><td class=""right"" data-stat=""home_pts"">101</td><td class=""center"" data-stat=""box_score_text""><a href=""/boxscores/197403230KEN.html"">Box Score</a></td><td class=""center iz"" data-stat=""overtimes""></td><td class=""right"" data-stat=""attendance"">15,109</td><td class=""left iz"" data-stat=""game_remarks""></td></tr>"
131,"<tr><th class=""left"" csk=""197403230DNR"" data-stat=""date_game"" scope=""row""><a href=""/boxscores/index.fcgi?month=3&amp;day=23&amp;year=1974"">Sat, Mar 23, 1974</a></th><td class=""left"" csk=""NYA.197403230DNR"" data-stat=""visitor_team_name""><a href=""/teams/NYA/1974.html"">New York Nets</a></td><td class=""right"" data-stat=""visitor_pts"">112</td><td class=""left"" csk=""DNR.197403230DNR"" data-stat=""home_team_name""><a href=""/teams/DNR/1974.html"">Denver Rockets</a></td><td class=""right"" data-stat=""home_pts"">100</td><td class=""center"" data-stat=""box_score_text""><a href=""/boxscores/197403230DNR.html"">Box Score</a></td><td class=""center iz"" data-stat=""overtimes""></td><td class=""right"" data-stat=""attendance"">5,957</td><td class=""left iz"" data-stat=""game_remarks""></td></tr>"
133,"<tr><th class=""left"" csk=""197403240SAA"" data-stat=""date_game"" scope=""row""><a href=""/boxscores/index.fcgi?month=3&amp;day=24&amp;year=1974"">Sun, Mar 24, 1974</a></th><td class=""left"" csk=""NYA.197403240SAA"" data-stat=""visitor_team_name""><a href=""/teams/NYA/1974.html"">New York Nets</a></td><td class=""right"" data-stat=""visitor_pts"">99</td><td class=""left"" csk=""SAA.197403240SAA"" data-stat=""home_team_name""><a href=""/teams/SAA/1974.html"">San Antonio Spurs</a></td><td class=""right"" data-stat=""home_pts"">97</td><td class=""center"" data-stat=""box_score_text""><a href=""/boxscores/197403240SAA.html"">Box Score</a></td><td class=""center iz"" data-stat=""overtimes""></td><td class=""right"" data-stat=""attendance"">11,240</td><td class=""left iz"" data-stat=""game_remarks""></td></tr>"
135,"<tr><th class=""left"" csk=""197403240MMT"" data-stat=""date_game"" scope=""row""><a href=""/boxscores/index.fcgi?month=3&amp;day=24&amp;year=1974"">Sun, Mar 24, 1974</a></th><td class=""left"" csk=""VIR.197403240MMT"" data-stat=""visitor_team_name""><a href=""/teams/VIR/1974.html"">Virginia Squires</a></td><td class=""right"" data-stat=""visitor_pts"">94</td><td class=""left"" csk=""MMT.197403240MMT"" data-stat=""home_team_name""><a href=""/teams/MMT/1974.html"">Memphis Tams</a></td><td class=""right"" data-stat=""home_pts"">104</td><td class=""center"" data-stat=""box_score_text""><a href=""/boxscores/197403240MMT.html"">Box Score</a></td><td class=""center iz"" data-stat=""overtimes""></td><td class=""right"" data-stat=""attendance"">757</td><td class=""left iz"" data-stat=""game_remarks""></td></tr>"
137,"<tr><th class=""left"" csk=""197403240KEN"" data-stat=""date_game"" scope=""row""><a href=""/boxscores/index.fcgi?month=3&amp;day=24&amp;year=1974"">Sun, Mar 24, 1974</a></th><td class=""left"" csk=""SDA.197403240KEN"" data-stat=""visitor_team_name""><a href=""/teams/SDA/1974.html"">San Diego Conquistadors</a></td><td class=""right"" data-stat=""visitor_pts"">111</td><td class=""left"" csk=""KEN.197403240KEN"" data-stat=""home_team_name""><a href=""/teams/KEN/1974.html"">Kentucky Colonels</a></td><td class=""right"" data-stat=""home_pts"">122</td><td class=""center"" data-stat=""box_score_text""><a href=""/boxscores/197403240KEN.html"">Box Score</a></td><td class=""center iz"" data-stat=""overtimes""></td><td class=""right"" data-stat=""attendance"">9,115</td><td class=""left iz"" data-stat=""game_remarks""></td></tr>"
139,"<tr><th class=""left"" csk=""197403240INA"" data-stat=""date_game"" scope=""row""><a href=""/boxscores/index.fcgi?month=3&amp;day=24&amp;year=1974"">Sun, Mar 24, 1974</a></th><td class=""left"" csk=""UTS.197403240INA"" data-stat=""visitor_team_name""><a href=""/teams/UTS/1974.html"">Utah Stars</a></td><td class=""right"" data-stat=""visitor_pts"">89</td><td class=""left"" csk=""INA.197403240INA"" data-stat=""home_team_name""><a href=""/teams/INA/1974.html"">Indiana Pacers</a></td><td class=""right"" data-stat=""home_pts"">101</td><td class=""center"" data-stat=""box_score_text""><a href=""/boxscores/197403240INA.html"">Box Score</a></td><td class=""center iz"" data-stat=""overtimes""></td><td class=""right"" data-stat=""attendance"">10,079</td><td class=""left iz"" data-stat=""game_remarks""></td></tr>"
141,"<tr><th class=""left"" csk=""197403240DNR"" data-stat=""date_game"" scope=""row""><a href=""/boxscores/index.fcgi?month=3&amp;day=24&amp;year=1974"">Sun, Mar 24, 1974</a></th><td class=""left"" csk=""CAR.197403240DNR"" data-stat=""visitor_team_name""><a href=""/teams/CAR/1974.html"">Carolina Cougars</a></td><td class=""right"" data-stat=""visitor_pts"">107</td><td class=""left"" csk=""DNR.197403240DNR"" data-stat=""home_team_name""><a href=""/teams/DNR/1974.html"">Denver Rockets</a></td><td class=""right"" data-stat=""home_pts"">109</td><td class=""center"" data-stat=""box_score_text""><a href=""/boxscores/197403240DNR.html"">Box Score</a></td><td class=""center iz"" data-stat=""overtimes""></td><td class=""right"" data-stat=""attendance"">3,642</td><td class=""left iz"" data-stat=""game_remarks""></td></tr>"
143,"<tr><th class=""left"" csk=""197403260MMT"" data-stat=""date_game"" scope=""row""><a href=""/boxscores/index.fcgi?month=3&amp;day=26&amp;year=1974"">Tue, Mar 26, 1974</a></th><td class=""left"" csk=""SDA.197403260MMT"" data-stat=""visitor_team_name""><a href=""/teams/SDA/1974.html"">San Diego Conquistadors</a></td><td class=""right"" data-stat=""visitor_pts"">110</td><td class=""left"" csk=""MMT.197403260MMT"" data-stat=""home_team_name""><a href=""/teams/MMT/1974.html"">Memphis Tams</a></td><td class=""right"" data-stat=""home_pts"">105</td><td class=""center"" data-stat=""box_score_text""><a href=""/boxscores/197403260MMT.html"">Box Score</a></td><td class=""center iz"" data-stat=""overtimes""></td><td class=""right"" data-stat=""attendance"">1,291</td><td class=""left iz"" data-stat=""game_remarks""></td></tr>"
145,"<tr><th class=""left"" csk=""197403260UTS"" data-stat=""date_game"" scope=""row""><a href=""/boxscores/index.fcgi?month=3&amp;day=26&amp;year=1974"">Tue, Mar 26, 1974</a></th><td class=""left"" csk=""KEN.197403260UTS"" data-stat=""visitor_team_name""><a href=""/teams/KEN/1974.html"">Kentucky Colonels</a></td><td class=""right"" data-stat=""visitor_pts"">99</td><td class=""left"" csk=""UTS.197403260UTS"" data-stat=""home_team_name""><a href=""/teams/UTS/1974.html"">Utah Stars</a></td><td class=""right"" data-stat=""home_pts"">112</td><td class=""center"" data-stat=""box_score_text""><a href=""/boxscores/197403260UTS.html"">Box Score</a></td><td class=""center iz"" data-stat=""overtimes""></td><td class=""right"" data-stat=""attendance"">6,143</td><td class=""left iz"" data-stat=""game_remarks""></td></tr>"
147,"<tr><th class=""left"" csk=""197403260VIR"" data-stat=""date_game"" scope=""row""><a href=""/boxscores/index.fcgi?month=3&amp;day=26&amp;year=1974"">Tue, Mar 26, 1974</a></th><td class=""left"" csk=""CAR.197403260VIR"" data-stat=""visitor_team_name""><a href=""/teams/CAR/1974.html"">Carolina Cougars</a></td><td class=""right"" data-stat=""visitor_pts"">104</td><td class=""left"" csk=""VIR.197403260VIR"" data-stat=""home_team_name""><a href=""/teams/VIR/1974.html"">Virginia Squires</a></td><td class=""right"" data-stat=""home_pts"">106</td><td class=""center"" data-stat=""box_score_text""><a href=""/boxscores/197403260VIR.html"">Box Score</a></td><td class=""center iz"" data-stat=""overtimes""></td><td class=""right"" data-stat=""attendance"">4,489</td><td class=""left"" data-stat=""game_remarks"">at Norfolk, VA</td></tr>"
149,"<tr><th class=""left"" csk=""197403270SDA"" data-stat=""date_game"" scope=""row""><a href=""/boxscores/index.fcgi?month=3&amp;day=27&amp;year=1974"">Wed, Mar 27, 1974</a></th><td class=""left"" csk=""KEN.197403270SDA"" data-stat=""visitor_team_name""><a href=""/teams/KEN/1974.html"">Kentucky Colonels</a></td><td class=""right"" data-stat=""visitor_pts"">108</td><td class=""left"" csk=""SDA.197403270SDA"" data-stat=""home_team_name""><a href=""/teams/SDA/1974.html"">San Diego Conquistadors</a></td><td class=""right"" data-stat=""home_pts"">121</td><td class=""center"" data-stat=""box_score_text""><a href=""/boxscores/197403270SDA.html"">Box Score</a></td><td class=""center iz"" data-stat=""overtimes""></td><td class=""right"" data-stat=""attendance"">3,006</td><td class=""left iz"" data-stat=""game_remarks""></td></tr>"
151,"<tr><th class=""left"" csk=""197403270SAA"" data-stat=""date_game"" scope=""row""><a href=""/boxscores/index.fcgi?month=3&amp;day=27&amp;year=1974"">Wed, Mar 27, 1974</a></th><td class=""left"" csk=""INA.197403270SAA"" data-stat=""visitor_team_name""><a href=""/teams/INA/1974.html"">Indiana Pacers</a></td><td class=""right"" data-stat=""visitor_pts"">80</td><td class=""left"" csk=""SAA.197403270SAA"" data-stat=""home_team_name""><a href=""/teams/SAA/1974.html"">San Antonio Spurs</a></td><td class=""right"" data-stat=""home_pts"">98</td><td class=""center"" data-stat=""box_score_text""><a href=""/boxscores/197403270SAA.html"">Box Score</a></td><td class=""center iz"" data-stat=""overtimes""></td><td class=""right"" data-stat=""attendance"">9,431</td><td class=""left iz"" data-stat=""game_remarks""></td></tr>"
153,"<tr><th class=""left"" csk=""197403270NYA"" data-stat=""date_game"" scope=""row""><a href=""/boxscores/index.fcgi?month=3&amp;day=27&amp;year=1974"">Wed, Mar 27, 1974</a></th><td class=""left"" csk=""DNR.197403270NYA"" data-stat=""visitor_team_name""><a href=""/teams/DNR/1974.html"">Denver Rockets</a></td><td class=""right"" data-stat=""visitor_pts"">96</td><td class=""left"" csk=""NYA.197403270NYA"" data-stat=""home_team_name""><a href=""/teams/NYA/1974.html"">New York Nets</a></td><td class=""right"" data-stat=""home_pts"">102</td><td class=""center"" data-stat=""box_score_text""><a href=""/boxscores/197403270NYA.html"">Box Score</a></td><td class=""center iz"" data-stat=""overtimes""></td><td class=""right"" data-stat=""attendance"">10,125</td><td class=""left iz"" data-stat=""game_remarks""></td></tr>"
155,"<tr><th class=""left"" csk=""197403270CAR"" data-stat=""date_game"" scope=""row""><a href=""/boxscores/index.fcgi?month=3&amp;day=27&amp;year=1974"">Wed, Mar 27, 1974</a></th><td class=""left"" csk=""VIR.197403270CAR"" data-stat=""visitor_team_name""><a href=""/teams/VIR/1974.html"">Virginia Squires</a></td><td class=""right"" data-stat=""visitor_pts"">91</td><td class=""left"" csk=""CAR.197403270CAR"" data-stat=""home_team_name""><a href=""/teams/CAR/1974.html"">Carolina Cougars</a></td><td class=""right"" data-stat=""home_pts"">99</td><td class=""center"" data-stat=""box_score_text""><a href=""/boxscores/197403270CAR.html"">Box Score</a></td><td class=""center iz"" data-stat=""overtimes""></td><td class=""right"" data-stat=""attendance"">7,033</td><td class=""left"" data-stat=""game_remarks"">at Greensboro, NC</td></tr>"
157,"<tr><th class=""left"" csk=""197403280MMT"" data-stat=""date_game"" scope=""row""><a href=""/boxscores/index.fcgi?month=3&amp;day=28&amp;year=1974"">Thu, Mar 28, 1974</a></th><td class=""left"" csk=""KEN.197403280MMT"" data-stat=""visitor_team_name""><a href=""/teams/KEN/1974.html"">Kentucky Colonels</a></td><td class=""right"" data-stat=""visitor_pts"">107</td><td class=""left"" csk=""MMT.197403280MMT"" data-stat=""home_team_name""><a href=""/teams/MMT/1974.html"">Memphis Tams</a></td><td class=""right"" data-stat=""home_pts"">105</td><td class=""center"" data-stat=""box_score_text""><a href=""/boxscores/197403280MMT.html"">Box Score</a></td><td class=""center iz"" data-stat=""overtimes""></td><td class=""right"" data-stat=""attendance"">2,809</td><td class=""left iz"" data-stat=""game_remarks""></td></tr>"
159,"<tr><th class=""left"" csk=""197403280SAA"" data-stat=""date_game"" scope=""row""><a href=""/boxscores/index.fcgi?month=3&amp;day=28&amp;year=1974"">Thu, Mar 28, 1974</a></th><td class=""left"" csk=""DNR.197403280SAA"" data-stat=""visitor_team_name""><a href=""/teams/DNR/1974.html"">Denver Rockets</a></td><td class=""right"" data-stat=""visitor_pts"">96</td><td class=""left"" csk=""SAA.197403280SAA"" data-stat=""home_team_name""><a href=""/teams/SAA/1974.html"">San Antonio Spurs</a></td><td class=""right"" data-stat=""home_pts"">92</td><td class=""center"" data-stat=""box_score_text""><a href=""/boxscores/197403280SAA.html"">Box Score</a></td><td class=""center iz"" data-stat=""overtimes""></td><td class=""right"" data-stat=""attendance"">6,168</td><td class=""left iz"" data-stat=""game_remarks""></td></tr>"
161,"<tr><th class=""left"" csk=""197403280UTS"" data-stat=""date_game"" scope=""row""><a href=""/boxscores/index.fcgi?month=3&amp;day=28&amp;year=1974"">Thu, Mar 28, 1974</a></th><td class=""left"" csk=""INA.197403280UTS"" data-stat=""visitor_team_name""><a href=""/teams/INA/1974.html"">Indiana Pacers</a></td><td class=""right"" data-stat=""visitor_pts"">111</td><td class=""left"" csk=""UTS.197403280UTS"" data-stat=""home_team_name""><a href=""/teams/UTS/1974.html"">Utah Stars</a></td><td class=""right"" data-stat=""home_pts"">109</td><td class=""center"" data-stat=""box_score_text""><a href=""/boxscores/197403280UTS.html"">Box Score</a></td><td class=""center iz"" data-stat=""overtimes""></td><td class=""right"" data-stat=""attendance"">7,159</td><td class=""left iz"" data-stat=""game_remarks""></td></tr>"
163,"<tr class=""thead""><th colspan=""9"">Playoffs</th></tr>"
165,"<tr><th class=""left"" csk=""197403290NYA"" data-stat=""date_game"" scope=""row""><a href=""/boxscores/index.fcgi?month=3&amp;day=29&amp;year=1974"">Fri, Mar 29, 1974</a></th><td class=""left"" csk=""VIR.197403290NYA"" data-stat=""visitor_team_name""><a href=""/teams/VIR/1974.html"">Virginia Squires</a></td><td class=""right"" data-stat=""visitor_pts"">96</td><td class=""left"" csk=""NYA.197403290NYA"" data-stat=""home_team_name""><a href=""/teams/NYA/1974.html"">New York Nets</a></td><td class=""right"" data-stat=""home_pts"">108</td><td class=""center"" data-stat=""box_score_text""><a href=""/boxscores/197403290NYA.html"">Box Score</a></td><td class=""center iz"" data-stat=""overtimes""></td><td class=""right"" data-stat=""attendance"">9,784</td><td class=""left iz"" data-stat=""game_remarks""></td></tr>"
167,"<tr><th class=""left"" csk=""197403290SDA"" data-stat=""date_game"" scope=""row""><a href=""/boxscores/index.fcgi?month=3&amp;day=29&amp;year=1974"">Fri, Mar 29, 1974</a></th><td class=""left"" csk=""DNR.197403290SDA"" data-stat=""visitor_team_name""><a href=""/teams/DNR/1974.html"">Denver Rockets</a></td><td class=""right"" data-stat=""visitor_pts"">111</td><td class=""left"" csk=""SDA.197403290SDA"" data-stat=""home_team_name""><a href=""/teams/SDA/1974.html"">San Diego Conquistadors</a></td><td class=""right"" data-stat=""home_pts"">131</td><td class=""center"" data-stat=""box_score_text""><a href=""/boxscores/197403290SDA.html"">Box Score</a></td><td class=""center iz"" data-stat=""overtimes""></td><td class=""right"" data-stat=""attendance"">3,305</td><td class=""left"" data-stat=""game_remarks"">Tiebreaker</td></tr>"
169,"<tr><th class=""left"" csk=""197403300INA"" data-stat=""date_game"" scope=""row""><a href=""/boxscores/index.fcgi?month=3&amp;day=30&amp;year=1974"">Sat, Mar 30, 1974</a></th><td class=""left"" csk=""SAA.197403300INA"" data-stat=""visitor_team_name""><a href=""/teams/SAA/1974.html"">San Antonio Spurs</a></td><td class=""right"" data-stat=""visitor_pts"">113</td><td class=""left"" csk=""INA.197403300INA"" data-stat=""home_team_name""><a href=""/teams/INA/1974.html"">Indiana Pacers</a></td><td class=""right"" data-stat=""home_pts"">109</td><td class=""center"" data-stat=""box_score_text""><a href=""/boxscores/197403300INA.html"">Box Score</a></td><td class=""center iz"" data-stat=""overtimes""></td><td class=""right"" data-stat=""attendance"">7,438</td><td class=""left iz"" data-stat=""game_remarks""></td></tr>"
171,"<tr><th class=""left"" csk=""197403300UTS"" data-stat=""date_game"" scope=""row""><a href=""/boxscores/index.fcgi?month=3&amp;day=30&amp;year=1974"">Sat, Mar 30, 1974</a></th><td class=""left"" csk=""SDA.197403300UTS"" data-stat=""visitor_team_name""><a href=""/teams/SDA/1974.html"">San Diego Conquistadors</a></td><td class=""right"" data-stat=""visitor_pts"">99</td><td class=""left"" csk=""UTS.197403300UTS"" data-stat=""home_team_name""><a href=""/teams/UTS/1974.html"">Utah Stars</a></td><td class=""right"" data-stat=""home_pts"">114</td><td class=""center"" data-stat=""box_score_text""><a href=""/boxscores/197403300UTS.html"">Box Score</a></td><td class=""center iz"" data-stat=""overtimes""></td><td class=""right"" data-stat=""attendance"">5,558</td><td class=""left iz"" data-stat=""game_remarks""></td></tr>"
