,0
1,"<tr><th class=""left"" csk=""197012020INA"" data-stat=""date_game"" scope=""row""><a href=""/boxscores/index.fcgi?month=12&amp;day=2&amp;year=1970"">Wed, Dec 2, 1970</a></th><td class=""left"" csk=""MMP.197012020INA"" data-stat=""visitor_team_name""><a href=""/teams/MMP/1971.html"">Memphis Pros</a></td><td class=""right"" data-stat=""visitor_pts"">106</td><td class=""left"" csk=""INA.197012020INA"" data-stat=""home_team_name""><a href=""/teams/INA/1971.html"">Indiana Pacers</a></td><td class=""right"" data-stat=""home_pts"">100</td><td class=""center"" data-stat=""box_score_text""><a href=""/boxscores/197012020INA.html"">Box Score</a></td><td class=""center iz"" data-stat=""overtimes""></td><td class=""right"" data-stat=""attendance"">6,235</td><td class=""left iz"" data-stat=""game_remarks""></td></tr>"
3,"<tr><th class=""left"" csk=""197012020KEN"" data-stat=""date_game"" scope=""row""><a href=""/boxscores/index.fcgi?month=12&amp;day=2&amp;year=1970"">Wed, Dec 2, 1970</a></th><td class=""left"" csk=""PTC.197012020KEN"" data-stat=""visitor_team_name""><a href=""/teams/PTC/1971.html"">Pittsburgh Condors</a></td><td class=""right"" data-stat=""visitor_pts"">127</td><td class=""left"" csk=""KEN.197012020KEN"" data-stat=""home_team_name""><a href=""/teams/KEN/1971.html"">Kentucky Colonels</a></td><td class=""right"" data-stat=""home_pts"">139</td><td class=""center"" data-stat=""box_score_text""><a href=""/boxscores/197012020KEN.html"">Box Score</a></td><td class=""center iz"" data-stat=""overtimes""></td><td class=""right"" data-stat=""attendance"">4,863</td><td class=""left iz"" data-stat=""game_remarks""></td></tr>"
5,"<tr><th class=""left"" csk=""197012020UTS"" data-stat=""date_game"" scope=""row""><a href=""/boxscores/index.fcgi?month=12&amp;day=2&amp;year=1970"">Wed, Dec 2, 1970</a></th><td class=""left"" csk=""VIR.197012020UTS"" data-stat=""visitor_team_name""><a href=""/teams/VIR/1971.html"">Virginia Squires</a></td><td class=""right"" data-stat=""visitor_pts"">115</td><td class=""left"" csk=""UTS.197012020UTS"" data-stat=""home_team_name""><a href=""/teams/UTS/1971.html"">Utah Stars</a></td><td class=""right"" data-stat=""home_pts"">122</td><td class=""center"" data-stat=""box_score_text""><a href=""/boxscores/197012020UTS.html"">Box Score</a></td><td class=""center iz"" data-stat=""overtimes""></td><td class=""right"" data-stat=""attendance"">5,465</td><td class=""left iz"" data-stat=""game_remarks""></td></tr>"
7,"<tr><th class=""left"" csk=""197012030DNR"" data-stat=""date_game"" scope=""row""><a href=""/boxscores/index.fcgi?month=12&amp;day=3&amp;year=1970"">Thu, Dec 3, 1970</a></th><td class=""left"" csk=""VIR.197012030DNR"" data-stat=""visitor_team_name""><a href=""/teams/VIR/1971.html"">Virginia Squires</a></td><td class=""right"" data-stat=""visitor_pts"">111</td><td class=""left"" csk=""DNR.197012030DNR"" data-stat=""home_team_name""><a href=""/teams/DNR/1971.html"">Denver Rockets</a></td><td class=""right"" data-stat=""home_pts"">124</td><td class=""center"" data-stat=""box_score_text""><a href=""/boxscores/197012030DNR.html"">Box Score</a></td><td class=""center iz"" data-stat=""overtimes""></td><td class=""right"" data-stat=""attendance"">3,686</td><td class=""left iz"" data-stat=""game_remarks""></td></tr>"
9,"<tr><th class=""left"" csk=""197012030FLO"" data-stat=""date_game"" scope=""row""><a href=""/boxscores/index.fcgi?month=12&amp;day=3&amp;year=1970"">Thu, Dec 3, 1970</a></th><td class=""left"" csk=""CAR.197012030FLO"" data-stat=""visitor_team_name""><a href=""/teams/CAR/1971.html"">Carolina Cougars</a></td><td class=""right"" data-stat=""visitor_pts"">124</td><td class=""left"" csk=""FLO.197012030FLO"" data-stat=""home_team_name""><a href=""/teams/FLO/1971.html"">The Floridians</a></td><td class=""right"" data-stat=""home_pts"">114</td><td class=""center"" data-stat=""box_score_text""><a href=""/boxscores/197012030FLO.html"">Box Score</a></td><td class=""center iz"" data-stat=""overtimes""></td><td class=""right"" data-stat=""attendance"">5,012</td><td class=""left"" data-stat=""game_remarks"">at Tampa, FL</td></tr>"
11,"<tr><th class=""left"" csk=""197012030MMP"" data-stat=""date_game"" scope=""row""><a href=""/boxscores/index.fcgi?month=12&amp;day=3&amp;year=1970"">Thu, Dec 3, 1970</a></th><td class=""left"" csk=""NYA.197012030MMP"" data-stat=""visitor_team_name""><a href=""/teams/NYA/1971.html"">New York Nets</a></td><td class=""right"" data-stat=""visitor_pts"">98</td><td class=""left"" csk=""MMP.197012030MMP"" data-stat=""home_team_name""><a href=""/teams/MMP/1971.html"">Memphis Pros</a></td><td class=""right"" data-stat=""home_pts"">87</td><td class=""center"" data-stat=""box_score_text""><a href=""/boxscores/197012030MMP.html"">Box Score</a></td><td class=""center iz"" data-stat=""overtimes""></td><td class=""right"" data-stat=""attendance"">1,654</td><td class=""left iz"" data-stat=""game_remarks""></td></tr>"
13,"<tr><th class=""left"" csk=""197012040UTS"" data-stat=""date_game"" scope=""row""><a href=""/boxscores/index.fcgi?month=12&amp;day=4&amp;year=1970"">Fri, Dec 4, 1970</a></th><td class=""left"" csk=""KEN.197012040UTS"" data-stat=""visitor_team_name""><a href=""/teams/KEN/1971.html"">Kentucky Colonels</a></td><td class=""right"" data-stat=""visitor_pts"">128</td><td class=""left"" csk=""UTS.197012040UTS"" data-stat=""home_team_name""><a href=""/teams/UTS/1971.html"">Utah Stars</a></td><td class=""right"" data-stat=""home_pts"">129</td><td class=""center"" data-stat=""box_score_text""><a href=""/boxscores/197012040UTS.html"">Box Score</a></td><td class=""center"" data-stat=""overtimes"">OT</td><td class=""right"" data-stat=""attendance"">7,665</td><td class=""left iz"" data-stat=""game_remarks""></td></tr>"
15,"<tr><th class=""left"" csk=""197012040TEX"" data-stat=""date_game"" scope=""row""><a href=""/boxscores/index.fcgi?month=12&amp;day=4&amp;year=1970"">Fri, Dec 4, 1970</a></th><td class=""left"" csk=""DNR.197012040TEX"" data-stat=""visitor_team_name""><a href=""/teams/DNR/1971.html"">Denver Rockets</a></td><td class=""right"" data-stat=""visitor_pts"">134</td><td class=""left"" csk=""TEX.197012040TEX"" data-stat=""home_team_name""><a href=""/teams/TEX/1971.html"">Texas Chaparrals</a></td><td class=""right"" data-stat=""home_pts"">141</td><td class=""center"" data-stat=""box_score_text""><a href=""/boxscores/197012040TEX.html"">Box Score</a></td><td class=""center iz"" data-stat=""overtimes""></td><td class=""right"" data-stat=""attendance"">3,038</td><td class=""left"" data-stat=""game_remarks"">at Dallas, TX</td></tr>"
17,"<tr><th class=""left"" csk=""197012040PTC"" data-stat=""date_game"" scope=""row""><a href=""/boxscores/index.fcgi?month=12&amp;day=4&amp;year=1970"">Fri, Dec 4, 1970</a></th><td class=""left"" csk=""MMP.197012040PTC"" data-stat=""visitor_team_name""><a href=""/teams/MMP/1971.html"">Memphis Pros</a></td><td class=""right"" data-stat=""visitor_pts"">111</td><td class=""left"" csk=""PTC.197012040PTC"" data-stat=""home_team_name""><a href=""/teams/PTC/1971.html"">Pittsburgh Condors</a></td><td class=""right"" data-stat=""home_pts"">117</td><td class=""center"" data-stat=""box_score_text""><a href=""/boxscores/197012040PTC.html"">Box Score</a></td><td class=""center iz"" data-stat=""overtimes""></td><td class=""right"" data-stat=""attendance"">2,009</td><td class=""left iz"" data-stat=""game_remarks""></td></tr>"
19,"<tr><th class=""left"" csk=""197012040NYA"" data-stat=""date_game"" scope=""row""><a href=""/boxscores/index.fcgi?month=12&amp;day=4&amp;year=1970"">Fri, Dec 4, 1970</a></th><td class=""left"" csk=""FLO.197012040NYA"" data-stat=""visitor_team_name""><a href=""/teams/FLO/1971.html"">The Floridians</a></td><td class=""right"" data-stat=""visitor_pts"">110</td><td class=""left"" csk=""NYA.197012040NYA"" data-stat=""home_team_name""><a href=""/teams/NYA/1971.html"">New York Nets</a></td><td class=""right"" data-stat=""home_pts"">115</td><td class=""center"" data-stat=""box_score_text""><a href=""/boxscores/197012040NYA.html"">Box Score</a></td><td class=""center iz"" data-stat=""overtimes""></td><td class=""right"" data-stat=""attendance"">3,702</td><td class=""left iz"" data-stat=""game_remarks""></td></tr>"
21,"<tr><th class=""left"" csk=""197012040INA"" data-stat=""date_game"" scope=""row""><a href=""/boxscores/index.fcgi?month=12&amp;day=4&amp;year=1970"">Fri, Dec 4, 1970</a></th><td class=""left"" csk=""CAR.197012040INA"" data-stat=""visitor_team_name""><a href=""/teams/CAR/1971.html"">Carolina Cougars</a></td><td class=""right"" data-stat=""visitor_pts"">116</td><td class=""left"" csk=""INA.197012040INA"" data-stat=""home_team_name""><a href=""/teams/INA/1971.html"">Indiana Pacers</a></td><td class=""right"" data-stat=""home_pts"">150</td><td class=""center"" data-stat=""box_score_text""><a href=""/boxscores/197012040INA.html"">Box Score</a></td><td class=""center iz"" data-stat=""overtimes""></td><td class=""right"" data-stat=""attendance"">8,023</td><td class=""left iz"" data-stat=""game_remarks""></td></tr>"
23,"<tr><th class=""left"" csk=""197012050VIR"" data-stat=""date_game"" scope=""row""><a href=""/boxscores/index.fcgi?month=12&amp;day=5&amp;year=1970"">Sat, Dec 5, 1970</a></th><td class=""left"" csk=""PTC.197012050VIR"" data-stat=""visitor_team_name""><a href=""/teams/PTC/1971.html"">Pittsburgh Condors</a></td><td class=""right"" data-stat=""visitor_pts"">125</td><td class=""left"" csk=""VIR.197012050VIR"" data-stat=""home_team_name""><a href=""/teams/VIR/1971.html"">Virginia Squires</a></td><td class=""right"" data-stat=""home_pts"">133</td><td class=""center"" data-stat=""box_score_text""><a href=""/boxscores/197012050VIR.html"">Box Score</a></td><td class=""center iz"" data-stat=""overtimes""></td><td class=""right"" data-stat=""attendance"">4,024</td><td class=""left"" data-stat=""game_remarks"">at Richmond, VA</td></tr>"
25,"<tr><th class=""left"" csk=""197012050CAR"" data-stat=""date_game"" scope=""row""><a href=""/boxscores/index.fcgi?month=12&amp;day=5&amp;year=1970"">Sat, Dec 5, 1970</a></th><td class=""left"" csk=""TEX.197012050CAR"" data-stat=""visitor_team_name""><a href=""/teams/TEX/1971.html"">Texas Chaparrals</a></td><td class=""right"" data-stat=""visitor_pts"">121</td><td class=""left"" csk=""CAR.197012050CAR"" data-stat=""home_team_name""><a href=""/teams/CAR/1971.html"">Carolina Cougars</a></td><td class=""right"" data-stat=""home_pts"">117</td><td class=""center"" data-stat=""box_score_text""><a href=""/boxscores/197012050CAR.html"">Box Score</a></td><td class=""center iz"" data-stat=""overtimes""></td><td class=""right"" data-stat=""attendance"">4,192</td><td class=""left"" data-stat=""game_remarks"">at Charlotte, NC</td></tr>"
27,"<tr><th class=""left"" csk=""197012060VIR"" data-stat=""date_game"" scope=""row""><a href=""/boxscores/index.fcgi?month=12&amp;day=6&amp;year=1970"">Sun, Dec 6, 1970</a></th><td class=""left"" csk=""MMP.197012060VIR"" data-stat=""visitor_team_name""><a href=""/teams/MMP/1971.html"">Memphis Pros</a></td><td class=""right"" data-stat=""visitor_pts"">124</td><td class=""left"" csk=""VIR.197012060VIR"" data-stat=""home_team_name""><a href=""/teams/VIR/1971.html"">Virginia Squires</a></td><td class=""right"" data-stat=""home_pts"">132</td><td class=""center"" data-stat=""box_score_text""><a href=""/boxscores/197012060VIR.html"">Box Score</a></td><td class=""center iz"" data-stat=""overtimes""></td><td class=""right"" data-stat=""attendance"">4,050</td><td class=""left"" data-stat=""game_remarks"">at Norfolk, VA</td></tr>"
29,"<tr><th class=""left"" csk=""197012060PTC"" data-stat=""date_game"" scope=""row""><a href=""/boxscores/index.fcgi?month=12&amp;day=6&amp;year=1970"">Sun, Dec 6, 1970</a></th><td class=""left"" csk=""TEX.197012060PTC"" data-stat=""visitor_team_name""><a href=""/teams/TEX/1971.html"">Texas Chaparrals</a></td><td class=""right"" data-stat=""visitor_pts"">129</td><td class=""left"" csk=""PTC.197012060PTC"" data-stat=""home_team_name""><a href=""/teams/PTC/1971.html"">Pittsburgh Condors</a></td><td class=""right"" data-stat=""home_pts"">125</td><td class=""center"" data-stat=""box_score_text""><a href=""/boxscores/197012060PTC.html"">Box Score</a></td><td class=""center iz"" data-stat=""overtimes""></td><td class=""right"" data-stat=""attendance"">3,976</td><td class=""left iz"" data-stat=""game_remarks""></td></tr>"
31,"<tr><th class=""left"" csk=""197012060NYA"" data-stat=""date_game"" scope=""row""><a href=""/boxscores/index.fcgi?month=12&amp;day=6&amp;year=1970"">Sun, Dec 6, 1970</a></th><td class=""left"" csk=""CAR.197012060NYA"" data-stat=""visitor_team_name""><a href=""/teams/CAR/1971.html"">Carolina Cougars</a></td><td class=""right"" data-stat=""visitor_pts"">94</td><td class=""left"" csk=""NYA.197012060NYA"" data-stat=""home_team_name""><a href=""/teams/NYA/1971.html"">New York Nets</a></td><td class=""right"" data-stat=""home_pts"">90</td><td class=""center"" data-stat=""box_score_text""><a href=""/boxscores/197012060NYA.html"">Box Score</a></td><td class=""center iz"" data-stat=""overtimes""></td><td class=""right"" data-stat=""attendance"">3,121</td><td class=""left iz"" data-stat=""game_remarks""></td></tr>"
33,"<tr><th class=""left"" csk=""197012060FLO"" data-stat=""date_game"" scope=""row""><a href=""/boxscores/index.fcgi?month=12&amp;day=6&amp;year=1970"">Sun, Dec 6, 1970</a></th><td class=""left"" csk=""UTS.197012060FLO"" data-stat=""visitor_team_name""><a href=""/teams/UTS/1971.html"">Utah Stars</a></td><td class=""right"" data-stat=""visitor_pts"">115</td><td class=""left"" csk=""FLO.197012060FLO"" data-stat=""home_team_name""><a href=""/teams/FLO/1971.html"">The Floridians</a></td><td class=""right"" data-stat=""home_pts"">118</td><td class=""center"" data-stat=""box_score_text""><a href=""/boxscores/197012060FLO.html"">Box Score</a></td><td class=""center iz"" data-stat=""overtimes""></td><td class=""right"" data-stat=""attendance"">2,614</td><td class=""left"" data-stat=""game_remarks"">at Jacksonville, FL</td></tr>"
35,"<tr><th class=""left"" csk=""197012060DNR"" data-stat=""date_game"" scope=""row""><a href=""/boxscores/index.fcgi?month=12&amp;day=6&amp;year=1970"">Sun, Dec 6, 1970</a></th><td class=""left"" csk=""KEN.197012060DNR"" data-stat=""visitor_team_name""><a href=""/teams/KEN/1971.html"">Kentucky Colonels</a></td><td class=""right"" data-stat=""visitor_pts"">140</td><td class=""left"" csk=""DNR.197012060DNR"" data-stat=""home_team_name""><a href=""/teams/DNR/1971.html"">Denver Rockets</a></td><td class=""right"" data-stat=""home_pts"">125</td><td class=""center"" data-stat=""box_score_text""><a href=""/boxscores/197012060DNR.html"">Box Score</a></td><td class=""center iz"" data-stat=""overtimes""></td><td class=""right"" data-stat=""attendance"">3,854</td><td class=""left iz"" data-stat=""game_remarks""></td></tr>"
37,"<tr><th class=""left"" csk=""197012080MMP"" data-stat=""date_game"" scope=""row""><a href=""/boxscores/index.fcgi?month=12&amp;day=8&amp;year=1970"">Tue, Dec 8, 1970</a></th><td class=""left"" csk=""UTS.197012080MMP"" data-stat=""visitor_team_name""><a href=""/teams/UTS/1971.html"">Utah Stars</a></td><td class=""right"" data-stat=""visitor_pts"">125</td><td class=""left"" csk=""MMP.197012080MMP"" data-stat=""home_team_name""><a href=""/teams/MMP/1971.html"">Memphis Pros</a></td><td class=""right"" data-stat=""home_pts"">106</td><td class=""center"" data-stat=""box_score_text""><a href=""/boxscores/197012080MMP.html"">Box Score</a></td><td class=""center iz"" data-stat=""overtimes""></td><td class=""right"" data-stat=""attendance"">1,490</td><td class=""left"" data-stat=""game_remarks"">at Jackson, MS</td></tr>"
39,"<tr><th class=""left"" csk=""197012080NYA"" data-stat=""date_game"" scope=""row""><a href=""/boxscores/index.fcgi?month=12&amp;day=8&amp;year=1970"">Tue, Dec 8, 1970</a></th><td class=""left"" csk=""VIR.197012080NYA"" data-stat=""visitor_team_name""><a href=""/teams/VIR/1971.html"">Virginia Squires</a></td><td class=""right"" data-stat=""visitor_pts"">120</td><td class=""left"" csk=""NYA.197012080NYA"" data-stat=""home_team_name""><a href=""/teams/NYA/1971.html"">New York Nets</a></td><td class=""right"" data-stat=""home_pts"">116</td><td class=""center"" data-stat=""box_score_text""><a href=""/boxscores/197012080NYA.html"">Box Score</a></td><td class=""center iz"" data-stat=""overtimes""></td><td class=""right"" data-stat=""attendance"">2,798</td><td class=""left iz"" data-stat=""game_remarks""></td></tr>"
41,"<tr><th class=""left"" csk=""197012090DNR"" data-stat=""date_game"" scope=""row""><a href=""/boxscores/index.fcgi?month=12&amp;day=9&amp;year=1970"">Wed, Dec 9, 1970</a></th><td class=""left"" csk=""VIR.197012090DNR"" data-stat=""visitor_team_name""><a href=""/teams/VIR/1971.html"">Virginia Squires</a></td><td class=""right"" data-stat=""visitor_pts"">113</td><td class=""left"" csk=""DNR.197012090DNR"" data-stat=""home_team_name""><a href=""/teams/DNR/1971.html"">Denver Rockets</a></td><td class=""right"" data-stat=""home_pts"">109</td><td class=""center"" data-stat=""box_score_text""><a href=""/boxscores/197012090DNR.html"">Box Score</a></td><td class=""center iz"" data-stat=""overtimes""></td><td class=""right"" data-stat=""attendance"">12,522</td><td class=""left"" data-stat=""game_remarks"">at New York, NY</td></tr>"
43,"<tr><th class=""left"" csk=""197012090NYA"" data-stat=""date_game"" scope=""row""><a href=""/boxscores/index.fcgi?month=12&amp;day=9&amp;year=1970"">Wed, Dec 9, 1970</a></th><td class=""left"" csk=""INA.197012090NYA"" data-stat=""visitor_team_name""><a href=""/teams/INA/1971.html"">Indiana Pacers</a></td><td class=""right"" data-stat=""visitor_pts"">129</td><td class=""left"" csk=""NYA.197012090NYA"" data-stat=""home_team_name""><a href=""/teams/NYA/1971.html"">New York Nets</a></td><td class=""right"" data-stat=""home_pts"">108</td><td class=""center"" data-stat=""box_score_text""><a href=""/boxscores/197012090NYA.html"">Box Score</a></td><td class=""center iz"" data-stat=""overtimes""></td><td class=""right"" data-stat=""attendance"">12,522</td><td class=""left"" data-stat=""game_remarks"">at New York, NY</td></tr>"
45,"<tr><th class=""left"" csk=""197012100VIR"" data-stat=""date_game"" scope=""row""><a href=""/boxscores/index.fcgi?month=12&amp;day=10&amp;year=1970"">Thu, Dec 10, 1970</a></th><td class=""left"" csk=""NYA.197012100VIR"" data-stat=""visitor_team_name""><a href=""/teams/NYA/1971.html"">New York Nets</a></td><td class=""right"" data-stat=""visitor_pts"">100</td><td class=""left"" csk=""VIR.197012100VIR"" data-stat=""home_team_name""><a href=""/teams/VIR/1971.html"">Virginia Squires</a></td><td class=""right"" data-stat=""home_pts"">127</td><td class=""center"" data-stat=""box_score_text""><a href=""/boxscores/197012100VIR.html"">Box Score</a></td><td class=""center iz"" data-stat=""overtimes""></td><td class=""right"" data-stat=""attendance"">5,275</td><td class=""left"" data-stat=""game_remarks"">at Hampton, VA</td></tr>"
47,"<tr><th class=""left"" csk=""197012100FLO"" data-stat=""date_game"" scope=""row""><a href=""/boxscores/index.fcgi?month=12&amp;day=10&amp;year=1970"">Thu, Dec 10, 1970</a></th><td class=""left"" csk=""MMP.197012100FLO"" data-stat=""visitor_team_name""><a href=""/teams/MMP/1971.html"">Memphis Pros</a></td><td class=""right"" data-stat=""visitor_pts"">107</td><td class=""left"" csk=""FLO.197012100FLO"" data-stat=""home_team_name""><a href=""/teams/FLO/1971.html"">The Floridians</a></td><td class=""right"" data-stat=""home_pts"">102</td><td class=""center"" data-stat=""box_score_text""><a href=""/boxscores/197012100FLO.html"">Box Score</a></td><td class=""center iz"" data-stat=""overtimes""></td><td class=""right"" data-stat=""attendance"">2,512</td><td class=""left iz"" data-stat=""game_remarks""></td></tr>"
49,"<tr><th class=""left"" csk=""197012100DNR"" data-stat=""date_game"" scope=""row""><a href=""/boxscores/index.fcgi?month=12&amp;day=10&amp;year=1970"">Thu, Dec 10, 1970</a></th><td class=""left"" csk=""PTC.197012100DNR"" data-stat=""visitor_team_name""><a href=""/teams/PTC/1971.html"">Pittsburgh Condors</a></td><td class=""right"" data-stat=""visitor_pts"">109</td><td class=""left"" csk=""DNR.197012100DNR"" data-stat=""home_team_name""><a href=""/teams/DNR/1971.html"">Denver Rockets</a></td><td class=""right"" data-stat=""home_pts"">131</td><td class=""center"" data-stat=""box_score_text""><a href=""/boxscores/197012100DNR.html"">Box Score</a></td><td class=""center iz"" data-stat=""overtimes""></td><td class=""right"" data-stat=""attendance"">3,686</td><td class=""left iz"" data-stat=""game_remarks""></td></tr>"
51,"<tr><th class=""left"" csk=""197012110UTS"" data-stat=""date_game"" scope=""row""><a href=""/boxscores/index.fcgi?month=12&amp;day=11&amp;year=1970"">Fri, Dec 11, 1970</a></th><td class=""left"" csk=""PTC.197012110UTS"" data-stat=""visitor_team_name""><a href=""/teams/PTC/1971.html"">Pittsburgh Condors</a></td><td class=""right"" data-stat=""visitor_pts"">100</td><td class=""left"" csk=""UTS.197012110UTS"" data-stat=""home_team_name""><a href=""/teams/UTS/1971.html"">Utah Stars</a></td><td class=""right"" data-stat=""home_pts"">129</td><td class=""center"" data-stat=""box_score_text""><a href=""/boxscores/197012110UTS.html"">Box Score</a></td><td class=""center iz"" data-stat=""overtimes""></td><td class=""right"" data-stat=""attendance"">5,126</td><td class=""left iz"" data-stat=""game_remarks""></td></tr>"
53,"<tr><th class=""left"" csk=""197012110TEX"" data-stat=""date_game"" scope=""row""><a href=""/boxscores/index.fcgi?month=12&amp;day=11&amp;year=1970"">Fri, Dec 11, 1970</a></th><td class=""left"" csk=""VIR.197012110TEX"" data-stat=""visitor_team_name""><a href=""/teams/VIR/1971.html"">Virginia Squires</a></td><td class=""right"" data-stat=""visitor_pts"">146</td><td class=""left"" csk=""TEX.197012110TEX"" data-stat=""home_team_name""><a href=""/teams/TEX/1971.html"">Texas Chaparrals</a></td><td class=""right"" data-stat=""home_pts"">136</td><td class=""center"" data-stat=""box_score_text""><a href=""/boxscores/197012110TEX.html"">Box Score</a></td><td class=""center iz"" data-stat=""overtimes""></td><td class=""right"" data-stat=""attendance"">3,327</td><td class=""left"" data-stat=""game_remarks"">at Dallas, TX</td></tr>"
55,"<tr><th class=""left"" csk=""197012110NYA"" data-stat=""date_game"" scope=""row""><a href=""/boxscores/index.fcgi?month=12&amp;day=11&amp;year=1970"">Fri, Dec 11, 1970</a></th><td class=""left"" csk=""KEN.197012110NYA"" data-stat=""visitor_team_name""><a href=""/teams/KEN/1971.html"">Kentucky Colonels</a></td><td class=""right"" data-stat=""visitor_pts"">99</td><td class=""left"" csk=""NYA.197012110NYA"" data-stat=""home_team_name""><a href=""/teams/NYA/1971.html"">New York Nets</a></td><td class=""right"" data-stat=""home_pts"">128</td><td class=""center"" data-stat=""box_score_text""><a href=""/boxscores/197012110NYA.html"">Box Score</a></td><td class=""center iz"" data-stat=""overtimes""></td><td class=""right"" data-stat=""attendance"">4,517</td><td class=""left iz"" data-stat=""game_remarks""></td></tr>"
57,"<tr><th class=""left"" csk=""197012110MMP"" data-stat=""date_game"" scope=""row""><a href=""/boxscores/index.fcgi?month=12&amp;day=11&amp;year=1970"">Fri, Dec 11, 1970</a></th><td class=""left"" csk=""DNR.197012110MMP"" data-stat=""visitor_team_name""><a href=""/teams/DNR/1971.html"">Denver Rockets</a></td><td class=""right"" data-stat=""visitor_pts"">100</td><td class=""left"" csk=""MMP.197012110MMP"" data-stat=""home_team_name""><a href=""/teams/MMP/1971.html"">Memphis Pros</a></td><td class=""right"" data-stat=""home_pts"">102</td><td class=""center"" data-stat=""box_score_text""><a href=""/boxscores/197012110MMP.html"">Box Score</a></td><td class=""center iz"" data-stat=""overtimes""></td><td class=""right"" data-stat=""attendance"">2,198</td><td class=""left iz"" data-stat=""game_remarks""></td></tr>"
59,"<tr><th class=""left"" csk=""197012110CAR"" data-stat=""date_game"" scope=""row""><a href=""/boxscores/index.fcgi?month=12&amp;day=11&amp;year=1970"">Fri, Dec 11, 1970</a></th><td class=""left"" csk=""INA.197012110CAR"" data-stat=""visitor_team_name""><a href=""/teams/INA/1971.html"">Indiana Pacers</a></td><td class=""right"" data-stat=""visitor_pts"">155</td><td class=""left"" csk=""CAR.197012110CAR"" data-stat=""home_team_name""><a href=""/teams/CAR/1971.html"">Carolina Cougars</a></td><td class=""right"" data-stat=""home_pts"">148</td><td class=""center"" data-stat=""box_score_text""><a href=""/boxscores/197012110CAR.html"">Box Score</a></td><td class=""center"" data-stat=""overtimes"">2OT</td><td class=""right"" data-stat=""attendance"">4,611</td><td class=""left"" data-stat=""game_remarks"">at Greensboro, NC</td></tr>"
61,"<tr><th class=""left"" csk=""197012120KEN"" data-stat=""date_game"" scope=""row""><a href=""/boxscores/index.fcgi?month=12&amp;day=12&amp;year=1970"">Sat, Dec 12, 1970</a></th><td class=""left"" csk=""FLO.197012120KEN"" data-stat=""visitor_team_name""><a href=""/teams/FLO/1971.html"">The Floridians</a></td><td class=""right"" data-stat=""visitor_pts"">122</td><td class=""left"" csk=""KEN.197012120KEN"" data-stat=""home_team_name""><a href=""/teams/KEN/1971.html"">Kentucky Colonels</a></td><td class=""right"" data-stat=""home_pts"">117</td><td class=""center"" data-stat=""box_score_text""><a href=""/boxscores/197012120KEN.html"">Box Score</a></td><td class=""center iz"" data-stat=""overtimes""></td><td class=""right"" data-stat=""attendance"">10,213</td><td class=""left iz"" data-stat=""game_remarks""></td></tr>"
63,"<tr><th class=""left"" csk=""197012120TEX"" data-stat=""date_game"" scope=""row""><a href=""/boxscores/index.fcgi?month=12&amp;day=12&amp;year=1970"">Sat, Dec 12, 1970</a></th><td class=""left"" csk=""INA.197012120TEX"" data-stat=""visitor_team_name""><a href=""/teams/INA/1971.html"">Indiana Pacers</a></td><td class=""right"" data-stat=""visitor_pts"">124</td><td class=""left"" csk=""TEX.197012120TEX"" data-stat=""home_team_name""><a href=""/teams/TEX/1971.html"">Texas Chaparrals</a></td><td class=""right"" data-stat=""home_pts"">118</td><td class=""center"" data-stat=""box_score_text""><a href=""/boxscores/197012120TEX.html"">Box Score</a></td><td class=""center iz"" data-stat=""overtimes""></td><td class=""right"" data-stat=""attendance"">1,788</td><td class=""left"" data-stat=""game_remarks"">at Fort Worth, TX</td></tr>"
65,"<tr><th class=""left"" csk=""197012130UTS"" data-stat=""date_game"" scope=""row""><a href=""/boxscores/index.fcgi?month=12&amp;day=13&amp;year=1970"">Sun, Dec 13, 1970</a></th><td class=""left"" csk=""VIR.197012130UTS"" data-stat=""visitor_team_name""><a href=""/teams/VIR/1971.html"">Virginia Squires</a></td><td class=""right"" data-stat=""visitor_pts"">112</td><td class=""left"" csk=""UTS.197012130UTS"" data-stat=""home_team_name""><a href=""/teams/UTS/1971.html"">Utah Stars</a></td><td class=""right"" data-stat=""home_pts"">109</td><td class=""center"" data-stat=""box_score_text""><a href=""/boxscores/197012130UTS.html"">Box Score</a></td><td class=""center iz"" data-stat=""overtimes""></td><td class=""right"" data-stat=""attendance"">3,526</td><td class=""left iz"" data-stat=""game_remarks""></td></tr>"
67,"<tr><th class=""left"" csk=""197012130PTC"" data-stat=""date_game"" scope=""row""><a href=""/boxscores/index.fcgi?month=12&amp;day=13&amp;year=1970"">Sun, Dec 13, 1970</a></th><td class=""left"" csk=""KEN.197012130PTC"" data-stat=""visitor_team_name""><a href=""/teams/KEN/1971.html"">Kentucky Colonels</a></td><td class=""right"" data-stat=""visitor_pts"">125</td><td class=""left"" csk=""PTC.197012130PTC"" data-stat=""home_team_name""><a href=""/teams/PTC/1971.html"">Pittsburgh Condors</a></td><td class=""right"" data-stat=""home_pts"">130</td><td class=""center"" data-stat=""box_score_text""><a href=""/boxscores/197012130PTC.html"">Box Score</a></td><td class=""center iz"" data-stat=""overtimes""></td><td class=""right"" data-stat=""attendance"">3,384</td><td class=""left iz"" data-stat=""game_remarks""></td></tr>"
69,"<tr><th class=""left"" csk=""197012130NYA"" data-stat=""date_game"" scope=""row""><a href=""/boxscores/index.fcgi?month=12&amp;day=13&amp;year=1970"">Sun, Dec 13, 1970</a></th><td class=""left"" csk=""FLO.197012130NYA"" data-stat=""visitor_team_name""><a href=""/teams/FLO/1971.html"">The Floridians</a></td><td class=""right"" data-stat=""visitor_pts"">100</td><td class=""left"" csk=""NYA.197012130NYA"" data-stat=""home_team_name""><a href=""/teams/NYA/1971.html"">New York Nets</a></td><td class=""right"" data-stat=""home_pts"">97</td><td class=""center"" data-stat=""box_score_text""><a href=""/boxscores/197012130NYA.html"">Box Score</a></td><td class=""center iz"" data-stat=""overtimes""></td><td class=""right"" data-stat=""attendance"">3,856</td><td class=""left iz"" data-stat=""game_remarks""></td></tr>"
71,"<tr><th class=""left"" csk=""197012130CAR"" data-stat=""date_game"" scope=""row""><a href=""/boxscores/index.fcgi?month=12&amp;day=13&amp;year=1970"">Sun, Dec 13, 1970</a></th><td class=""left"" csk=""TEX.197012130CAR"" data-stat=""visitor_team_name""><a href=""/teams/TEX/1971.html"">Texas Chaparrals</a></td><td class=""right"" data-stat=""visitor_pts"">118</td><td class=""left"" csk=""CAR.197012130CAR"" data-stat=""home_team_name""><a href=""/teams/CAR/1971.html"">Carolina Cougars</a></td><td class=""right"" data-stat=""home_pts"">119</td><td class=""center"" data-stat=""box_score_text""><a href=""/boxscores/197012130CAR.html"">Box Score</a></td><td class=""center iz"" data-stat=""overtimes""></td><td class=""right"" data-stat=""attendance"">4,441</td><td class=""left"" data-stat=""game_remarks"">at Greensboro, NC</td></tr>"
73,"<tr><th class=""left"" csk=""197012150DNR"" data-stat=""date_game"" scope=""row""><a href=""/boxscores/index.fcgi?month=12&amp;day=15&amp;year=1970"">Tue, Dec 15, 1970</a></th><td class=""left"" csk=""CAR.197012150DNR"" data-stat=""visitor_team_name""><a href=""/teams/CAR/1971.html"">Carolina Cougars</a></td><td class=""right"" data-stat=""visitor_pts"">116</td><td class=""left"" csk=""DNR.197012150DNR"" data-stat=""home_team_name""><a href=""/teams/DNR/1971.html"">Denver Rockets</a></td><td class=""right"" data-stat=""home_pts"">126</td><td class=""center"" data-stat=""box_score_text""><a href=""/boxscores/197012150DNR.html"">Box Score</a></td><td class=""center iz"" data-stat=""overtimes""></td><td class=""right"" data-stat=""attendance"">3,210</td><td class=""left iz"" data-stat=""game_remarks""></td></tr>"
75,"<tr><th class=""left"" csk=""197012150MMP"" data-stat=""date_game"" scope=""row""><a href=""/boxscores/index.fcgi?month=12&amp;day=15&amp;year=1970"">Tue, Dec 15, 1970</a></th><td class=""left"" csk=""TEX.197012150MMP"" data-stat=""visitor_team_name""><a href=""/teams/TEX/1971.html"">Texas Chaparrals</a></td><td class=""right"" data-stat=""visitor_pts"">141</td><td class=""left"" csk=""MMP.197012150MMP"" data-stat=""home_team_name""><a href=""/teams/MMP/1971.html"">Memphis Pros</a></td><td class=""right"" data-stat=""home_pts"">146</td><td class=""center"" data-stat=""box_score_text""><a href=""/boxscores/197012150MMP.html"">Box Score</a></td><td class=""center"" data-stat=""overtimes"">OT</td><td class=""right"" data-stat=""attendance"">1,846</td><td class=""left iz"" data-stat=""game_remarks""></td></tr>"
77,"<tr><th class=""left"" csk=""197012160UTS"" data-stat=""date_game"" scope=""row""><a href=""/boxscores/index.fcgi?month=12&amp;day=16&amp;year=1970"">Wed, Dec 16, 1970</a></th><td class=""left"" csk=""MMP.197012160UTS"" data-stat=""visitor_team_name""><a href=""/teams/MMP/1971.html"">Memphis Pros</a></td><td class=""right"" data-stat=""visitor_pts"">101</td><td class=""left"" csk=""UTS.197012160UTS"" data-stat=""home_team_name""><a href=""/teams/UTS/1971.html"">Utah Stars</a></td><td class=""right"" data-stat=""home_pts"">145</td><td class=""center"" data-stat=""box_score_text""><a href=""/boxscores/197012160UTS.html"">Box Score</a></td><td class=""center iz"" data-stat=""overtimes""></td><td class=""right"" data-stat=""attendance"">3,405</td><td class=""left iz"" data-stat=""game_remarks""></td></tr>"
79,"<tr><th class=""left"" csk=""197012160KEN"" data-stat=""date_game"" scope=""row""><a href=""/boxscores/index.fcgi?month=12&amp;day=16&amp;year=1970"">Wed, Dec 16, 1970</a></th><td class=""left"" csk=""INA.197012160KEN"" data-stat=""visitor_team_name""><a href=""/teams/INA/1971.html"">Indiana Pacers</a></td><td class=""right"" data-stat=""visitor_pts"">110</td><td class=""left"" csk=""KEN.197012160KEN"" data-stat=""home_team_name""><a href=""/teams/KEN/1971.html"">Kentucky Colonels</a></td><td class=""right"" data-stat=""home_pts"">125</td><td class=""center"" data-stat=""box_score_text""><a href=""/boxscores/197012160KEN.html"">Box Score</a></td><td class=""center iz"" data-stat=""overtimes""></td><td class=""right"" data-stat=""attendance"">5,733</td><td class=""left iz"" data-stat=""game_remarks""></td></tr>"
81,"<tr><th class=""left"" csk=""197012170DNR"" data-stat=""date_game"" scope=""row""><a href=""/boxscores/index.fcgi?month=12&amp;day=17&amp;year=1970"">Thu, Dec 17, 1970</a></th><td class=""left"" csk=""MMP.197012170DNR"" data-stat=""visitor_team_name""><a href=""/teams/MMP/1971.html"">Memphis Pros</a></td><td class=""right"" data-stat=""visitor_pts"">99</td><td class=""left"" csk=""DNR.197012170DNR"" data-stat=""home_team_name""><a href=""/teams/DNR/1971.html"">Denver Rockets</a></td><td class=""right"" data-stat=""home_pts"">108</td><td class=""center"" data-stat=""box_score_text""><a href=""/boxscores/197012170DNR.html"">Box Score</a></td><td class=""center iz"" data-stat=""overtimes""></td><td class=""right"" data-stat=""attendance"">3,339</td><td class=""left iz"" data-stat=""game_remarks""></td></tr>"
83,"<tr><th class=""left"" csk=""197012170FLO"" data-stat=""date_game"" scope=""row""><a href=""/boxscores/index.fcgi?month=12&amp;day=17&amp;year=1970"">Thu, Dec 17, 1970</a></th><td class=""left"" csk=""KEN.197012170FLO"" data-stat=""visitor_team_name""><a href=""/teams/KEN/1971.html"">Kentucky Colonels</a></td><td class=""right"" data-stat=""visitor_pts"">126</td><td class=""left"" csk=""FLO.197012170FLO"" data-stat=""home_team_name""><a href=""/teams/FLO/1971.html"">The Floridians</a></td><td class=""right"" data-stat=""home_pts"">123</td><td class=""center"" data-stat=""box_score_text""><a href=""/boxscores/197012170FLO.html"">Box Score</a></td><td class=""center iz"" data-stat=""overtimes""></td><td class=""right"" data-stat=""attendance"">5,709</td><td class=""left iz"" data-stat=""game_remarks""></td></tr>"
85,"<tr><th class=""left"" csk=""197012180VIR"" data-stat=""date_game"" scope=""row""><a href=""/boxscores/index.fcgi?month=12&amp;day=18&amp;year=1970"">Fri, Dec 18, 1970</a></th><td class=""left"" csk=""CAR.197012180VIR"" data-stat=""visitor_team_name""><a href=""/teams/CAR/1971.html"">Carolina Cougars</a></td><td class=""right"" data-stat=""visitor_pts"">111</td><td class=""left"" csk=""VIR.197012180VIR"" data-stat=""home_team_name""><a href=""/teams/VIR/1971.html"">Virginia Squires</a></td><td class=""right"" data-stat=""home_pts"">104</td><td class=""center"" data-stat=""box_score_text""><a href=""/boxscores/197012180VIR.html"">Box Score</a></td><td class=""center"" data-stat=""overtimes"">OT</td><td class=""right"" data-stat=""attendance"">4,372</td><td class=""left"" data-stat=""game_remarks"">at Richmond, VA</td></tr>"
87,"<tr><th class=""left"" csk=""197012180TEX"" data-stat=""date_game"" scope=""row""><a href=""/boxscores/index.fcgi?month=12&amp;day=18&amp;year=1970"">Fri, Dec 18, 1970</a></th><td class=""left"" csk=""UTS.197012180TEX"" data-stat=""visitor_team_name""><a href=""/teams/UTS/1971.html"">Utah Stars</a></td><td class=""right"" data-stat=""visitor_pts"">123</td><td class=""left"" csk=""TEX.197012180TEX"" data-stat=""home_team_name""><a href=""/teams/TEX/1971.html"">Texas Chaparrals</a></td><td class=""right"" data-stat=""home_pts"">104</td><td class=""center"" data-stat=""box_score_text""><a href=""/boxscores/197012180TEX.html"">Box Score</a></td><td class=""center iz"" data-stat=""overtimes""></td><td class=""right"" data-stat=""attendance"">1,895</td><td class=""left"" data-stat=""game_remarks"">at Lubbock, TX</td></tr>"
89,"<tr><th class=""left"" csk=""197012180PTC"" data-stat=""date_game"" scope=""row""><a href=""/boxscores/index.fcgi?month=12&amp;day=18&amp;year=1970"">Fri, Dec 18, 1970</a></th><td class=""left"" csk=""DNR.197012180PTC"" data-stat=""visitor_team_name""><a href=""/teams/DNR/1971.html"">Denver Rockets</a></td><td class=""right"" data-stat=""visitor_pts"">121</td><td class=""left"" csk=""PTC.197012180PTC"" data-stat=""home_team_name""><a href=""/teams/PTC/1971.html"">Pittsburgh Condors</a></td><td class=""right"" data-stat=""home_pts"">143</td><td class=""center"" data-stat=""box_score_text""><a href=""/boxscores/197012180PTC.html"">Box Score</a></td><td class=""center iz"" data-stat=""overtimes""></td><td class=""right"" data-stat=""attendance"">2,736</td><td class=""left iz"" data-stat=""game_remarks""></td></tr>"
91,"<tr><th class=""left"" csk=""197012180NYA"" data-stat=""date_game"" scope=""row""><a href=""/boxscores/index.fcgi?month=12&amp;day=18&amp;year=1970"">Fri, Dec 18, 1970</a></th><td class=""left"" csk=""INA.197012180NYA"" data-stat=""visitor_team_name""><a href=""/teams/INA/1971.html"">Indiana Pacers</a></td><td class=""right"" data-stat=""visitor_pts"">129</td><td class=""left"" csk=""NYA.197012180NYA"" data-stat=""home_team_name""><a href=""/teams/NYA/1971.html"">New York Nets</a></td><td class=""right"" data-stat=""home_pts"">117</td><td class=""center"" data-stat=""box_score_text""><a href=""/boxscores/197012180NYA.html"">Box Score</a></td><td class=""center iz"" data-stat=""overtimes""></td><td class=""right"" data-stat=""attendance"">4,483</td><td class=""left iz"" data-stat=""game_remarks""></td></tr>"
93,"<tr><th class=""left"" csk=""197012180KEN"" data-stat=""date_game"" scope=""row""><a href=""/boxscores/index.fcgi?month=12&amp;day=18&amp;year=1970"">Fri, Dec 18, 1970</a></th><td class=""left"" csk=""FLO.197012180KEN"" data-stat=""visitor_team_name""><a href=""/teams/FLO/1971.html"">The Floridians</a></td><td class=""right"" data-stat=""visitor_pts"">112</td><td class=""left"" csk=""KEN.197012180KEN"" data-stat=""home_team_name""><a href=""/teams/KEN/1971.html"">Kentucky Colonels</a></td><td class=""right"" data-stat=""home_pts"">115</td><td class=""center"" data-stat=""box_score_text""><a href=""/boxscores/197012180KEN.html"">Box Score</a></td><td class=""center iz"" data-stat=""overtimes""></td><td class=""right"" data-stat=""attendance"">4,451</td><td class=""left iz"" data-stat=""game_remarks""></td></tr>"
95,"<tr><th class=""left"" csk=""197012190CAR"" data-stat=""date_game"" scope=""row""><a href=""/boxscores/index.fcgi?month=12&amp;day=19&amp;year=1970"">Sat, Dec 19, 1970</a></th><td class=""left"" csk=""DNR.197012190CAR"" data-stat=""visitor_team_name""><a href=""/teams/DNR/1971.html"">Denver Rockets</a></td><td class=""right"" data-stat=""visitor_pts"">124</td><td class=""left"" csk=""CAR.197012190CAR"" data-stat=""home_team_name""><a href=""/teams/CAR/1971.html"">Carolina Cougars</a></td><td class=""right"" data-stat=""home_pts"">128</td><td class=""center"" data-stat=""box_score_text""><a href=""/boxscores/197012190CAR.html"">Box Score</a></td><td class=""center iz"" data-stat=""overtimes""></td><td class=""right"" data-stat=""attendance"">4,051</td><td class=""left"" data-stat=""game_remarks"">at Charlotte, NC</td></tr>"
97,"<tr><th class=""left"" csk=""197012190INA"" data-stat=""date_game"" scope=""row""><a href=""/boxscores/index.fcgi?month=12&amp;day=19&amp;year=1970"">Sat, Dec 19, 1970</a></th><td class=""left"" csk=""TEX.197012190INA"" data-stat=""visitor_team_name""><a href=""/teams/TEX/1971.html"">Texas Chaparrals</a></td><td class=""right"" data-stat=""visitor_pts"">131</td><td class=""left"" csk=""INA.197012190INA"" data-stat=""home_team_name""><a href=""/teams/INA/1971.html"">Indiana Pacers</a></td><td class=""right"" data-stat=""home_pts"">117</td><td class=""center"" data-stat=""box_score_text""><a href=""/boxscores/197012190INA.html"">Box Score</a></td><td class=""center iz"" data-stat=""overtimes""></td><td class=""right"" data-stat=""attendance"">8,055</td><td class=""left iz"" data-stat=""game_remarks""></td></tr>"
99,"<tr><th class=""left"" csk=""197012190MMP"" data-stat=""date_game"" scope=""row""><a href=""/boxscores/index.fcgi?month=12&amp;day=19&amp;year=1970"">Sat, Dec 19, 1970</a></th><td class=""left"" csk=""UTS.197012190MMP"" data-stat=""visitor_team_name""><a href=""/teams/UTS/1971.html"">Utah Stars</a></td><td class=""right"" data-stat=""visitor_pts"">117</td><td class=""left"" csk=""MMP.197012190MMP"" data-stat=""home_team_name""><a href=""/teams/MMP/1971.html"">Memphis Pros</a></td><td class=""right"" data-stat=""home_pts"">102</td><td class=""center"" data-stat=""box_score_text""><a href=""/boxscores/197012190MMP.html"">Box Score</a></td><td class=""center iz"" data-stat=""overtimes""></td><td class=""right"" data-stat=""attendance"">1,763</td><td class=""left"" data-stat=""game_remarks"">at Jackson, TN</td></tr>"
101,"<tr><th class=""left"" csk=""197012190VIR"" data-stat=""date_game"" scope=""row""><a href=""/boxscores/index.fcgi?month=12&amp;day=19&amp;year=1970"">Sat, Dec 19, 1970</a></th><td class=""left"" csk=""KEN.197012190VIR"" data-stat=""visitor_team_name""><a href=""/teams/KEN/1971.html"">Kentucky Colonels</a></td><td class=""right"" data-stat=""visitor_pts"">104</td><td class=""left"" csk=""VIR.197012190VIR"" data-stat=""home_team_name""><a href=""/teams/VIR/1971.html"">Virginia Squires</a></td><td class=""right"" data-stat=""home_pts"">113</td><td class=""center"" data-stat=""box_score_text""><a href=""/boxscores/197012190VIR.html"">Box Score</a></td><td class=""center iz"" data-stat=""overtimes""></td><td class=""right"" data-stat=""attendance"">6,412</td><td class=""left"" data-stat=""game_remarks"">at Hampton, VA</td></tr>"
103,"<tr><th class=""left"" csk=""197012200UTS"" data-stat=""date_game"" scope=""row""><a href=""/boxscores/index.fcgi?month=12&amp;day=20&amp;year=1970"">Sun, Dec 20, 1970</a></th><td class=""left"" csk=""CAR.197012200UTS"" data-stat=""visitor_team_name""><a href=""/teams/CAR/1971.html"">Carolina Cougars</a></td><td class=""right"" data-stat=""visitor_pts"">108</td><td class=""left"" csk=""UTS.197012200UTS"" data-stat=""home_team_name""><a href=""/teams/UTS/1971.html"">Utah Stars</a></td><td class=""right"" data-stat=""home_pts"">129</td><td class=""center"" data-stat=""box_score_text""><a href=""/boxscores/197012200UTS.html"">Box Score</a></td><td class=""center iz"" data-stat=""overtimes""></td><td class=""right"" data-stat=""attendance"">3,461</td><td class=""left iz"" data-stat=""game_remarks""></td></tr>"
105,"<tr><th class=""left"" csk=""197012200NYA"" data-stat=""date_game"" scope=""row""><a href=""/boxscores/index.fcgi?month=12&amp;day=20&amp;year=1970"">Sun, Dec 20, 1970</a></th><td class=""left"" csk=""TEX.197012200NYA"" data-stat=""visitor_team_name""><a href=""/teams/TEX/1971.html"">Texas Chaparrals</a></td><td class=""right"" data-stat=""visitor_pts"">118</td><td class=""left"" csk=""NYA.197012200NYA"" data-stat=""home_team_name""><a href=""/teams/NYA/1971.html"">New York Nets</a></td><td class=""right"" data-stat=""home_pts"">106</td><td class=""center"" data-stat=""box_score_text""><a href=""/boxscores/197012200NYA.html"">Box Score</a></td><td class=""center iz"" data-stat=""overtimes""></td><td class=""right"" data-stat=""attendance"">3,262</td><td class=""left iz"" data-stat=""game_remarks""></td></tr>"
107,"<tr><th class=""left"" csk=""197012210FLO"" data-stat=""date_game"" scope=""row""><a href=""/boxscores/index.fcgi?month=12&amp;day=21&amp;year=1970"">Mon, Dec 21, 1970</a></th><td class=""left"" csk=""KEN.197012210FLO"" data-stat=""visitor_team_name""><a href=""/teams/KEN/1971.html"">Kentucky Colonels</a></td><td class=""right"" data-stat=""visitor_pts"">119</td><td class=""left"" csk=""FLO.197012210FLO"" data-stat=""home_team_name""><a href=""/teams/FLO/1971.html"">The Floridians</a></td><td class=""right"" data-stat=""home_pts"">125</td><td class=""center"" data-stat=""box_score_text""><a href=""/boxscores/197012210FLO.html"">Box Score</a></td><td class=""center iz"" data-stat=""overtimes""></td><td class=""right"" data-stat=""attendance"">7,991</td><td class=""left"" data-stat=""game_remarks"">at Indianapolis, IN</td></tr>"
109,"<tr><th class=""left"" csk=""197012210INA"" data-stat=""date_game"" scope=""row""><a href=""/boxscores/index.fcgi?month=12&amp;day=21&amp;year=1970"">Mon, Dec 21, 1970</a></th><td class=""left"" csk=""PTC.197012210INA"" data-stat=""visitor_team_name""><a href=""/teams/PTC/1971.html"">Pittsburgh Condors</a></td><td class=""right"" data-stat=""visitor_pts"">115</td><td class=""left"" csk=""INA.197012210INA"" data-stat=""home_team_name""><a href=""/teams/INA/1971.html"">Indiana Pacers</a></td><td class=""right"" data-stat=""home_pts"">144</td><td class=""center"" data-stat=""box_score_text""><a href=""/boxscores/197012210INA.html"">Box Score</a></td><td class=""center iz"" data-stat=""overtimes""></td><td class=""right"" data-stat=""attendance"">7,991</td><td class=""left iz"" data-stat=""game_remarks""></td></tr>"
111,"<tr><th class=""left"" csk=""197012220TEX"" data-stat=""date_game"" scope=""row""><a href=""/boxscores/index.fcgi?month=12&amp;day=22&amp;year=1970"">Tue, Dec 22, 1970</a></th><td class=""left"" csk=""CAR.197012220TEX"" data-stat=""visitor_team_name""><a href=""/teams/CAR/1971.html"">Carolina Cougars</a></td><td class=""right"" data-stat=""visitor_pts"">132</td><td class=""left"" csk=""TEX.197012220TEX"" data-stat=""home_team_name""><a href=""/teams/TEX/1971.html"">Texas Chaparrals</a></td><td class=""right"" data-stat=""home_pts"">160</td><td class=""center"" data-stat=""box_score_text""><a href=""/boxscores/197012220TEX.html"">Box Score</a></td><td class=""center iz"" data-stat=""overtimes""></td><td class=""right"" data-stat=""attendance"">3,532</td><td class=""left"" data-stat=""game_remarks"">at Dallas, TX</td></tr>"
113,"<tr><th class=""left"" csk=""197012220MMP"" data-stat=""date_game"" scope=""row""><a href=""/boxscores/index.fcgi?month=12&amp;day=22&amp;year=1970"">Tue, Dec 22, 1970</a></th><td class=""left"" csk=""DNR.197012220MMP"" data-stat=""visitor_team_name""><a href=""/teams/DNR/1971.html"">Denver Rockets</a></td><td class=""right"" data-stat=""visitor_pts"">104</td><td class=""left"" csk=""MMP.197012220MMP"" data-stat=""home_team_name""><a href=""/teams/MMP/1971.html"">Memphis Pros</a></td><td class=""right"" data-stat=""home_pts"">102</td><td class=""center"" data-stat=""box_score_text""><a href=""/boxscores/197012220MMP.html"">Box Score</a></td><td class=""center iz"" data-stat=""overtimes""></td><td class=""right"" data-stat=""attendance"">2,621</td><td class=""left iz"" data-stat=""game_remarks""></td></tr>"
115,"<tr><th class=""left"" csk=""197012220KEN"" data-stat=""date_game"" scope=""row""><a href=""/boxscores/index.fcgi?month=12&amp;day=22&amp;year=1970"">Tue, Dec 22, 1970</a></th><td class=""left"" csk=""PTC.197012220KEN"" data-stat=""visitor_team_name""><a href=""/teams/PTC/1971.html"">Pittsburgh Condors</a></td><td class=""right"" data-stat=""visitor_pts"">100</td><td class=""left"" csk=""KEN.197012220KEN"" data-stat=""home_team_name""><a href=""/teams/KEN/1971.html"">Kentucky Colonels</a></td><td class=""right"" data-stat=""home_pts"">116</td><td class=""center"" data-stat=""box_score_text""><a href=""/boxscores/197012220KEN.html"">Box Score</a></td><td class=""center iz"" data-stat=""overtimes""></td><td class=""right"" data-stat=""attendance"">8,000</td><td class=""left iz"" data-stat=""game_remarks""></td></tr>"
117,"<tr><th class=""left"" csk=""197012220FLO"" data-stat=""date_game"" scope=""row""><a href=""/boxscores/index.fcgi?month=12&amp;day=22&amp;year=1970"">Tue, Dec 22, 1970</a></th><td class=""left"" csk=""INA.197012220FLO"" data-stat=""visitor_team_name""><a href=""/teams/INA/1971.html"">Indiana Pacers</a></td><td class=""right"" data-stat=""visitor_pts"">131</td><td class=""left"" csk=""FLO.197012220FLO"" data-stat=""home_team_name""><a href=""/teams/FLO/1971.html"">The Floridians</a></td><td class=""right"" data-stat=""home_pts"">123</td><td class=""center"" data-stat=""box_score_text""><a href=""/boxscores/197012220FLO.html"">Box Score</a></td><td class=""center iz"" data-stat=""overtimes""></td><td class=""right"" data-stat=""attendance"">8,000</td><td class=""left"" data-stat=""game_remarks"">at Louisville, KY</td></tr>"
119,"<tr><th class=""left"" csk=""197012230UTS"" data-stat=""date_game"" scope=""row""><a href=""/boxscores/index.fcgi?month=12&amp;day=23&amp;year=1970"">Wed, Dec 23, 1970</a></th><td class=""left"" csk=""MMP.197012230UTS"" data-stat=""visitor_team_name""><a href=""/teams/MMP/1971.html"">Memphis Pros</a></td><td class=""right"" data-stat=""visitor_pts"">105</td><td class=""left"" csk=""UTS.197012230UTS"" data-stat=""home_team_name""><a href=""/teams/UTS/1971.html"">Utah Stars</a></td><td class=""right"" data-stat=""home_pts"">104</td><td class=""center"" data-stat=""box_score_text""><a href=""/boxscores/197012230UTS.html"">Box Score</a></td><td class=""center iz"" data-stat=""overtimes""></td><td class=""right"" data-stat=""attendance"">4,868</td><td class=""left iz"" data-stat=""game_remarks""></td></tr>"
121,"<tr><th class=""left"" csk=""197012230NYA"" data-stat=""date_game"" scope=""row""><a href=""/boxscores/index.fcgi?month=12&amp;day=23&amp;year=1970"">Wed, Dec 23, 1970</a></th><td class=""left"" csk=""PTC.197012230NYA"" data-stat=""visitor_team_name""><a href=""/teams/PTC/1971.html"">Pittsburgh Condors</a></td><td class=""right"" data-stat=""visitor_pts"">95</td><td class=""left"" csk=""NYA.197012230NYA"" data-stat=""home_team_name""><a href=""/teams/NYA/1971.html"">New York Nets</a></td><td class=""right"" data-stat=""home_pts"">116</td><td class=""center"" data-stat=""box_score_text""><a href=""/boxscores/197012230NYA.html"">Box Score</a></td><td class=""center iz"" data-stat=""overtimes""></td><td class=""right"" data-stat=""attendance"">2,228</td><td class=""left iz"" data-stat=""game_remarks""></td></tr>"
123,"<tr><th class=""left"" csk=""197012230INA"" data-stat=""date_game"" scope=""row""><a href=""/boxscores/index.fcgi?month=12&amp;day=23&amp;year=1970"">Wed, Dec 23, 1970</a></th><td class=""left"" csk=""VIR.197012230INA"" data-stat=""visitor_team_name""><a href=""/teams/VIR/1971.html"">Virginia Squires</a></td><td class=""right"" data-stat=""visitor_pts"">146</td><td class=""left"" csk=""INA.197012230INA"" data-stat=""home_team_name""><a href=""/teams/INA/1971.html"">Indiana Pacers</a></td><td class=""right"" data-stat=""home_pts"">128</td><td class=""center"" data-stat=""box_score_text""><a href=""/boxscores/197012230INA.html"">Box Score</a></td><td class=""center iz"" data-stat=""overtimes""></td><td class=""right"" data-stat=""attendance"">7,949</td><td class=""left iz"" data-stat=""game_remarks""></td></tr>"
125,"<tr><th class=""left"" csk=""197012230DNR"" data-stat=""date_game"" scope=""row""><a href=""/boxscores/index.fcgi?month=12&amp;day=23&amp;year=1970"">Wed, Dec 23, 1970</a></th><td class=""left"" csk=""FLO.197012230DNR"" data-stat=""visitor_team_name""><a href=""/teams/FLO/1971.html"">The Floridians</a></td><td class=""right"" data-stat=""visitor_pts"">102</td><td class=""left"" csk=""DNR.197012230DNR"" data-stat=""home_team_name""><a href=""/teams/DNR/1971.html"">Denver Rockets</a></td><td class=""right"" data-stat=""home_pts"">109</td><td class=""center"" data-stat=""box_score_text""><a href=""/boxscores/197012230DNR.html"">Box Score</a></td><td class=""center iz"" data-stat=""overtimes""></td><td class=""right"" data-stat=""attendance"">4,233</td><td class=""left iz"" data-stat=""game_remarks""></td></tr>"
127,"<tr><th class=""left"" csk=""197012250MMP"" data-stat=""date_game"" scope=""row""><a href=""/boxscores/index.fcgi?month=12&amp;day=25&amp;year=1970"">Fri, Dec 25, 1970</a></th><td class=""left"" csk=""UTS.197012250MMP"" data-stat=""visitor_team_name""><a href=""/teams/UTS/1971.html"">Utah Stars</a></td><td class=""right"" data-stat=""visitor_pts"">102</td><td class=""left"" csk=""MMP.197012250MMP"" data-stat=""home_team_name""><a href=""/teams/MMP/1971.html"">Memphis Pros</a></td><td class=""right"" data-stat=""home_pts"">107</td><td class=""center"" data-stat=""box_score_text""><a href=""/boxscores/197012250MMP.html"">Box Score</a></td><td class=""center iz"" data-stat=""overtimes""></td><td class=""right"" data-stat=""attendance"">3,150</td><td class=""left iz"" data-stat=""game_remarks""></td></tr>"
129,"<tr><th class=""left"" csk=""197012250PTC"" data-stat=""date_game"" scope=""row""><a href=""/boxscores/index.fcgi?month=12&amp;day=25&amp;year=1970"">Fri, Dec 25, 1970</a></th><td class=""left"" csk=""CAR.197012250PTC"" data-stat=""visitor_team_name""><a href=""/teams/CAR/1971.html"">Carolina Cougars</a></td><td class=""right"" data-stat=""visitor_pts"">121</td><td class=""left"" csk=""PTC.197012250PTC"" data-stat=""home_team_name""><a href=""/teams/PTC/1971.html"">Pittsburgh Condors</a></td><td class=""right"" data-stat=""home_pts"">136</td><td class=""center"" data-stat=""box_score_text""><a href=""/boxscores/197012250PTC.html"">Box Score</a></td><td class=""center iz"" data-stat=""overtimes""></td><td class=""right"" data-stat=""attendance"">1,720</td><td class=""left iz"" data-stat=""game_remarks""></td></tr>"
131,"<tr><th class=""left"" csk=""197012250VIR"" data-stat=""date_game"" scope=""row""><a href=""/boxscores/index.fcgi?month=12&amp;day=25&amp;year=1970"">Fri, Dec 25, 1970</a></th><td class=""left"" csk=""TEX.197012250VIR"" data-stat=""visitor_team_name""><a href=""/teams/TEX/1971.html"">Texas Chaparrals</a></td><td class=""right"" data-stat=""visitor_pts"">131</td><td class=""left"" csk=""VIR.197012250VIR"" data-stat=""home_team_name""><a href=""/teams/VIR/1971.html"">Virginia Squires</a></td><td class=""right"" data-stat=""home_pts"">145</td><td class=""center"" data-stat=""box_score_text""><a href=""/boxscores/197012250VIR.html"">Box Score</a></td><td class=""center iz"" data-stat=""overtimes""></td><td class=""right"" data-stat=""attendance"">9,331</td><td class=""left"" data-stat=""game_remarks"">at Hampton, VA</td></tr>"
133,"<tr><th class=""left"" csk=""197012260KEN"" data-stat=""date_game"" scope=""row""><a href=""/boxscores/index.fcgi?month=12&amp;day=26&amp;year=1970"">Sat, Dec 26, 1970</a></th><td class=""left"" csk=""TEX.197012260KEN"" data-stat=""visitor_team_name""><a href=""/teams/TEX/1971.html"">Texas Chaparrals</a></td><td class=""right"" data-stat=""visitor_pts"">122</td><td class=""left"" csk=""KEN.197012260KEN"" data-stat=""home_team_name""><a href=""/teams/KEN/1971.html"">Kentucky Colonels</a></td><td class=""right"" data-stat=""home_pts"">126</td><td class=""center"" data-stat=""box_score_text""><a href=""/boxscores/197012260KEN.html"">Box Score</a></td><td class=""center iz"" data-stat=""overtimes""></td><td class=""right"" data-stat=""attendance"">9,000</td><td class=""left iz"" data-stat=""game_remarks""></td></tr>"
135,"<tr><th class=""left"" csk=""197012260FLO"" data-stat=""date_game"" scope=""row""><a href=""/boxscores/index.fcgi?month=12&amp;day=26&amp;year=1970"">Sat, Dec 26, 1970</a></th><td class=""left"" csk=""INA.197012260FLO"" data-stat=""visitor_team_name""><a href=""/teams/INA/1971.html"">Indiana Pacers</a></td><td class=""right"" data-stat=""visitor_pts"">115</td><td class=""left"" csk=""FLO.197012260FLO"" data-stat=""home_team_name""><a href=""/teams/FLO/1971.html"">The Floridians</a></td><td class=""right"" data-stat=""home_pts"">92</td><td class=""center"" data-stat=""box_score_text""><a href=""/boxscores/197012260FLO.html"">Box Score</a></td><td class=""center iz"" data-stat=""overtimes""></td><td class=""right"" data-stat=""attendance"">5,017</td><td class=""left iz"" data-stat=""game_remarks""></td></tr>"
137,"<tr><th class=""left"" csk=""197012260DNR"" data-stat=""date_game"" scope=""row""><a href=""/boxscores/index.fcgi?month=12&amp;day=26&amp;year=1970"">Sat, Dec 26, 1970</a></th><td class=""left"" csk=""VIR.197012260DNR"" data-stat=""visitor_team_name""><a href=""/teams/VIR/1971.html"">Virginia Squires</a></td><td class=""right"" data-stat=""visitor_pts"">122</td><td class=""left"" csk=""DNR.197012260DNR"" data-stat=""home_team_name""><a href=""/teams/DNR/1971.html"">Denver Rockets</a></td><td class=""right"" data-stat=""home_pts"">120</td><td class=""center"" data-stat=""box_score_text""><a href=""/boxscores/197012260DNR.html"">Box Score</a></td><td class=""center iz"" data-stat=""overtimes""></td><td class=""right"" data-stat=""attendance"">5,003</td><td class=""left iz"" data-stat=""game_remarks""></td></tr>"
139,"<tr><th class=""left"" csk=""197012260CAR"" data-stat=""date_game"" scope=""row""><a href=""/boxscores/index.fcgi?month=12&amp;day=26&amp;year=1970"">Sat, Dec 26, 1970</a></th><td class=""left"" csk=""NYA.197012260CAR"" data-stat=""visitor_team_name""><a href=""/teams/NYA/1971.html"">New York Nets</a></td><td class=""right"" data-stat=""visitor_pts"">104</td><td class=""left"" csk=""CAR.197012260CAR"" data-stat=""home_team_name""><a href=""/teams/CAR/1971.html"">Carolina Cougars</a></td><td class=""right"" data-stat=""home_pts"">98</td><td class=""center"" data-stat=""box_score_text""><a href=""/boxscores/197012260CAR.html"">Box Score</a></td><td class=""center iz"" data-stat=""overtimes""></td><td class=""right"" data-stat=""attendance"">5,395</td><td class=""left"" data-stat=""game_remarks"">at Raleigh, NC</td></tr>"
141,"<tr><th class=""left"" csk=""197012270UTS"" data-stat=""date_game"" scope=""row""><a href=""/boxscores/index.fcgi?month=12&amp;day=27&amp;year=1970"">Sun, Dec 27, 1970</a></th><td class=""left"" csk=""VIR.197012270UTS"" data-stat=""visitor_team_name""><a href=""/teams/VIR/1971.html"">Virginia Squires</a></td><td class=""right"" data-stat=""visitor_pts"">119</td><td class=""left"" csk=""UTS.197012270UTS"" data-stat=""home_team_name""><a href=""/teams/UTS/1971.html"">Utah Stars</a></td><td class=""right"" data-stat=""home_pts"">135</td><td class=""center"" data-stat=""box_score_text""><a href=""/boxscores/197012270UTS.html"">Box Score</a></td><td class=""center iz"" data-stat=""overtimes""></td><td class=""right"" data-stat=""attendance"">6,123</td><td class=""left iz"" data-stat=""game_remarks""></td></tr>"
143,"<tr><th class=""left"" csk=""197012270PTC"" data-stat=""date_game"" scope=""row""><a href=""/boxscores/index.fcgi?month=12&amp;day=27&amp;year=1970"">Sun, Dec 27, 1970</a></th><td class=""left"" csk=""TEX.197012270PTC"" data-stat=""visitor_team_name""><a href=""/teams/TEX/1971.html"">Texas Chaparrals</a></td><td class=""right"" data-stat=""visitor_pts"">124</td><td class=""left"" csk=""PTC.197012270PTC"" data-stat=""home_team_name""><a href=""/teams/PTC/1971.html"">Pittsburgh Condors</a></td><td class=""right"" data-stat=""home_pts"">116</td><td class=""center"" data-stat=""box_score_text""><a href=""/boxscores/197012270PTC.html"">Box Score</a></td><td class=""center iz"" data-stat=""overtimes""></td><td class=""right"" data-stat=""attendance"">1,707</td><td class=""left iz"" data-stat=""game_remarks""></td></tr>"
145,"<tr><th class=""left"" csk=""197012270NYA"" data-stat=""date_game"" scope=""row""><a href=""/boxscores/index.fcgi?month=12&amp;day=27&amp;year=1970"">Sun, Dec 27, 1970</a></th><td class=""left"" csk=""KEN.197012270NYA"" data-stat=""visitor_team_name""><a href=""/teams/KEN/1971.html"">Kentucky Colonels</a></td><td class=""right"" data-stat=""visitor_pts"">108</td><td class=""left"" csk=""NYA.197012270NYA"" data-stat=""home_team_name""><a href=""/teams/NYA/1971.html"">New York Nets</a></td><td class=""right"" data-stat=""home_pts"">114</td><td class=""center"" data-stat=""box_score_text""><a href=""/boxscores/197012270NYA.html"">Box Score</a></td><td class=""center iz"" data-stat=""overtimes""></td><td class=""right"" data-stat=""attendance"">4,874</td><td class=""left iz"" data-stat=""game_remarks""></td></tr>"
147,"<tr><th class=""left"" csk=""197012270INA"" data-stat=""date_game"" scope=""row""><a href=""/boxscores/index.fcgi?month=12&amp;day=27&amp;year=1970"">Sun, Dec 27, 1970</a></th><td class=""left"" csk=""MMP.197012270INA"" data-stat=""visitor_team_name""><a href=""/teams/MMP/1971.html"">Memphis Pros</a></td><td class=""right"" data-stat=""visitor_pts"">109</td><td class=""left"" csk=""INA.197012270INA"" data-stat=""home_team_name""><a href=""/teams/INA/1971.html"">Indiana Pacers</a></td><td class=""right"" data-stat=""home_pts"">106</td><td class=""center"" data-stat=""box_score_text""><a href=""/boxscores/197012270INA.html"">Box Score</a></td><td class=""center iz"" data-stat=""overtimes""></td><td class=""right"" data-stat=""attendance"">465</td><td class=""left"" data-stat=""game_remarks"">at Jackson, MS</td></tr>"
149,"<tr><th class=""left"" csk=""197012270CAR"" data-stat=""date_game"" scope=""row""><a href=""/boxscores/index.fcgi?month=12&amp;day=27&amp;year=1970"">Sun, Dec 27, 1970</a></th><td class=""left"" csk=""FLO.197012270CAR"" data-stat=""visitor_team_name""><a href=""/teams/FLO/1971.html"">The Floridians</a></td><td class=""right"" data-stat=""visitor_pts"">114</td><td class=""left"" csk=""CAR.197012270CAR"" data-stat=""home_team_name""><a href=""/teams/CAR/1971.html"">Carolina Cougars</a></td><td class=""right"" data-stat=""home_pts"">122</td><td class=""center"" data-stat=""box_score_text""><a href=""/boxscores/197012270CAR.html"">Box Score</a></td><td class=""center iz"" data-stat=""overtimes""></td><td class=""right"" data-stat=""attendance"">5,822</td><td class=""left"" data-stat=""game_remarks"">at Greensboro, NC</td></tr>"
151,"<tr><th class=""left"" csk=""197012280FLO"" data-stat=""date_game"" scope=""row""><a href=""/boxscores/index.fcgi?month=12&amp;day=28&amp;year=1970"">Mon, Dec 28, 1970</a></th><td class=""left"" csk=""PTC.197012280FLO"" data-stat=""visitor_team_name""><a href=""/teams/PTC/1971.html"">Pittsburgh Condors</a></td><td class=""right"" data-stat=""visitor_pts"">109</td><td class=""left"" csk=""FLO.197012280FLO"" data-stat=""home_team_name""><a href=""/teams/FLO/1971.html"">The Floridians</a></td><td class=""right"" data-stat=""home_pts"">107</td><td class=""center"" data-stat=""box_score_text""><a href=""/boxscores/197012280FLO.html"">Box Score</a></td><td class=""center iz"" data-stat=""overtimes""></td><td class=""right"" data-stat=""attendance"">4,521</td><td class=""left iz"" data-stat=""game_remarks""></td></tr>"
153,"<tr><th class=""left"" csk=""197012280KEN"" data-stat=""date_game"" scope=""row""><a href=""/boxscores/index.fcgi?month=12&amp;day=28&amp;year=1970"">Mon, Dec 28, 1970</a></th><td class=""left"" csk=""MMP.197012280KEN"" data-stat=""visitor_team_name""><a href=""/teams/MMP/1971.html"">Memphis Pros</a></td><td class=""right"" data-stat=""visitor_pts"">110</td><td class=""left"" csk=""KEN.197012280KEN"" data-stat=""home_team_name""><a href=""/teams/KEN/1971.html"">Kentucky Colonels</a></td><td class=""right"" data-stat=""home_pts"">106</td><td class=""center"" data-stat=""box_score_text""><a href=""/boxscores/197012280KEN.html"">Box Score</a></td><td class=""center iz"" data-stat=""overtimes""></td><td class=""right"" data-stat=""attendance"">4,461</td><td class=""left iz"" data-stat=""game_remarks""></td></tr>"
155,"<tr><th class=""left"" csk=""197012290UTS"" data-stat=""date_game"" scope=""row""><a href=""/boxscores/index.fcgi?month=12&amp;day=29&amp;year=1970"">Tue, Dec 29, 1970</a></th><td class=""left"" csk=""CAR.197012290UTS"" data-stat=""visitor_team_name""><a href=""/teams/CAR/1971.html"">Carolina Cougars</a></td><td class=""right"" data-stat=""visitor_pts"">113</td><td class=""left"" csk=""UTS.197012290UTS"" data-stat=""home_team_name""><a href=""/teams/UTS/1971.html"">Utah Stars</a></td><td class=""right"" data-stat=""home_pts"">110</td><td class=""center"" data-stat=""box_score_text""><a href=""/boxscores/197012290UTS.html"">Box Score</a></td><td class=""center iz"" data-stat=""overtimes""></td><td class=""right"" data-stat=""attendance"">7,181</td><td class=""left iz"" data-stat=""game_remarks""></td></tr>"
157,"<tr><th class=""left"" csk=""197012290TEX"" data-stat=""date_game"" scope=""row""><a href=""/boxscores/index.fcgi?month=12&amp;day=29&amp;year=1970"">Tue, Dec 29, 1970</a></th><td class=""left"" csk=""VIR.197012290TEX"" data-stat=""visitor_team_name""><a href=""/teams/VIR/1971.html"">Virginia Squires</a></td><td class=""right"" data-stat=""visitor_pts"">143</td><td class=""left"" csk=""TEX.197012290TEX"" data-stat=""home_team_name""><a href=""/teams/TEX/1971.html"">Texas Chaparrals</a></td><td class=""right"" data-stat=""home_pts"">120</td><td class=""center"" data-stat=""box_score_text""><a href=""/boxscores/197012290TEX.html"">Box Score</a></td><td class=""center iz"" data-stat=""overtimes""></td><td class=""right"" data-stat=""attendance"">6,157</td><td class=""left"" data-stat=""game_remarks"">at Fort Worth, TX</td></tr>"
159,"<tr><th class=""left"" csk=""197012290MMP"" data-stat=""date_game"" scope=""row""><a href=""/boxscores/index.fcgi?month=12&amp;day=29&amp;year=1970"">Tue, Dec 29, 1970</a></th><td class=""left"" csk=""PTC.197012290MMP"" data-stat=""visitor_team_name""><a href=""/teams/PTC/1971.html"">Pittsburgh Condors</a></td><td class=""right"" data-stat=""visitor_pts"">101</td><td class=""left"" csk=""MMP.197012290MMP"" data-stat=""home_team_name""><a href=""/teams/MMP/1971.html"">Memphis Pros</a></td><td class=""right"" data-stat=""home_pts"">109</td><td class=""center"" data-stat=""box_score_text""><a href=""/boxscores/197012290MMP.html"">Box Score</a></td><td class=""center iz"" data-stat=""overtimes""></td><td class=""right"" data-stat=""attendance"">4,198</td><td class=""left iz"" data-stat=""game_remarks""></td></tr>"
161,"<tr><th class=""left"" csk=""197012290FLO"" data-stat=""date_game"" scope=""row""><a href=""/boxscores/index.fcgi?month=12&amp;day=29&amp;year=1970"">Tue, Dec 29, 1970</a></th><td class=""left"" csk=""NYA.197012290FLO"" data-stat=""visitor_team_name""><a href=""/teams/NYA/1971.html"">New York Nets</a></td><td class=""right"" data-stat=""visitor_pts"">90</td><td class=""left"" csk=""FLO.197012290FLO"" data-stat=""home_team_name""><a href=""/teams/FLO/1971.html"">The Floridians</a></td><td class=""right"" data-stat=""home_pts"">91</td><td class=""center"" data-stat=""box_score_text""><a href=""/boxscores/197012290FLO.html"">Box Score</a></td><td class=""center iz"" data-stat=""overtimes""></td><td class=""right"" data-stat=""attendance"">5,685</td><td class=""left iz"" data-stat=""game_remarks""></td></tr>"
163,"<tr><th class=""left"" csk=""197012290DNR"" data-stat=""date_game"" scope=""row""><a href=""/boxscores/index.fcgi?month=12&amp;day=29&amp;year=1970"">Tue, Dec 29, 1970</a></th><td class=""left"" csk=""INA.197012290DNR"" data-stat=""visitor_team_name""><a href=""/teams/INA/1971.html"">Indiana Pacers</a></td><td class=""right"" data-stat=""visitor_pts"">106</td><td class=""left"" csk=""DNR.197012290DNR"" data-stat=""home_team_name""><a href=""/teams/DNR/1971.html"">Denver Rockets</a></td><td class=""right"" data-stat=""home_pts"">116</td><td class=""center"" data-stat=""box_score_text""><a href=""/boxscores/197012290DNR.html"">Box Score</a></td><td class=""center iz"" data-stat=""overtimes""></td><td class=""right"" data-stat=""attendance"">4,864</td><td class=""left iz"" data-stat=""game_remarks""></td></tr>"
165,"<tr><th class=""left"" csk=""197012300DNR"" data-stat=""date_game"" scope=""row""><a href=""/boxscores/index.fcgi?month=12&amp;day=30&amp;year=1970"">Wed, Dec 30, 1970</a></th><td class=""left"" csk=""CAR.197012300DNR"" data-stat=""visitor_team_name""><a href=""/teams/CAR/1971.html"">Carolina Cougars</a></td><td class=""right"" data-stat=""visitor_pts"">136</td><td class=""left"" csk=""DNR.197012300DNR"" data-stat=""home_team_name""><a href=""/teams/DNR/1971.html"">Denver Rockets</a></td><td class=""right"" data-stat=""home_pts"">132</td><td class=""center"" data-stat=""box_score_text""><a href=""/boxscores/197012300DNR.html"">Box Score</a></td><td class=""center iz"" data-stat=""overtimes""></td><td class=""right"" data-stat=""attendance"">6,497</td><td class=""left iz"" data-stat=""game_remarks""></td></tr>"
167,"<tr><th class=""left"" csk=""197012300KEN"" data-stat=""date_game"" scope=""row""><a href=""/boxscores/index.fcgi?month=12&amp;day=30&amp;year=1970"">Wed, Dec 30, 1970</a></th><td class=""left"" csk=""PTC.197012300KEN"" data-stat=""visitor_team_name""><a href=""/teams/PTC/1971.html"">Pittsburgh Condors</a></td><td class=""right"" data-stat=""visitor_pts"">125</td><td class=""left"" csk=""KEN.197012300KEN"" data-stat=""home_team_name""><a href=""/teams/KEN/1971.html"">Kentucky Colonels</a></td><td class=""right"" data-stat=""home_pts"">118</td><td class=""center"" data-stat=""box_score_text""><a href=""/boxscores/197012300KEN.html"">Box Score</a></td><td class=""center iz"" data-stat=""overtimes""></td><td class=""right"" data-stat=""attendance"">11,229</td><td class=""left iz"" data-stat=""game_remarks""></td></tr>"
169,"<tr><th class=""left"" csk=""197012300MMP"" data-stat=""date_game"" scope=""row""><a href=""/boxscores/index.fcgi?month=12&amp;day=30&amp;year=1970"">Wed, Dec 30, 1970</a></th><td class=""left"" csk=""TEX.197012300MMP"" data-stat=""visitor_team_name""><a href=""/teams/TEX/1971.html"">Texas Chaparrals</a></td><td class=""right"" data-stat=""visitor_pts"">113</td><td class=""left"" csk=""MMP.197012300MMP"" data-stat=""home_team_name""><a href=""/teams/MMP/1971.html"">Memphis Pros</a></td><td class=""right"" data-stat=""home_pts"">104</td><td class=""center"" data-stat=""box_score_text""><a href=""/boxscores/197012300MMP.html"">Box Score</a></td><td class=""center iz"" data-stat=""overtimes""></td><td class=""right"" data-stat=""attendance"">583</td><td class=""left"" data-stat=""game_remarks"">at Jackson, MS</td></tr>"
171,"<tr><th class=""left"" csk=""197012300NYA"" data-stat=""date_game"" scope=""row""><a href=""/boxscores/index.fcgi?month=12&amp;day=30&amp;year=1970"">Wed, Dec 30, 1970</a></th><td class=""left"" csk=""VIR.197012300NYA"" data-stat=""visitor_team_name""><a href=""/teams/VIR/1971.html"">Virginia Squires</a></td><td class=""right"" data-stat=""visitor_pts"">124</td><td class=""left"" csk=""NYA.197012300NYA"" data-stat=""home_team_name""><a href=""/teams/NYA/1971.html"">New York Nets</a></td><td class=""right"" data-stat=""home_pts"">123</td><td class=""center"" data-stat=""box_score_text""><a href=""/boxscores/197012300NYA.html"">Box Score</a></td><td class=""center iz"" data-stat=""overtimes""></td><td class=""right"" data-stat=""attendance"">5,583</td><td class=""left iz"" data-stat=""game_remarks""></td></tr>"
173,"<tr><th class=""left"" csk=""197012310CAR"" data-stat=""date_game"" scope=""row""><a href=""/boxscores/index.fcgi?month=12&amp;day=31&amp;year=1970"">Thu, Dec 31, 1970</a></th><td class=""left"" csk=""VIR.197012310CAR"" data-stat=""visitor_team_name""><a href=""/teams/VIR/1971.html"">Virginia Squires</a></td><td class=""right"" data-stat=""visitor_pts"">127</td><td class=""left"" csk=""CAR.197012310CAR"" data-stat=""home_team_name""><a href=""/teams/CAR/1971.html"">Carolina Cougars</a></td><td class=""right"" data-stat=""home_pts"">117</td><td class=""center"" data-stat=""box_score_text""><a href=""/boxscores/197012310CAR.html"">Box Score</a></td><td class=""center iz"" data-stat=""overtimes""></td><td class=""right"" data-stat=""attendance"">3,952</td><td class=""left"" data-stat=""game_remarks"">at Raleigh, NC</td></tr>"
