,0
1,"<tr><th class=""left"" csk=""197104010TEX"" data-stat=""date_game"" scope=""row""><a href=""/boxscores/index.fcgi?month=4&amp;day=1&amp;year=1971"">Thu, Apr 1, 1971</a></th><td class=""left"" csk=""DNR.197104010TEX"" data-stat=""visitor_team_name""><a href=""/teams/DNR/1971.html"">Denver Rockets</a></td><td class=""right"" data-stat=""visitor_pts"">109</td><td class=""left"" csk=""TEX.197104010TEX"" data-stat=""home_team_name""><a href=""/teams/TEX/1971.html"">Texas Chaparrals</a></td><td class=""right"" data-stat=""home_pts"">115</td><td class=""center"" data-stat=""box_score_text""><a href=""/boxscores/197104010TEX.html"">Box Score</a></td><td class=""center iz"" data-stat=""overtimes""></td><td class=""right"" data-stat=""attendance"">2,594</td><td class=""left"" data-stat=""game_remarks"">Tiebreaker</td></tr>"
3,"<tr><th class=""left"" csk=""197104020INA"" data-stat=""date_game"" scope=""row""><a href=""/boxscores/index.fcgi?month=4&amp;day=2&amp;year=1971"">Fri, Apr 2, 1971</a></th><td class=""left"" csk=""MMP.197104020INA"" data-stat=""visitor_team_name""><a href=""/teams/MMP/1971.html"">Memphis Pros</a></td><td class=""right"" data-stat=""visitor_pts"">98</td><td class=""left"" csk=""INA.197104020INA"" data-stat=""home_team_name""><a href=""/teams/INA/1971.html"">Indiana Pacers</a></td><td class=""right"" data-stat=""home_pts"">114</td><td class=""center"" data-stat=""box_score_text""><a href=""/boxscores/197104020INA.html"">Box Score</a></td><td class=""center iz"" data-stat=""overtimes""></td><td class=""right"" data-stat=""attendance"">7,562</td><td class=""left iz"" data-stat=""game_remarks""></td></tr>"
5,"<tr><th class=""left"" csk=""197104020KEN"" data-stat=""date_game"" scope=""row""><a href=""/boxscores/index.fcgi?month=4&amp;day=2&amp;year=1971"">Fri, Apr 2, 1971</a></th><td class=""left"" csk=""FLO.197104020KEN"" data-stat=""visitor_team_name""><a href=""/teams/FLO/1971.html"">The Floridians</a></td><td class=""right"" data-stat=""visitor_pts"">112</td><td class=""left"" csk=""KEN.197104020KEN"" data-stat=""home_team_name""><a href=""/teams/KEN/1971.html"">Kentucky Colonels</a></td><td class=""right"" data-stat=""home_pts"">116</td><td class=""center"" data-stat=""box_score_text""><a href=""/boxscores/197104020KEN.html"">Box Score</a></td><td class=""center iz"" data-stat=""overtimes""></td><td class=""right"" data-stat=""attendance"">3,182</td><td class=""left iz"" data-stat=""game_remarks""></td></tr>"
7,"<tr><th class=""left"" csk=""197104020UTS"" data-stat=""date_game"" scope=""row""><a href=""/boxscores/index.fcgi?month=4&amp;day=2&amp;year=1971"">Fri, Apr 2, 1971</a></th><td class=""left"" csk=""TEX.197104020UTS"" data-stat=""visitor_team_name""><a href=""/teams/TEX/1971.html"">Texas Chaparrals</a></td><td class=""right"" data-stat=""visitor_pts"">115</td><td class=""left"" csk=""UTS.197104020UTS"" data-stat=""home_team_name""><a href=""/teams/UTS/1971.html"">Utah Stars</a></td><td class=""right"" data-stat=""home_pts"">125</td><td class=""center"" data-stat=""box_score_text""><a href=""/boxscores/197104020UTS.html"">Box Score</a></td><td class=""center iz"" data-stat=""overtimes""></td><td class=""right"" data-stat=""attendance"">4,375</td><td class=""left iz"" data-stat=""game_remarks""></td></tr>"
9,"<tr><th class=""left"" csk=""197104020VIR"" data-stat=""date_game"" scope=""row""><a href=""/boxscores/index.fcgi?month=4&amp;day=2&amp;year=1971"">Fri, Apr 2, 1971</a></th><td class=""left"" csk=""NYA.197104020VIR"" data-stat=""visitor_team_name""><a href=""/teams/NYA/1971.html"">New York Nets</a></td><td class=""right"" data-stat=""visitor_pts"">105</td><td class=""left"" csk=""VIR.197104020VIR"" data-stat=""home_team_name""><a href=""/teams/VIR/1971.html"">Virginia Squires</a></td><td class=""right"" data-stat=""home_pts"">113</td><td class=""center"" data-stat=""box_score_text""><a href=""/boxscores/197104020VIR.html"">Box Score</a></td><td class=""center iz"" data-stat=""overtimes""></td><td class=""right"" data-stat=""attendance"">6,149</td><td class=""left iz"" data-stat=""game_remarks""></td></tr>"
11,"<tr><th class=""left"" csk=""197104030UTS"" data-stat=""date_game"" scope=""row""><a href=""/boxscores/index.fcgi?month=4&amp;day=3&amp;year=1971"">Sat, Apr 3, 1971</a></th><td class=""left"" csk=""TEX.197104030UTS"" data-stat=""visitor_team_name""><a href=""/teams/TEX/1971.html"">Texas Chaparrals</a></td><td class=""right"" data-stat=""visitor_pts"">107</td><td class=""left"" csk=""UTS.197104030UTS"" data-stat=""home_team_name""><a href=""/teams/UTS/1971.html"">Utah Stars</a></td><td class=""right"" data-stat=""home_pts"">137</td><td class=""center"" data-stat=""box_score_text""><a href=""/boxscores/197104030UTS.html"">Box Score</a></td><td class=""center iz"" data-stat=""overtimes""></td><td class=""right"" data-stat=""attendance"">6,061</td><td class=""left iz"" data-stat=""game_remarks""></td></tr>"
13,"<tr><th class=""left"" csk=""197104030INA"" data-stat=""date_game"" scope=""row""><a href=""/boxscores/index.fcgi?month=4&amp;day=3&amp;year=1971"">Sat, Apr 3, 1971</a></th><td class=""left"" csk=""MMP.197104030INA"" data-stat=""visitor_team_name""><a href=""/teams/MMP/1971.html"">Memphis Pros</a></td><td class=""right"" data-stat=""visitor_pts"">104</td><td class=""left"" csk=""INA.197104030INA"" data-stat=""home_team_name""><a href=""/teams/INA/1971.html"">Indiana Pacers</a></td><td class=""right"" data-stat=""home_pts"">106</td><td class=""center"" data-stat=""box_score_text""><a href=""/boxscores/197104030INA.html"">Box Score</a></td><td class=""center iz"" data-stat=""overtimes""></td><td class=""right"" data-stat=""attendance"">8,701</td><td class=""left iz"" data-stat=""game_remarks""></td></tr>"
15,"<tr><th class=""left"" csk=""197104040KEN"" data-stat=""date_game"" scope=""row""><a href=""/boxscores/index.fcgi?month=4&amp;day=4&amp;year=1971"">Sun, Apr 4, 1971</a></th><td class=""left"" csk=""FLO.197104040KEN"" data-stat=""visitor_team_name""><a href=""/teams/FLO/1971.html"">The Floridians</a></td><td class=""right"" data-stat=""visitor_pts"">110</td><td class=""left"" csk=""KEN.197104040KEN"" data-stat=""home_team_name""><a href=""/teams/KEN/1971.html"">Kentucky Colonels</a></td><td class=""right"" data-stat=""home_pts"">120</td><td class=""center"" data-stat=""box_score_text""><a href=""/boxscores/197104040KEN.html"">Box Score</a></td><td class=""center iz"" data-stat=""overtimes""></td><td class=""right"" data-stat=""attendance"">3,881</td><td class=""left iz"" data-stat=""game_remarks""></td></tr>"
17,"<tr><th class=""left"" csk=""197104040TEX"" data-stat=""date_game"" scope=""row""><a href=""/boxscores/index.fcgi?month=4&amp;day=4&amp;year=1971"">Sun, Apr 4, 1971</a></th><td class=""left"" csk=""UTS.197104040TEX"" data-stat=""visitor_team_name""><a href=""/teams/UTS/1971.html"">Utah Stars</a></td><td class=""right"" data-stat=""visitor_pts"">113</td><td class=""left"" csk=""TEX.197104040TEX"" data-stat=""home_team_name""><a href=""/teams/TEX/1971.html"">Texas Chaparrals</a></td><td class=""right"" data-stat=""home_pts"">101</td><td class=""center"" data-stat=""box_score_text""><a href=""/boxscores/197104040TEX.html"">Box Score</a></td><td class=""center iz"" data-stat=""overtimes""></td><td class=""right"" data-stat=""attendance"">4,675</td><td class=""left iz"" data-stat=""game_remarks""></td></tr>"
19,"<tr><th class=""left"" csk=""197104040VIR"" data-stat=""date_game"" scope=""row""><a href=""/boxscores/index.fcgi?month=4&amp;day=4&amp;year=1971"">Sun, Apr 4, 1971</a></th><td class=""left"" csk=""NYA.197104040VIR"" data-stat=""visitor_team_name""><a href=""/teams/NYA/1971.html"">New York Nets</a></td><td class=""right"" data-stat=""visitor_pts"">108</td><td class=""left"" csk=""VIR.197104040VIR"" data-stat=""home_team_name""><a href=""/teams/VIR/1971.html"">Virginia Squires</a></td><td class=""right"" data-stat=""home_pts"">114</td><td class=""center"" data-stat=""box_score_text""><a href=""/boxscores/197104040VIR.html"">Box Score</a></td><td class=""center iz"" data-stat=""overtimes""></td><td class=""right"" data-stat=""attendance"">7,143</td><td class=""left iz"" data-stat=""game_remarks""></td></tr>"
21,"<tr><th class=""left"" csk=""197104050MMP"" data-stat=""date_game"" scope=""row""><a href=""/boxscores/index.fcgi?month=4&amp;day=5&amp;year=1971"">Mon, Apr 5, 1971</a></th><td class=""left"" csk=""INA.197104050MMP"" data-stat=""visitor_team_name""><a href=""/teams/INA/1971.html"">Indiana Pacers</a></td><td class=""right"" data-stat=""visitor_pts"">91</td><td class=""left"" csk=""MMP.197104050MMP"" data-stat=""home_team_name""><a href=""/teams/MMP/1971.html"">Memphis Pros</a></td><td class=""right"" data-stat=""home_pts"">90</td><td class=""center"" data-stat=""box_score_text""><a href=""/boxscores/197104050MMP.html"">Box Score</a></td><td class=""center iz"" data-stat=""overtimes""></td><td class=""right"" data-stat=""attendance"">4,107</td><td class=""left iz"" data-stat=""game_remarks""></td></tr>"
23,"<tr><th class=""left"" csk=""197104060FLO"" data-stat=""date_game"" scope=""row""><a href=""/boxscores/index.fcgi?month=4&amp;day=6&amp;year=1971"">Tue, Apr 6, 1971</a></th><td class=""left"" csk=""KEN.197104060FLO"" data-stat=""visitor_team_name""><a href=""/teams/KEN/1971.html"">Kentucky Colonels</a></td><td class=""right"" data-stat=""visitor_pts"">102</td><td class=""left"" csk=""FLO.197104060FLO"" data-stat=""home_team_name""><a href=""/teams/FLO/1971.html"">The Floridians</a></td><td class=""right"" data-stat=""home_pts"">120</td><td class=""center"" data-stat=""box_score_text""><a href=""/boxscores/197104060FLO.html"">Box Score</a></td><td class=""center iz"" data-stat=""overtimes""></td><td class=""right"" data-stat=""attendance"">4,126</td><td class=""left iz"" data-stat=""game_remarks""></td></tr>"
25,"<tr><th class=""left"" csk=""197104060NYA"" data-stat=""date_game"" scope=""row""><a href=""/boxscores/index.fcgi?month=4&amp;day=6&amp;year=1971"">Tue, Apr 6, 1971</a></th><td class=""left"" csk=""VIR.197104060NYA"" data-stat=""visitor_team_name""><a href=""/teams/VIR/1971.html"">Virginia Squires</a></td><td class=""right"" data-stat=""visitor_pts"">131</td><td class=""left"" csk=""NYA.197104060NYA"" data-stat=""home_team_name""><a href=""/teams/NYA/1971.html"">New York Nets</a></td><td class=""right"" data-stat=""home_pts"">135</td><td class=""center"" data-stat=""box_score_text""><a href=""/boxscores/197104060NYA.html"">Box Score</a></td><td class=""center iz"" data-stat=""overtimes""></td><td class=""right"" data-stat=""attendance"">3,504</td><td class=""left iz"" data-stat=""game_remarks""></td></tr>"
27,"<tr><th class=""left"" csk=""197104060TEX"" data-stat=""date_game"" scope=""row""><a href=""/boxscores/index.fcgi?month=4&amp;day=6&amp;year=1971"">Tue, Apr 6, 1971</a></th><td class=""left"" csk=""UTS.197104060TEX"" data-stat=""visitor_team_name""><a href=""/teams/UTS/1971.html"">Utah Stars</a></td><td class=""right"" data-stat=""visitor_pts"">128</td><td class=""left"" csk=""TEX.197104060TEX"" data-stat=""home_team_name""><a href=""/teams/TEX/1971.html"">Texas Chaparrals</a></td><td class=""right"" data-stat=""home_pts"">107</td><td class=""center"" data-stat=""box_score_text""><a href=""/boxscores/197104060TEX.html"">Box Score</a></td><td class=""center iz"" data-stat=""overtimes""></td><td class=""right"" data-stat=""attendance"">3,666</td><td class=""left iz"" data-stat=""game_remarks""></td></tr>"
29,"<tr><th class=""left"" csk=""197104070MMP"" data-stat=""date_game"" scope=""row""><a href=""/boxscores/index.fcgi?month=4&amp;day=7&amp;year=1971"">Wed, Apr 7, 1971</a></th><td class=""left"" csk=""INA.197104070MMP"" data-stat=""visitor_team_name""><a href=""/teams/INA/1971.html"">Indiana Pacers</a></td><td class=""right"" data-stat=""visitor_pts"">102</td><td class=""left"" csk=""MMP.197104070MMP"" data-stat=""home_team_name""><a href=""/teams/MMP/1971.html"">Memphis Pros</a></td><td class=""right"" data-stat=""home_pts"">101</td><td class=""center"" data-stat=""box_score_text""><a href=""/boxscores/197104070MMP.html"">Box Score</a></td><td class=""center"" data-stat=""overtimes"">OT</td><td class=""right"" data-stat=""attendance"">3,681</td><td class=""left iz"" data-stat=""game_remarks""></td></tr>"
31,"<tr><th class=""left"" csk=""197104070NYA"" data-stat=""date_game"" scope=""row""><a href=""/boxscores/index.fcgi?month=4&amp;day=7&amp;year=1971"">Wed, Apr 7, 1971</a></th><td class=""left"" csk=""VIR.197104070NYA"" data-stat=""visitor_team_name""><a href=""/teams/VIR/1971.html"">Virginia Squires</a></td><td class=""right"" data-stat=""visitor_pts"">127</td><td class=""left"" csk=""NYA.197104070NYA"" data-stat=""home_team_name""><a href=""/teams/NYA/1971.html"">New York Nets</a></td><td class=""right"" data-stat=""home_pts"">130</td><td class=""center"" data-stat=""box_score_text""><a href=""/boxscores/197104070NYA.html"">Box Score</a></td><td class=""center iz"" data-stat=""overtimes""></td><td class=""right"" data-stat=""attendance"">4,134</td><td class=""left iz"" data-stat=""game_remarks""></td></tr>"
33,"<tr><th class=""left"" csk=""197104080FLO"" data-stat=""date_game"" scope=""row""><a href=""/boxscores/index.fcgi?month=4&amp;day=8&amp;year=1971"">Thu, Apr 8, 1971</a></th><td class=""left"" csk=""KEN.197104080FLO"" data-stat=""visitor_team_name""><a href=""/teams/KEN/1971.html"">Kentucky Colonels</a></td><td class=""right"" data-stat=""visitor_pts"">117</td><td class=""left"" csk=""FLO.197104080FLO"" data-stat=""home_team_name""><a href=""/teams/FLO/1971.html"">The Floridians</a></td><td class=""right"" data-stat=""home_pts"">129</td><td class=""center"" data-stat=""box_score_text""><a href=""/boxscores/197104080FLO.html"">Box Score</a></td><td class=""center iz"" data-stat=""overtimes""></td><td class=""right"" data-stat=""attendance"">4,268</td><td class=""left iz"" data-stat=""game_remarks""></td></tr>"
35,"<tr><th class=""left"" csk=""197104090VIR"" data-stat=""date_game"" scope=""row""><a href=""/boxscores/index.fcgi?month=4&amp;day=9&amp;year=1971"">Fri, Apr 9, 1971</a></th><td class=""left"" csk=""NYA.197104090VIR"" data-stat=""visitor_team_name""><a href=""/teams/NYA/1971.html"">New York Nets</a></td><td class=""right"" data-stat=""visitor_pts"">124</td><td class=""left"" csk=""VIR.197104090VIR"" data-stat=""home_team_name""><a href=""/teams/VIR/1971.html"">Virginia Squires</a></td><td class=""right"" data-stat=""home_pts"">127</td><td class=""center"" data-stat=""box_score_text""><a href=""/boxscores/197104090VIR.html"">Box Score</a></td><td class=""center iz"" data-stat=""overtimes""></td><td class=""right"" data-stat=""attendance"">4,250</td><td class=""left iz"" data-stat=""game_remarks""></td></tr>"
37,"<tr><th class=""left"" csk=""197104100KEN"" data-stat=""date_game"" scope=""row""><a href=""/boxscores/index.fcgi?month=4&amp;day=10&amp;year=1971"">Sat, Apr 10, 1971</a></th><td class=""left"" csk=""FLO.197104100KEN"" data-stat=""visitor_team_name""><a href=""/teams/FLO/1971.html"">The Floridians</a></td><td class=""right"" data-stat=""visitor_pts"">101</td><td class=""left"" csk=""KEN.197104100KEN"" data-stat=""home_team_name""><a href=""/teams/KEN/1971.html"">Kentucky Colonels</a></td><td class=""right"" data-stat=""home_pts"">118</td><td class=""center"" data-stat=""box_score_text""><a href=""/boxscores/197104100KEN.html"">Box Score</a></td><td class=""center iz"" data-stat=""overtimes""></td><td class=""right"" data-stat=""attendance"">4,996</td><td class=""left iz"" data-stat=""game_remarks""></td></tr>"
39,"<tr><th class=""left"" csk=""197104100NYA"" data-stat=""date_game"" scope=""row""><a href=""/boxscores/index.fcgi?month=4&amp;day=10&amp;year=1971"">Sat, Apr 10, 1971</a></th><td class=""left"" csk=""VIR.197104100NYA"" data-stat=""visitor_team_name""><a href=""/teams/VIR/1971.html"">Virginia Squires</a></td><td class=""right"" data-stat=""visitor_pts"">118</td><td class=""left"" csk=""NYA.197104100NYA"" data-stat=""home_team_name""><a href=""/teams/NYA/1971.html"">New York Nets</a></td><td class=""right"" data-stat=""home_pts"">114</td><td class=""center"" data-stat=""box_score_text""><a href=""/boxscores/197104100NYA.html"">Box Score</a></td><td class=""center iz"" data-stat=""overtimes""></td><td class=""right"" data-stat=""attendance"">3,016</td><td class=""left iz"" data-stat=""game_remarks""></td></tr>"
41,"<tr><th class=""left"" csk=""197104120INA"" data-stat=""date_game"" scope=""row""><a href=""/boxscores/index.fcgi?month=4&amp;day=12&amp;year=1971"">Mon, Apr 12, 1971</a></th><td class=""left"" csk=""UTS.197104120INA"" data-stat=""visitor_team_name""><a href=""/teams/UTS/1971.html"">Utah Stars</a></td><td class=""right"" data-stat=""visitor_pts"">120</td><td class=""left"" csk=""INA.197104120INA"" data-stat=""home_team_name""><a href=""/teams/INA/1971.html"">Indiana Pacers</a></td><td class=""right"" data-stat=""home_pts"">118</td><td class=""center"" data-stat=""box_score_text""><a href=""/boxscores/197104120INA.html"">Box Score</a></td><td class=""center iz"" data-stat=""overtimes""></td><td class=""right"" data-stat=""attendance"">7,734</td><td class=""left iz"" data-stat=""game_remarks""></td></tr>"
43,"<tr><th class=""left"" csk=""197104120FLO"" data-stat=""date_game"" scope=""row""><a href=""/boxscores/index.fcgi?month=4&amp;day=12&amp;year=1971"">Mon, Apr 12, 1971</a></th><td class=""left"" csk=""KEN.197104120FLO"" data-stat=""visitor_team_name""><a href=""/teams/KEN/1971.html"">Kentucky Colonels</a></td><td class=""right"" data-stat=""visitor_pts"">112</td><td class=""left"" csk=""FLO.197104120FLO"" data-stat=""home_team_name""><a href=""/teams/FLO/1971.html"">The Floridians</a></td><td class=""right"" data-stat=""home_pts"">103</td><td class=""center"" data-stat=""box_score_text""><a href=""/boxscores/197104120FLO.html"">Box Score</a></td><td class=""center iz"" data-stat=""overtimes""></td><td class=""right"" data-stat=""attendance"">4,478</td><td class=""left iz"" data-stat=""game_remarks""></td></tr>"
45,"<tr><th class=""left"" csk=""197104140INA"" data-stat=""date_game"" scope=""row""><a href=""/boxscores/index.fcgi?month=4&amp;day=14&amp;year=1971"">Wed, Apr 14, 1971</a></th><td class=""left"" csk=""UTS.197104140INA"" data-stat=""visitor_team_name""><a href=""/teams/UTS/1971.html"">Utah Stars</a></td><td class=""right"" data-stat=""visitor_pts"">107</td><td class=""left"" csk=""INA.197104140INA"" data-stat=""home_team_name""><a href=""/teams/INA/1971.html"">Indiana Pacers</a></td><td class=""right"" data-stat=""home_pts"">120</td><td class=""center"" data-stat=""box_score_text""><a href=""/boxscores/197104140INA.html"">Box Score</a></td><td class=""center iz"" data-stat=""overtimes""></td><td class=""right"" data-stat=""attendance"">9,458</td><td class=""left iz"" data-stat=""game_remarks""></td></tr>"
47,"<tr><th class=""left"" csk=""197104150VIR"" data-stat=""date_game"" scope=""row""><a href=""/boxscores/index.fcgi?month=4&amp;day=15&amp;year=1971"">Thu, Apr 15, 1971</a></th><td class=""left"" csk=""KEN.197104150VIR"" data-stat=""visitor_team_name""><a href=""/teams/KEN/1971.html"">Kentucky Colonels</a></td><td class=""right"" data-stat=""visitor_pts"">136</td><td class=""left"" csk=""VIR.197104150VIR"" data-stat=""home_team_name""><a href=""/teams/VIR/1971.html"">Virginia Squires</a></td><td class=""right"" data-stat=""home_pts"">132</td><td class=""center"" data-stat=""box_score_text""><a href=""/boxscores/197104150VIR.html"">Box Score</a></td><td class=""center iz"" data-stat=""overtimes""></td><td class=""right"" data-stat=""attendance"">4,250</td><td class=""left iz"" data-stat=""game_remarks""></td></tr>"
49,"<tr><th class=""left"" csk=""197104170UTS"" data-stat=""date_game"" scope=""row""><a href=""/boxscores/index.fcgi?month=4&amp;day=17&amp;year=1971"">Sat, Apr 17, 1971</a></th><td class=""left"" csk=""INA.197104170UTS"" data-stat=""visitor_team_name""><a href=""/teams/INA/1971.html"">Indiana Pacers</a></td><td class=""right"" data-stat=""visitor_pts"">108</td><td class=""left"" csk=""UTS.197104170UTS"" data-stat=""home_team_name""><a href=""/teams/UTS/1971.html"">Utah Stars</a></td><td class=""right"" data-stat=""home_pts"">121</td><td class=""center"" data-stat=""box_score_text""><a href=""/boxscores/197104170UTS.html"">Box Score</a></td><td class=""center iz"" data-stat=""overtimes""></td><td class=""right"" data-stat=""attendance"">12,711</td><td class=""left iz"" data-stat=""game_remarks""></td></tr>"
51,"<tr><th class=""left"" csk=""197104170VIR"" data-stat=""date_game"" scope=""row""><a href=""/boxscores/index.fcgi?month=4&amp;day=17&amp;year=1971"">Sat, Apr 17, 1971</a></th><td class=""left"" csk=""KEN.197104170VIR"" data-stat=""visitor_team_name""><a href=""/teams/KEN/1971.html"">Kentucky Colonels</a></td><td class=""right"" data-stat=""visitor_pts"">122</td><td class=""left"" csk=""VIR.197104170VIR"" data-stat=""home_team_name""><a href=""/teams/VIR/1971.html"">Virginia Squires</a></td><td class=""right"" data-stat=""home_pts"">142</td><td class=""center"" data-stat=""box_score_text""><a href=""/boxscores/197104170VIR.html"">Box Score</a></td><td class=""center iz"" data-stat=""overtimes""></td><td class=""right"" data-stat=""attendance"">5,000</td><td class=""left iz"" data-stat=""game_remarks""></td></tr>"
53,"<tr><th class=""left"" csk=""197104190KEN"" data-stat=""date_game"" scope=""row""><a href=""/boxscores/index.fcgi?month=4&amp;day=19&amp;year=1971"">Mon, Apr 19, 1971</a></th><td class=""left"" csk=""VIR.197104190KEN"" data-stat=""visitor_team_name""><a href=""/teams/VIR/1971.html"">Virginia Squires</a></td><td class=""right"" data-stat=""visitor_pts"">150</td><td class=""left"" csk=""KEN.197104190KEN"" data-stat=""home_team_name""><a href=""/teams/KEN/1971.html"">Kentucky Colonels</a></td><td class=""right"" data-stat=""home_pts"">137</td><td class=""center"" data-stat=""box_score_text""><a href=""/boxscores/197104190KEN.html"">Box Score</a></td><td class=""center iz"" data-stat=""overtimes""></td><td class=""right"" data-stat=""attendance"">4,777</td><td class=""left iz"" data-stat=""game_remarks""></td></tr>"
55,"<tr><th class=""left"" csk=""197104200UTS"" data-stat=""date_game"" scope=""row""><a href=""/boxscores/index.fcgi?month=4&amp;day=20&amp;year=1971"">Tue, Apr 20, 1971</a></th><td class=""left"" csk=""INA.197104200UTS"" data-stat=""visitor_team_name""><a href=""/teams/INA/1971.html"">Indiana Pacers</a></td><td class=""right"" data-stat=""visitor_pts"">99</td><td class=""left"" csk=""UTS.197104200UTS"" data-stat=""home_team_name""><a href=""/teams/UTS/1971.html"">Utah Stars</a></td><td class=""right"" data-stat=""home_pts"">126</td><td class=""center"" data-stat=""box_score_text""><a href=""/boxscores/197104200UTS.html"">Box Score</a></td><td class=""center iz"" data-stat=""overtimes""></td><td class=""right"" data-stat=""attendance"">12,761</td><td class=""left iz"" data-stat=""game_remarks""></td></tr>"
57,"<tr><th class=""left"" csk=""197104210KEN"" data-stat=""date_game"" scope=""row""><a href=""/boxscores/index.fcgi?month=4&amp;day=21&amp;year=1971"">Wed, Apr 21, 1971</a></th><td class=""left"" csk=""VIR.197104210KEN"" data-stat=""visitor_team_name""><a href=""/teams/VIR/1971.html"">Virginia Squires</a></td><td class=""right"" data-stat=""visitor_pts"">110</td><td class=""left"" csk=""KEN.197104210KEN"" data-stat=""home_team_name""><a href=""/teams/KEN/1971.html"">Kentucky Colonels</a></td><td class=""right"" data-stat=""home_pts"">128</td><td class=""center"" data-stat=""box_score_text""><a href=""/boxscores/197104210KEN.html"">Box Score</a></td><td class=""center iz"" data-stat=""overtimes""></td><td class=""right"" data-stat=""attendance"">5,221</td><td class=""left iz"" data-stat=""game_remarks""></td></tr>"
59,"<tr><th class=""left"" csk=""197104220INA"" data-stat=""date_game"" scope=""row""><a href=""/boxscores/index.fcgi?month=4&amp;day=22&amp;year=1971"">Thu, Apr 22, 1971</a></th><td class=""left"" csk=""UTS.197104220INA"" data-stat=""visitor_team_name""><a href=""/teams/UTS/1971.html"">Utah Stars</a></td><td class=""right"" data-stat=""visitor_pts"">109</td><td class=""left"" csk=""INA.197104220INA"" data-stat=""home_team_name""><a href=""/teams/INA/1971.html"">Indiana Pacers</a></td><td class=""right"" data-stat=""home_pts"">127</td><td class=""center"" data-stat=""box_score_text""><a href=""/boxscores/197104220INA.html"">Box Score</a></td><td class=""center iz"" data-stat=""overtimes""></td><td class=""right"" data-stat=""attendance"">8,279</td><td class=""left iz"" data-stat=""game_remarks""></td></tr>"
61,"<tr><th class=""left"" csk=""197104230VIR"" data-stat=""date_game"" scope=""row""><a href=""/boxscores/index.fcgi?month=4&amp;day=23&amp;year=1971"">Fri, Apr 23, 1971</a></th><td class=""left"" csk=""KEN.197104230VIR"" data-stat=""visitor_team_name""><a href=""/teams/KEN/1971.html"">Kentucky Colonels</a></td><td class=""right"" data-stat=""visitor_pts"">115</td><td class=""left"" csk=""VIR.197104230VIR"" data-stat=""home_team_name""><a href=""/teams/VIR/1971.html"">Virginia Squires</a></td><td class=""right"" data-stat=""home_pts"">107</td><td class=""center"" data-stat=""box_score_text""><a href=""/boxscores/197104230VIR.html"">Box Score</a></td><td class=""center iz"" data-stat=""overtimes""></td><td class=""right"" data-stat=""attendance"">10,013</td><td class=""left iz"" data-stat=""game_remarks""></td></tr>"
63,"<tr><th class=""left"" csk=""197104240UTS"" data-stat=""date_game"" scope=""row""><a href=""/boxscores/index.fcgi?month=4&amp;day=24&amp;year=1971"">Sat, Apr 24, 1971</a></th><td class=""left"" csk=""INA.197104240UTS"" data-stat=""visitor_team_name""><a href=""/teams/INA/1971.html"">Indiana Pacers</a></td><td class=""right"" data-stat=""visitor_pts"">105</td><td class=""left"" csk=""UTS.197104240UTS"" data-stat=""home_team_name""><a href=""/teams/UTS/1971.html"">Utah Stars</a></td><td class=""right"" data-stat=""home_pts"">102</td><td class=""center"" data-stat=""box_score_text""><a href=""/boxscores/197104240UTS.html"">Box Score</a></td><td class=""center iz"" data-stat=""overtimes""></td><td class=""right"" data-stat=""attendance"">13,208</td><td class=""left iz"" data-stat=""game_remarks""></td></tr>"
65,"<tr><th class=""left"" csk=""197104240KEN"" data-stat=""date_game"" scope=""row""><a href=""/boxscores/index.fcgi?month=4&amp;day=24&amp;year=1971"">Sat, Apr 24, 1971</a></th><td class=""left"" csk=""VIR.197104240KEN"" data-stat=""visitor_team_name""><a href=""/teams/VIR/1971.html"">Virginia Squires</a></td><td class=""right"" data-stat=""visitor_pts"">117</td><td class=""left"" csk=""KEN.197104240KEN"" data-stat=""home_team_name""><a href=""/teams/KEN/1971.html"">Kentucky Colonels</a></td><td class=""right"" data-stat=""home_pts"">129</td><td class=""center"" data-stat=""box_score_text""><a href=""/boxscores/197104240KEN.html"">Box Score</a></td><td class=""center iz"" data-stat=""overtimes""></td><td class=""right"" data-stat=""attendance"">12,822</td><td class=""left iz"" data-stat=""game_remarks""></td></tr>"
67,"<tr><th class=""left"" csk=""197104280INA"" data-stat=""date_game"" scope=""row""><a href=""/boxscores/index.fcgi?month=4&amp;day=28&amp;year=1971"">Wed, Apr 28, 1971</a></th><td class=""left"" csk=""UTS.197104280INA"" data-stat=""visitor_team_name""><a href=""/teams/UTS/1971.html"">Utah Stars</a></td><td class=""right"" data-stat=""visitor_pts"">108</td><td class=""left"" csk=""INA.197104280INA"" data-stat=""home_team_name""><a href=""/teams/INA/1971.html"">Indiana Pacers</a></td><td class=""right"" data-stat=""home_pts"">101</td><td class=""center"" data-stat=""box_score_text""><a href=""/boxscores/197104280INA.html"">Box Score</a></td><td class=""center iz"" data-stat=""overtimes""></td><td class=""right"" data-stat=""attendance"">11,202</td><td class=""left iz"" data-stat=""game_remarks""></td></tr>"
69,"<tr><th class=""left"" csk=""197105030UTS"" data-stat=""date_game"" scope=""row""><a href=""/boxscores/index.fcgi?month=5&amp;day=3&amp;year=1971"">Mon, May 3, 1971</a></th><td class=""left"" csk=""KEN.197105030UTS"" data-stat=""visitor_team_name""><a href=""/teams/KEN/1971.html"">Kentucky Colonels</a></td><td class=""right"" data-stat=""visitor_pts"">117</td><td class=""left"" csk=""UTS.197105030UTS"" data-stat=""home_team_name""><a href=""/teams/UTS/1971.html"">Utah Stars</a></td><td class=""right"" data-stat=""home_pts"">136</td><td class=""center"" data-stat=""box_score_text""><a href=""/boxscores/197105030UTS.html"">Box Score</a></td><td class=""center iz"" data-stat=""overtimes""></td><td class=""right"" data-stat=""attendance"">12,051</td><td class=""left iz"" data-stat=""game_remarks""></td></tr>"
71,"<tr><th class=""left"" csk=""197105050UTS"" data-stat=""date_game"" scope=""row""><a href=""/boxscores/index.fcgi?month=5&amp;day=5&amp;year=1971"">Wed, May 5, 1971</a></th><td class=""left"" csk=""KEN.197105050UTS"" data-stat=""visitor_team_name""><a href=""/teams/KEN/1971.html"">Kentucky Colonels</a></td><td class=""right"" data-stat=""visitor_pts"">125</td><td class=""left"" csk=""UTS.197105050UTS"" data-stat=""home_team_name""><a href=""/teams/UTS/1971.html"">Utah Stars</a></td><td class=""right"" data-stat=""home_pts"">138</td><td class=""center"" data-stat=""box_score_text""><a href=""/boxscores/197105050UTS.html"">Box Score</a></td><td class=""center iz"" data-stat=""overtimes""></td><td class=""right"" data-stat=""attendance"">13,208</td><td class=""left iz"" data-stat=""game_remarks""></td></tr>"
73,"<tr><th class=""left"" csk=""197105070KEN"" data-stat=""date_game"" scope=""row""><a href=""/boxscores/index.fcgi?month=5&amp;day=7&amp;year=1971"">Fri, May 7, 1971</a></th><td class=""left"" csk=""UTS.197105070KEN"" data-stat=""visitor_team_name""><a href=""/teams/UTS/1971.html"">Utah Stars</a></td><td class=""right"" data-stat=""visitor_pts"">110</td><td class=""left"" csk=""KEN.197105070KEN"" data-stat=""home_team_name""><a href=""/teams/KEN/1971.html"">Kentucky Colonels</a></td><td class=""right"" data-stat=""home_pts"">116</td><td class=""center"" data-stat=""box_score_text""><a href=""/boxscores/197105070KEN.html"">Box Score</a></td><td class=""center iz"" data-stat=""overtimes""></td><td class=""right"" data-stat=""attendance"">12,337</td><td class=""left iz"" data-stat=""game_remarks""></td></tr>"
75,"<tr><th class=""left"" csk=""197105080KEN"" data-stat=""date_game"" scope=""row""><a href=""/boxscores/index.fcgi?month=5&amp;day=8&amp;year=1971"">Sat, May 8, 1971</a></th><td class=""left"" csk=""UTS.197105080KEN"" data-stat=""visitor_team_name""><a href=""/teams/UTS/1971.html"">Utah Stars</a></td><td class=""right"" data-stat=""visitor_pts"">125</td><td class=""left"" csk=""KEN.197105080KEN"" data-stat=""home_team_name""><a href=""/teams/KEN/1971.html"">Kentucky Colonels</a></td><td class=""right"" data-stat=""home_pts"">129</td><td class=""center"" data-stat=""box_score_text""><a href=""/boxscores/197105080KEN.html"">Box Score</a></td><td class=""center"" data-stat=""overtimes"">OT</td><td class=""right"" data-stat=""attendance"">9,863</td><td class=""left iz"" data-stat=""game_remarks""></td></tr>"
77,"<tr><th class=""left"" csk=""197105120UTS"" data-stat=""date_game"" scope=""row""><a href=""/boxscores/index.fcgi?month=5&amp;day=12&amp;year=1971"">Wed, May 12, 1971</a></th><td class=""left"" csk=""KEN.197105120UTS"" data-stat=""visitor_team_name""><a href=""/teams/KEN/1971.html"">Kentucky Colonels</a></td><td class=""right"" data-stat=""visitor_pts"">127</td><td class=""left"" csk=""UTS.197105120UTS"" data-stat=""home_team_name""><a href=""/teams/UTS/1971.html"">Utah Stars</a></td><td class=""right"" data-stat=""home_pts"">137</td><td class=""center"" data-stat=""box_score_text""><a href=""/boxscores/197105120UTS.html"">Box Score</a></td><td class=""center iz"" data-stat=""overtimes""></td><td class=""right"" data-stat=""attendance"">13,250</td><td class=""left iz"" data-stat=""game_remarks""></td></tr>"
79,"<tr><th class=""left"" csk=""197105150KEN"" data-stat=""date_game"" scope=""row""><a href=""/boxscores/index.fcgi?month=5&amp;day=15&amp;year=1971"">Sat, May 15, 1971</a></th><td class=""left"" csk=""UTS.197105150KEN"" data-stat=""visitor_team_name""><a href=""/teams/UTS/1971.html"">Utah Stars</a></td><td class=""right"" data-stat=""visitor_pts"">102</td><td class=""left"" csk=""KEN.197105150KEN"" data-stat=""home_team_name""><a href=""/teams/KEN/1971.html"">Kentucky Colonels</a></td><td class=""right"" data-stat=""home_pts"">105</td><td class=""center"" data-stat=""box_score_text""><a href=""/boxscores/197105150KEN.html"">Box Score</a></td><td class=""center iz"" data-stat=""overtimes""></td><td class=""right"" data-stat=""attendance"">11,793</td><td class=""left iz"" data-stat=""game_remarks""></td></tr>"
81,"<tr><th class=""left"" csk=""197105180UTS"" data-stat=""date_game"" scope=""row""><a href=""/boxscores/index.fcgi?month=5&amp;day=18&amp;year=1971"">Tue, May 18, 1971</a></th><td class=""left"" csk=""KEN.197105180UTS"" data-stat=""visitor_team_name""><a href=""/teams/KEN/1971.html"">Kentucky Colonels</a></td><td class=""right"" data-stat=""visitor_pts"">121</td><td class=""left"" csk=""UTS.197105180UTS"" data-stat=""home_team_name""><a href=""/teams/UTS/1971.html"">Utah Stars</a></td><td class=""right"" data-stat=""home_pts"">131</td><td class=""center"" data-stat=""box_score_text""><a href=""/boxscores/197105180UTS.html"">Box Score</a></td><td class=""center iz"" data-stat=""overtimes""></td><td class=""right"" data-stat=""attendance"">13,260</td><td class=""left iz"" data-stat=""game_remarks""></td></tr>"
