,0
1,"<tr><th class=""left"" csk=""196802010HSM"" data-stat=""date_game"" scope=""row""><a href=""/boxscores/index.fcgi?month=2&amp;day=1&amp;year=1968"">Thu, Feb 1, 1968</a></th><td class=""left"" csk=""KEN.196802010HSM"" data-stat=""visitor_team_name""><a href=""/teams/KEN/1968.html"">Kentucky Colonels</a></td><td class=""right"" data-stat=""visitor_pts"">107</td><td class=""left"" csk=""HSM.196802010HSM"" data-stat=""home_team_name""><a href=""/teams/HSM/1968.html"">Houston Mavericks</a></td><td class=""right"" data-stat=""home_pts"">109</td><td class=""center"" data-stat=""box_score_text""><a href=""/boxscores/196802010HSM.html"">Box Score</a></td><td class=""center iz"" data-stat=""overtimes""></td><td class=""right iz"" data-stat=""attendance""></td><td class=""left iz"" data-stat=""game_remarks""></td></tr>"
3,"<tr><th class=""left"" csk=""196802010MNM"" data-stat=""date_game"" scope=""row""><a href=""/boxscores/index.fcgi?month=2&amp;day=1&amp;year=1968"">Thu, Feb 1, 1968</a></th><td class=""left"" csk=""DLC.196802010MNM"" data-stat=""visitor_team_name""><a href=""/teams/DLC/1968.html"">Dallas Chaparrals</a></td><td class=""right"" data-stat=""visitor_pts"">99</td><td class=""left"" csk=""MNM.196802010MNM"" data-stat=""home_team_name""><a href=""/teams/MNM/1968.html"">Minnesota Muskies</a></td><td class=""right"" data-stat=""home_pts"">116</td><td class=""center"" data-stat=""box_score_text""><a href=""/boxscores/196802010MNM.html"">Box Score</a></td><td class=""center iz"" data-stat=""overtimes""></td><td class=""right iz"" data-stat=""attendance""></td><td class=""left iz"" data-stat=""game_remarks""></td></tr>"
5,"<tr><th class=""left"" csk=""196802010OAK"" data-stat=""date_game"" scope=""row""><a href=""/boxscores/index.fcgi?month=2&amp;day=1&amp;year=1968"">Thu, Feb 1, 1968</a></th><td class=""left"" csk=""NOB.196802010OAK"" data-stat=""visitor_team_name""><a href=""/teams/NOB/1968.html"">New Orleans Buccaneers</a></td><td class=""right"" data-stat=""visitor_pts"">124</td><td class=""left"" csk=""OAK.196802010OAK"" data-stat=""home_team_name""><a href=""/teams/OAK/1968.html"">Oakland Oaks</a></td><td class=""right"" data-stat=""home_pts"">131</td><td class=""center"" data-stat=""box_score_text""><a href=""/boxscores/196802010OAK.html"">Box Score</a></td><td class=""center iz"" data-stat=""overtimes""></td><td class=""right iz"" data-stat=""attendance""></td><td class=""left iz"" data-stat=""game_remarks""></td></tr>"
7,"<tr><th class=""left"" csk=""196802020PTP"" data-stat=""date_game"" scope=""row""><a href=""/boxscores/index.fcgi?month=2&amp;day=2&amp;year=1968"">Fri, Feb 2, 1968</a></th><td class=""left"" csk=""DLC.196802020PTP"" data-stat=""visitor_team_name""><a href=""/teams/DLC/1968.html"">Dallas Chaparrals</a></td><td class=""right"" data-stat=""visitor_pts"">105</td><td class=""left"" csk=""PTP.196802020PTP"" data-stat=""home_team_name""><a href=""/teams/PTP/1968.html"">Pittsburgh Pipers</a></td><td class=""right"" data-stat=""home_pts"">112</td><td class=""center"" data-stat=""box_score_text""><a href=""/boxscores/196802020PTP.html"">Box Score</a></td><td class=""center iz"" data-stat=""overtimes""></td><td class=""right iz"" data-stat=""attendance""></td><td class=""left iz"" data-stat=""game_remarks""></td></tr>"
9,"<tr><th class=""left"" csk=""196802020NJA"" data-stat=""date_game"" scope=""row""><a href=""/boxscores/index.fcgi?month=2&amp;day=2&amp;year=1968"">Fri, Feb 2, 1968</a></th><td class=""left"" csk=""INA.196802020NJA"" data-stat=""visitor_team_name""><a href=""/teams/INA/1968.html"">Indiana Pacers</a></td><td class=""right"" data-stat=""visitor_pts"">113</td><td class=""left"" csk=""NJA.196802020NJA"" data-stat=""home_team_name""><a href=""/teams/NJA/1968.html"">New Jersey Americans</a></td><td class=""right"" data-stat=""home_pts"">103</td><td class=""center"" data-stat=""box_score_text""><a href=""/boxscores/196802020NJA.html"">Box Score</a></td><td class=""center iz"" data-stat=""overtimes""></td><td class=""right iz"" data-stat=""attendance""></td><td class=""left iz"" data-stat=""game_remarks""></td></tr>"
11,"<tr><th class=""left"" csk=""196802020KEN"" data-stat=""date_game"" scope=""row""><a href=""/boxscores/index.fcgi?month=2&amp;day=2&amp;year=1968"">Fri, Feb 2, 1968</a></th><td class=""left"" csk=""MNM.196802020KEN"" data-stat=""visitor_team_name""><a href=""/teams/MNM/1968.html"">Minnesota Muskies</a></td><td class=""right"" data-stat=""visitor_pts"">84</td><td class=""left"" csk=""KEN.196802020KEN"" data-stat=""home_team_name""><a href=""/teams/KEN/1968.html"">Kentucky Colonels</a></td><td class=""right"" data-stat=""home_pts"">120</td><td class=""center"" data-stat=""box_score_text""><a href=""/boxscores/196802020KEN.html"">Box Score</a></td><td class=""center iz"" data-stat=""overtimes""></td><td class=""right iz"" data-stat=""attendance""></td><td class=""left iz"" data-stat=""game_remarks""></td></tr>"
13,"<tr><th class=""left"" csk=""196802020ANA"" data-stat=""date_game"" scope=""row""><a href=""/boxscores/index.fcgi?month=2&amp;day=2&amp;year=1968"">Fri, Feb 2, 1968</a></th><td class=""left"" csk=""NOB.196802020ANA"" data-stat=""visitor_team_name""><a href=""/teams/NOB/1968.html"">New Orleans Buccaneers</a></td><td class=""right"" data-stat=""visitor_pts"">128</td><td class=""left"" csk=""ANA.196802020ANA"" data-stat=""home_team_name""><a href=""/teams/ANA/1968.html"">Anaheim Amigos</a></td><td class=""right"" data-stat=""home_pts"">101</td><td class=""center"" data-stat=""box_score_text""><a href=""/boxscores/196802020ANA.html"">Box Score</a></td><td class=""center iz"" data-stat=""overtimes""></td><td class=""right iz"" data-stat=""attendance""></td><td class=""left iz"" data-stat=""game_remarks""></td></tr>"
15,"<tr><th class=""left"" csk=""196802030OAK"" data-stat=""date_game"" scope=""row""><a href=""/boxscores/index.fcgi?month=2&amp;day=3&amp;year=1968"">Sat, Feb 3, 1968</a></th><td class=""left"" csk=""HSM.196802030OAK"" data-stat=""visitor_team_name""><a href=""/teams/HSM/1968.html"">Houston Mavericks</a></td><td class=""right"" data-stat=""visitor_pts"">111</td><td class=""left"" csk=""OAK.196802030OAK"" data-stat=""home_team_name""><a href=""/teams/OAK/1968.html"">Oakland Oaks</a></td><td class=""right"" data-stat=""home_pts"">119</td><td class=""center"" data-stat=""box_score_text""><a href=""/boxscores/196802030OAK.html"">Box Score</a></td><td class=""center"" data-stat=""overtimes"">OT</td><td class=""right iz"" data-stat=""attendance""></td><td class=""left iz"" data-stat=""game_remarks""></td></tr>"
17,"<tr><th class=""left"" csk=""196802040MNM"" data-stat=""date_game"" scope=""row""><a href=""/boxscores/index.fcgi?month=2&amp;day=4&amp;year=1968"">Sun, Feb 4, 1968</a></th><td class=""left"" csk=""PTP.196802040MNM"" data-stat=""visitor_team_name""><a href=""/teams/PTP/1968.html"">Pittsburgh Pipers</a></td><td class=""right"" data-stat=""visitor_pts"">95</td><td class=""left"" csk=""MNM.196802040MNM"" data-stat=""home_team_name""><a href=""/teams/MNM/1968.html"">Minnesota Muskies</a></td><td class=""right"" data-stat=""home_pts"">114</td><td class=""center"" data-stat=""box_score_text""><a href=""/boxscores/196802040MNM.html"">Box Score</a></td><td class=""center iz"" data-stat=""overtimes""></td><td class=""right iz"" data-stat=""attendance""></td><td class=""left iz"" data-stat=""game_remarks""></td></tr>"
19,"<tr><th class=""left"" csk=""196802040KEN"" data-stat=""date_game"" scope=""row""><a href=""/boxscores/index.fcgi?month=2&amp;day=4&amp;year=1968"">Sun, Feb 4, 1968</a></th><td class=""left"" csk=""NJA.196802040KEN"" data-stat=""visitor_team_name""><a href=""/teams/NJA/1968.html"">New Jersey Americans</a></td><td class=""right"" data-stat=""visitor_pts"">111</td><td class=""left"" csk=""KEN.196802040KEN"" data-stat=""home_team_name""><a href=""/teams/KEN/1968.html"">Kentucky Colonels</a></td><td class=""right"" data-stat=""home_pts"">109</td><td class=""center"" data-stat=""box_score_text""><a href=""/boxscores/196802040KEN.html"">Box Score</a></td><td class=""center iz"" data-stat=""overtimes""></td><td class=""right iz"" data-stat=""attendance""></td><td class=""left iz"" data-stat=""game_remarks""></td></tr>"
21,"<tr><th class=""left"" csk=""196802040DNR"" data-stat=""date_game"" scope=""row""><a href=""/boxscores/index.fcgi?month=2&amp;day=4&amp;year=1968"">Sun, Feb 4, 1968</a></th><td class=""left"" csk=""NOB.196802040DNR"" data-stat=""visitor_team_name""><a href=""/teams/NOB/1968.html"">New Orleans Buccaneers</a></td><td class=""right"" data-stat=""visitor_pts"">105</td><td class=""left"" csk=""DNR.196802040DNR"" data-stat=""home_team_name""><a href=""/teams/DNR/1968.html"">Denver Rockets</a></td><td class=""right"" data-stat=""home_pts"">100</td><td class=""center"" data-stat=""box_score_text""><a href=""/boxscores/196802040DNR.html"">Box Score</a></td><td class=""center iz"" data-stat=""overtimes""></td><td class=""right iz"" data-stat=""attendance""></td><td class=""left iz"" data-stat=""game_remarks""></td></tr>"
23,"<tr><th class=""left"" csk=""196802040ANA"" data-stat=""date_game"" scope=""row""><a href=""/boxscores/index.fcgi?month=2&amp;day=4&amp;year=1968"">Sun, Feb 4, 1968</a></th><td class=""left"" csk=""HSM.196802040ANA"" data-stat=""visitor_team_name""><a href=""/teams/HSM/1968.html"">Houston Mavericks</a></td><td class=""right"" data-stat=""visitor_pts"">120</td><td class=""left"" csk=""ANA.196802040ANA"" data-stat=""home_team_name""><a href=""/teams/ANA/1968.html"">Anaheim Amigos</a></td><td class=""right"" data-stat=""home_pts"">132</td><td class=""center"" data-stat=""box_score_text""><a href=""/boxscores/196802040ANA.html"">Box Score</a></td><td class=""center iz"" data-stat=""overtimes""></td><td class=""right iz"" data-stat=""attendance""></td><td class=""left iz"" data-stat=""game_remarks""></td></tr>"
25,"<tr><th class=""left"" csk=""196802050HSM"" data-stat=""date_game"" scope=""row""><a href=""/boxscores/index.fcgi?month=2&amp;day=5&amp;year=1968"">Mon, Feb 5, 1968</a></th><td class=""left"" csk=""NJA.196802050HSM"" data-stat=""visitor_team_name""><a href=""/teams/NJA/1968.html"">New Jersey Americans</a></td><td class=""right"" data-stat=""visitor_pts"">107</td><td class=""left"" csk=""HSM.196802050HSM"" data-stat=""home_team_name""><a href=""/teams/HSM/1968.html"">Houston Mavericks</a></td><td class=""right"" data-stat=""home_pts"">109</td><td class=""center"" data-stat=""box_score_text""><a href=""/boxscores/196802050HSM.html"">Box Score</a></td><td class=""center iz"" data-stat=""overtimes""></td><td class=""right iz"" data-stat=""attendance""></td><td class=""left iz"" data-stat=""game_remarks""></td></tr>"
27,"<tr><th class=""left"" csk=""196802050KEN"" data-stat=""date_game"" scope=""row""><a href=""/boxscores/index.fcgi?month=2&amp;day=5&amp;year=1968"">Mon, Feb 5, 1968</a></th><td class=""left"" csk=""MNM.196802050KEN"" data-stat=""visitor_team_name""><a href=""/teams/MNM/1968.html"">Minnesota Muskies</a></td><td class=""right"" data-stat=""visitor_pts"">86</td><td class=""left"" csk=""KEN.196802050KEN"" data-stat=""home_team_name""><a href=""/teams/KEN/1968.html"">Kentucky Colonels</a></td><td class=""right"" data-stat=""home_pts"">95</td><td class=""center"" data-stat=""box_score_text""><a href=""/boxscores/196802050KEN.html"">Box Score</a></td><td class=""center iz"" data-stat=""overtimes""></td><td class=""right iz"" data-stat=""attendance""></td><td class=""left iz"" data-stat=""game_remarks""></td></tr>"
29,"<tr><th class=""left"" csk=""196802060MNM"" data-stat=""date_game"" scope=""row""><a href=""/boxscores/index.fcgi?month=2&amp;day=6&amp;year=1968"">Tue, Feb 6, 1968</a></th><td class=""left"" csk=""NOB.196802060MNM"" data-stat=""visitor_team_name""><a href=""/teams/NOB/1968.html"">New Orleans Buccaneers</a></td><td class=""right"" data-stat=""visitor_pts"">110</td><td class=""left"" csk=""MNM.196802060MNM"" data-stat=""home_team_name""><a href=""/teams/MNM/1968.html"">Minnesota Muskies</a></td><td class=""right"" data-stat=""home_pts"">112</td><td class=""center"" data-stat=""box_score_text""><a href=""/boxscores/196802060MNM.html"">Box Score</a></td><td class=""center iz"" data-stat=""overtimes""></td><td class=""right iz"" data-stat=""attendance""></td><td class=""left iz"" data-stat=""game_remarks""></td></tr>"
31,"<tr><th class=""left"" csk=""196802060OAK"" data-stat=""date_game"" scope=""row""><a href=""/boxscores/index.fcgi?month=2&amp;day=6&amp;year=1968"">Tue, Feb 6, 1968</a></th><td class=""left"" csk=""DLC.196802060OAK"" data-stat=""visitor_team_name""><a href=""/teams/DLC/1968.html"">Dallas Chaparrals</a></td><td class=""right"" data-stat=""visitor_pts"">98</td><td class=""left"" csk=""OAK.196802060OAK"" data-stat=""home_team_name""><a href=""/teams/OAK/1968.html"">Oakland Oaks</a></td><td class=""right"" data-stat=""home_pts"">99</td><td class=""center"" data-stat=""box_score_text""><a href=""/boxscores/196802060OAK.html"">Box Score</a></td><td class=""center iz"" data-stat=""overtimes""></td><td class=""right iz"" data-stat=""attendance""></td><td class=""left iz"" data-stat=""game_remarks""></td></tr>"
33,"<tr><th class=""left"" csk=""196802060PTP"" data-stat=""date_game"" scope=""row""><a href=""/boxscores/index.fcgi?month=2&amp;day=6&amp;year=1968"">Tue, Feb 6, 1968</a></th><td class=""left"" csk=""INA.196802060PTP"" data-stat=""visitor_team_name""><a href=""/teams/INA/1968.html"">Indiana Pacers</a></td><td class=""right"" data-stat=""visitor_pts"">113</td><td class=""left"" csk=""PTP.196802060PTP"" data-stat=""home_team_name""><a href=""/teams/PTP/1968.html"">Pittsburgh Pipers</a></td><td class=""right"" data-stat=""home_pts"">100</td><td class=""center"" data-stat=""box_score_text""><a href=""/boxscores/196802060PTP.html"">Box Score</a></td><td class=""center iz"" data-stat=""overtimes""></td><td class=""right iz"" data-stat=""attendance""></td><td class=""left iz"" data-stat=""game_remarks""></td></tr>"
35,"<tr><th class=""left"" csk=""196802070NOB"" data-stat=""date_game"" scope=""row""><a href=""/boxscores/index.fcgi?month=2&amp;day=7&amp;year=1968"">Wed, Feb 7, 1968</a></th><td class=""left"" csk=""OAK.196802070NOB"" data-stat=""visitor_team_name""><a href=""/teams/OAK/1968.html"">Oakland Oaks</a></td><td class=""right"" data-stat=""visitor_pts"">107</td><td class=""left"" csk=""NOB.196802070NOB"" data-stat=""home_team_name""><a href=""/teams/NOB/1968.html"">New Orleans Buccaneers</a></td><td class=""right"" data-stat=""home_pts"">111</td><td class=""center"" data-stat=""box_score_text""><a href=""/boxscores/196802070NOB.html"">Box Score</a></td><td class=""center iz"" data-stat=""overtimes""></td><td class=""right iz"" data-stat=""attendance""></td><td class=""left"" data-stat=""game_remarks"">at Portland, OR</td></tr>"
37,"<tr><th class=""left"" csk=""196802070INA"" data-stat=""date_game"" scope=""row""><a href=""/boxscores/index.fcgi?month=2&amp;day=7&amp;year=1968"">Wed, Feb 7, 1968</a></th><td class=""left"" csk=""NJA.196802070INA"" data-stat=""visitor_team_name""><a href=""/teams/NJA/1968.html"">New Jersey Americans</a></td><td class=""right"" data-stat=""visitor_pts"">105</td><td class=""left"" csk=""INA.196802070INA"" data-stat=""home_team_name""><a href=""/teams/INA/1968.html"">Indiana Pacers</a></td><td class=""right"" data-stat=""home_pts"">106</td><td class=""center"" data-stat=""box_score_text""><a href=""/boxscores/196802070INA.html"">Box Score</a></td><td class=""center iz"" data-stat=""overtimes""></td><td class=""right iz"" data-stat=""attendance""></td><td class=""left iz"" data-stat=""game_remarks""></td></tr>"
39,"<tr><th class=""left"" csk=""196802070HSM"" data-stat=""date_game"" scope=""row""><a href=""/boxscores/index.fcgi?month=2&amp;day=7&amp;year=1968"">Wed, Feb 7, 1968</a></th><td class=""left"" csk=""PTP.196802070HSM"" data-stat=""visitor_team_name""><a href=""/teams/PTP/1968.html"">Pittsburgh Pipers</a></td><td class=""right"" data-stat=""visitor_pts"">112</td><td class=""left"" csk=""HSM.196802070HSM"" data-stat=""home_team_name""><a href=""/teams/HSM/1968.html"">Houston Mavericks</a></td><td class=""right"" data-stat=""home_pts"">133</td><td class=""center"" data-stat=""box_score_text""><a href=""/boxscores/196802070HSM.html"">Box Score</a></td><td class=""center iz"" data-stat=""overtimes""></td><td class=""right iz"" data-stat=""attendance""></td><td class=""left iz"" data-stat=""game_remarks""></td></tr>"
41,"<tr><th class=""left"" csk=""196802070DNR"" data-stat=""date_game"" scope=""row""><a href=""/boxscores/index.fcgi?month=2&amp;day=7&amp;year=1968"">Wed, Feb 7, 1968</a></th><td class=""left"" csk=""DLC.196802070DNR"" data-stat=""visitor_team_name""><a href=""/teams/DLC/1968.html"">Dallas Chaparrals</a></td><td class=""right"" data-stat=""visitor_pts"">87</td><td class=""left"" csk=""DNR.196802070DNR"" data-stat=""home_team_name""><a href=""/teams/DNR/1968.html"">Denver Rockets</a></td><td class=""right"" data-stat=""home_pts"">97</td><td class=""center"" data-stat=""box_score_text""><a href=""/boxscores/196802070DNR.html"">Box Score</a></td><td class=""center iz"" data-stat=""overtimes""></td><td class=""right iz"" data-stat=""attendance""></td><td class=""left iz"" data-stat=""game_remarks""></td></tr>"
43,"<tr><th class=""left"" csk=""196802080ANA"" data-stat=""date_game"" scope=""row""><a href=""/boxscores/index.fcgi?month=2&amp;day=8&amp;year=1968"">Thu, Feb 8, 1968</a></th><td class=""left"" csk=""NOB.196802080ANA"" data-stat=""visitor_team_name""><a href=""/teams/NOB/1968.html"">New Orleans Buccaneers</a></td><td class=""right"" data-stat=""visitor_pts"">118</td><td class=""left"" csk=""ANA.196802080ANA"" data-stat=""home_team_name""><a href=""/teams/ANA/1968.html"">Anaheim Amigos</a></td><td class=""right"" data-stat=""home_pts"">122</td><td class=""center"" data-stat=""box_score_text""><a href=""/boxscores/196802080ANA.html"">Box Score</a></td><td class=""center iz"" data-stat=""overtimes""></td><td class=""right iz"" data-stat=""attendance""></td><td class=""left iz"" data-stat=""game_remarks""></td></tr>"
45,"<tr><th class=""left"" csk=""196802080INA"" data-stat=""date_game"" scope=""row""><a href=""/boxscores/index.fcgi?month=2&amp;day=8&amp;year=1968"">Thu, Feb 8, 1968</a></th><td class=""left"" csk=""DNR.196802080INA"" data-stat=""visitor_team_name""><a href=""/teams/DNR/1968.html"">Denver Rockets</a></td><td class=""right"" data-stat=""visitor_pts"">98</td><td class=""left"" csk=""INA.196802080INA"" data-stat=""home_team_name""><a href=""/teams/INA/1968.html"">Indiana Pacers</a></td><td class=""right"" data-stat=""home_pts"">91</td><td class=""center"" data-stat=""box_score_text""><a href=""/boxscores/196802080INA.html"">Box Score</a></td><td class=""center iz"" data-stat=""overtimes""></td><td class=""right iz"" data-stat=""attendance""></td><td class=""left"" data-stat=""game_remarks"">at Kokomo, IN</td></tr>"
47,"<tr><th class=""left"" csk=""196802080NJA"" data-stat=""date_game"" scope=""row""><a href=""/boxscores/index.fcgi?month=2&amp;day=8&amp;year=1968"">Thu, Feb 8, 1968</a></th><td class=""left"" csk=""MNM.196802080NJA"" data-stat=""visitor_team_name""><a href=""/teams/MNM/1968.html"">Minnesota Muskies</a></td><td class=""right"" data-stat=""visitor_pts"">121</td><td class=""left"" csk=""NJA.196802080NJA"" data-stat=""home_team_name""><a href=""/teams/NJA/1968.html"">New Jersey Americans</a></td><td class=""right"" data-stat=""home_pts"">123</td><td class=""center"" data-stat=""box_score_text""><a href=""/boxscores/196802080NJA.html"">Box Score</a></td><td class=""center iz"" data-stat=""overtimes""></td><td class=""right iz"" data-stat=""attendance""></td><td class=""left iz"" data-stat=""game_remarks""></td></tr>"
49,"<tr><th class=""left"" csk=""196802090OAK"" data-stat=""date_game"" scope=""row""><a href=""/boxscores/index.fcgi?month=2&amp;day=9&amp;year=1968"">Fri, Feb 9, 1968</a></th><td class=""left"" csk=""PTP.196802090OAK"" data-stat=""visitor_team_name""><a href=""/teams/PTP/1968.html"">Pittsburgh Pipers</a></td><td class=""right"" data-stat=""visitor_pts"">129</td><td class=""left"" csk=""OAK.196802090OAK"" data-stat=""home_team_name""><a href=""/teams/OAK/1968.html"">Oakland Oaks</a></td><td class=""right"" data-stat=""home_pts"">104</td><td class=""center"" data-stat=""box_score_text""><a href=""/boxscores/196802090OAK.html"">Box Score</a></td><td class=""center iz"" data-stat=""overtimes""></td><td class=""right iz"" data-stat=""attendance""></td><td class=""left iz"" data-stat=""game_remarks""></td></tr>"
51,"<tr><th class=""left"" csk=""196802090KEN"" data-stat=""date_game"" scope=""row""><a href=""/boxscores/index.fcgi?month=2&amp;day=9&amp;year=1968"">Fri, Feb 9, 1968</a></th><td class=""left"" csk=""DNR.196802090KEN"" data-stat=""visitor_team_name""><a href=""/teams/DNR/1968.html"">Denver Rockets</a></td><td class=""right"" data-stat=""visitor_pts"">99</td><td class=""left"" csk=""KEN.196802090KEN"" data-stat=""home_team_name""><a href=""/teams/KEN/1968.html"">Kentucky Colonels</a></td><td class=""right"" data-stat=""home_pts"">106</td><td class=""center"" data-stat=""box_score_text""><a href=""/boxscores/196802090KEN.html"">Box Score</a></td><td class=""center"" data-stat=""overtimes"">OT</td><td class=""right iz"" data-stat=""attendance""></td><td class=""left iz"" data-stat=""game_remarks""></td></tr>"
53,"<tr><th class=""left"" csk=""196802100ANA"" data-stat=""date_game"" scope=""row""><a href=""/boxscores/index.fcgi?month=2&amp;day=10&amp;year=1968"">Sat, Feb 10, 1968</a></th><td class=""left"" csk=""PTP.196802100ANA"" data-stat=""visitor_team_name""><a href=""/teams/PTP/1968.html"">Pittsburgh Pipers</a></td><td class=""right"" data-stat=""visitor_pts"">120</td><td class=""left"" csk=""ANA.196802100ANA"" data-stat=""home_team_name""><a href=""/teams/ANA/1968.html"">Anaheim Amigos</a></td><td class=""right"" data-stat=""home_pts"">112</td><td class=""center"" data-stat=""box_score_text""><a href=""/boxscores/196802100ANA.html"">Box Score</a></td><td class=""center iz"" data-stat=""overtimes""></td><td class=""right iz"" data-stat=""attendance""></td><td class=""left"" data-stat=""game_remarks"">at Los Angeles, CA</td></tr>"
55,"<tr><th class=""left"" csk=""196802100NJA"" data-stat=""date_game"" scope=""row""><a href=""/boxscores/index.fcgi?month=2&amp;day=10&amp;year=1968"">Sat, Feb 10, 1968</a></th><td class=""left"" csk=""INA.196802100NJA"" data-stat=""visitor_team_name""><a href=""/teams/INA/1968.html"">Indiana Pacers</a></td><td class=""right"" data-stat=""visitor_pts"">112</td><td class=""left"" csk=""NJA.196802100NJA"" data-stat=""home_team_name""><a href=""/teams/NJA/1968.html"">New Jersey Americans</a></td><td class=""right"" data-stat=""home_pts"">124</td><td class=""center"" data-stat=""box_score_text""><a href=""/boxscores/196802100NJA.html"">Box Score</a></td><td class=""center iz"" data-stat=""overtimes""></td><td class=""right iz"" data-stat=""attendance""></td><td class=""left iz"" data-stat=""game_remarks""></td></tr>"
57,"<tr><th class=""left"" csk=""196802100NOB"" data-stat=""date_game"" scope=""row""><a href=""/boxscores/index.fcgi?month=2&amp;day=10&amp;year=1968"">Sat, Feb 10, 1968</a></th><td class=""left"" csk=""MNM.196802100NOB"" data-stat=""visitor_team_name""><a href=""/teams/MNM/1968.html"">Minnesota Muskies</a></td><td class=""right"" data-stat=""visitor_pts"">100</td><td class=""left"" csk=""NOB.196802100NOB"" data-stat=""home_team_name""><a href=""/teams/NOB/1968.html"">New Orleans Buccaneers</a></td><td class=""right"" data-stat=""home_pts"">126</td><td class=""center"" data-stat=""box_score_text""><a href=""/boxscores/196802100NOB.html"">Box Score</a></td><td class=""center iz"" data-stat=""overtimes""></td><td class=""right iz"" data-stat=""attendance""></td><td class=""left iz"" data-stat=""game_remarks""></td></tr>"
59,"<tr><th class=""left"" csk=""196802110OAK"" data-stat=""date_game"" scope=""row""><a href=""/boxscores/index.fcgi?month=2&amp;day=11&amp;year=1968"">Sun, Feb 11, 1968</a></th><td class=""left"" csk=""HSM.196802110OAK"" data-stat=""visitor_team_name""><a href=""/teams/HSM/1968.html"">Houston Mavericks</a></td><td class=""right"" data-stat=""visitor_pts"">127</td><td class=""left"" csk=""OAK.196802110OAK"" data-stat=""home_team_name""><a href=""/teams/OAK/1968.html"">Oakland Oaks</a></td><td class=""right"" data-stat=""home_pts"">117</td><td class=""center"" data-stat=""box_score_text""><a href=""/boxscores/196802110OAK.html"">Box Score</a></td><td class=""center iz"" data-stat=""overtimes""></td><td class=""right iz"" data-stat=""attendance""></td><td class=""left iz"" data-stat=""game_remarks""></td></tr>"
61,"<tr><th class=""left"" csk=""196802110NOB"" data-stat=""date_game"" scope=""row""><a href=""/boxscores/index.fcgi?month=2&amp;day=11&amp;year=1968"">Sun, Feb 11, 1968</a></th><td class=""left"" csk=""DNR.196802110NOB"" data-stat=""visitor_team_name""><a href=""/teams/DNR/1968.html"">Denver Rockets</a></td><td class=""right"" data-stat=""visitor_pts"">90</td><td class=""left"" csk=""NOB.196802110NOB"" data-stat=""home_team_name""><a href=""/teams/NOB/1968.html"">New Orleans Buccaneers</a></td><td class=""right"" data-stat=""home_pts"">98</td><td class=""center"" data-stat=""box_score_text""><a href=""/boxscores/196802110NOB.html"">Box Score</a></td><td class=""center iz"" data-stat=""overtimes""></td><td class=""right iz"" data-stat=""attendance""></td><td class=""left iz"" data-stat=""game_remarks""></td></tr>"
63,"<tr><th class=""left"" csk=""196802110KEN"" data-stat=""date_game"" scope=""row""><a href=""/boxscores/index.fcgi?month=2&amp;day=11&amp;year=1968"">Sun, Feb 11, 1968</a></th><td class=""left"" csk=""INA.196802110KEN"" data-stat=""visitor_team_name""><a href=""/teams/INA/1968.html"">Indiana Pacers</a></td><td class=""right"" data-stat=""visitor_pts"">90</td><td class=""left"" csk=""KEN.196802110KEN"" data-stat=""home_team_name""><a href=""/teams/KEN/1968.html"">Kentucky Colonels</a></td><td class=""right"" data-stat=""home_pts"">103</td><td class=""center"" data-stat=""box_score_text""><a href=""/boxscores/196802110KEN.html"">Box Score</a></td><td class=""center iz"" data-stat=""overtimes""></td><td class=""right iz"" data-stat=""attendance""></td><td class=""left iz"" data-stat=""game_remarks""></td></tr>"
65,"<tr><th class=""left"" csk=""196802110DLC"" data-stat=""date_game"" scope=""row""><a href=""/boxscores/index.fcgi?month=2&amp;day=11&amp;year=1968"">Sun, Feb 11, 1968</a></th><td class=""left"" csk=""MNM.196802110DLC"" data-stat=""visitor_team_name""><a href=""/teams/MNM/1968.html"">Minnesota Muskies</a></td><td class=""right"" data-stat=""visitor_pts"">121</td><td class=""left"" csk=""DLC.196802110DLC"" data-stat=""home_team_name""><a href=""/teams/DLC/1968.html"">Dallas Chaparrals</a></td><td class=""right"" data-stat=""home_pts"">119</td><td class=""center"" data-stat=""box_score_text""><a href=""/boxscores/196802110DLC.html"">Box Score</a></td><td class=""center"" data-stat=""overtimes"">OT</td><td class=""right iz"" data-stat=""attendance""></td><td class=""left iz"" data-stat=""game_remarks""></td></tr>"
67,"<tr><th class=""left"" csk=""196802120NJA"" data-stat=""date_game"" scope=""row""><a href=""/boxscores/index.fcgi?month=2&amp;day=12&amp;year=1968"">Mon, Feb 12, 1968</a></th><td class=""left"" csk=""NOB.196802120NJA"" data-stat=""visitor_team_name""><a href=""/teams/NOB/1968.html"">New Orleans Buccaneers</a></td><td class=""right"" data-stat=""visitor_pts"">109</td><td class=""left"" csk=""NJA.196802120NJA"" data-stat=""home_team_name""><a href=""/teams/NJA/1968.html"">New Jersey Americans</a></td><td class=""right"" data-stat=""home_pts"">118</td><td class=""center"" data-stat=""box_score_text""><a href=""/boxscores/196802120NJA.html"">Box Score</a></td><td class=""center iz"" data-stat=""overtimes""></td><td class=""right iz"" data-stat=""attendance""></td><td class=""left iz"" data-stat=""game_remarks""></td></tr>"
69,"<tr><th class=""left"" csk=""196802120KEN"" data-stat=""date_game"" scope=""row""><a href=""/boxscores/index.fcgi?month=2&amp;day=12&amp;year=1968"">Mon, Feb 12, 1968</a></th><td class=""left"" csk=""PTP.196802120KEN"" data-stat=""visitor_team_name""><a href=""/teams/PTP/1968.html"">Pittsburgh Pipers</a></td><td class=""right"" data-stat=""visitor_pts"">107</td><td class=""left"" csk=""KEN.196802120KEN"" data-stat=""home_team_name""><a href=""/teams/KEN/1968.html"">Kentucky Colonels</a></td><td class=""right"" data-stat=""home_pts"">131</td><td class=""center"" data-stat=""box_score_text""><a href=""/boxscores/196802120KEN.html"">Box Score</a></td><td class=""center iz"" data-stat=""overtimes""></td><td class=""right iz"" data-stat=""attendance""></td><td class=""left iz"" data-stat=""game_remarks""></td></tr>"
71,"<tr><th class=""left"" csk=""196802120DLC"" data-stat=""date_game"" scope=""row""><a href=""/boxscores/index.fcgi?month=2&amp;day=12&amp;year=1968"">Mon, Feb 12, 1968</a></th><td class=""left"" csk=""DNR.196802120DLC"" data-stat=""visitor_team_name""><a href=""/teams/DNR/1968.html"">Denver Rockets</a></td><td class=""right"" data-stat=""visitor_pts"">101</td><td class=""left"" csk=""DLC.196802120DLC"" data-stat=""home_team_name""><a href=""/teams/DLC/1968.html"">Dallas Chaparrals</a></td><td class=""right"" data-stat=""home_pts"">114</td><td class=""center"" data-stat=""box_score_text""><a href=""/boxscores/196802120DLC.html"">Box Score</a></td><td class=""center iz"" data-stat=""overtimes""></td><td class=""right iz"" data-stat=""attendance""></td><td class=""left iz"" data-stat=""game_remarks""></td></tr>"
73,"<tr><th class=""left"" csk=""196802120ANA"" data-stat=""date_game"" scope=""row""><a href=""/boxscores/index.fcgi?month=2&amp;day=12&amp;year=1968"">Mon, Feb 12, 1968</a></th><td class=""left"" csk=""HSM.196802120ANA"" data-stat=""visitor_team_name""><a href=""/teams/HSM/1968.html"">Houston Mavericks</a></td><td class=""right"" data-stat=""visitor_pts"">142</td><td class=""left"" csk=""ANA.196802120ANA"" data-stat=""home_team_name""><a href=""/teams/ANA/1968.html"">Anaheim Amigos</a></td><td class=""right"" data-stat=""home_pts"">145</td><td class=""center"" data-stat=""box_score_text""><a href=""/boxscores/196802120ANA.html"">Box Score</a></td><td class=""center"" data-stat=""overtimes"">OT</td><td class=""right iz"" data-stat=""attendance""></td><td class=""left iz"" data-stat=""game_remarks""></td></tr>"
75,"<tr><th class=""left"" csk=""196802130ANA"" data-stat=""date_game"" scope=""row""><a href=""/boxscores/index.fcgi?month=2&amp;day=13&amp;year=1968"">Tue, Feb 13, 1968</a></th><td class=""left"" csk=""KEN.196802130ANA"" data-stat=""visitor_team_name""><a href=""/teams/KEN/1968.html"">Kentucky Colonels</a></td><td class=""right"" data-stat=""visitor_pts"">104</td><td class=""left"" csk=""ANA.196802130ANA"" data-stat=""home_team_name""><a href=""/teams/ANA/1968.html"">Anaheim Amigos</a></td><td class=""right"" data-stat=""home_pts"">100</td><td class=""center"" data-stat=""box_score_text""><a href=""/boxscores/196802130ANA.html"">Box Score</a></td><td class=""center iz"" data-stat=""overtimes""></td><td class=""right iz"" data-stat=""attendance""></td><td class=""left iz"" data-stat=""game_remarks""></td></tr>"
77,"<tr><th class=""left"" csk=""196802130INA"" data-stat=""date_game"" scope=""row""><a href=""/boxscores/index.fcgi?month=2&amp;day=13&amp;year=1968"">Tue, Feb 13, 1968</a></th><td class=""left"" csk=""OAK.196802130INA"" data-stat=""visitor_team_name""><a href=""/teams/OAK/1968.html"">Oakland Oaks</a></td><td class=""right"" data-stat=""visitor_pts"">109</td><td class=""left"" csk=""INA.196802130INA"" data-stat=""home_team_name""><a href=""/teams/INA/1968.html"">Indiana Pacers</a></td><td class=""right"" data-stat=""home_pts"">120</td><td class=""center"" data-stat=""box_score_text""><a href=""/boxscores/196802130INA.html"">Box Score</a></td><td class=""center iz"" data-stat=""overtimes""></td><td class=""right iz"" data-stat=""attendance""></td><td class=""left iz"" data-stat=""game_remarks""></td></tr>"
79,"<tr><th class=""left"" csk=""196802130PTP"" data-stat=""date_game"" scope=""row""><a href=""/boxscores/index.fcgi?month=2&amp;day=13&amp;year=1968"">Tue, Feb 13, 1968</a></th><td class=""left"" csk=""NJA.196802130PTP"" data-stat=""visitor_team_name""><a href=""/teams/NJA/1968.html"">New Jersey Americans</a></td><td class=""right"" data-stat=""visitor_pts"">114</td><td class=""left"" csk=""PTP.196802130PTP"" data-stat=""home_team_name""><a href=""/teams/PTP/1968.html"">Pittsburgh Pipers</a></td><td class=""right"" data-stat=""home_pts"">118</td><td class=""center"" data-stat=""box_score_text""><a href=""/boxscores/196802130PTP.html"">Box Score</a></td><td class=""center iz"" data-stat=""overtimes""></td><td class=""right iz"" data-stat=""attendance""></td><td class=""left"" data-stat=""game_remarks"">at Altoona, PA</td></tr>"
81,"<tr><th class=""left"" csk=""196802140NJA"" data-stat=""date_game"" scope=""row""><a href=""/boxscores/index.fcgi?month=2&amp;day=14&amp;year=1968"">Wed, Feb 14, 1968</a></th><td class=""left"" csk=""OAK.196802140NJA"" data-stat=""visitor_team_name""><a href=""/teams/OAK/1968.html"">Oakland Oaks</a></td><td class=""right"" data-stat=""visitor_pts"">110</td><td class=""left"" csk=""NJA.196802140NJA"" data-stat=""home_team_name""><a href=""/teams/NJA/1968.html"">New Jersey Americans</a></td><td class=""right"" data-stat=""home_pts"">121</td><td class=""center"" data-stat=""box_score_text""><a href=""/boxscores/196802140NJA.html"">Box Score</a></td><td class=""center iz"" data-stat=""overtimes""></td><td class=""right iz"" data-stat=""attendance""></td><td class=""left iz"" data-stat=""game_remarks""></td></tr>"
83,"<tr><th class=""left"" csk=""196802140MNM"" data-stat=""date_game"" scope=""row""><a href=""/boxscores/index.fcgi?month=2&amp;day=14&amp;year=1968"">Wed, Feb 14, 1968</a></th><td class=""left"" csk=""INA.196802140MNM"" data-stat=""visitor_team_name""><a href=""/teams/INA/1968.html"">Indiana Pacers</a></td><td class=""right"" data-stat=""visitor_pts"">96</td><td class=""left"" csk=""MNM.196802140MNM"" data-stat=""home_team_name""><a href=""/teams/MNM/1968.html"">Minnesota Muskies</a></td><td class=""right"" data-stat=""home_pts"">99</td><td class=""center"" data-stat=""box_score_text""><a href=""/boxscores/196802140MNM.html"">Box Score</a></td><td class=""center iz"" data-stat=""overtimes""></td><td class=""right iz"" data-stat=""attendance""></td><td class=""left iz"" data-stat=""game_remarks""></td></tr>"
85,"<tr><th class=""left"" csk=""196802140HSM"" data-stat=""date_game"" scope=""row""><a href=""/boxscores/index.fcgi?month=2&amp;day=14&amp;year=1968"">Wed, Feb 14, 1968</a></th><td class=""left"" csk=""NOB.196802140HSM"" data-stat=""visitor_team_name""><a href=""/teams/NOB/1968.html"">New Orleans Buccaneers</a></td><td class=""right"" data-stat=""visitor_pts"">106</td><td class=""left"" csk=""HSM.196802140HSM"" data-stat=""home_team_name""><a href=""/teams/HSM/1968.html"">Houston Mavericks</a></td><td class=""right"" data-stat=""home_pts"">97</td><td class=""center"" data-stat=""box_score_text""><a href=""/boxscores/196802140HSM.html"">Box Score</a></td><td class=""center iz"" data-stat=""overtimes""></td><td class=""right iz"" data-stat=""attendance""></td><td class=""left iz"" data-stat=""game_remarks""></td></tr>"
87,"<tr><th class=""left"" csk=""196802150DLC"" data-stat=""date_game"" scope=""row""><a href=""/boxscores/index.fcgi?month=2&amp;day=15&amp;year=1968"">Thu, Feb 15, 1968</a></th><td class=""left"" csk=""NOB.196802150DLC"" data-stat=""visitor_team_name""><a href=""/teams/NOB/1968.html"">New Orleans Buccaneers</a></td><td class=""right"" data-stat=""visitor_pts"">113</td><td class=""left"" csk=""DLC.196802150DLC"" data-stat=""home_team_name""><a href=""/teams/DLC/1968.html"">Dallas Chaparrals</a></td><td class=""right"" data-stat=""home_pts"">121</td><td class=""center"" data-stat=""box_score_text""><a href=""/boxscores/196802150DLC.html"">Box Score</a></td><td class=""center"" data-stat=""overtimes"">OT</td><td class=""right iz"" data-stat=""attendance""></td><td class=""left iz"" data-stat=""game_remarks""></td></tr>"
89,"<tr><th class=""left"" csk=""196802150DNR"" data-stat=""date_game"" scope=""row""><a href=""/boxscores/index.fcgi?month=2&amp;day=15&amp;year=1968"">Thu, Feb 15, 1968</a></th><td class=""left"" csk=""ANA.196802150DNR"" data-stat=""visitor_team_name""><a href=""/teams/ANA/1968.html"">Anaheim Amigos</a></td><td class=""right"" data-stat=""visitor_pts"">108</td><td class=""left"" csk=""DNR.196802150DNR"" data-stat=""home_team_name""><a href=""/teams/DNR/1968.html"">Denver Rockets</a></td><td class=""right"" data-stat=""home_pts"">142</td><td class=""center"" data-stat=""box_score_text""><a href=""/boxscores/196802150DNR.html"">Box Score</a></td><td class=""center iz"" data-stat=""overtimes""></td><td class=""right iz"" data-stat=""attendance""></td><td class=""left iz"" data-stat=""game_remarks""></td></tr>"
91,"<tr><th class=""left"" csk=""196802150INA"" data-stat=""date_game"" scope=""row""><a href=""/boxscores/index.fcgi?month=2&amp;day=15&amp;year=1968"">Thu, Feb 15, 1968</a></th><td class=""left"" csk=""MNM.196802150INA"" data-stat=""visitor_team_name""><a href=""/teams/MNM/1968.html"">Minnesota Muskies</a></td><td class=""right"" data-stat=""visitor_pts"">122</td><td class=""left"" csk=""INA.196802150INA"" data-stat=""home_team_name""><a href=""/teams/INA/1968.html"">Indiana Pacers</a></td><td class=""right"" data-stat=""home_pts"">101</td><td class=""center"" data-stat=""box_score_text""><a href=""/boxscores/196802150INA.html"">Box Score</a></td><td class=""center iz"" data-stat=""overtimes""></td><td class=""right iz"" data-stat=""attendance""></td><td class=""left"" data-stat=""game_remarks"">at Dayton, OH</td></tr>"
93,"<tr><th class=""left"" csk=""196802160OAK"" data-stat=""date_game"" scope=""row""><a href=""/boxscores/index.fcgi?month=2&amp;day=16&amp;year=1968"">Fri, Feb 16, 1968</a></th><td class=""left"" csk=""KEN.196802160OAK"" data-stat=""visitor_team_name""><a href=""/teams/KEN/1968.html"">Kentucky Colonels</a></td><td class=""right"" data-stat=""visitor_pts"">93</td><td class=""left"" csk=""OAK.196802160OAK"" data-stat=""home_team_name""><a href=""/teams/OAK/1968.html"">Oakland Oaks</a></td><td class=""right"" data-stat=""home_pts"">99</td><td class=""center"" data-stat=""box_score_text""><a href=""/boxscores/196802160OAK.html"">Box Score</a></td><td class=""center iz"" data-stat=""overtimes""></td><td class=""right iz"" data-stat=""attendance""></td><td class=""left iz"" data-stat=""game_remarks""></td></tr>"
95,"<tr><th class=""left"" csk=""196802160NJA"" data-stat=""date_game"" scope=""row""><a href=""/boxscores/index.fcgi?month=2&amp;day=16&amp;year=1968"">Fri, Feb 16, 1968</a></th><td class=""left"" csk=""ANA.196802160NJA"" data-stat=""visitor_team_name""><a href=""/teams/ANA/1968.html"">Anaheim Amigos</a></td><td class=""right"" data-stat=""visitor_pts"">119</td><td class=""left"" csk=""NJA.196802160NJA"" data-stat=""home_team_name""><a href=""/teams/NJA/1968.html"">New Jersey Americans</a></td><td class=""right"" data-stat=""home_pts"">130</td><td class=""center"" data-stat=""box_score_text""><a href=""/boxscores/196802160NJA.html"">Box Score</a></td><td class=""center iz"" data-stat=""overtimes""></td><td class=""right iz"" data-stat=""attendance""></td><td class=""left iz"" data-stat=""game_remarks""></td></tr>"
97,"<tr><th class=""left"" csk=""196802160MNM"" data-stat=""date_game"" scope=""row""><a href=""/boxscores/index.fcgi?month=2&amp;day=16&amp;year=1968"">Fri, Feb 16, 1968</a></th><td class=""left"" csk=""HSM.196802160MNM"" data-stat=""visitor_team_name""><a href=""/teams/HSM/1968.html"">Houston Mavericks</a></td><td class=""right"" data-stat=""visitor_pts"">99</td><td class=""left"" csk=""MNM.196802160MNM"" data-stat=""home_team_name""><a href=""/teams/MNM/1968.html"">Minnesota Muskies</a></td><td class=""right"" data-stat=""home_pts"">95</td><td class=""center"" data-stat=""box_score_text""><a href=""/boxscores/196802160MNM.html"">Box Score</a></td><td class=""center iz"" data-stat=""overtimes""></td><td class=""right iz"" data-stat=""attendance""></td><td class=""left iz"" data-stat=""game_remarks""></td></tr>"
99,"<tr><th class=""left"" csk=""196802160DLC"" data-stat=""date_game"" scope=""row""><a href=""/boxscores/index.fcgi?month=2&amp;day=16&amp;year=1968"">Fri, Feb 16, 1968</a></th><td class=""left"" csk=""DNR.196802160DLC"" data-stat=""visitor_team_name""><a href=""/teams/DNR/1968.html"">Denver Rockets</a></td><td class=""right"" data-stat=""visitor_pts"">112</td><td class=""left"" csk=""DLC.196802160DLC"" data-stat=""home_team_name""><a href=""/teams/DLC/1968.html"">Dallas Chaparrals</a></td><td class=""right"" data-stat=""home_pts"">116</td><td class=""center"" data-stat=""box_score_text""><a href=""/boxscores/196802160DLC.html"">Box Score</a></td><td class=""center iz"" data-stat=""overtimes""></td><td class=""right iz"" data-stat=""attendance""></td><td class=""left iz"" data-stat=""game_remarks""></td></tr>"
101,"<tr><th class=""left"" csk=""196802170PTP"" data-stat=""date_game"" scope=""row""><a href=""/boxscores/index.fcgi?month=2&amp;day=17&amp;year=1968"">Sat, Feb 17, 1968</a></th><td class=""left"" csk=""NOB.196802170PTP"" data-stat=""visitor_team_name""><a href=""/teams/NOB/1968.html"">New Orleans Buccaneers</a></td><td class=""right"" data-stat=""visitor_pts"">121</td><td class=""left"" csk=""PTP.196802170PTP"" data-stat=""home_team_name""><a href=""/teams/PTP/1968.html"">Pittsburgh Pipers</a></td><td class=""right"" data-stat=""home_pts"">129</td><td class=""center"" data-stat=""box_score_text""><a href=""/boxscores/196802170PTP.html"">Box Score</a></td><td class=""center iz"" data-stat=""overtimes""></td><td class=""right iz"" data-stat=""attendance""></td><td class=""left iz"" data-stat=""game_remarks""></td></tr>"
103,"<tr><th class=""left"" csk=""196802170INA"" data-stat=""date_game"" scope=""row""><a href=""/boxscores/index.fcgi?month=2&amp;day=17&amp;year=1968"">Sat, Feb 17, 1968</a></th><td class=""left"" csk=""HSM.196802170INA"" data-stat=""visitor_team_name""><a href=""/teams/HSM/1968.html"">Houston Mavericks</a></td><td class=""right"" data-stat=""visitor_pts"">99</td><td class=""left"" csk=""INA.196802170INA"" data-stat=""home_team_name""><a href=""/teams/INA/1968.html"">Indiana Pacers</a></td><td class=""right"" data-stat=""home_pts"">115</td><td class=""center"" data-stat=""box_score_text""><a href=""/boxscores/196802170INA.html"">Box Score</a></td><td class=""center iz"" data-stat=""overtimes""></td><td class=""right iz"" data-stat=""attendance""></td><td class=""left iz"" data-stat=""game_remarks""></td></tr>"
105,"<tr><th class=""left"" csk=""196802170DNR"" data-stat=""date_game"" scope=""row""><a href=""/boxscores/index.fcgi?month=2&amp;day=17&amp;year=1968"">Sat, Feb 17, 1968</a></th><td class=""left"" csk=""KEN.196802170DNR"" data-stat=""visitor_team_name""><a href=""/teams/KEN/1968.html"">Kentucky Colonels</a></td><td class=""right"" data-stat=""visitor_pts"">106</td><td class=""left"" csk=""DNR.196802170DNR"" data-stat=""home_team_name""><a href=""/teams/DNR/1968.html"">Denver Rockets</a></td><td class=""right"" data-stat=""home_pts"">116</td><td class=""center"" data-stat=""box_score_text""><a href=""/boxscores/196802170DNR.html"">Box Score</a></td><td class=""center iz"" data-stat=""overtimes""></td><td class=""right iz"" data-stat=""attendance""></td><td class=""left iz"" data-stat=""game_remarks""></td></tr>"
107,"<tr><th class=""left"" csk=""196802170DLC"" data-stat=""date_game"" scope=""row""><a href=""/boxscores/index.fcgi?month=2&amp;day=17&amp;year=1968"">Sat, Feb 17, 1968</a></th><td class=""left"" csk=""ANA.196802170DLC"" data-stat=""visitor_team_name""><a href=""/teams/ANA/1968.html"">Anaheim Amigos</a></td><td class=""right"" data-stat=""visitor_pts"">100</td><td class=""left"" csk=""DLC.196802170DLC"" data-stat=""home_team_name""><a href=""/teams/DLC/1968.html"">Dallas Chaparrals</a></td><td class=""right"" data-stat=""home_pts"">107</td><td class=""center"" data-stat=""box_score_text""><a href=""/boxscores/196802170DLC.html"">Box Score</a></td><td class=""center iz"" data-stat=""overtimes""></td><td class=""right iz"" data-stat=""attendance""></td><td class=""left iz"" data-stat=""game_remarks""></td></tr>"
109,"<tr><th class=""left"" csk=""196802180HSM"" data-stat=""date_game"" scope=""row""><a href=""/boxscores/index.fcgi?month=2&amp;day=18&amp;year=1968"">Sun, Feb 18, 1968</a></th><td class=""left"" csk=""DLC.196802180HSM"" data-stat=""visitor_team_name""><a href=""/teams/DLC/1968.html"">Dallas Chaparrals</a></td><td class=""right"" data-stat=""visitor_pts"">93</td><td class=""left"" csk=""HSM.196802180HSM"" data-stat=""home_team_name""><a href=""/teams/HSM/1968.html"">Houston Mavericks</a></td><td class=""right"" data-stat=""home_pts"">110</td><td class=""center"" data-stat=""box_score_text""><a href=""/boxscores/196802180HSM.html"">Box Score</a></td><td class=""center iz"" data-stat=""overtimes""></td><td class=""right iz"" data-stat=""attendance""></td><td class=""left iz"" data-stat=""game_remarks""></td></tr>"
111,"<tr><th class=""left"" csk=""196802180NOB"" data-stat=""date_game"" scope=""row""><a href=""/boxscores/index.fcgi?month=2&amp;day=18&amp;year=1968"">Sun, Feb 18, 1968</a></th><td class=""left"" csk=""OAK.196802180NOB"" data-stat=""visitor_team_name""><a href=""/teams/OAK/1968.html"">Oakland Oaks</a></td><td class=""right"" data-stat=""visitor_pts"">111</td><td class=""left"" csk=""NOB.196802180NOB"" data-stat=""home_team_name""><a href=""/teams/NOB/1968.html"">New Orleans Buccaneers</a></td><td class=""right"" data-stat=""home_pts"">132</td><td class=""center"" data-stat=""box_score_text""><a href=""/boxscores/196802180NOB.html"">Box Score</a></td><td class=""center iz"" data-stat=""overtimes""></td><td class=""right iz"" data-stat=""attendance""></td><td class=""left iz"" data-stat=""game_remarks""></td></tr>"
113,"<tr><th class=""left"" csk=""196802180PTP"" data-stat=""date_game"" scope=""row""><a href=""/boxscores/index.fcgi?month=2&amp;day=18&amp;year=1968"">Sun, Feb 18, 1968</a></th><td class=""left"" csk=""DNR.196802180PTP"" data-stat=""visitor_team_name""><a href=""/teams/DNR/1968.html"">Denver Rockets</a></td><td class=""right"" data-stat=""visitor_pts"">92</td><td class=""left"" csk=""PTP.196802180PTP"" data-stat=""home_team_name""><a href=""/teams/PTP/1968.html"">Pittsburgh Pipers</a></td><td class=""right"" data-stat=""home_pts"">103</td><td class=""center"" data-stat=""box_score_text""><a href=""/boxscores/196802180PTP.html"">Box Score</a></td><td class=""center iz"" data-stat=""overtimes""></td><td class=""right iz"" data-stat=""attendance""></td><td class=""left iz"" data-stat=""game_remarks""></td></tr>"
115,"<tr><th class=""left"" csk=""196802190HSM"" data-stat=""date_game"" scope=""row""><a href=""/boxscores/index.fcgi?month=2&amp;day=19&amp;year=1968"">Mon, Feb 19, 1968</a></th><td class=""left"" csk=""OAK.196802190HSM"" data-stat=""visitor_team_name""><a href=""/teams/OAK/1968.html"">Oakland Oaks</a></td><td class=""right"" data-stat=""visitor_pts"">111</td><td class=""left"" csk=""HSM.196802190HSM"" data-stat=""home_team_name""><a href=""/teams/HSM/1968.html"">Houston Mavericks</a></td><td class=""right"" data-stat=""home_pts"">118</td><td class=""center"" data-stat=""box_score_text""><a href=""/boxscores/196802190HSM.html"">Box Score</a></td><td class=""center iz"" data-stat=""overtimes""></td><td class=""right iz"" data-stat=""attendance""></td><td class=""left iz"" data-stat=""game_remarks""></td></tr>"
117,"<tr><th class=""left"" csk=""196802190INA"" data-stat=""date_game"" scope=""row""><a href=""/boxscores/index.fcgi?month=2&amp;day=19&amp;year=1968"">Mon, Feb 19, 1968</a></th><td class=""left"" csk=""KEN.196802190INA"" data-stat=""visitor_team_name""><a href=""/teams/KEN/1968.html"">Kentucky Colonels</a></td><td class=""right"" data-stat=""visitor_pts"">134</td><td class=""left"" csk=""INA.196802190INA"" data-stat=""home_team_name""><a href=""/teams/INA/1968.html"">Indiana Pacers</a></td><td class=""right"" data-stat=""home_pts"">129</td><td class=""center"" data-stat=""box_score_text""><a href=""/boxscores/196802190INA.html"">Box Score</a></td><td class=""center iz"" data-stat=""overtimes""></td><td class=""right iz"" data-stat=""attendance""></td><td class=""left"" data-stat=""game_remarks"">at Madison, IN</td></tr>"
119,"<tr><th class=""left"" csk=""196802190MNM"" data-stat=""date_game"" scope=""row""><a href=""/boxscores/index.fcgi?month=2&amp;day=19&amp;year=1968"">Mon, Feb 19, 1968</a></th><td class=""left"" csk=""PTP.196802190MNM"" data-stat=""visitor_team_name""><a href=""/teams/PTP/1968.html"">Pittsburgh Pipers</a></td><td class=""right"" data-stat=""visitor_pts"">120</td><td class=""left"" csk=""MNM.196802190MNM"" data-stat=""home_team_name""><a href=""/teams/MNM/1968.html"">Minnesota Muskies</a></td><td class=""right"" data-stat=""home_pts"">115</td><td class=""center"" data-stat=""box_score_text""><a href=""/boxscores/196802190MNM.html"">Box Score</a></td><td class=""center iz"" data-stat=""overtimes""></td><td class=""right iz"" data-stat=""attendance""></td><td class=""left iz"" data-stat=""game_remarks""></td></tr>"
121,"<tr><th class=""left"" csk=""196802200PTP"" data-stat=""date_game"" scope=""row""><a href=""/boxscores/index.fcgi?month=2&amp;day=20&amp;year=1968"">Tue, Feb 20, 1968</a></th><td class=""left"" csk=""ANA.196802200PTP"" data-stat=""visitor_team_name""><a href=""/teams/ANA/1968.html"">Anaheim Amigos</a></td><td class=""right"" data-stat=""visitor_pts"">114</td><td class=""left"" csk=""PTP.196802200PTP"" data-stat=""home_team_name""><a href=""/teams/PTP/1968.html"">Pittsburgh Pipers</a></td><td class=""right"" data-stat=""home_pts"">121</td><td class=""center"" data-stat=""box_score_text""><a href=""/boxscores/196802200PTP.html"">Box Score</a></td><td class=""center iz"" data-stat=""overtimes""></td><td class=""right iz"" data-stat=""attendance""></td><td class=""left iz"" data-stat=""game_remarks""></td></tr>"
123,"<tr><th class=""left"" csk=""196802200MNM"" data-stat=""date_game"" scope=""row""><a href=""/boxscores/index.fcgi?month=2&amp;day=20&amp;year=1968"">Tue, Feb 20, 1968</a></th><td class=""left"" csk=""DNR.196802200MNM"" data-stat=""visitor_team_name""><a href=""/teams/DNR/1968.html"">Denver Rockets</a></td><td class=""right"" data-stat=""visitor_pts"">117</td><td class=""left"" csk=""MNM.196802200MNM"" data-stat=""home_team_name""><a href=""/teams/MNM/1968.html"">Minnesota Muskies</a></td><td class=""right"" data-stat=""home_pts"">119</td><td class=""center"" data-stat=""box_score_text""><a href=""/boxscores/196802200MNM.html"">Box Score</a></td><td class=""center iz"" data-stat=""overtimes""></td><td class=""right iz"" data-stat=""attendance""></td><td class=""left iz"" data-stat=""game_remarks""></td></tr>"
125,"<tr><th class=""left"" csk=""196802200DLC"" data-stat=""date_game"" scope=""row""><a href=""/boxscores/index.fcgi?month=2&amp;day=20&amp;year=1968"">Tue, Feb 20, 1968</a></th><td class=""left"" csk=""OAK.196802200DLC"" data-stat=""visitor_team_name""><a href=""/teams/OAK/1968.html"">Oakland Oaks</a></td><td class=""right"" data-stat=""visitor_pts"">130</td><td class=""left"" csk=""DLC.196802200DLC"" data-stat=""home_team_name""><a href=""/teams/DLC/1968.html"">Dallas Chaparrals</a></td><td class=""right"" data-stat=""home_pts"">148</td><td class=""center"" data-stat=""box_score_text""><a href=""/boxscores/196802200DLC.html"">Box Score</a></td><td class=""center iz"" data-stat=""overtimes""></td><td class=""right iz"" data-stat=""attendance""></td><td class=""left iz"" data-stat=""game_remarks""></td></tr>"
127,"<tr><th class=""left"" csk=""196802210HSM"" data-stat=""date_game"" scope=""row""><a href=""/boxscores/index.fcgi?month=2&amp;day=21&amp;year=1968"">Wed, Feb 21, 1968</a></th><td class=""left"" csk=""DLC.196802210HSM"" data-stat=""visitor_team_name""><a href=""/teams/DLC/1968.html"">Dallas Chaparrals</a></td><td class=""right"" data-stat=""visitor_pts"">122</td><td class=""left"" csk=""HSM.196802210HSM"" data-stat=""home_team_name""><a href=""/teams/HSM/1968.html"">Houston Mavericks</a></td><td class=""right"" data-stat=""home_pts"">119</td><td class=""center"" data-stat=""box_score_text""><a href=""/boxscores/196802210HSM.html"">Box Score</a></td><td class=""center iz"" data-stat=""overtimes""></td><td class=""right iz"" data-stat=""attendance""></td><td class=""left iz"" data-stat=""game_remarks""></td></tr>"
129,"<tr><th class=""left"" csk=""196802210INA"" data-stat=""date_game"" scope=""row""><a href=""/boxscores/index.fcgi?month=2&amp;day=21&amp;year=1968"">Wed, Feb 21, 1968</a></th><td class=""left"" csk=""DNR.196802210INA"" data-stat=""visitor_team_name""><a href=""/teams/DNR/1968.html"">Denver Rockets</a></td><td class=""right"" data-stat=""visitor_pts"">110</td><td class=""left"" csk=""INA.196802210INA"" data-stat=""home_team_name""><a href=""/teams/INA/1968.html"">Indiana Pacers</a></td><td class=""right"" data-stat=""home_pts"">123</td><td class=""center"" data-stat=""box_score_text""><a href=""/boxscores/196802210INA.html"">Box Score</a></td><td class=""center iz"" data-stat=""overtimes""></td><td class=""right iz"" data-stat=""attendance""></td><td class=""left iz"" data-stat=""game_remarks""></td></tr>"
131,"<tr><th class=""left"" csk=""196802220MNM"" data-stat=""date_game"" scope=""row""><a href=""/boxscores/index.fcgi?month=2&amp;day=22&amp;year=1968"">Thu, Feb 22, 1968</a></th><td class=""left"" csk=""ANA.196802220MNM"" data-stat=""visitor_team_name""><a href=""/teams/ANA/1968.html"">Anaheim Amigos</a></td><td class=""right"" data-stat=""visitor_pts"">112</td><td class=""left"" csk=""MNM.196802220MNM"" data-stat=""home_team_name""><a href=""/teams/MNM/1968.html"">Minnesota Muskies</a></td><td class=""right"" data-stat=""home_pts"">128</td><td class=""center"" data-stat=""box_score_text""><a href=""/boxscores/196802220MNM.html"">Box Score</a></td><td class=""center iz"" data-stat=""overtimes""></td><td class=""right iz"" data-stat=""attendance""></td><td class=""left iz"" data-stat=""game_remarks""></td></tr>"
133,"<tr><th class=""left"" csk=""196802220OAK"" data-stat=""date_game"" scope=""row""><a href=""/boxscores/index.fcgi?month=2&amp;day=22&amp;year=1968"">Thu, Feb 22, 1968</a></th><td class=""left"" csk=""HSM.196802220OAK"" data-stat=""visitor_team_name""><a href=""/teams/HSM/1968.html"">Houston Mavericks</a></td><td class=""right"" data-stat=""visitor_pts"">125</td><td class=""left"" csk=""OAK.196802220OAK"" data-stat=""home_team_name""><a href=""/teams/OAK/1968.html"">Oakland Oaks</a></td><td class=""right"" data-stat=""home_pts"">118</td><td class=""center"" data-stat=""box_score_text""><a href=""/boxscores/196802220OAK.html"">Box Score</a></td><td class=""center iz"" data-stat=""overtimes""></td><td class=""right iz"" data-stat=""attendance""></td><td class=""left iz"" data-stat=""game_remarks""></td></tr>"
135,"<tr><th class=""left"" csk=""196802230PTP"" data-stat=""date_game"" scope=""row""><a href=""/boxscores/index.fcgi?month=2&amp;day=23&amp;year=1968"">Fri, Feb 23, 1968</a></th><td class=""left"" csk=""MNM.196802230PTP"" data-stat=""visitor_team_name""><a href=""/teams/MNM/1968.html"">Minnesota Muskies</a></td><td class=""right"" data-stat=""visitor_pts"">102</td><td class=""left"" csk=""PTP.196802230PTP"" data-stat=""home_team_name""><a href=""/teams/PTP/1968.html"">Pittsburgh Pipers</a></td><td class=""right"" data-stat=""home_pts"">110</td><td class=""center"" data-stat=""box_score_text""><a href=""/boxscores/196802230PTP.html"">Box Score</a></td><td class=""center iz"" data-stat=""overtimes""></td><td class=""right iz"" data-stat=""attendance""></td><td class=""left iz"" data-stat=""game_remarks""></td></tr>"
137,"<tr><th class=""left"" csk=""196802230NOB"" data-stat=""date_game"" scope=""row""><a href=""/boxscores/index.fcgi?month=2&amp;day=23&amp;year=1968"">Fri, Feb 23, 1968</a></th><td class=""left"" csk=""DNR.196802230NOB"" data-stat=""visitor_team_name""><a href=""/teams/DNR/1968.html"">Denver Rockets</a></td><td class=""right"" data-stat=""visitor_pts"">108</td><td class=""left"" csk=""NOB.196802230NOB"" data-stat=""home_team_name""><a href=""/teams/NOB/1968.html"">New Orleans Buccaneers</a></td><td class=""right"" data-stat=""home_pts"">102</td><td class=""center"" data-stat=""box_score_text""><a href=""/boxscores/196802230NOB.html"">Box Score</a></td><td class=""center iz"" data-stat=""overtimes""></td><td class=""right iz"" data-stat=""attendance""></td><td class=""left iz"" data-stat=""game_remarks""></td></tr>"
139,"<tr><th class=""left"" csk=""196802240DNR"" data-stat=""date_game"" scope=""row""><a href=""/boxscores/index.fcgi?month=2&amp;day=24&amp;year=1968"">Sat, Feb 24, 1968</a></th><td class=""left"" csk=""NJA.196802240DNR"" data-stat=""visitor_team_name""><a href=""/teams/NJA/1968.html"">New Jersey Americans</a></td><td class=""right"" data-stat=""visitor_pts"">108</td><td class=""left"" csk=""DNR.196802240DNR"" data-stat=""home_team_name""><a href=""/teams/DNR/1968.html"">Denver Rockets</a></td><td class=""right"" data-stat=""home_pts"">110</td><td class=""center"" data-stat=""box_score_text""><a href=""/boxscores/196802240DNR.html"">Box Score</a></td><td class=""center iz"" data-stat=""overtimes""></td><td class=""right iz"" data-stat=""attendance""></td><td class=""left iz"" data-stat=""game_remarks""></td></tr>"
141,"<tr><th class=""left"" csk=""196802250OAK"" data-stat=""date_game"" scope=""row""><a href=""/boxscores/index.fcgi?month=2&amp;day=25&amp;year=1968"">Sun, Feb 25, 1968</a></th><td class=""left"" csk=""DLC.196802250OAK"" data-stat=""visitor_team_name""><a href=""/teams/DLC/1968.html"">Dallas Chaparrals</a></td><td class=""right"" data-stat=""visitor_pts"">105</td><td class=""left"" csk=""OAK.196802250OAK"" data-stat=""home_team_name""><a href=""/teams/OAK/1968.html"">Oakland Oaks</a></td><td class=""right"" data-stat=""home_pts"">115</td><td class=""center"" data-stat=""box_score_text""><a href=""/boxscores/196802250OAK.html"">Box Score</a></td><td class=""center iz"" data-stat=""overtimes""></td><td class=""right iz"" data-stat=""attendance""></td><td class=""left iz"" data-stat=""game_remarks""></td></tr>"
143,"<tr><th class=""left"" csk=""196802250MNM"" data-stat=""date_game"" scope=""row""><a href=""/boxscores/index.fcgi?month=2&amp;day=25&amp;year=1968"">Sun, Feb 25, 1968</a></th><td class=""left"" csk=""NJA.196802250MNM"" data-stat=""visitor_team_name""><a href=""/teams/NJA/1968.html"">New Jersey Americans</a></td><td class=""right"" data-stat=""visitor_pts"">83</td><td class=""left"" csk=""MNM.196802250MNM"" data-stat=""home_team_name""><a href=""/teams/MNM/1968.html"">Minnesota Muskies</a></td><td class=""right"" data-stat=""home_pts"">92</td><td class=""center"" data-stat=""box_score_text""><a href=""/boxscores/196802250MNM.html"">Box Score</a></td><td class=""center iz"" data-stat=""overtimes""></td><td class=""right iz"" data-stat=""attendance""></td><td class=""left iz"" data-stat=""game_remarks""></td></tr>"
145,"<tr><th class=""left"" csk=""196802250INA"" data-stat=""date_game"" scope=""row""><a href=""/boxscores/index.fcgi?month=2&amp;day=25&amp;year=1968"">Sun, Feb 25, 1968</a></th><td class=""left"" csk=""KEN.196802250INA"" data-stat=""visitor_team_name""><a href=""/teams/KEN/1968.html"">Kentucky Colonels</a></td><td class=""right"" data-stat=""visitor_pts"">93</td><td class=""left"" csk=""INA.196802250INA"" data-stat=""home_team_name""><a href=""/teams/INA/1968.html"">Indiana Pacers</a></td><td class=""right"" data-stat=""home_pts"">100</td><td class=""center"" data-stat=""box_score_text""><a href=""/boxscores/196802250INA.html"">Box Score</a></td><td class=""center iz"" data-stat=""overtimes""></td><td class=""right iz"" data-stat=""attendance""></td><td class=""left iz"" data-stat=""game_remarks""></td></tr>"
147,"<tr><th class=""left"" csk=""196802250ANA"" data-stat=""date_game"" scope=""row""><a href=""/boxscores/index.fcgi?month=2&amp;day=25&amp;year=1968"">Sun, Feb 25, 1968</a></th><td class=""left"" csk=""HSM.196802250ANA"" data-stat=""visitor_team_name""><a href=""/teams/HSM/1968.html"">Houston Mavericks</a></td><td class=""right"" data-stat=""visitor_pts"">109</td><td class=""left"" csk=""ANA.196802250ANA"" data-stat=""home_team_name""><a href=""/teams/ANA/1968.html"">Anaheim Amigos</a></td><td class=""right"" data-stat=""home_pts"">114</td><td class=""center"" data-stat=""box_score_text""><a href=""/boxscores/196802250ANA.html"">Box Score</a></td><td class=""center iz"" data-stat=""overtimes""></td><td class=""right iz"" data-stat=""attendance""></td><td class=""left"" data-stat=""game_remarks"">at Los Angeles, CA</td></tr>"
149,"<tr><th class=""left"" csk=""196802260DNR"" data-stat=""date_game"" scope=""row""><a href=""/boxscores/index.fcgi?month=2&amp;day=26&amp;year=1968"">Mon, Feb 26, 1968</a></th><td class=""left"" csk=""HSM.196802260DNR"" data-stat=""visitor_team_name""><a href=""/teams/HSM/1968.html"">Houston Mavericks</a></td><td class=""right"" data-stat=""visitor_pts"">92</td><td class=""left"" csk=""DNR.196802260DNR"" data-stat=""home_team_name""><a href=""/teams/DNR/1968.html"">Denver Rockets</a></td><td class=""right"" data-stat=""home_pts"">115</td><td class=""center"" data-stat=""box_score_text""><a href=""/boxscores/196802260DNR.html"">Box Score</a></td><td class=""center iz"" data-stat=""overtimes""></td><td class=""right iz"" data-stat=""attendance""></td><td class=""left iz"" data-stat=""game_remarks""></td></tr>"
151,"<tr><th class=""left"" csk=""196802260PTP"" data-stat=""date_game"" scope=""row""><a href=""/boxscores/index.fcgi?month=2&amp;day=26&amp;year=1968"">Mon, Feb 26, 1968</a></th><td class=""left"" csk=""OAK.196802260PTP"" data-stat=""visitor_team_name""><a href=""/teams/OAK/1968.html"">Oakland Oaks</a></td><td class=""right"" data-stat=""visitor_pts"">126</td><td class=""left"" csk=""PTP.196802260PTP"" data-stat=""home_team_name""><a href=""/teams/PTP/1968.html"">Pittsburgh Pipers</a></td><td class=""right"" data-stat=""home_pts"">150</td><td class=""center"" data-stat=""box_score_text""><a href=""/boxscores/196802260PTP.html"">Box Score</a></td><td class=""center iz"" data-stat=""overtimes""></td><td class=""right iz"" data-stat=""attendance""></td><td class=""left iz"" data-stat=""game_remarks""></td></tr>"
153,"<tr><th class=""left"" csk=""196802270MNM"" data-stat=""date_game"" scope=""row""><a href=""/boxscores/index.fcgi?month=2&amp;day=27&amp;year=1968"">Tue, Feb 27, 1968</a></th><td class=""left"" csk=""KEN.196802270MNM"" data-stat=""visitor_team_name""><a href=""/teams/KEN/1968.html"">Kentucky Colonels</a></td><td class=""right"" data-stat=""visitor_pts"">93</td><td class=""left"" csk=""MNM.196802270MNM"" data-stat=""home_team_name""><a href=""/teams/MNM/1968.html"">Minnesota Muskies</a></td><td class=""right"" data-stat=""home_pts"">102</td><td class=""center"" data-stat=""box_score_text""><a href=""/boxscores/196802270MNM.html"">Box Score</a></td><td class=""center iz"" data-stat=""overtimes""></td><td class=""right iz"" data-stat=""attendance""></td><td class=""left iz"" data-stat=""game_remarks""></td></tr>"
155,"<tr><th class=""left"" csk=""196802270ANA"" data-stat=""date_game"" scope=""row""><a href=""/boxscores/index.fcgi?month=2&amp;day=27&amp;year=1968"">Tue, Feb 27, 1968</a></th><td class=""left"" csk=""DLC.196802270ANA"" data-stat=""visitor_team_name""><a href=""/teams/DLC/1968.html"">Dallas Chaparrals</a></td><td class=""right"" data-stat=""visitor_pts"">110</td><td class=""left"" csk=""ANA.196802270ANA"" data-stat=""home_team_name""><a href=""/teams/ANA/1968.html"">Anaheim Amigos</a></td><td class=""right"" data-stat=""home_pts"">132</td><td class=""center"" data-stat=""box_score_text""><a href=""/boxscores/196802270ANA.html"">Box Score</a></td><td class=""center iz"" data-stat=""overtimes""></td><td class=""right iz"" data-stat=""attendance""></td><td class=""left iz"" data-stat=""game_remarks""></td></tr>"
157,"<tr><th class=""left"" csk=""196802280INA"" data-stat=""date_game"" scope=""row""><a href=""/boxscores/index.fcgi?month=2&amp;day=28&amp;year=1968"">Wed, Feb 28, 1968</a></th><td class=""left"" csk=""OAK.196802280INA"" data-stat=""visitor_team_name""><a href=""/teams/OAK/1968.html"">Oakland Oaks</a></td><td class=""right"" data-stat=""visitor_pts"">116</td><td class=""left"" csk=""INA.196802280INA"" data-stat=""home_team_name""><a href=""/teams/INA/1968.html"">Indiana Pacers</a></td><td class=""right"" data-stat=""home_pts"">122</td><td class=""center"" data-stat=""box_score_text""><a href=""/boxscores/196802280INA.html"">Box Score</a></td><td class=""center"" data-stat=""overtimes"">2OT</td><td class=""right iz"" data-stat=""attendance""></td><td class=""left iz"" data-stat=""game_remarks""></td></tr>"
159,"<tr><th class=""left"" csk=""196802290HSM"" data-stat=""date_game"" scope=""row""><a href=""/boxscores/index.fcgi?month=2&amp;day=29&amp;year=1968"">Thu, Feb 29, 1968</a></th><td class=""left"" csk=""DLC.196802290HSM"" data-stat=""visitor_team_name""><a href=""/teams/DLC/1968.html"">Dallas Chaparrals</a></td><td class=""right"" data-stat=""visitor_pts"">100</td><td class=""left"" csk=""HSM.196802290HSM"" data-stat=""home_team_name""><a href=""/teams/HSM/1968.html"">Houston Mavericks</a></td><td class=""right"" data-stat=""home_pts"">101</td><td class=""center"" data-stat=""box_score_text""><a href=""/boxscores/196802290HSM.html"">Box Score</a></td><td class=""center iz"" data-stat=""overtimes""></td><td class=""right iz"" data-stat=""attendance""></td><td class=""left iz"" data-stat=""game_remarks""></td></tr>"
161,"<tr><th class=""left"" csk=""196802290MNM"" data-stat=""date_game"" scope=""row""><a href=""/boxscores/index.fcgi?month=2&amp;day=29&amp;year=1968"">Thu, Feb 29, 1968</a></th><td class=""left"" csk=""OAK.196802290MNM"" data-stat=""visitor_team_name""><a href=""/teams/OAK/1968.html"">Oakland Oaks</a></td><td class=""right"" data-stat=""visitor_pts"">115</td><td class=""left"" csk=""MNM.196802290MNM"" data-stat=""home_team_name""><a href=""/teams/MNM/1968.html"">Minnesota Muskies</a></td><td class=""right"" data-stat=""home_pts"">125</td><td class=""center"" data-stat=""box_score_text""><a href=""/boxscores/196802290MNM.html"">Box Score</a></td><td class=""center"" data-stat=""overtimes"">OT</td><td class=""right iz"" data-stat=""attendance""></td><td class=""left iz"" data-stat=""game_remarks""></td></tr>"
163,"<tr><th class=""left"" csk=""196802290PTP"" data-stat=""date_game"" scope=""row""><a href=""/boxscores/index.fcgi?month=2&amp;day=29&amp;year=1968"">Thu, Feb 29, 1968</a></th><td class=""left"" csk=""KEN.196802290PTP"" data-stat=""visitor_team_name""><a href=""/teams/KEN/1968.html"">Kentucky Colonels</a></td><td class=""right"" data-stat=""visitor_pts"">119</td><td class=""left"" csk=""PTP.196802290PTP"" data-stat=""home_team_name""><a href=""/teams/PTP/1968.html"">Pittsburgh Pipers</a></td><td class=""right"" data-stat=""home_pts"">123</td><td class=""center"" data-stat=""box_score_text""><a href=""/boxscores/196802290PTP.html"">Box Score</a></td><td class=""center iz"" data-stat=""overtimes""></td><td class=""right iz"" data-stat=""attendance""></td><td class=""left iz"" data-stat=""game_remarks""></td></tr>"
