,0
1,"<tr><th class=""left"" csk=""197403290NYA"" data-stat=""date_game"" scope=""row""><a href=""/boxscores/index.fcgi?month=3&amp;day=29&amp;year=1974"">Fri, Mar 29, 1974</a></th><td class=""left"" csk=""VIR.197403290NYA"" data-stat=""visitor_team_name""><a href=""/teams/VIR/1974.html"">Virginia Squires</a></td><td class=""right"" data-stat=""visitor_pts"">96</td><td class=""left"" csk=""NYA.197403290NYA"" data-stat=""home_team_name""><a href=""/teams/NYA/1974.html"">New York Nets</a></td><td class=""right"" data-stat=""home_pts"">108</td><td class=""center"" data-stat=""box_score_text""><a href=""/boxscores/197403290NYA.html"">Box Score</a></td><td class=""center iz"" data-stat=""overtimes""></td><td class=""right"" data-stat=""attendance"">9,784</td><td class=""left iz"" data-stat=""game_remarks""></td></tr>"
3,"<tr><th class=""left"" csk=""197403290SDA"" data-stat=""date_game"" scope=""row""><a href=""/boxscores/index.fcgi?month=3&amp;day=29&amp;year=1974"">Fri, Mar 29, 1974</a></th><td class=""left"" csk=""DNR.197403290SDA"" data-stat=""visitor_team_name""><a href=""/teams/DNR/1974.html"">Denver Rockets</a></td><td class=""right"" data-stat=""visitor_pts"">111</td><td class=""left"" csk=""SDA.197403290SDA"" data-stat=""home_team_name""><a href=""/teams/SDA/1974.html"">San Diego Conquistadors</a></td><td class=""right"" data-stat=""home_pts"">131</td><td class=""center"" data-stat=""box_score_text""><a href=""/boxscores/197403290SDA.html"">Box Score</a></td><td class=""center iz"" data-stat=""overtimes""></td><td class=""right"" data-stat=""attendance"">3,305</td><td class=""left"" data-stat=""game_remarks"">Tiebreaker</td></tr>"
5,"<tr><th class=""left"" csk=""197403300INA"" data-stat=""date_game"" scope=""row""><a href=""/boxscores/index.fcgi?month=3&amp;day=30&amp;year=1974"">Sat, Mar 30, 1974</a></th><td class=""left"" csk=""SAA.197403300INA"" data-stat=""visitor_team_name""><a href=""/teams/SAA/1974.html"">San Antonio Spurs</a></td><td class=""right"" data-stat=""visitor_pts"">113</td><td class=""left"" csk=""INA.197403300INA"" data-stat=""home_team_name""><a href=""/teams/INA/1974.html"">Indiana Pacers</a></td><td class=""right"" data-stat=""home_pts"">109</td><td class=""center"" data-stat=""box_score_text""><a href=""/boxscores/197403300INA.html"">Box Score</a></td><td class=""center iz"" data-stat=""overtimes""></td><td class=""right"" data-stat=""attendance"">7,438</td><td class=""left iz"" data-stat=""game_remarks""></td></tr>"
7,"<tr><th class=""left"" csk=""197403300UTS"" data-stat=""date_game"" scope=""row""><a href=""/boxscores/index.fcgi?month=3&amp;day=30&amp;year=1974"">Sat, Mar 30, 1974</a></th><td class=""left"" csk=""SDA.197403300UTS"" data-stat=""visitor_team_name""><a href=""/teams/SDA/1974.html"">San Diego Conquistadors</a></td><td class=""right"" data-stat=""visitor_pts"">99</td><td class=""left"" csk=""UTS.197403300UTS"" data-stat=""home_team_name""><a href=""/teams/UTS/1974.html"">Utah Stars</a></td><td class=""right"" data-stat=""home_pts"">114</td><td class=""center"" data-stat=""box_score_text""><a href=""/boxscores/197403300UTS.html"">Box Score</a></td><td class=""center iz"" data-stat=""overtimes""></td><td class=""right"" data-stat=""attendance"">5,558</td><td class=""left iz"" data-stat=""game_remarks""></td></tr>"
9,"<tr><th class=""left"" csk=""197404010INA"" data-stat=""date_game"" scope=""row""><a href=""/boxscores/index.fcgi?month=4&amp;day=1&amp;year=1974"">Mon, Apr 1, 1974</a></th><td class=""left"" csk=""SAA.197404010INA"" data-stat=""visitor_team_name""><a href=""/teams/SAA/1974.html"">San Antonio Spurs</a></td><td class=""right"" data-stat=""visitor_pts"">101</td><td class=""left"" csk=""INA.197404010INA"" data-stat=""home_team_name""><a href=""/teams/INA/1974.html"">Indiana Pacers</a></td><td class=""right"" data-stat=""home_pts"">128</td><td class=""center"" data-stat=""box_score_text""><a href=""/boxscores/197404010INA.html"">Box Score</a></td><td class=""center iz"" data-stat=""overtimes""></td><td class=""right"" data-stat=""attendance"">6,988</td><td class=""left iz"" data-stat=""game_remarks""></td></tr>"
11,"<tr><th class=""left"" csk=""197404010KEN"" data-stat=""date_game"" scope=""row""><a href=""/boxscores/index.fcgi?month=4&amp;day=1&amp;year=1974"">Mon, Apr 1, 1974</a></th><td class=""left"" csk=""CAR.197404010KEN"" data-stat=""visitor_team_name""><a href=""/teams/CAR/1974.html"">Carolina Cougars</a></td><td class=""right"" data-stat=""visitor_pts"">102</td><td class=""left"" csk=""KEN.197404010KEN"" data-stat=""home_team_name""><a href=""/teams/KEN/1974.html"">Kentucky Colonels</a></td><td class=""right"" data-stat=""home_pts"">118</td><td class=""center"" data-stat=""box_score_text""><a href=""/boxscores/197404010KEN.html"">Box Score</a></td><td class=""center iz"" data-stat=""overtimes""></td><td class=""right"" data-stat=""attendance"">6,749</td><td class=""left iz"" data-stat=""game_remarks""></td></tr>"
13,"<tr><th class=""left"" csk=""197404010NYA"" data-stat=""date_game"" scope=""row""><a href=""/boxscores/index.fcgi?month=4&amp;day=1&amp;year=1974"">Mon, Apr 1, 1974</a></th><td class=""left"" csk=""VIR.197404010NYA"" data-stat=""visitor_team_name""><a href=""/teams/VIR/1974.html"">Virginia Squires</a></td><td class=""right"" data-stat=""visitor_pts"">110</td><td class=""left"" csk=""NYA.197404010NYA"" data-stat=""home_team_name""><a href=""/teams/NYA/1974.html"">New York Nets</a></td><td class=""right"" data-stat=""home_pts"">129</td><td class=""center"" data-stat=""box_score_text""><a href=""/boxscores/197404010NYA.html"">Box Score</a></td><td class=""center iz"" data-stat=""overtimes""></td><td class=""right"" data-stat=""attendance"">10,747</td><td class=""left iz"" data-stat=""game_remarks""></td></tr>"
15,"<tr><th class=""left"" csk=""197404010UTS"" data-stat=""date_game"" scope=""row""><a href=""/boxscores/index.fcgi?month=4&amp;day=1&amp;year=1974"">Mon, Apr 1, 1974</a></th><td class=""left"" csk=""SDA.197404010UTS"" data-stat=""visitor_team_name""><a href=""/teams/SDA/1974.html"">San Diego Conquistadors</a></td><td class=""right"" data-stat=""visitor_pts"">105</td><td class=""left"" csk=""UTS.197404010UTS"" data-stat=""home_team_name""><a href=""/teams/UTS/1974.html"">Utah Stars</a></td><td class=""right"" data-stat=""home_pts"">119</td><td class=""center"" data-stat=""box_score_text""><a href=""/boxscores/197404010UTS.html"">Box Score</a></td><td class=""center iz"" data-stat=""overtimes""></td><td class=""right"" data-stat=""attendance"">6,242</td><td class=""left iz"" data-stat=""game_remarks""></td></tr>"
17,"<tr><th class=""left"" csk=""197404030SDA"" data-stat=""date_game"" scope=""row""><a href=""/boxscores/index.fcgi?month=4&amp;day=3&amp;year=1974"">Wed, Apr 3, 1974</a></th><td class=""left"" csk=""UTS.197404030SDA"" data-stat=""visitor_team_name""><a href=""/teams/UTS/1974.html"">Utah Stars</a></td><td class=""right"" data-stat=""visitor_pts"">96</td><td class=""left"" csk=""SDA.197404030SDA"" data-stat=""home_team_name""><a href=""/teams/SDA/1974.html"">San Diego Conquistadors</a></td><td class=""right"" data-stat=""home_pts"">97</td><td class=""center"" data-stat=""box_score_text""><a href=""/boxscores/197404030SDA.html"">Box Score</a></td><td class=""center iz"" data-stat=""overtimes""></td><td class=""right"" data-stat=""attendance"">2,295</td><td class=""left iz"" data-stat=""game_remarks""></td></tr>"
19,"<tr><th class=""left"" csk=""197404030SAA"" data-stat=""date_game"" scope=""row""><a href=""/boxscores/index.fcgi?month=4&amp;day=3&amp;year=1974"">Wed, Apr 3, 1974</a></th><td class=""left"" csk=""INA.197404030SAA"" data-stat=""visitor_team_name""><a href=""/teams/INA/1974.html"">Indiana Pacers</a></td><td class=""right"" data-stat=""visitor_pts"">96</td><td class=""left"" csk=""SAA.197404030SAA"" data-stat=""home_team_name""><a href=""/teams/SAA/1974.html"">San Antonio Spurs</a></td><td class=""right"" data-stat=""home_pts"">115</td><td class=""center"" data-stat=""box_score_text""><a href=""/boxscores/197404030SAA.html"">Box Score</a></td><td class=""center iz"" data-stat=""overtimes""></td><td class=""right"" data-stat=""attendance"">10,693</td><td class=""left iz"" data-stat=""game_remarks""></td></tr>"
21,"<tr><th class=""left"" csk=""197404040SAA"" data-stat=""date_game"" scope=""row""><a href=""/boxscores/index.fcgi?month=4&amp;day=4&amp;year=1974"">Thu, Apr 4, 1974</a></th><td class=""left"" csk=""INA.197404040SAA"" data-stat=""visitor_team_name""><a href=""/teams/INA/1974.html"">Indiana Pacers</a></td><td class=""right"" data-stat=""visitor_pts"">91</td><td class=""left"" csk=""SAA.197404040SAA"" data-stat=""home_team_name""><a href=""/teams/SAA/1974.html"">San Antonio Spurs</a></td><td class=""right"" data-stat=""home_pts"">89</td><td class=""center"" data-stat=""box_score_text""><a href=""/boxscores/197404040SAA.html"">Box Score</a></td><td class=""center iz"" data-stat=""overtimes""></td><td class=""right"" data-stat=""attendance"">12,079</td><td class=""left iz"" data-stat=""game_remarks""></td></tr>"
23,"<tr><th class=""left"" csk=""197404040SDA"" data-stat=""date_game"" scope=""row""><a href=""/boxscores/index.fcgi?month=4&amp;day=4&amp;year=1974"">Thu, Apr 4, 1974</a></th><td class=""left"" csk=""UTS.197404040SDA"" data-stat=""visitor_team_name""><a href=""/teams/UTS/1974.html"">Utah Stars</a></td><td class=""right"" data-stat=""visitor_pts"">98</td><td class=""left"" csk=""SDA.197404040SDA"" data-stat=""home_team_name""><a href=""/teams/SDA/1974.html"">San Diego Conquistadors</a></td><td class=""right"" data-stat=""home_pts"">100</td><td class=""center"" data-stat=""box_score_text""><a href=""/boxscores/197404040SDA.html"">Box Score</a></td><td class=""center iz"" data-stat=""overtimes""></td><td class=""right"" data-stat=""attendance"">2,089</td><td class=""left iz"" data-stat=""game_remarks""></td></tr>"
25,"<tr><th class=""left"" csk=""197404040VIR"" data-stat=""date_game"" scope=""row""><a href=""/boxscores/index.fcgi?month=4&amp;day=4&amp;year=1974"">Thu, Apr 4, 1974</a></th><td class=""left"" csk=""NYA.197404040VIR"" data-stat=""visitor_team_name""><a href=""/teams/NYA/1974.html"">New York Nets</a></td><td class=""right"" data-stat=""visitor_pts"">115</td><td class=""left"" csk=""VIR.197404040VIR"" data-stat=""home_team_name""><a href=""/teams/VIR/1974.html"">Virginia Squires</a></td><td class=""right"" data-stat=""home_pts"">116</td><td class=""center"" data-stat=""box_score_text""><a href=""/boxscores/197404040VIR.html"">Box Score</a></td><td class=""center iz"" data-stat=""overtimes""></td><td class=""right"" data-stat=""attendance"">2,544</td><td class=""left iz"" data-stat=""game_remarks""></td></tr>"
27,"<tr><th class=""left"" csk=""197404050KEN"" data-stat=""date_game"" scope=""row""><a href=""/boxscores/index.fcgi?month=4&amp;day=5&amp;year=1974"">Fri, Apr 5, 1974</a></th><td class=""left"" csk=""CAR.197404050KEN"" data-stat=""visitor_team_name""><a href=""/teams/CAR/1974.html"">Carolina Cougars</a></td><td class=""right"" data-stat=""visitor_pts"">96</td><td class=""left"" csk=""KEN.197404050KEN"" data-stat=""home_team_name""><a href=""/teams/KEN/1974.html"">Kentucky Colonels</a></td><td class=""right"" data-stat=""home_pts"">99</td><td class=""center"" data-stat=""box_score_text""><a href=""/boxscores/197404050KEN.html"">Box Score</a></td><td class=""center iz"" data-stat=""overtimes""></td><td class=""right"" data-stat=""attendance"">8,638</td><td class=""left iz"" data-stat=""game_remarks""></td></tr>"
29,"<tr><th class=""left"" csk=""197404060UTS"" data-stat=""date_game"" scope=""row""><a href=""/boxscores/index.fcgi?month=4&amp;day=6&amp;year=1974"">Sat, Apr 6, 1974</a></th><td class=""left"" csk=""SDA.197404060UTS"" data-stat=""visitor_team_name""><a href=""/teams/SDA/1974.html"">San Diego Conquistadors</a></td><td class=""right"" data-stat=""visitor_pts"">93</td><td class=""left"" csk=""UTS.197404060UTS"" data-stat=""home_team_name""><a href=""/teams/UTS/1974.html"">Utah Stars</a></td><td class=""right"" data-stat=""home_pts"">110</td><td class=""center"" data-stat=""box_score_text""><a href=""/boxscores/197404060UTS.html"">Box Score</a></td><td class=""center iz"" data-stat=""overtimes""></td><td class=""right"" data-stat=""attendance"">6,648</td><td class=""left iz"" data-stat=""game_remarks""></td></tr>"
31,"<tr><th class=""left"" csk=""197404060INA"" data-stat=""date_game"" scope=""row""><a href=""/boxscores/index.fcgi?month=4&amp;day=6&amp;year=1974"">Sat, Apr 6, 1974</a></th><td class=""left"" csk=""SAA.197404060INA"" data-stat=""visitor_team_name""><a href=""/teams/SAA/1974.html"">San Antonio Spurs</a></td><td class=""right"" data-stat=""visitor_pts"">100</td><td class=""left"" csk=""INA.197404060INA"" data-stat=""home_team_name""><a href=""/teams/INA/1974.html"">Indiana Pacers</a></td><td class=""right"" data-stat=""home_pts"">105</td><td class=""center"" data-stat=""box_score_text""><a href=""/boxscores/197404060INA.html"">Box Score</a></td><td class=""center iz"" data-stat=""overtimes""></td><td class=""right"" data-stat=""attendance"">10,079</td><td class=""left iz"" data-stat=""game_remarks""></td></tr>"
33,"<tr><th class=""left"" csk=""197404060CAR"" data-stat=""date_game"" scope=""row""><a href=""/boxscores/index.fcgi?month=4&amp;day=6&amp;year=1974"">Sat, Apr 6, 1974</a></th><td class=""left"" csk=""KEN.197404060CAR"" data-stat=""visitor_team_name""><a href=""/teams/KEN/1974.html"">Kentucky Colonels</a></td><td class=""right"" data-stat=""visitor_pts"">120</td><td class=""left"" csk=""CAR.197404060CAR"" data-stat=""home_team_name""><a href=""/teams/CAR/1974.html"">Carolina Cougars</a></td><td class=""right"" data-stat=""home_pts"">110</td><td class=""center"" data-stat=""box_score_text""><a href=""/boxscores/197404060CAR.html"">Box Score</a></td><td class=""center iz"" data-stat=""overtimes""></td><td class=""right"" data-stat=""attendance"">3,724</td><td class=""left iz"" data-stat=""game_remarks""></td></tr>"
35,"<tr><th class=""left"" csk=""197404070VIR"" data-stat=""date_game"" scope=""row""><a href=""/boxscores/index.fcgi?month=4&amp;day=7&amp;year=1974"">Sun, Apr 7, 1974</a></th><td class=""left"" csk=""NYA.197404070VIR"" data-stat=""visitor_team_name""><a href=""/teams/NYA/1974.html"">New York Nets</a></td><td class=""right"" data-stat=""visitor_pts"">116</td><td class=""left"" csk=""VIR.197404070VIR"" data-stat=""home_team_name""><a href=""/teams/VIR/1974.html"">Virginia Squires</a></td><td class=""right"" data-stat=""home_pts"">88</td><td class=""center"" data-stat=""box_score_text""><a href=""/boxscores/197404070VIR.html"">Box Score</a></td><td class=""center iz"" data-stat=""overtimes""></td><td class=""right"" data-stat=""attendance"">4,220</td><td class=""left iz"" data-stat=""game_remarks""></td></tr>"
37,"<tr><th class=""left"" csk=""197404080SDA"" data-stat=""date_game"" scope=""row""><a href=""/boxscores/index.fcgi?month=4&amp;day=8&amp;year=1974"">Mon, Apr 8, 1974</a></th><td class=""left"" csk=""UTS.197404080SDA"" data-stat=""visitor_team_name""><a href=""/teams/UTS/1974.html"">Utah Stars</a></td><td class=""right"" data-stat=""visitor_pts"">110</td><td class=""left"" csk=""SDA.197404080SDA"" data-stat=""home_team_name""><a href=""/teams/SDA/1974.html"">San Diego Conquistadors</a></td><td class=""right"" data-stat=""home_pts"">99</td><td class=""center"" data-stat=""box_score_text""><a href=""/boxscores/197404080SDA.html"">Box Score</a></td><td class=""center iz"" data-stat=""overtimes""></td><td class=""right"" data-stat=""attendance"">3,140</td><td class=""left iz"" data-stat=""game_remarks""></td></tr>"
39,"<tr><th class=""left"" csk=""197404080NYA"" data-stat=""date_game"" scope=""row""><a href=""/boxscores/index.fcgi?month=4&amp;day=8&amp;year=1974"">Mon, Apr 8, 1974</a></th><td class=""left"" csk=""VIR.197404080NYA"" data-stat=""visitor_team_name""><a href=""/teams/VIR/1974.html"">Virginia Squires</a></td><td class=""right"" data-stat=""visitor_pts"">96</td><td class=""left"" csk=""NYA.197404080NYA"" data-stat=""home_team_name""><a href=""/teams/NYA/1974.html"">New York Nets</a></td><td class=""right"" data-stat=""home_pts"">108</td><td class=""center"" data-stat=""box_score_text""><a href=""/boxscores/197404080NYA.html"">Box Score</a></td><td class=""center iz"" data-stat=""overtimes""></td><td class=""right"" data-stat=""attendance"">11,903</td><td class=""left iz"" data-stat=""game_remarks""></td></tr>"
41,"<tr><th class=""left"" csk=""197404080CAR"" data-stat=""date_game"" scope=""row""><a href=""/boxscores/index.fcgi?month=4&amp;day=8&amp;year=1974"">Mon, Apr 8, 1974</a></th><td class=""left"" csk=""KEN.197404080CAR"" data-stat=""visitor_team_name""><a href=""/teams/KEN/1974.html"">Kentucky Colonels</a></td><td class=""right"" data-stat=""visitor_pts"">128</td><td class=""left"" csk=""CAR.197404080CAR"" data-stat=""home_team_name""><a href=""/teams/CAR/1974.html"">Carolina Cougars</a></td><td class=""right"" data-stat=""home_pts"">119</td><td class=""center"" data-stat=""box_score_text""><a href=""/boxscores/197404080CAR.html"">Box Score</a></td><td class=""center iz"" data-stat=""overtimes""></td><td class=""right"" data-stat=""attendance"">5,243</td><td class=""left iz"" data-stat=""game_remarks""></td></tr>"
43,"<tr><th class=""left"" csk=""197404100SAA"" data-stat=""date_game"" scope=""row""><a href=""/boxscores/index.fcgi?month=4&amp;day=10&amp;year=1974"">Wed, Apr 10, 1974</a></th><td class=""left"" csk=""INA.197404100SAA"" data-stat=""visitor_team_name""><a href=""/teams/INA/1974.html"">Indiana Pacers</a></td><td class=""right"" data-stat=""visitor_pts"">86</td><td class=""left"" csk=""SAA.197404100SAA"" data-stat=""home_team_name""><a href=""/teams/SAA/1974.html"">San Antonio Spurs</a></td><td class=""right"" data-stat=""home_pts"">102</td><td class=""center"" data-stat=""box_score_text""><a href=""/boxscores/197404100SAA.html"">Box Score</a></td><td class=""center iz"" data-stat=""overtimes""></td><td class=""right"" data-stat=""attendance"">12,304</td><td class=""left iz"" data-stat=""game_remarks""></td></tr>"
45,"<tr><th class=""left"" csk=""197404120INA"" data-stat=""date_game"" scope=""row""><a href=""/boxscores/index.fcgi?month=4&amp;day=12&amp;year=1974"">Fri, Apr 12, 1974</a></th><td class=""left"" csk=""SAA.197404120INA"" data-stat=""visitor_team_name""><a href=""/teams/SAA/1974.html"">San Antonio Spurs</a></td><td class=""right"" data-stat=""visitor_pts"">79</td><td class=""left"" csk=""INA.197404120INA"" data-stat=""home_team_name""><a href=""/teams/INA/1974.html"">Indiana Pacers</a></td><td class=""right"" data-stat=""home_pts"">86</td><td class=""center"" data-stat=""box_score_text""><a href=""/boxscores/197404120INA.html"">Box Score</a></td><td class=""center iz"" data-stat=""overtimes""></td><td class=""right"" data-stat=""attendance"">10,079</td><td class=""left iz"" data-stat=""game_remarks""></td></tr>"
47,"<tr><th class=""left"" csk=""197404130NYA"" data-stat=""date_game"" scope=""row""><a href=""/boxscores/index.fcgi?month=4&amp;day=13&amp;year=1974"">Sat, Apr 13, 1974</a></th><td class=""left"" csk=""KEN.197404130NYA"" data-stat=""visitor_team_name""><a href=""/teams/KEN/1974.html"">Kentucky Colonels</a></td><td class=""right"" data-stat=""visitor_pts"">106</td><td class=""left"" csk=""NYA.197404130NYA"" data-stat=""home_team_name""><a href=""/teams/NYA/1974.html"">New York Nets</a></td><td class=""right"" data-stat=""home_pts"">119</td><td class=""center"" data-stat=""box_score_text""><a href=""/boxscores/197404130NYA.html"">Box Score</a></td><td class=""center iz"" data-stat=""overtimes""></td><td class=""right"" data-stat=""attendance"">12,817</td><td class=""left iz"" data-stat=""game_remarks""></td></tr>"
49,"<tr><th class=""left"" csk=""197404130UTS"" data-stat=""date_game"" scope=""row""><a href=""/boxscores/index.fcgi?month=4&amp;day=13&amp;year=1974"">Sat, Apr 13, 1974</a></th><td class=""left"" csk=""INA.197404130UTS"" data-stat=""visitor_team_name""><a href=""/teams/INA/1974.html"">Indiana Pacers</a></td><td class=""right"" data-stat=""visitor_pts"">96</td><td class=""left"" csk=""UTS.197404130UTS"" data-stat=""home_team_name""><a href=""/teams/UTS/1974.html"">Utah Stars</a></td><td class=""right"" data-stat=""home_pts"">105</td><td class=""center"" data-stat=""box_score_text""><a href=""/boxscores/197404130UTS.html"">Box Score</a></td><td class=""center iz"" data-stat=""overtimes""></td><td class=""right"" data-stat=""attendance"">7,557</td><td class=""left iz"" data-stat=""game_remarks""></td></tr>"
51,"<tr><th class=""left"" csk=""197404150NYA"" data-stat=""date_game"" scope=""row""><a href=""/boxscores/index.fcgi?month=4&amp;day=15&amp;year=1974"">Mon, Apr 15, 1974</a></th><td class=""left"" csk=""KEN.197404150NYA"" data-stat=""visitor_team_name""><a href=""/teams/KEN/1974.html"">Kentucky Colonels</a></td><td class=""right"" data-stat=""visitor_pts"">80</td><td class=""left"" csk=""NYA.197404150NYA"" data-stat=""home_team_name""><a href=""/teams/NYA/1974.html"">New York Nets</a></td><td class=""right"" data-stat=""home_pts"">99</td><td class=""center"" data-stat=""box_score_text""><a href=""/boxscores/197404150NYA.html"">Box Score</a></td><td class=""center iz"" data-stat=""overtimes""></td><td class=""right"" data-stat=""attendance"">13,726</td><td class=""left iz"" data-stat=""game_remarks""></td></tr>"
53,"<tr><th class=""left"" csk=""197404150UTS"" data-stat=""date_game"" scope=""row""><a href=""/boxscores/index.fcgi?month=4&amp;day=15&amp;year=1974"">Mon, Apr 15, 1974</a></th><td class=""left"" csk=""INA.197404150UTS"" data-stat=""visitor_team_name""><a href=""/teams/INA/1974.html"">Indiana Pacers</a></td><td class=""right"" data-stat=""visitor_pts"">102</td><td class=""left"" csk=""UTS.197404150UTS"" data-stat=""home_team_name""><a href=""/teams/UTS/1974.html"">Utah Stars</a></td><td class=""right"" data-stat=""home_pts"">106</td><td class=""center"" data-stat=""box_score_text""><a href=""/boxscores/197404150UTS.html"">Box Score</a></td><td class=""center iz"" data-stat=""overtimes""></td><td class=""right"" data-stat=""attendance"">7,143</td><td class=""left iz"" data-stat=""game_remarks""></td></tr>"
55,"<tr><th class=""left"" csk=""197404170INA"" data-stat=""date_game"" scope=""row""><a href=""/boxscores/index.fcgi?month=4&amp;day=17&amp;year=1974"">Wed, Apr 17, 1974</a></th><td class=""left"" csk=""UTS.197404170INA"" data-stat=""visitor_team_name""><a href=""/teams/UTS/1974.html"">Utah Stars</a></td><td class=""right"" data-stat=""visitor_pts"">99</td><td class=""left"" csk=""INA.197404170INA"" data-stat=""home_team_name""><a href=""/teams/INA/1974.html"">Indiana Pacers</a></td><td class=""right"" data-stat=""home_pts"">90</td><td class=""center"" data-stat=""box_score_text""><a href=""/boxscores/197404170INA.html"">Box Score</a></td><td class=""center iz"" data-stat=""overtimes""></td><td class=""right"" data-stat=""attendance"">6,337</td><td class=""left iz"" data-stat=""game_remarks""></td></tr>"
57,"<tr><th class=""left"" csk=""197404170KEN"" data-stat=""date_game"" scope=""row""><a href=""/boxscores/index.fcgi?month=4&amp;day=17&amp;year=1974"">Wed, Apr 17, 1974</a></th><td class=""left"" csk=""NYA.197404170KEN"" data-stat=""visitor_team_name""><a href=""/teams/NYA/1974.html"">New York Nets</a></td><td class=""right"" data-stat=""visitor_pts"">89</td><td class=""left"" csk=""KEN.197404170KEN"" data-stat=""home_team_name""><a href=""/teams/KEN/1974.html"">Kentucky Colonels</a></td><td class=""right"" data-stat=""home_pts"">87</td><td class=""center"" data-stat=""box_score_text""><a href=""/boxscores/197404170KEN.html"">Box Score</a></td><td class=""center iz"" data-stat=""overtimes""></td><td class=""right"" data-stat=""attendance"">13,797</td><td class=""left iz"" data-stat=""game_remarks""></td></tr>"
59,"<tr><th class=""left"" csk=""197404180INA"" data-stat=""date_game"" scope=""row""><a href=""/boxscores/index.fcgi?month=4&amp;day=18&amp;year=1974"">Thu, Apr 18, 1974</a></th><td class=""left"" csk=""UTS.197404180INA"" data-stat=""visitor_team_name""><a href=""/teams/UTS/1974.html"">Utah Stars</a></td><td class=""right"" data-stat=""visitor_pts"">107</td><td class=""left"" csk=""INA.197404180INA"" data-stat=""home_team_name""><a href=""/teams/INA/1974.html"">Indiana Pacers</a></td><td class=""right"" data-stat=""home_pts"">118</td><td class=""center"" data-stat=""box_score_text""><a href=""/boxscores/197404180INA.html"">Box Score</a></td><td class=""center iz"" data-stat=""overtimes""></td><td class=""right"" data-stat=""attendance"">6,265</td><td class=""left iz"" data-stat=""game_remarks""></td></tr>"
61,"<tr><th class=""left"" csk=""197404200KEN"" data-stat=""date_game"" scope=""row""><a href=""/boxscores/index.fcgi?month=4&amp;day=20&amp;year=1974"">Sat, Apr 20, 1974</a></th><td class=""left"" csk=""NYA.197404200KEN"" data-stat=""visitor_team_name""><a href=""/teams/NYA/1974.html"">New York Nets</a></td><td class=""right"" data-stat=""visitor_pts"">103</td><td class=""left"" csk=""KEN.197404200KEN"" data-stat=""home_team_name""><a href=""/teams/KEN/1974.html"">Kentucky Colonels</a></td><td class=""right"" data-stat=""home_pts"">90</td><td class=""center"" data-stat=""box_score_text""><a href=""/boxscores/197404200KEN.html"">Box Score</a></td><td class=""center iz"" data-stat=""overtimes""></td><td class=""right"" data-stat=""attendance"">7,800</td><td class=""left iz"" data-stat=""game_remarks""></td></tr>"
63,"<tr><th class=""left"" csk=""197404220UTS"" data-stat=""date_game"" scope=""row""><a href=""/boxscores/index.fcgi?month=4&amp;day=22&amp;year=1974"">Mon, Apr 22, 1974</a></th><td class=""left"" csk=""INA.197404220UTS"" data-stat=""visitor_team_name""><a href=""/teams/INA/1974.html"">Indiana Pacers</a></td><td class=""right"" data-stat=""visitor_pts"">110</td><td class=""left"" csk=""UTS.197404220UTS"" data-stat=""home_team_name""><a href=""/teams/UTS/1974.html"">Utah Stars</a></td><td class=""right"" data-stat=""home_pts"">101</td><td class=""center"" data-stat=""box_score_text""><a href=""/boxscores/197404220UTS.html"">Box Score</a></td><td class=""center iz"" data-stat=""overtimes""></td><td class=""right"" data-stat=""attendance"">10,248</td><td class=""left iz"" data-stat=""game_remarks""></td></tr>"
65,"<tr><th class=""left"" csk=""197404250INA"" data-stat=""date_game"" scope=""row""><a href=""/boxscores/index.fcgi?month=4&amp;day=25&amp;year=1974"">Thu, Apr 25, 1974</a></th><td class=""left"" csk=""UTS.197404250INA"" data-stat=""visitor_team_name""><a href=""/teams/UTS/1974.html"">Utah Stars</a></td><td class=""right"" data-stat=""visitor_pts"">89</td><td class=""left"" csk=""INA.197404250INA"" data-stat=""home_team_name""><a href=""/teams/INA/1974.html"">Indiana Pacers</a></td><td class=""right"" data-stat=""home_pts"">91</td><td class=""center"" data-stat=""box_score_text""><a href=""/boxscores/197404250INA.html"">Box Score</a></td><td class=""center iz"" data-stat=""overtimes""></td><td class=""right"" data-stat=""attendance"">9,482</td><td class=""left iz"" data-stat=""game_remarks""></td></tr>"
67,"<tr><th class=""left"" csk=""197404270UTS"" data-stat=""date_game"" scope=""row""><a href=""/boxscores/index.fcgi?month=4&amp;day=27&amp;year=1974"">Sat, Apr 27, 1974</a></th><td class=""left"" csk=""INA.197404270UTS"" data-stat=""visitor_team_name""><a href=""/teams/INA/1974.html"">Indiana Pacers</a></td><td class=""right"" data-stat=""visitor_pts"">87</td><td class=""left"" csk=""UTS.197404270UTS"" data-stat=""home_team_name""><a href=""/teams/UTS/1974.html"">Utah Stars</a></td><td class=""right"" data-stat=""home_pts"">109</td><td class=""center"" data-stat=""box_score_text""><a href=""/boxscores/197404270UTS.html"">Box Score</a></td><td class=""center iz"" data-stat=""overtimes""></td><td class=""right"" data-stat=""attendance"">12,191</td><td class=""left iz"" data-stat=""game_remarks""></td></tr>"
69,"<tr><th class=""left"" csk=""197404300NYA"" data-stat=""date_game"" scope=""row""><a href=""/boxscores/index.fcgi?month=4&amp;day=30&amp;year=1974"">Tue, Apr 30, 1974</a></th><td class=""left"" csk=""UTS.197404300NYA"" data-stat=""visitor_team_name""><a href=""/teams/UTS/1974.html"">Utah Stars</a></td><td class=""right"" data-stat=""visitor_pts"">85</td><td class=""left"" csk=""NYA.197404300NYA"" data-stat=""home_team_name""><a href=""/teams/NYA/1974.html"">New York Nets</a></td><td class=""right"" data-stat=""home_pts"">89</td><td class=""center"" data-stat=""box_score_text""><a href=""/boxscores/197404300NYA.html"">Box Score</a></td><td class=""center iz"" data-stat=""overtimes""></td><td class=""right"" data-stat=""attendance"">13,740</td><td class=""left iz"" data-stat=""game_remarks""></td></tr>"
71,"<tr><th class=""left"" csk=""197405040NYA"" data-stat=""date_game"" scope=""row""><a href=""/boxscores/index.fcgi?month=5&amp;day=4&amp;year=1974"">Sat, May 4, 1974</a></th><td class=""left"" csk=""UTS.197405040NYA"" data-stat=""visitor_team_name""><a href=""/teams/UTS/1974.html"">Utah Stars</a></td><td class=""right"" data-stat=""visitor_pts"">94</td><td class=""left"" csk=""NYA.197405040NYA"" data-stat=""home_team_name""><a href=""/teams/NYA/1974.html"">New York Nets</a></td><td class=""right"" data-stat=""home_pts"">118</td><td class=""center"" data-stat=""box_score_text""><a href=""/boxscores/197405040NYA.html"">Box Score</a></td><td class=""center iz"" data-stat=""overtimes""></td><td class=""right"" data-stat=""attendance"">15,934</td><td class=""left iz"" data-stat=""game_remarks""></td></tr>"
73,"<tr><th class=""left"" csk=""197405060UTS"" data-stat=""date_game"" scope=""row""><a href=""/boxscores/index.fcgi?month=5&amp;day=6&amp;year=1974"">Mon, May 6, 1974</a></th><td class=""left"" csk=""NYA.197405060UTS"" data-stat=""visitor_team_name""><a href=""/teams/NYA/1974.html"">New York Nets</a></td><td class=""right"" data-stat=""visitor_pts"">103</td><td class=""left"" csk=""UTS.197405060UTS"" data-stat=""home_team_name""><a href=""/teams/UTS/1974.html"">Utah Stars</a></td><td class=""right"" data-stat=""home_pts"">100</td><td class=""center"" data-stat=""box_score_text""><a href=""/boxscores/197405060UTS.html"">Box Score</a></td><td class=""center"" data-stat=""overtimes"">OT</td><td class=""right"" data-stat=""attendance"">10,743</td><td class=""left iz"" data-stat=""game_remarks""></td></tr>"
75,"<tr><th class=""left"" csk=""197405080UTS"" data-stat=""date_game"" scope=""row""><a href=""/boxscores/index.fcgi?month=5&amp;day=8&amp;year=1974"">Wed, May 8, 1974</a></th><td class=""left"" csk=""NYA.197405080UTS"" data-stat=""visitor_team_name""><a href=""/teams/NYA/1974.html"">New York Nets</a></td><td class=""right"" data-stat=""visitor_pts"">89</td><td class=""left"" csk=""UTS.197405080UTS"" data-stat=""home_team_name""><a href=""/teams/UTS/1974.html"">Utah Stars</a></td><td class=""right"" data-stat=""home_pts"">97</td><td class=""center"" data-stat=""box_score_text""><a href=""/boxscores/197405080UTS.html"">Box Score</a></td><td class=""center iz"" data-stat=""overtimes""></td><td class=""right"" data-stat=""attendance"">10,254</td><td class=""left iz"" data-stat=""game_remarks""></td></tr>"
77,"<tr><th class=""left"" csk=""197405100NYA"" data-stat=""date_game"" scope=""row""><a href=""/boxscores/index.fcgi?month=5&amp;day=10&amp;year=1974"">Fri, May 10, 1974</a></th><td class=""left"" csk=""UTS.197405100NYA"" data-stat=""visitor_team_name""><a href=""/teams/UTS/1974.html"">Utah Stars</a></td><td class=""right"" data-stat=""visitor_pts"">100</td><td class=""left"" csk=""NYA.197405100NYA"" data-stat=""home_team_name""><a href=""/teams/NYA/1974.html"">New York Nets</a></td><td class=""right"" data-stat=""home_pts"">111</td><td class=""center"" data-stat=""box_score_text""><a href=""/boxscores/197405100NYA.html"">Box Score</a></td><td class=""center iz"" data-stat=""overtimes""></td><td class=""right"" data-stat=""attendance"">15,934</td><td class=""left iz"" data-stat=""game_remarks""></td></tr>"
