,0
1,"<tr><th class=""left"" csk=""197103020TEX"" data-stat=""date_game"" scope=""row""><a href=""/boxscores/index.fcgi?month=3&amp;day=2&amp;year=1971"">Tue, Mar 2, 1971</a></th><td class=""left"" csk=""NYA.197103020TEX"" data-stat=""visitor_team_name""><a href=""/teams/NYA/1971.html"">New York Nets</a></td><td class=""right"" data-stat=""visitor_pts"">127</td><td class=""left"" csk=""TEX.197103020TEX"" data-stat=""home_team_name""><a href=""/teams/TEX/1971.html"">Texas Chaparrals</a></td><td class=""right"" data-stat=""home_pts"">130</td><td class=""center"" data-stat=""box_score_text""><a href=""/boxscores/197103020TEX.html"">Box Score</a></td><td class=""center iz"" data-stat=""overtimes""></td><td class=""right"" data-stat=""attendance"">1,971</td><td class=""left"" data-stat=""game_remarks"">at Dallas, TX</td></tr>"
3,"<tr><th class=""left"" csk=""197103030INA"" data-stat=""date_game"" scope=""row""><a href=""/boxscores/index.fcgi?month=3&amp;day=3&amp;year=1971"">Wed, Mar 3, 1971</a></th><td class=""left"" csk=""MMP.197103030INA"" data-stat=""visitor_team_name""><a href=""/teams/MMP/1971.html"">Memphis Pros</a></td><td class=""right"" data-stat=""visitor_pts"">98</td><td class=""left"" csk=""INA.197103030INA"" data-stat=""home_team_name""><a href=""/teams/INA/1971.html"">Indiana Pacers</a></td><td class=""right"" data-stat=""home_pts"">122</td><td class=""center"" data-stat=""box_score_text""><a href=""/boxscores/197103030INA.html"">Box Score</a></td><td class=""center iz"" data-stat=""overtimes""></td><td class=""right"" data-stat=""attendance"">7,975</td><td class=""left iz"" data-stat=""game_remarks""></td></tr>"
5,"<tr><th class=""left"" csk=""197103030KEN"" data-stat=""date_game"" scope=""row""><a href=""/boxscores/index.fcgi?month=3&amp;day=3&amp;year=1971"">Wed, Mar 3, 1971</a></th><td class=""left"" csk=""CAR.197103030KEN"" data-stat=""visitor_team_name""><a href=""/teams/CAR/1971.html"">Carolina Cougars</a></td><td class=""right"" data-stat=""visitor_pts"">128</td><td class=""left"" csk=""KEN.197103030KEN"" data-stat=""home_team_name""><a href=""/teams/KEN/1971.html"">Kentucky Colonels</a></td><td class=""right"" data-stat=""home_pts"">131</td><td class=""center"" data-stat=""box_score_text""><a href=""/boxscores/197103030KEN.html"">Box Score</a></td><td class=""center iz"" data-stat=""overtimes""></td><td class=""right"" data-stat=""attendance"">4,843</td><td class=""left iz"" data-stat=""game_remarks""></td></tr>"
7,"<tr><th class=""left"" csk=""197103030UTS"" data-stat=""date_game"" scope=""row""><a href=""/boxscores/index.fcgi?month=3&amp;day=3&amp;year=1971"">Wed, Mar 3, 1971</a></th><td class=""left"" csk=""DNR.197103030UTS"" data-stat=""visitor_team_name""><a href=""/teams/DNR/1971.html"">Denver Rockets</a></td><td class=""right"" data-stat=""visitor_pts"">106</td><td class=""left"" csk=""UTS.197103030UTS"" data-stat=""home_team_name""><a href=""/teams/UTS/1971.html"">Utah Stars</a></td><td class=""right"" data-stat=""home_pts"">139</td><td class=""center"" data-stat=""box_score_text""><a href=""/boxscores/197103030UTS.html"">Box Score</a></td><td class=""center iz"" data-stat=""overtimes""></td><td class=""right"" data-stat=""attendance"">4,468</td><td class=""left iz"" data-stat=""game_remarks""></td></tr>"
9,"<tr><th class=""left"" csk=""197103040FLO"" data-stat=""date_game"" scope=""row""><a href=""/boxscores/index.fcgi?month=3&amp;day=4&amp;year=1971"">Thu, Mar 4, 1971</a></th><td class=""left"" csk=""KEN.197103040FLO"" data-stat=""visitor_team_name""><a href=""/teams/KEN/1971.html"">Kentucky Colonels</a></td><td class=""right"" data-stat=""visitor_pts"">128</td><td class=""left"" csk=""FLO.197103040FLO"" data-stat=""home_team_name""><a href=""/teams/FLO/1971.html"">The Floridians</a></td><td class=""right"" data-stat=""home_pts"">119</td><td class=""center"" data-stat=""box_score_text""><a href=""/boxscores/197103040FLO.html"">Box Score</a></td><td class=""center iz"" data-stat=""overtimes""></td><td class=""right"" data-stat=""attendance"">5,126</td><td class=""left iz"" data-stat=""game_remarks""></td></tr>"
11,"<tr><th class=""left"" csk=""197103040NYA"" data-stat=""date_game"" scope=""row""><a href=""/boxscores/index.fcgi?month=3&amp;day=4&amp;year=1971"">Thu, Mar 4, 1971</a></th><td class=""left"" csk=""PTC.197103040NYA"" data-stat=""visitor_team_name""><a href=""/teams/PTC/1971.html"">Pittsburgh Condors</a></td><td class=""right"" data-stat=""visitor_pts"">110</td><td class=""left"" csk=""NYA.197103040NYA"" data-stat=""home_team_name""><a href=""/teams/NYA/1971.html"">New York Nets</a></td><td class=""right"" data-stat=""home_pts"">114</td><td class=""center"" data-stat=""box_score_text""><a href=""/boxscores/197103040NYA.html"">Box Score</a></td><td class=""center iz"" data-stat=""overtimes""></td><td class=""right"" data-stat=""attendance"">4,500</td><td class=""left"" data-stat=""game_remarks"">at Miami Beach, FL</td></tr>"
13,"<tr><th class=""left"" csk=""197103050VIR"" data-stat=""date_game"" scope=""row""><a href=""/boxscores/index.fcgi?month=3&amp;day=5&amp;year=1971"">Fri, Mar 5, 1971</a></th><td class=""left"" csk=""PTC.197103050VIR"" data-stat=""visitor_team_name""><a href=""/teams/PTC/1971.html"">Pittsburgh Condors</a></td><td class=""right"" data-stat=""visitor_pts"">125</td><td class=""left"" csk=""VIR.197103050VIR"" data-stat=""home_team_name""><a href=""/teams/VIR/1971.html"">Virginia Squires</a></td><td class=""right"" data-stat=""home_pts"">129</td><td class=""center"" data-stat=""box_score_text""><a href=""/boxscores/197103050VIR.html"">Box Score</a></td><td class=""center iz"" data-stat=""overtimes""></td><td class=""right"" data-stat=""attendance"">3,168</td><td class=""left"" data-stat=""game_remarks"">at Norfolk, VA</td></tr>"
15,"<tr><th class=""left"" csk=""197103050UTS"" data-stat=""date_game"" scope=""row""><a href=""/boxscores/index.fcgi?month=3&amp;day=5&amp;year=1971"">Fri, Mar 5, 1971</a></th><td class=""left"" csk=""INA.197103050UTS"" data-stat=""visitor_team_name""><a href=""/teams/INA/1971.html"">Indiana Pacers</a></td><td class=""right"" data-stat=""visitor_pts"">98</td><td class=""left"" csk=""UTS.197103050UTS"" data-stat=""home_team_name""><a href=""/teams/UTS/1971.html"">Utah Stars</a></td><td class=""right"" data-stat=""home_pts"">97</td><td class=""center"" data-stat=""box_score_text""><a href=""/boxscores/197103050UTS.html"">Box Score</a></td><td class=""center iz"" data-stat=""overtimes""></td><td class=""right"" data-stat=""attendance"">12,478</td><td class=""left iz"" data-stat=""game_remarks""></td></tr>"
17,"<tr><th class=""left"" csk=""197103050TEX"" data-stat=""date_game"" scope=""row""><a href=""/boxscores/index.fcgi?month=3&amp;day=5&amp;year=1971"">Fri, Mar 5, 1971</a></th><td class=""left"" csk=""DNR.197103050TEX"" data-stat=""visitor_team_name""><a href=""/teams/DNR/1971.html"">Denver Rockets</a></td><td class=""right"" data-stat=""visitor_pts"">153</td><td class=""left"" csk=""TEX.197103050TEX"" data-stat=""home_team_name""><a href=""/teams/TEX/1971.html"">Texas Chaparrals</a></td><td class=""right"" data-stat=""home_pts"">158</td><td class=""center"" data-stat=""box_score_text""><a href=""/boxscores/197103050TEX.html"">Box Score</a></td><td class=""center"" data-stat=""overtimes"">3OT</td><td class=""right"" data-stat=""attendance"">3,163</td><td class=""left"" data-stat=""game_remarks"">at Dallas, TX</td></tr>"
19,"<tr><th class=""left"" csk=""197103050KEN"" data-stat=""date_game"" scope=""row""><a href=""/boxscores/index.fcgi?month=3&amp;day=5&amp;year=1971"">Fri, Mar 5, 1971</a></th><td class=""left"" csk=""FLO.197103050KEN"" data-stat=""visitor_team_name""><a href=""/teams/FLO/1971.html"">The Floridians</a></td><td class=""right"" data-stat=""visitor_pts"">113</td><td class=""left"" csk=""KEN.197103050KEN"" data-stat=""home_team_name""><a href=""/teams/KEN/1971.html"">Kentucky Colonels</a></td><td class=""right"" data-stat=""home_pts"">118</td><td class=""center"" data-stat=""box_score_text""><a href=""/boxscores/197103050KEN.html"">Box Score</a></td><td class=""center iz"" data-stat=""overtimes""></td><td class=""right"" data-stat=""attendance"">9,621</td><td class=""left iz"" data-stat=""game_remarks""></td></tr>"
21,"<tr><th class=""left"" csk=""197103050CAR"" data-stat=""date_game"" scope=""row""><a href=""/boxscores/index.fcgi?month=3&amp;day=5&amp;year=1971"">Fri, Mar 5, 1971</a></th><td class=""left"" csk=""MMP.197103050CAR"" data-stat=""visitor_team_name""><a href=""/teams/MMP/1971.html"">Memphis Pros</a></td><td class=""right"" data-stat=""visitor_pts"">95</td><td class=""left"" csk=""CAR.197103050CAR"" data-stat=""home_team_name""><a href=""/teams/CAR/1971.html"">Carolina Cougars</a></td><td class=""right"" data-stat=""home_pts"">83</td><td class=""center"" data-stat=""box_score_text""><a href=""/boxscores/197103050CAR.html"">Box Score</a></td><td class=""center iz"" data-stat=""overtimes""></td><td class=""right"" data-stat=""attendance"">4,414</td><td class=""left"" data-stat=""game_remarks"">at Raleigh, NC</td></tr>"
23,"<tr><th class=""left"" csk=""197103060CAR"" data-stat=""date_game"" scope=""row""><a href=""/boxscores/index.fcgi?month=3&amp;day=6&amp;year=1971"">Sat, Mar 6, 1971</a></th><td class=""left"" csk=""NYA.197103060CAR"" data-stat=""visitor_team_name""><a href=""/teams/NYA/1971.html"">New York Nets</a></td><td class=""right"" data-stat=""visitor_pts"">127</td><td class=""left"" csk=""CAR.197103060CAR"" data-stat=""home_team_name""><a href=""/teams/CAR/1971.html"">Carolina Cougars</a></td><td class=""right"" data-stat=""home_pts"">112</td><td class=""center"" data-stat=""box_score_text""><a href=""/boxscores/197103060CAR.html"">Box Score</a></td><td class=""center iz"" data-stat=""overtimes""></td><td class=""right"" data-stat=""attendance"">6,135</td><td class=""left"" data-stat=""game_remarks"">at Raleigh, NC</td></tr>"
25,"<tr><th class=""left"" csk=""197103060PTC"" data-stat=""date_game"" scope=""row""><a href=""/boxscores/index.fcgi?month=3&amp;day=6&amp;year=1971"">Sat, Mar 6, 1971</a></th><td class=""left"" csk=""FLO.197103060PTC"" data-stat=""visitor_team_name""><a href=""/teams/FLO/1971.html"">The Floridians</a></td><td class=""right"" data-stat=""visitor_pts"">129</td><td class=""left"" csk=""PTC.197103060PTC"" data-stat=""home_team_name""><a href=""/teams/PTC/1971.html"">Pittsburgh Condors</a></td><td class=""right"" data-stat=""home_pts"">142</td><td class=""center"" data-stat=""box_score_text""><a href=""/boxscores/197103060PTC.html"">Box Score</a></td><td class=""center iz"" data-stat=""overtimes""></td><td class=""right"" data-stat=""attendance"">2,378</td><td class=""left iz"" data-stat=""game_remarks""></td></tr>"
27,"<tr><th class=""left"" csk=""197103060TEX"" data-stat=""date_game"" scope=""row""><a href=""/boxscores/index.fcgi?month=3&amp;day=6&amp;year=1971"">Sat, Mar 6, 1971</a></th><td class=""left"" csk=""INA.197103060TEX"" data-stat=""visitor_team_name""><a href=""/teams/INA/1971.html"">Indiana Pacers</a></td><td class=""right"" data-stat=""visitor_pts"">124</td><td class=""left"" csk=""TEX.197103060TEX"" data-stat=""home_team_name""><a href=""/teams/TEX/1971.html"">Texas Chaparrals</a></td><td class=""right"" data-stat=""home_pts"">112</td><td class=""center"" data-stat=""box_score_text""><a href=""/boxscores/197103060TEX.html"">Box Score</a></td><td class=""center iz"" data-stat=""overtimes""></td><td class=""right"" data-stat=""attendance"">3,072</td><td class=""left"" data-stat=""game_remarks"">at Dallas, TX</td></tr>"
29,"<tr><th class=""left"" csk=""197103070UTS"" data-stat=""date_game"" scope=""row""><a href=""/boxscores/index.fcgi?month=3&amp;day=7&amp;year=1971"">Sun, Mar 7, 1971</a></th><td class=""left"" csk=""MMP.197103070UTS"" data-stat=""visitor_team_name""><a href=""/teams/MMP/1971.html"">Memphis Pros</a></td><td class=""right"" data-stat=""visitor_pts"">106</td><td class=""left"" csk=""UTS.197103070UTS"" data-stat=""home_team_name""><a href=""/teams/UTS/1971.html"">Utah Stars</a></td><td class=""right"" data-stat=""home_pts"">108</td><td class=""center"" data-stat=""box_score_text""><a href=""/boxscores/197103070UTS.html"">Box Score</a></td><td class=""center iz"" data-stat=""overtimes""></td><td class=""right"" data-stat=""attendance"">3,865</td><td class=""left iz"" data-stat=""game_remarks""></td></tr>"
31,"<tr><th class=""left"" csk=""197103070NYA"" data-stat=""date_game"" scope=""row""><a href=""/boxscores/index.fcgi?month=3&amp;day=7&amp;year=1971"">Sun, Mar 7, 1971</a></th><td class=""left"" csk=""VIR.197103070NYA"" data-stat=""visitor_team_name""><a href=""/teams/VIR/1971.html"">Virginia Squires</a></td><td class=""right"" data-stat=""visitor_pts"">121</td><td class=""left"" csk=""NYA.197103070NYA"" data-stat=""home_team_name""><a href=""/teams/NYA/1971.html"">New York Nets</a></td><td class=""right"" data-stat=""home_pts"">123</td><td class=""center"" data-stat=""box_score_text""><a href=""/boxscores/197103070NYA.html"">Box Score</a></td><td class=""center iz"" data-stat=""overtimes""></td><td class=""right"" data-stat=""attendance"">5,789</td><td class=""left iz"" data-stat=""game_remarks""></td></tr>"
33,"<tr><th class=""left"" csk=""197103070KEN"" data-stat=""date_game"" scope=""row""><a href=""/boxscores/index.fcgi?month=3&amp;day=7&amp;year=1971"">Sun, Mar 7, 1971</a></th><td class=""left"" csk=""INA.197103070KEN"" data-stat=""visitor_team_name""><a href=""/teams/INA/1971.html"">Indiana Pacers</a></td><td class=""right"" data-stat=""visitor_pts"">127</td><td class=""left"" csk=""KEN.197103070KEN"" data-stat=""home_team_name""><a href=""/teams/KEN/1971.html"">Kentucky Colonels</a></td><td class=""right"" data-stat=""home_pts"">122</td><td class=""center"" data-stat=""box_score_text""><a href=""/boxscores/197103070KEN.html"">Box Score</a></td><td class=""center iz"" data-stat=""overtimes""></td><td class=""right"" data-stat=""attendance"">10,768</td><td class=""left iz"" data-stat=""game_remarks""></td></tr>"
35,"<tr><th class=""left"" csk=""197103070FLO"" data-stat=""date_game"" scope=""row""><a href=""/boxscores/index.fcgi?month=3&amp;day=7&amp;year=1971"">Sun, Mar 7, 1971</a></th><td class=""left"" csk=""DNR.197103070FLO"" data-stat=""visitor_team_name""><a href=""/teams/DNR/1971.html"">Denver Rockets</a></td><td class=""right"" data-stat=""visitor_pts"">142</td><td class=""left"" csk=""FLO.197103070FLO"" data-stat=""home_team_name""><a href=""/teams/FLO/1971.html"">The Floridians</a></td><td class=""right"" data-stat=""home_pts"">141</td><td class=""center"" data-stat=""box_score_text""><a href=""/boxscores/197103070FLO.html"">Box Score</a></td><td class=""center"" data-stat=""overtimes"">OT</td><td class=""right"" data-stat=""attendance"">3,865</td><td class=""left iz"" data-stat=""game_remarks""></td></tr>"
37,"<tr><th class=""left"" csk=""197103080INA"" data-stat=""date_game"" scope=""row""><a href=""/boxscores/index.fcgi?month=3&amp;day=8&amp;year=1971"">Mon, Mar 8, 1971</a></th><td class=""left"" csk=""CAR.197103080INA"" data-stat=""visitor_team_name""><a href=""/teams/CAR/1971.html"">Carolina Cougars</a></td><td class=""right"" data-stat=""visitor_pts"">105</td><td class=""left"" csk=""INA.197103080INA"" data-stat=""home_team_name""><a href=""/teams/INA/1971.html"">Indiana Pacers</a></td><td class=""right"" data-stat=""home_pts"">118</td><td class=""center"" data-stat=""box_score_text""><a href=""/boxscores/197103080INA.html"">Box Score</a></td><td class=""center iz"" data-stat=""overtimes""></td><td class=""right"" data-stat=""attendance"">7,065</td><td class=""left iz"" data-stat=""game_remarks""></td></tr>"
39,"<tr><th class=""left"" csk=""197103090VIR"" data-stat=""date_game"" scope=""row""><a href=""/boxscores/index.fcgi?month=3&amp;day=9&amp;year=1971"">Tue, Mar 9, 1971</a></th><td class=""left"" csk=""NYA.197103090VIR"" data-stat=""visitor_team_name""><a href=""/teams/NYA/1971.html"">New York Nets</a></td><td class=""right"" data-stat=""visitor_pts"">132</td><td class=""left"" csk=""VIR.197103090VIR"" data-stat=""home_team_name""><a href=""/teams/VIR/1971.html"">Virginia Squires</a></td><td class=""right"" data-stat=""home_pts"">120</td><td class=""center"" data-stat=""box_score_text""><a href=""/boxscores/197103090VIR.html"">Box Score</a></td><td class=""center iz"" data-stat=""overtimes""></td><td class=""right"" data-stat=""attendance"">5,007</td><td class=""left"" data-stat=""game_remarks"">at Hampton, VA</td></tr>"
41,"<tr><th class=""left"" csk=""197103090UTS"" data-stat=""date_game"" scope=""row""><a href=""/boxscores/index.fcgi?month=3&amp;day=9&amp;year=1971"">Tue, Mar 9, 1971</a></th><td class=""left"" csk=""FLO.197103090UTS"" data-stat=""visitor_team_name""><a href=""/teams/FLO/1971.html"">The Floridians</a></td><td class=""right"" data-stat=""visitor_pts"">112</td><td class=""left"" csk=""UTS.197103090UTS"" data-stat=""home_team_name""><a href=""/teams/UTS/1971.html"">Utah Stars</a></td><td class=""right"" data-stat=""home_pts"">122</td><td class=""center"" data-stat=""box_score_text""><a href=""/boxscores/197103090UTS.html"">Box Score</a></td><td class=""center iz"" data-stat=""overtimes""></td><td class=""right"" data-stat=""attendance"">4,684</td><td class=""left iz"" data-stat=""game_remarks""></td></tr>"
43,"<tr><th class=""left"" csk=""197103090TEX"" data-stat=""date_game"" scope=""row""><a href=""/boxscores/index.fcgi?month=3&amp;day=9&amp;year=1971"">Tue, Mar 9, 1971</a></th><td class=""left"" csk=""DNR.197103090TEX"" data-stat=""visitor_team_name""><a href=""/teams/DNR/1971.html"">Denver Rockets</a></td><td class=""right"" data-stat=""visitor_pts"">146</td><td class=""left"" csk=""TEX.197103090TEX"" data-stat=""home_team_name""><a href=""/teams/TEX/1971.html"">Texas Chaparrals</a></td><td class=""right"" data-stat=""home_pts"">127</td><td class=""center"" data-stat=""box_score_text""><a href=""/boxscores/197103090TEX.html"">Box Score</a></td><td class=""center iz"" data-stat=""overtimes""></td><td class=""right"" data-stat=""attendance"">3,520</td><td class=""left"" data-stat=""game_remarks"">at Fort Worth, TX</td></tr>"
45,"<tr><th class=""left"" csk=""197103100DNR"" data-stat=""date_game"" scope=""row""><a href=""/boxscores/index.fcgi?month=3&amp;day=10&amp;year=1971"">Wed, Mar 10, 1971</a></th><td class=""left"" csk=""FLO.197103100DNR"" data-stat=""visitor_team_name""><a href=""/teams/FLO/1971.html"">The Floridians</a></td><td class=""right"" data-stat=""visitor_pts"">116</td><td class=""left"" csk=""DNR.197103100DNR"" data-stat=""home_team_name""><a href=""/teams/DNR/1971.html"">Denver Rockets</a></td><td class=""right"" data-stat=""home_pts"">113</td><td class=""center"" data-stat=""box_score_text""><a href=""/boxscores/197103100DNR.html"">Box Score</a></td><td class=""center iz"" data-stat=""overtimes""></td><td class=""right"" data-stat=""attendance"">6,159</td><td class=""left iz"" data-stat=""game_remarks""></td></tr>"
47,"<tr><th class=""left"" csk=""197103100INA"" data-stat=""date_game"" scope=""row""><a href=""/boxscores/index.fcgi?month=3&amp;day=10&amp;year=1971"">Wed, Mar 10, 1971</a></th><td class=""left"" csk=""MMP.197103100INA"" data-stat=""visitor_team_name""><a href=""/teams/MMP/1971.html"">Memphis Pros</a></td><td class=""right"" data-stat=""visitor_pts"">113</td><td class=""left"" csk=""INA.197103100INA"" data-stat=""home_team_name""><a href=""/teams/INA/1971.html"">Indiana Pacers</a></td><td class=""right"" data-stat=""home_pts"">122</td><td class=""center"" data-stat=""box_score_text""><a href=""/boxscores/197103100INA.html"">Box Score</a></td><td class=""center iz"" data-stat=""overtimes""></td><td class=""right"" data-stat=""attendance"">7,771</td><td class=""left iz"" data-stat=""game_remarks""></td></tr>"
49,"<tr><th class=""left"" csk=""197103120TEX"" data-stat=""date_game"" scope=""row""><a href=""/boxscores/index.fcgi?month=3&amp;day=12&amp;year=1971"">Fri, Mar 12, 1971</a></th><td class=""left"" csk=""CAR.197103120TEX"" data-stat=""visitor_team_name""><a href=""/teams/CAR/1971.html"">Carolina Cougars</a></td><td class=""right"" data-stat=""visitor_pts"">120</td><td class=""left"" csk=""TEX.197103120TEX"" data-stat=""home_team_name""><a href=""/teams/TEX/1971.html"">Texas Chaparrals</a></td><td class=""right"" data-stat=""home_pts"">129</td><td class=""center"" data-stat=""box_score_text""><a href=""/boxscores/197103120TEX.html"">Box Score</a></td><td class=""center iz"" data-stat=""overtimes""></td><td class=""right"" data-stat=""attendance"">2,500</td><td class=""left"" data-stat=""game_remarks"">at Lubbock, TX</td></tr>"
51,"<tr><th class=""left"" csk=""197103120NYA"" data-stat=""date_game"" scope=""row""><a href=""/boxscores/index.fcgi?month=3&amp;day=12&amp;year=1971"">Fri, Mar 12, 1971</a></th><td class=""left"" csk=""DNR.197103120NYA"" data-stat=""visitor_team_name""><a href=""/teams/DNR/1971.html"">Denver Rockets</a></td><td class=""right"" data-stat=""visitor_pts"">127</td><td class=""left"" csk=""NYA.197103120NYA"" data-stat=""home_team_name""><a href=""/teams/NYA/1971.html"">New York Nets</a></td><td class=""right"" data-stat=""home_pts"">132</td><td class=""center"" data-stat=""box_score_text""><a href=""/boxscores/197103120NYA.html"">Box Score</a></td><td class=""center iz"" data-stat=""overtimes""></td><td class=""right"" data-stat=""attendance"">5,658</td><td class=""left iz"" data-stat=""game_remarks""></td></tr>"
53,"<tr><th class=""left"" csk=""197103120INA"" data-stat=""date_game"" scope=""row""><a href=""/boxscores/index.fcgi?month=3&amp;day=12&amp;year=1971"">Fri, Mar 12, 1971</a></th><td class=""left"" csk=""UTS.197103120INA"" data-stat=""visitor_team_name""><a href=""/teams/UTS/1971.html"">Utah Stars</a></td><td class=""right"" data-stat=""visitor_pts"">95</td><td class=""left"" csk=""INA.197103120INA"" data-stat=""home_team_name""><a href=""/teams/INA/1971.html"">Indiana Pacers</a></td><td class=""right"" data-stat=""home_pts"">106</td><td class=""center"" data-stat=""box_score_text""><a href=""/boxscores/197103120INA.html"">Box Score</a></td><td class=""center iz"" data-stat=""overtimes""></td><td class=""right"" data-stat=""attendance"">10,702</td><td class=""left iz"" data-stat=""game_remarks""></td></tr>"
55,"<tr><th class=""left"" csk=""197103130KEN"" data-stat=""date_game"" scope=""row""><a href=""/boxscores/index.fcgi?month=3&amp;day=13&amp;year=1971"">Sat, Mar 13, 1971</a></th><td class=""left"" csk=""PTC.197103130KEN"" data-stat=""visitor_team_name""><a href=""/teams/PTC/1971.html"">Pittsburgh Condors</a></td><td class=""right"" data-stat=""visitor_pts"">132</td><td class=""left"" csk=""KEN.197103130KEN"" data-stat=""home_team_name""><a href=""/teams/KEN/1971.html"">Kentucky Colonels</a></td><td class=""right"" data-stat=""home_pts"">157</td><td class=""center"" data-stat=""box_score_text""><a href=""/boxscores/197103130KEN.html"">Box Score</a></td><td class=""center iz"" data-stat=""overtimes""></td><td class=""right"" data-stat=""attendance"">8,036</td><td class=""left iz"" data-stat=""game_remarks""></td></tr>"
57,"<tr><th class=""left"" csk=""197103130TEX"" data-stat=""date_game"" scope=""row""><a href=""/boxscores/index.fcgi?month=3&amp;day=13&amp;year=1971"">Sat, Mar 13, 1971</a></th><td class=""left"" csk=""CAR.197103130TEX"" data-stat=""visitor_team_name""><a href=""/teams/CAR/1971.html"">Carolina Cougars</a></td><td class=""right"" data-stat=""visitor_pts"">122</td><td class=""left"" csk=""TEX.197103130TEX"" data-stat=""home_team_name""><a href=""/teams/TEX/1971.html"">Texas Chaparrals</a></td><td class=""right"" data-stat=""home_pts"">142</td><td class=""center"" data-stat=""box_score_text""><a href=""/boxscores/197103130TEX.html"">Box Score</a></td><td class=""center iz"" data-stat=""overtimes""></td><td class=""right"" data-stat=""attendance"">1,444</td><td class=""left"" data-stat=""game_remarks"">at Dallas, TX</td></tr>"
59,"<tr><th class=""left"" csk=""197103130VIR"" data-stat=""date_game"" scope=""row""><a href=""/boxscores/index.fcgi?month=3&amp;day=13&amp;year=1971"">Sat, Mar 13, 1971</a></th><td class=""left"" csk=""INA.197103130VIR"" data-stat=""visitor_team_name""><a href=""/teams/INA/1971.html"">Indiana Pacers</a></td><td class=""right"" data-stat=""visitor_pts"">111</td><td class=""left"" csk=""VIR.197103130VIR"" data-stat=""home_team_name""><a href=""/teams/VIR/1971.html"">Virginia Squires</a></td><td class=""right"" data-stat=""home_pts"">129</td><td class=""center"" data-stat=""box_score_text""><a href=""/boxscores/197103130VIR.html"">Box Score</a></td><td class=""center iz"" data-stat=""overtimes""></td><td class=""right"" data-stat=""attendance"">2,057</td><td class=""left"" data-stat=""game_remarks"">at Roanoke, VA</td></tr>"
61,"<tr><th class=""left"" csk=""197103140TEX"" data-stat=""date_game"" scope=""row""><a href=""/boxscores/index.fcgi?month=3&amp;day=14&amp;year=1971"">Sun, Mar 14, 1971</a></th><td class=""left"" csk=""MMP.197103140TEX"" data-stat=""visitor_team_name""><a href=""/teams/MMP/1971.html"">Memphis Pros</a></td><td class=""right"" data-stat=""visitor_pts"">123</td><td class=""left"" csk=""TEX.197103140TEX"" data-stat=""home_team_name""><a href=""/teams/TEX/1971.html"">Texas Chaparrals</a></td><td class=""right"" data-stat=""home_pts"">132</td><td class=""center"" data-stat=""box_score_text""><a href=""/boxscores/197103140TEX.html"">Box Score</a></td><td class=""center iz"" data-stat=""overtimes""></td><td class=""right"" data-stat=""attendance"">1,632</td><td class=""left"" data-stat=""game_remarks"">at Fort Worth, TX</td></tr>"
63,"<tr><th class=""left"" csk=""197103140KEN"" data-stat=""date_game"" scope=""row""><a href=""/boxscores/index.fcgi?month=3&amp;day=14&amp;year=1971"">Sun, Mar 14, 1971</a></th><td class=""left"" csk=""VIR.197103140KEN"" data-stat=""visitor_team_name""><a href=""/teams/VIR/1971.html"">Virginia Squires</a></td><td class=""right"" data-stat=""visitor_pts"">139</td><td class=""left"" csk=""KEN.197103140KEN"" data-stat=""home_team_name""><a href=""/teams/KEN/1971.html"">Kentucky Colonels</a></td><td class=""right"" data-stat=""home_pts"">121</td><td class=""center"" data-stat=""box_score_text""><a href=""/boxscores/197103140KEN.html"">Box Score</a></td><td class=""center iz"" data-stat=""overtimes""></td><td class=""right"" data-stat=""attendance"">9,821</td><td class=""left iz"" data-stat=""game_remarks""></td></tr>"
65,"<tr><th class=""left"" csk=""197103140INA"" data-stat=""date_game"" scope=""row""><a href=""/boxscores/index.fcgi?month=3&amp;day=14&amp;year=1971"">Sun, Mar 14, 1971</a></th><td class=""left"" csk=""DNR.197103140INA"" data-stat=""visitor_team_name""><a href=""/teams/DNR/1971.html"">Denver Rockets</a></td><td class=""right"" data-stat=""visitor_pts"">121</td><td class=""left"" csk=""INA.197103140INA"" data-stat=""home_team_name""><a href=""/teams/INA/1971.html"">Indiana Pacers</a></td><td class=""right"" data-stat=""home_pts"">131</td><td class=""center"" data-stat=""box_score_text""><a href=""/boxscores/197103140INA.html"">Box Score</a></td><td class=""center iz"" data-stat=""overtimes""></td><td class=""right"" data-stat=""attendance"">8,052</td><td class=""left iz"" data-stat=""game_remarks""></td></tr>"
67,"<tr><th class=""left"" csk=""197103140FLO"" data-stat=""date_game"" scope=""row""><a href=""/boxscores/index.fcgi?month=3&amp;day=14&amp;year=1971"">Sun, Mar 14, 1971</a></th><td class=""left"" csk=""PTC.197103140FLO"" data-stat=""visitor_team_name""><a href=""/teams/PTC/1971.html"">Pittsburgh Condors</a></td><td class=""right"" data-stat=""visitor_pts"">114</td><td class=""left"" csk=""FLO.197103140FLO"" data-stat=""home_team_name""><a href=""/teams/FLO/1971.html"">The Floridians</a></td><td class=""right"" data-stat=""home_pts"">117</td><td class=""center"" data-stat=""box_score_text""><a href=""/boxscores/197103140FLO.html"">Box Score</a></td><td class=""center iz"" data-stat=""overtimes""></td><td class=""right"" data-stat=""attendance"">3,019</td><td class=""left iz"" data-stat=""game_remarks""></td></tr>"
69,"<tr><th class=""left"" csk=""197103140CAR"" data-stat=""date_game"" scope=""row""><a href=""/boxscores/index.fcgi?month=3&amp;day=14&amp;year=1971"">Sun, Mar 14, 1971</a></th><td class=""left"" csk=""UTS.197103140CAR"" data-stat=""visitor_team_name""><a href=""/teams/UTS/1971.html"">Utah Stars</a></td><td class=""right"" data-stat=""visitor_pts"">126</td><td class=""left"" csk=""CAR.197103140CAR"" data-stat=""home_team_name""><a href=""/teams/CAR/1971.html"">Carolina Cougars</a></td><td class=""right"" data-stat=""home_pts"">103</td><td class=""center"" data-stat=""box_score_text""><a href=""/boxscores/197103140CAR.html"">Box Score</a></td><td class=""center iz"" data-stat=""overtimes""></td><td class=""right"" data-stat=""attendance"">3,903</td><td class=""left"" data-stat=""game_remarks"">at Greensboro, NC</td></tr>"
71,"<tr><th class=""left"" csk=""197103160DNR"" data-stat=""date_game"" scope=""row""><a href=""/boxscores/index.fcgi?month=3&amp;day=16&amp;year=1971"">Tue, Mar 16, 1971</a></th><td class=""left"" csk=""MMP.197103160DNR"" data-stat=""visitor_team_name""><a href=""/teams/MMP/1971.html"">Memphis Pros</a></td><td class=""right"" data-stat=""visitor_pts"">127</td><td class=""left"" csk=""DNR.197103160DNR"" data-stat=""home_team_name""><a href=""/teams/DNR/1971.html"">Denver Rockets</a></td><td class=""right"" data-stat=""home_pts"">118</td><td class=""center"" data-stat=""box_score_text""><a href=""/boxscores/197103160DNR.html"">Box Score</a></td><td class=""center iz"" data-stat=""overtimes""></td><td class=""right"" data-stat=""attendance"">3,439</td><td class=""left iz"" data-stat=""game_remarks""></td></tr>"
73,"<tr><th class=""left"" csk=""197103160INA"" data-stat=""date_game"" scope=""row""><a href=""/boxscores/index.fcgi?month=3&amp;day=16&amp;year=1971"">Tue, Mar 16, 1971</a></th><td class=""left"" csk=""PTC.197103160INA"" data-stat=""visitor_team_name""><a href=""/teams/PTC/1971.html"">Pittsburgh Condors</a></td><td class=""right"" data-stat=""visitor_pts"">119</td><td class=""left"" csk=""INA.197103160INA"" data-stat=""home_team_name""><a href=""/teams/INA/1971.html"">Indiana Pacers</a></td><td class=""right"" data-stat=""home_pts"">130</td><td class=""center"" data-stat=""box_score_text""><a href=""/boxscores/197103160INA.html"">Box Score</a></td><td class=""center iz"" data-stat=""overtimes""></td><td class=""right"" data-stat=""attendance"">11,828</td><td class=""left"" data-stat=""game_remarks"">at Louisville, KY</td></tr>"
75,"<tr><th class=""left"" csk=""197103160KEN"" data-stat=""date_game"" scope=""row""><a href=""/boxscores/index.fcgi?month=3&amp;day=16&amp;year=1971"">Tue, Mar 16, 1971</a></th><td class=""left"" csk=""NYA.197103160KEN"" data-stat=""visitor_team_name""><a href=""/teams/NYA/1971.html"">New York Nets</a></td><td class=""right"" data-stat=""visitor_pts"">104</td><td class=""left"" csk=""KEN.197103160KEN"" data-stat=""home_team_name""><a href=""/teams/KEN/1971.html"">Kentucky Colonels</a></td><td class=""right"" data-stat=""home_pts"">122</td><td class=""center"" data-stat=""box_score_text""><a href=""/boxscores/197103160KEN.html"">Box Score</a></td><td class=""center iz"" data-stat=""overtimes""></td><td class=""right"" data-stat=""attendance"">11,828</td><td class=""left iz"" data-stat=""game_remarks""></td></tr>"
77,"<tr><th class=""left"" csk=""197103170CAR"" data-stat=""date_game"" scope=""row""><a href=""/boxscores/index.fcgi?month=3&amp;day=17&amp;year=1971"">Wed, Mar 17, 1971</a></th><td class=""left"" csk=""PTC.197103170CAR"" data-stat=""visitor_team_name""><a href=""/teams/PTC/1971.html"">Pittsburgh Condors</a></td><td class=""right"" data-stat=""visitor_pts"">133</td><td class=""left"" csk=""CAR.197103170CAR"" data-stat=""home_team_name""><a href=""/teams/CAR/1971.html"">Carolina Cougars</a></td><td class=""right"" data-stat=""home_pts"">120</td><td class=""center"" data-stat=""box_score_text""><a href=""/boxscores/197103170CAR.html"">Box Score</a></td><td class=""center iz"" data-stat=""overtimes""></td><td class=""right"" data-stat=""attendance"">2,801</td><td class=""left"" data-stat=""game_remarks"">at Charlotte, NC</td></tr>"
79,"<tr><th class=""left"" csk=""197103170FLO"" data-stat=""date_game"" scope=""row""><a href=""/boxscores/index.fcgi?month=3&amp;day=17&amp;year=1971"">Wed, Mar 17, 1971</a></th><td class=""left"" csk=""UTS.197103170FLO"" data-stat=""visitor_team_name""><a href=""/teams/UTS/1971.html"">Utah Stars</a></td><td class=""right"" data-stat=""visitor_pts"">116</td><td class=""left"" csk=""FLO.197103170FLO"" data-stat=""home_team_name""><a href=""/teams/FLO/1971.html"">The Floridians</a></td><td class=""right"" data-stat=""home_pts"">120</td><td class=""center"" data-stat=""box_score_text""><a href=""/boxscores/197103170FLO.html"">Box Score</a></td><td class=""center iz"" data-stat=""overtimes""></td><td class=""right"" data-stat=""attendance"">10,828</td><td class=""left"" data-stat=""game_remarks"">at New York, NY</td></tr>"
81,"<tr><th class=""left"" csk=""197103170INA"" data-stat=""date_game"" scope=""row""><a href=""/boxscores/index.fcgi?month=3&amp;day=17&amp;year=1971"">Wed, Mar 17, 1971</a></th><td class=""left"" csk=""TEX.197103170INA"" data-stat=""visitor_team_name""><a href=""/teams/TEX/1971.html"">Texas Chaparrals</a></td><td class=""right"" data-stat=""visitor_pts"">109</td><td class=""left"" csk=""INA.197103170INA"" data-stat=""home_team_name""><a href=""/teams/INA/1971.html"">Indiana Pacers</a></td><td class=""right"" data-stat=""home_pts"">123</td><td class=""center"" data-stat=""box_score_text""><a href=""/boxscores/197103170INA.html"">Box Score</a></td><td class=""center iz"" data-stat=""overtimes""></td><td class=""right"" data-stat=""attendance"">6,721</td><td class=""left"" data-stat=""game_remarks"">at Anderson, IN</td></tr>"
83,"<tr><th class=""left"" csk=""197103170NYA"" data-stat=""date_game"" scope=""row""><a href=""/boxscores/index.fcgi?month=3&amp;day=17&amp;year=1971"">Wed, Mar 17, 1971</a></th><td class=""left"" csk=""KEN.197103170NYA"" data-stat=""visitor_team_name""><a href=""/teams/KEN/1971.html"">Kentucky Colonels</a></td><td class=""right"" data-stat=""visitor_pts"">120</td><td class=""left"" csk=""NYA.197103170NYA"" data-stat=""home_team_name""><a href=""/teams/NYA/1971.html"">New York Nets</a></td><td class=""right"" data-stat=""home_pts"">122</td><td class=""center"" data-stat=""box_score_text""><a href=""/boxscores/197103170NYA.html"">Box Score</a></td><td class=""center iz"" data-stat=""overtimes""></td><td class=""right"" data-stat=""attendance"">10,828</td><td class=""left"" data-stat=""game_remarks"">at New York, NY</td></tr>"
85,"<tr><th class=""left"" csk=""197103180DNR"" data-stat=""date_game"" scope=""row""><a href=""/boxscores/index.fcgi?month=3&amp;day=18&amp;year=1971"">Thu, Mar 18, 1971</a></th><td class=""left"" csk=""UTS.197103180DNR"" data-stat=""visitor_team_name""><a href=""/teams/UTS/1971.html"">Utah Stars</a></td><td class=""right"" data-stat=""visitor_pts"">124</td><td class=""left"" csk=""DNR.197103180DNR"" data-stat=""home_team_name""><a href=""/teams/DNR/1971.html"">Denver Rockets</a></td><td class=""right"" data-stat=""home_pts"">123</td><td class=""center"" data-stat=""box_score_text""><a href=""/boxscores/197103180DNR.html"">Box Score</a></td><td class=""center iz"" data-stat=""overtimes""></td><td class=""right"" data-stat=""attendance"">3,575</td><td class=""left iz"" data-stat=""game_remarks""></td></tr>"
87,"<tr><th class=""left"" csk=""197103190CAR"" data-stat=""date_game"" scope=""row""><a href=""/boxscores/index.fcgi?month=3&amp;day=19&amp;year=1971"">Fri, Mar 19, 1971</a></th><td class=""left"" csk=""VIR.197103190CAR"" data-stat=""visitor_team_name""><a href=""/teams/VIR/1971.html"">Virginia Squires</a></td><td class=""right"" data-stat=""visitor_pts"">132</td><td class=""left"" csk=""CAR.197103190CAR"" data-stat=""home_team_name""><a href=""/teams/CAR/1971.html"">Carolina Cougars</a></td><td class=""right"" data-stat=""home_pts"">120</td><td class=""center"" data-stat=""box_score_text""><a href=""/boxscores/197103190CAR.html"">Box Score</a></td><td class=""center iz"" data-stat=""overtimes""></td><td class=""right"" data-stat=""attendance"">7,982</td><td class=""left"" data-stat=""game_remarks"">at Greensboro, NC</td></tr>"
89,"<tr><th class=""left"" csk=""197103190INA"" data-stat=""date_game"" scope=""row""><a href=""/boxscores/index.fcgi?month=3&amp;day=19&amp;year=1971"">Fri, Mar 19, 1971</a></th><td class=""left"" csk=""KEN.197103190INA"" data-stat=""visitor_team_name""><a href=""/teams/KEN/1971.html"">Kentucky Colonels</a></td><td class=""right"" data-stat=""visitor_pts"">109</td><td class=""left"" csk=""INA.197103190INA"" data-stat=""home_team_name""><a href=""/teams/INA/1971.html"">Indiana Pacers</a></td><td class=""right"" data-stat=""home_pts"">120</td><td class=""center"" data-stat=""box_score_text""><a href=""/boxscores/197103190INA.html"">Box Score</a></td><td class=""center iz"" data-stat=""overtimes""></td><td class=""right"" data-stat=""attendance"">10,353</td><td class=""left iz"" data-stat=""game_remarks""></td></tr>"
91,"<tr><th class=""left"" csk=""197103190NYA"" data-stat=""date_game"" scope=""row""><a href=""/boxscores/index.fcgi?month=3&amp;day=19&amp;year=1971"">Fri, Mar 19, 1971</a></th><td class=""left"" csk=""UTS.197103190NYA"" data-stat=""visitor_team_name""><a href=""/teams/UTS/1971.html"">Utah Stars</a></td><td class=""right"" data-stat=""visitor_pts"">115</td><td class=""left"" csk=""NYA.197103190NYA"" data-stat=""home_team_name""><a href=""/teams/NYA/1971.html"">New York Nets</a></td><td class=""right"" data-stat=""home_pts"">104</td><td class=""center"" data-stat=""box_score_text""><a href=""/boxscores/197103190NYA.html"">Box Score</a></td><td class=""center iz"" data-stat=""overtimes""></td><td class=""right"" data-stat=""attendance"">5,623</td><td class=""left iz"" data-stat=""game_remarks""></td></tr>"
93,"<tr><th class=""left"" csk=""197103190TEX"" data-stat=""date_game"" scope=""row""><a href=""/boxscores/index.fcgi?month=3&amp;day=19&amp;year=1971"">Fri, Mar 19, 1971</a></th><td class=""left"" csk=""MMP.197103190TEX"" data-stat=""visitor_team_name""><a href=""/teams/MMP/1971.html"">Memphis Pros</a></td><td class=""right"" data-stat=""visitor_pts"">116</td><td class=""left"" csk=""TEX.197103190TEX"" data-stat=""home_team_name""><a href=""/teams/TEX/1971.html"">Texas Chaparrals</a></td><td class=""right"" data-stat=""home_pts"">128</td><td class=""center"" data-stat=""box_score_text""><a href=""/boxscores/197103190TEX.html"">Box Score</a></td><td class=""center iz"" data-stat=""overtimes""></td><td class=""right"" data-stat=""attendance"">3,269</td><td class=""left"" data-stat=""game_remarks"">at Dallas, TX</td></tr>"
95,"<tr><th class=""left"" csk=""197103200VIR"" data-stat=""date_game"" scope=""row""><a href=""/boxscores/index.fcgi?month=3&amp;day=20&amp;year=1971"">Sat, Mar 20, 1971</a></th><td class=""left"" csk=""NYA.197103200VIR"" data-stat=""visitor_team_name""><a href=""/teams/NYA/1971.html"">New York Nets</a></td><td class=""right"" data-stat=""visitor_pts"">125</td><td class=""left"" csk=""VIR.197103200VIR"" data-stat=""home_team_name""><a href=""/teams/VIR/1971.html"">Virginia Squires</a></td><td class=""right"" data-stat=""home_pts"">135</td><td class=""center"" data-stat=""box_score_text""><a href=""/boxscores/197103200VIR.html"">Box Score</a></td><td class=""center iz"" data-stat=""overtimes""></td><td class=""right"" data-stat=""attendance"">5,000</td><td class=""left"" data-stat=""game_remarks"">at Norfolk, VA</td></tr>"
97,"<tr><th class=""left"" csk=""197103210TEX"" data-stat=""date_game"" scope=""row""><a href=""/boxscores/index.fcgi?month=3&amp;day=21&amp;year=1971"">Sun, Mar 21, 1971</a></th><td class=""left"" csk=""VIR.197103210TEX"" data-stat=""visitor_team_name""><a href=""/teams/VIR/1971.html"">Virginia Squires</a></td><td class=""right"" data-stat=""visitor_pts"">115</td><td class=""left"" csk=""TEX.197103210TEX"" data-stat=""home_team_name""><a href=""/teams/TEX/1971.html"">Texas Chaparrals</a></td><td class=""right"" data-stat=""home_pts"">129</td><td class=""center"" data-stat=""box_score_text""><a href=""/boxscores/197103210TEX.html"">Box Score</a></td><td class=""center iz"" data-stat=""overtimes""></td><td class=""right"" data-stat=""attendance"">3,472</td><td class=""left"" data-stat=""game_remarks"">at Dallas, TX</td></tr>"
99,"<tr><th class=""left"" csk=""197103210KEN"" data-stat=""date_game"" scope=""row""><a href=""/boxscores/index.fcgi?month=3&amp;day=21&amp;year=1971"">Sun, Mar 21, 1971</a></th><td class=""left"" csk=""UTS.197103210KEN"" data-stat=""visitor_team_name""><a href=""/teams/UTS/1971.html"">Utah Stars</a></td><td class=""right"" data-stat=""visitor_pts"">123</td><td class=""left"" csk=""KEN.197103210KEN"" data-stat=""home_team_name""><a href=""/teams/KEN/1971.html"">Kentucky Colonels</a></td><td class=""right"" data-stat=""home_pts"">109</td><td class=""center"" data-stat=""box_score_text""><a href=""/boxscores/197103210KEN.html"">Box Score</a></td><td class=""center iz"" data-stat=""overtimes""></td><td class=""right"" data-stat=""attendance"">4,781</td><td class=""left iz"" data-stat=""game_remarks""></td></tr>"
101,"<tr><th class=""left"" csk=""197103210FLO"" data-stat=""date_game"" scope=""row""><a href=""/boxscores/index.fcgi?month=3&amp;day=21&amp;year=1971"">Sun, Mar 21, 1971</a></th><td class=""left"" csk=""MMP.197103210FLO"" data-stat=""visitor_team_name""><a href=""/teams/MMP/1971.html"">Memphis Pros</a></td><td class=""right"" data-stat=""visitor_pts"">103</td><td class=""left"" csk=""FLO.197103210FLO"" data-stat=""home_team_name""><a href=""/teams/FLO/1971.html"">The Floridians</a></td><td class=""right"" data-stat=""home_pts"">109</td><td class=""center"" data-stat=""box_score_text""><a href=""/boxscores/197103210FLO.html"">Box Score</a></td><td class=""center iz"" data-stat=""overtimes""></td><td class=""right"" data-stat=""attendance"">2,815</td><td class=""left iz"" data-stat=""game_remarks""></td></tr>"
103,"<tr><th class=""left"" csk=""197103210CAR"" data-stat=""date_game"" scope=""row""><a href=""/boxscores/index.fcgi?month=3&amp;day=21&amp;year=1971"">Sun, Mar 21, 1971</a></th><td class=""left"" csk=""PTC.197103210CAR"" data-stat=""visitor_team_name""><a href=""/teams/PTC/1971.html"">Pittsburgh Condors</a></td><td class=""right"" data-stat=""visitor_pts"">136</td><td class=""left"" csk=""CAR.197103210CAR"" data-stat=""home_team_name""><a href=""/teams/CAR/1971.html"">Carolina Cougars</a></td><td class=""right"" data-stat=""home_pts"">143</td><td class=""center"" data-stat=""box_score_text""><a href=""/boxscores/197103210CAR.html"">Box Score</a></td><td class=""center"" data-stat=""overtimes"">OT</td><td class=""right"" data-stat=""attendance"">9,181</td><td class=""left"" data-stat=""game_remarks"">at Greensboro, NC</td></tr>"
105,"<tr><th class=""left"" csk=""197103220INA"" data-stat=""date_game"" scope=""row""><a href=""/boxscores/index.fcgi?month=3&amp;day=22&amp;year=1971"">Mon, Mar 22, 1971</a></th><td class=""left"" csk=""UTS.197103220INA"" data-stat=""visitor_team_name""><a href=""/teams/UTS/1971.html"">Utah Stars</a></td><td class=""right"" data-stat=""visitor_pts"">106</td><td class=""left"" csk=""INA.197103220INA"" data-stat=""home_team_name""><a href=""/teams/INA/1971.html"">Indiana Pacers</a></td><td class=""right"" data-stat=""home_pts"">110</td><td class=""center"" data-stat=""box_score_text""><a href=""/boxscores/197103220INA.html"">Box Score</a></td><td class=""center iz"" data-stat=""overtimes""></td><td class=""right"" data-stat=""attendance"">9,872</td><td class=""left iz"" data-stat=""game_remarks""></td></tr>"
107,"<tr><th class=""left"" csk=""197103230UTS"" data-stat=""date_game"" scope=""row""><a href=""/boxscores/index.fcgi?month=3&amp;day=23&amp;year=1971"">Tue, Mar 23, 1971</a></th><td class=""left"" csk=""DNR.197103230UTS"" data-stat=""visitor_team_name""><a href=""/teams/DNR/1971.html"">Denver Rockets</a></td><td class=""right"" data-stat=""visitor_pts"">117</td><td class=""left"" csk=""UTS.197103230UTS"" data-stat=""home_team_name""><a href=""/teams/UTS/1971.html"">Utah Stars</a></td><td class=""right"" data-stat=""home_pts"">124</td><td class=""center"" data-stat=""box_score_text""><a href=""/boxscores/197103230UTS.html"">Box Score</a></td><td class=""center iz"" data-stat=""overtimes""></td><td class=""right"" data-stat=""attendance"">6,846</td><td class=""left iz"" data-stat=""game_remarks""></td></tr>"
109,"<tr><th class=""left"" csk=""197103230MMP"" data-stat=""date_game"" scope=""row""><a href=""/boxscores/index.fcgi?month=3&amp;day=23&amp;year=1971"">Tue, Mar 23, 1971</a></th><td class=""left"" csk=""NYA.197103230MMP"" data-stat=""visitor_team_name""><a href=""/teams/NYA/1971.html"">New York Nets</a></td><td class=""right"" data-stat=""visitor_pts"">110</td><td class=""left"" csk=""MMP.197103230MMP"" data-stat=""home_team_name""><a href=""/teams/MMP/1971.html"">Memphis Pros</a></td><td class=""right"" data-stat=""home_pts"">117</td><td class=""center"" data-stat=""box_score_text""><a href=""/boxscores/197103230MMP.html"">Box Score</a></td><td class=""center iz"" data-stat=""overtimes""></td><td class=""right"" data-stat=""attendance"">4,611</td><td class=""left iz"" data-stat=""game_remarks""></td></tr>"
111,"<tr><th class=""left"" csk=""197103240KEN"" data-stat=""date_game"" scope=""row""><a href=""/boxscores/index.fcgi?month=3&amp;day=24&amp;year=1971"">Wed, Mar 24, 1971</a></th><td class=""left"" csk=""PTC.197103240KEN"" data-stat=""visitor_team_name""><a href=""/teams/PTC/1971.html"">Pittsburgh Condors</a></td><td class=""right"" data-stat=""visitor_pts"">149</td><td class=""left"" csk=""KEN.197103240KEN"" data-stat=""home_team_name""><a href=""/teams/KEN/1971.html"">Kentucky Colonels</a></td><td class=""right"" data-stat=""home_pts"">131</td><td class=""center"" data-stat=""box_score_text""><a href=""/boxscores/197103240KEN.html"">Box Score</a></td><td class=""center iz"" data-stat=""overtimes""></td><td class=""right"" data-stat=""attendance"">12,382</td><td class=""left iz"" data-stat=""game_remarks""></td></tr>"
113,"<tr><th class=""left"" csk=""197103240MMP"" data-stat=""date_game"" scope=""row""><a href=""/boxscores/index.fcgi?month=3&amp;day=24&amp;year=1971"">Wed, Mar 24, 1971</a></th><td class=""left"" csk=""DNR.197103240MMP"" data-stat=""visitor_team_name""><a href=""/teams/DNR/1971.html"">Denver Rockets</a></td><td class=""right"" data-stat=""visitor_pts"">118</td><td class=""left"" csk=""MMP.197103240MMP"" data-stat=""home_team_name""><a href=""/teams/MMP/1971.html"">Memphis Pros</a></td><td class=""right"" data-stat=""home_pts"">132</td><td class=""center"" data-stat=""box_score_text""><a href=""/boxscores/197103240MMP.html"">Box Score</a></td><td class=""center iz"" data-stat=""overtimes""></td><td class=""right"" data-stat=""attendance"">4,120</td><td class=""left iz"" data-stat=""game_remarks""></td></tr>"
115,"<tr><th class=""left"" csk=""197103250DNR"" data-stat=""date_game"" scope=""row""><a href=""/boxscores/index.fcgi?month=3&amp;day=25&amp;year=1971"">Thu, Mar 25, 1971</a></th><td class=""left"" csk=""INA.197103250DNR"" data-stat=""visitor_team_name""><a href=""/teams/INA/1971.html"">Indiana Pacers</a></td><td class=""right"" data-stat=""visitor_pts"">129</td><td class=""left"" csk=""DNR.197103250DNR"" data-stat=""home_team_name""><a href=""/teams/DNR/1971.html"">Denver Rockets</a></td><td class=""right"" data-stat=""home_pts"">110</td><td class=""center"" data-stat=""box_score_text""><a href=""/boxscores/197103250DNR.html"">Box Score</a></td><td class=""center iz"" data-stat=""overtimes""></td><td class=""right"" data-stat=""attendance"">3,707</td><td class=""left iz"" data-stat=""game_remarks""></td></tr>"
117,"<tr><th class=""left"" csk=""197103250FLO"" data-stat=""date_game"" scope=""row""><a href=""/boxscores/index.fcgi?month=3&amp;day=25&amp;year=1971"">Thu, Mar 25, 1971</a></th><td class=""left"" csk=""VIR.197103250FLO"" data-stat=""visitor_team_name""><a href=""/teams/VIR/1971.html"">Virginia Squires</a></td><td class=""right"" data-stat=""visitor_pts"">105</td><td class=""left"" csk=""FLO.197103250FLO"" data-stat=""home_team_name""><a href=""/teams/FLO/1971.html"">The Floridians</a></td><td class=""right"" data-stat=""home_pts"">128</td><td class=""center"" data-stat=""box_score_text""><a href=""/boxscores/197103250FLO.html"">Box Score</a></td><td class=""center iz"" data-stat=""overtimes""></td><td class=""right"" data-stat=""attendance"">5,273</td><td class=""left"" data-stat=""game_remarks"">at Tampa, FL</td></tr>"
119,"<tr><th class=""left"" csk=""197103250PTC"" data-stat=""date_game"" scope=""row""><a href=""/boxscores/index.fcgi?month=3&amp;day=25&amp;year=1971"">Thu, Mar 25, 1971</a></th><td class=""left"" csk=""CAR.197103250PTC"" data-stat=""visitor_team_name""><a href=""/teams/CAR/1971.html"">Carolina Cougars</a></td><td class=""right"" data-stat=""visitor_pts"">128</td><td class=""left"" csk=""PTC.197103250PTC"" data-stat=""home_team_name""><a href=""/teams/PTC/1971.html"">Pittsburgh Condors</a></td><td class=""right"" data-stat=""home_pts"">122</td><td class=""center"" data-stat=""box_score_text""><a href=""/boxscores/197103250PTC.html"">Box Score</a></td><td class=""center iz"" data-stat=""overtimes""></td><td class=""right"" data-stat=""attendance"">5,045</td><td class=""left iz"" data-stat=""game_remarks""></td></tr>"
121,"<tr><th class=""left"" csk=""197103250UTS"" data-stat=""date_game"" scope=""row""><a href=""/boxscores/index.fcgi?month=3&amp;day=25&amp;year=1971"">Thu, Mar 25, 1971</a></th><td class=""left"" csk=""TEX.197103250UTS"" data-stat=""visitor_team_name""><a href=""/teams/TEX/1971.html"">Texas Chaparrals</a></td><td class=""right"" data-stat=""visitor_pts"">122</td><td class=""left"" csk=""UTS.197103250UTS"" data-stat=""home_team_name""><a href=""/teams/UTS/1971.html"">Utah Stars</a></td><td class=""right"" data-stat=""home_pts"">138</td><td class=""center"" data-stat=""box_score_text""><a href=""/boxscores/197103250UTS.html"">Box Score</a></td><td class=""center iz"" data-stat=""overtimes""></td><td class=""right"" data-stat=""attendance"">6,954</td><td class=""left iz"" data-stat=""game_remarks""></td></tr>"
123,"<tr><th class=""left"" csk=""197103260VIR"" data-stat=""date_game"" scope=""row""><a href=""/boxscores/index.fcgi?month=3&amp;day=26&amp;year=1971"">Fri, Mar 26, 1971</a></th><td class=""left"" csk=""UTS.197103260VIR"" data-stat=""visitor_team_name""><a href=""/teams/UTS/1971.html"">Utah Stars</a></td><td class=""right"" data-stat=""visitor_pts"">112</td><td class=""left"" csk=""VIR.197103260VIR"" data-stat=""home_team_name""><a href=""/teams/VIR/1971.html"">Virginia Squires</a></td><td class=""right"" data-stat=""home_pts"">130</td><td class=""center"" data-stat=""box_score_text""><a href=""/boxscores/197103260VIR.html"">Box Score</a></td><td class=""center iz"" data-stat=""overtimes""></td><td class=""right"" data-stat=""attendance"">4,364</td><td class=""left"" data-stat=""game_remarks"">at Hampton, VA</td></tr>"
125,"<tr><th class=""left"" csk=""197103260TEX"" data-stat=""date_game"" scope=""row""><a href=""/boxscores/index.fcgi?month=3&amp;day=26&amp;year=1971"">Fri, Mar 26, 1971</a></th><td class=""left"" csk=""INA.197103260TEX"" data-stat=""visitor_team_name""><a href=""/teams/INA/1971.html"">Indiana Pacers</a></td><td class=""right"" data-stat=""visitor_pts"">127</td><td class=""left"" csk=""TEX.197103260TEX"" data-stat=""home_team_name""><a href=""/teams/TEX/1971.html"">Texas Chaparrals</a></td><td class=""right"" data-stat=""home_pts"">126</td><td class=""center"" data-stat=""box_score_text""><a href=""/boxscores/197103260TEX.html"">Box Score</a></td><td class=""center"" data-stat=""overtimes"">OT</td><td class=""right"" data-stat=""attendance"">4,117</td><td class=""left"" data-stat=""game_remarks"">at Dallas, TX</td></tr>"
127,"<tr><th class=""left"" csk=""197103260NYA"" data-stat=""date_game"" scope=""row""><a href=""/boxscores/index.fcgi?month=3&amp;day=26&amp;year=1971"">Fri, Mar 26, 1971</a></th><td class=""left"" csk=""KEN.197103260NYA"" data-stat=""visitor_team_name""><a href=""/teams/KEN/1971.html"">Kentucky Colonels</a></td><td class=""right"" data-stat=""visitor_pts"">122</td><td class=""left"" csk=""NYA.197103260NYA"" data-stat=""home_team_name""><a href=""/teams/NYA/1971.html"">New York Nets</a></td><td class=""right"" data-stat=""home_pts"">115</td><td class=""center"" data-stat=""box_score_text""><a href=""/boxscores/197103260NYA.html"">Box Score</a></td><td class=""center iz"" data-stat=""overtimes""></td><td class=""right"" data-stat=""attendance"">5,296</td><td class=""left iz"" data-stat=""game_remarks""></td></tr>"
129,"<tr><th class=""left"" csk=""197103260CAR"" data-stat=""date_game"" scope=""row""><a href=""/boxscores/index.fcgi?month=3&amp;day=26&amp;year=1971"">Fri, Mar 26, 1971</a></th><td class=""left"" csk=""MMP.197103260CAR"" data-stat=""visitor_team_name""><a href=""/teams/MMP/1971.html"">Memphis Pros</a></td><td class=""right"" data-stat=""visitor_pts"">118</td><td class=""left"" csk=""CAR.197103260CAR"" data-stat=""home_team_name""><a href=""/teams/CAR/1971.html"">Carolina Cougars</a></td><td class=""right"" data-stat=""home_pts"">120</td><td class=""center"" data-stat=""box_score_text""><a href=""/boxscores/197103260CAR.html"">Box Score</a></td><td class=""center iz"" data-stat=""overtimes""></td><td class=""right"" data-stat=""attendance"">8,109</td><td class=""left"" data-stat=""game_remarks"">at Greensboro, NC</td></tr>"
131,"<tr><th class=""left"" csk=""197103270DNR"" data-stat=""date_game"" scope=""row""><a href=""/boxscores/index.fcgi?month=3&amp;day=27&amp;year=1971"">Sat, Mar 27, 1971</a></th><td class=""left"" csk=""TEX.197103270DNR"" data-stat=""visitor_team_name""><a href=""/teams/TEX/1971.html"">Texas Chaparrals</a></td><td class=""right"" data-stat=""visitor_pts"">118</td><td class=""left"" csk=""DNR.197103270DNR"" data-stat=""home_team_name""><a href=""/teams/DNR/1971.html"">Denver Rockets</a></td><td class=""right"" data-stat=""home_pts"">120</td><td class=""center"" data-stat=""box_score_text""><a href=""/boxscores/197103270DNR.html"">Box Score</a></td><td class=""center iz"" data-stat=""overtimes""></td><td class=""right"" data-stat=""attendance"">3,386</td><td class=""left"" data-stat=""game_remarks"">at Fort Collins, CO</td></tr>"
133,"<tr><th class=""left"" csk=""197103270FLO"" data-stat=""date_game"" scope=""row""><a href=""/boxscores/index.fcgi?month=3&amp;day=27&amp;year=1971"">Sat, Mar 27, 1971</a></th><td class=""left"" csk=""NYA.197103270FLO"" data-stat=""visitor_team_name""><a href=""/teams/NYA/1971.html"">New York Nets</a></td><td class=""right"" data-stat=""visitor_pts"">104</td><td class=""left"" csk=""FLO.197103270FLO"" data-stat=""home_team_name""><a href=""/teams/FLO/1971.html"">The Floridians</a></td><td class=""right"" data-stat=""home_pts"">118</td><td class=""center"" data-stat=""box_score_text""><a href=""/boxscores/197103270FLO.html"">Box Score</a></td><td class=""center iz"" data-stat=""overtimes""></td><td class=""right"" data-stat=""attendance"">8,426</td><td class=""left iz"" data-stat=""game_remarks""></td></tr>"
135,"<tr><th class=""left"" csk=""197103270PTC"" data-stat=""date_game"" scope=""row""><a href=""/boxscores/index.fcgi?month=3&amp;day=27&amp;year=1971"">Sat, Mar 27, 1971</a></th><td class=""left"" csk=""UTS.197103270PTC"" data-stat=""visitor_team_name""><a href=""/teams/UTS/1971.html"">Utah Stars</a></td><td class=""right"" data-stat=""visitor_pts"">120</td><td class=""left"" csk=""PTC.197103270PTC"" data-stat=""home_team_name""><a href=""/teams/PTC/1971.html"">Pittsburgh Condors</a></td><td class=""right"" data-stat=""home_pts"">128</td><td class=""center"" data-stat=""box_score_text""><a href=""/boxscores/197103270PTC.html"">Box Score</a></td><td class=""center iz"" data-stat=""overtimes""></td><td class=""right"" data-stat=""attendance"">7,104</td><td class=""left iz"" data-stat=""game_remarks""></td></tr>"
137,"<tr><th class=""left"" csk=""197103270VIR"" data-stat=""date_game"" scope=""row""><a href=""/boxscores/index.fcgi?month=3&amp;day=27&amp;year=1971"">Sat, Mar 27, 1971</a></th><td class=""left"" csk=""CAR.197103270VIR"" data-stat=""visitor_team_name""><a href=""/teams/CAR/1971.html"">Carolina Cougars</a></td><td class=""right"" data-stat=""visitor_pts"">129</td><td class=""left"" csk=""VIR.197103270VIR"" data-stat=""home_team_name""><a href=""/teams/VIR/1971.html"">Virginia Squires</a></td><td class=""right"" data-stat=""home_pts"">137</td><td class=""center"" data-stat=""box_score_text""><a href=""/boxscores/197103270VIR.html"">Box Score</a></td><td class=""center iz"" data-stat=""overtimes""></td><td class=""right"" data-stat=""attendance"">4,745</td><td class=""left"" data-stat=""game_remarks"">at Salem, VA</td></tr>"
139,"<tr><th class=""left"" csk=""197103280VIR"" data-stat=""date_game"" scope=""row""><a href=""/boxscores/index.fcgi?month=3&amp;day=28&amp;year=1971"">Sun, Mar 28, 1971</a></th><td class=""left"" csk=""TEX.197103280VIR"" data-stat=""visitor_team_name""><a href=""/teams/TEX/1971.html"">Texas Chaparrals</a></td><td class=""right"" data-stat=""visitor_pts"">131</td><td class=""left"" csk=""VIR.197103280VIR"" data-stat=""home_team_name""><a href=""/teams/VIR/1971.html"">Virginia Squires</a></td><td class=""right"" data-stat=""home_pts"">141</td><td class=""center"" data-stat=""box_score_text""><a href=""/boxscores/197103280VIR.html"">Box Score</a></td><td class=""center iz"" data-stat=""overtimes""></td><td class=""right"" data-stat=""attendance"">3,306</td><td class=""left"" data-stat=""game_remarks"">at Norfolk, VA</td></tr>"
141,"<tr><th class=""left"" csk=""197103280NYA"" data-stat=""date_game"" scope=""row""><a href=""/boxscores/index.fcgi?month=3&amp;day=28&amp;year=1971"">Sun, Mar 28, 1971</a></th><td class=""left"" csk=""UTS.197103280NYA"" data-stat=""visitor_team_name""><a href=""/teams/UTS/1971.html"">Utah Stars</a></td><td class=""right"" data-stat=""visitor_pts"">120</td><td class=""left"" csk=""NYA.197103280NYA"" data-stat=""home_team_name""><a href=""/teams/NYA/1971.html"">New York Nets</a></td><td class=""right"" data-stat=""home_pts"">133</td><td class=""center"" data-stat=""box_score_text""><a href=""/boxscores/197103280NYA.html"">Box Score</a></td><td class=""center iz"" data-stat=""overtimes""></td><td class=""right"" data-stat=""attendance"">5,334</td><td class=""left iz"" data-stat=""game_remarks""></td></tr>"
143,"<tr><th class=""left"" csk=""197103280KEN"" data-stat=""date_game"" scope=""row""><a href=""/boxscores/index.fcgi?month=3&amp;day=28&amp;year=1971"">Sun, Mar 28, 1971</a></th><td class=""left"" csk=""CAR.197103280KEN"" data-stat=""visitor_team_name""><a href=""/teams/CAR/1971.html"">Carolina Cougars</a></td><td class=""right"" data-stat=""visitor_pts"">148</td><td class=""left"" csk=""KEN.197103280KEN"" data-stat=""home_team_name""><a href=""/teams/KEN/1971.html"">Kentucky Colonels</a></td><td class=""right"" data-stat=""home_pts"">142</td><td class=""center"" data-stat=""box_score_text""><a href=""/boxscores/197103280KEN.html"">Box Score</a></td><td class=""center iz"" data-stat=""overtimes""></td><td class=""right"" data-stat=""attendance"">8,422</td><td class=""left iz"" data-stat=""game_remarks""></td></tr>"
145,"<tr><th class=""left"" csk=""197103280INA"" data-stat=""date_game"" scope=""row""><a href=""/boxscores/index.fcgi?month=3&amp;day=28&amp;year=1971"">Sun, Mar 28, 1971</a></th><td class=""left"" csk=""DNR.197103280INA"" data-stat=""visitor_team_name""><a href=""/teams/DNR/1971.html"">Denver Rockets</a></td><td class=""right"" data-stat=""visitor_pts"">126</td><td class=""left"" csk=""INA.197103280INA"" data-stat=""home_team_name""><a href=""/teams/INA/1971.html"">Indiana Pacers</a></td><td class=""right"" data-stat=""home_pts"">146</td><td class=""center"" data-stat=""box_score_text""><a href=""/boxscores/197103280INA.html"">Box Score</a></td><td class=""center iz"" data-stat=""overtimes""></td><td class=""right"" data-stat=""attendance"">10,142</td><td class=""left iz"" data-stat=""game_remarks""></td></tr>"
147,"<tr><th class=""left"" csk=""197103280FLO"" data-stat=""date_game"" scope=""row""><a href=""/boxscores/index.fcgi?month=3&amp;day=28&amp;year=1971"">Sun, Mar 28, 1971</a></th><td class=""left"" csk=""PTC.197103280FLO"" data-stat=""visitor_team_name""><a href=""/teams/PTC/1971.html"">Pittsburgh Condors</a></td><td class=""right"" data-stat=""visitor_pts"">117</td><td class=""left"" csk=""FLO.197103280FLO"" data-stat=""home_team_name""><a href=""/teams/FLO/1971.html"">The Floridians</a></td><td class=""right"" data-stat=""home_pts"">130</td><td class=""center"" data-stat=""box_score_text""><a href=""/boxscores/197103280FLO.html"">Box Score</a></td><td class=""center iz"" data-stat=""overtimes""></td><td class=""right"" data-stat=""attendance"">4,507</td><td class=""left"" data-stat=""game_remarks"">at Jacksonville, FL</td></tr>"
149,"<tr><th class=""left"" csk=""197103290MMP"" data-stat=""date_game"" scope=""row""><a href=""/boxscores/index.fcgi?month=3&amp;day=29&amp;year=1971"">Mon, Mar 29, 1971</a></th><td class=""left"" csk=""KEN.197103290MMP"" data-stat=""visitor_team_name""><a href=""/teams/KEN/1971.html"">Kentucky Colonels</a></td><td class=""right"" data-stat=""visitor_pts"">109</td><td class=""left"" csk=""MMP.197103290MMP"" data-stat=""home_team_name""><a href=""/teams/MMP/1971.html"">Memphis Pros</a></td><td class=""right"" data-stat=""home_pts"">107</td><td class=""center"" data-stat=""box_score_text""><a href=""/boxscores/197103290MMP.html"">Box Score</a></td><td class=""center iz"" data-stat=""overtimes""></td><td class=""right"" data-stat=""attendance"">2,000</td><td class=""left iz"" data-stat=""game_remarks""></td></tr>"
151,"<tr><th class=""left"" csk=""197103300UTS"" data-stat=""date_game"" scope=""row""><a href=""/boxscores/index.fcgi?month=3&amp;day=30&amp;year=1971"">Tue, Mar 30, 1971</a></th><td class=""left"" csk=""NYA.197103300UTS"" data-stat=""visitor_team_name""><a href=""/teams/NYA/1971.html"">New York Nets</a></td><td class=""right"" data-stat=""visitor_pts"">97</td><td class=""left"" csk=""UTS.197103300UTS"" data-stat=""home_team_name""><a href=""/teams/UTS/1971.html"">Utah Stars</a></td><td class=""right"" data-stat=""home_pts"">115</td><td class=""center"" data-stat=""box_score_text""><a href=""/boxscores/197103300UTS.html"">Box Score</a></td><td class=""center iz"" data-stat=""overtimes""></td><td class=""right"" data-stat=""attendance"">8,455</td><td class=""left iz"" data-stat=""game_remarks""></td></tr>"
153,"<tr><th class=""left"" csk=""197103300TEX"" data-stat=""date_game"" scope=""row""><a href=""/boxscores/index.fcgi?month=3&amp;day=30&amp;year=1971"">Tue, Mar 30, 1971</a></th><td class=""left"" csk=""MMP.197103300TEX"" data-stat=""visitor_team_name""><a href=""/teams/MMP/1971.html"">Memphis Pros</a></td><td class=""right"" data-stat=""visitor_pts"">86</td><td class=""left"" csk=""TEX.197103300TEX"" data-stat=""home_team_name""><a href=""/teams/TEX/1971.html"">Texas Chaparrals</a></td><td class=""right"" data-stat=""home_pts"">99</td><td class=""center"" data-stat=""box_score_text""><a href=""/boxscores/197103300TEX.html"">Box Score</a></td><td class=""center iz"" data-stat=""overtimes""></td><td class=""right"" data-stat=""attendance"">5,277</td><td class=""left"" data-stat=""game_remarks"">at Dallas, TX</td></tr>"
155,"<tr><th class=""left"" csk=""197103300PTC"" data-stat=""date_game"" scope=""row""><a href=""/boxscores/index.fcgi?month=3&amp;day=30&amp;year=1971"">Tue, Mar 30, 1971</a></th><td class=""left"" csk=""KEN.197103300PTC"" data-stat=""visitor_team_name""><a href=""/teams/KEN/1971.html"">Kentucky Colonels</a></td><td class=""right"" data-stat=""visitor_pts"">132</td><td class=""left"" csk=""PTC.197103300PTC"" data-stat=""home_team_name""><a href=""/teams/PTC/1971.html"">Pittsburgh Condors</a></td><td class=""right"" data-stat=""home_pts"">149</td><td class=""center"" data-stat=""box_score_text""><a href=""/boxscores/197103300PTC.html"">Box Score</a></td><td class=""center iz"" data-stat=""overtimes""></td><td class=""right"" data-stat=""attendance"">4,133</td><td class=""left iz"" data-stat=""game_remarks""></td></tr>"
157,"<tr><th class=""left"" csk=""197103300INA"" data-stat=""date_game"" scope=""row""><a href=""/boxscores/index.fcgi?month=3&amp;day=30&amp;year=1971"">Tue, Mar 30, 1971</a></th><td class=""left"" csk=""CAR.197103300INA"" data-stat=""visitor_team_name""><a href=""/teams/CAR/1971.html"">Carolina Cougars</a></td><td class=""right"" data-stat=""visitor_pts"">114</td><td class=""left"" csk=""INA.197103300INA"" data-stat=""home_team_name""><a href=""/teams/INA/1971.html"">Indiana Pacers</a></td><td class=""right"" data-stat=""home_pts"">112</td><td class=""center"" data-stat=""box_score_text""><a href=""/boxscores/197103300INA.html"">Box Score</a></td><td class=""center iz"" data-stat=""overtimes""></td><td class=""right"" data-stat=""attendance"">8,157</td><td class=""left iz"" data-stat=""game_remarks""></td></tr>"
159,"<tr><th class=""left"" csk=""197103300DNR"" data-stat=""date_game"" scope=""row""><a href=""/boxscores/index.fcgi?month=3&amp;day=30&amp;year=1971"">Tue, Mar 30, 1971</a></th><td class=""left"" csk=""VIR.197103300DNR"" data-stat=""visitor_team_name""><a href=""/teams/VIR/1971.html"">Virginia Squires</a></td><td class=""right"" data-stat=""visitor_pts"">119</td><td class=""left"" csk=""DNR.197103300DNR"" data-stat=""home_team_name""><a href=""/teams/DNR/1971.html"">Denver Rockets</a></td><td class=""right"" data-stat=""home_pts"">129</td><td class=""center"" data-stat=""box_score_text""><a href=""/boxscores/197103300DNR.html"">Box Score</a></td><td class=""center iz"" data-stat=""overtimes""></td><td class=""right"" data-stat=""attendance"">3,527</td><td class=""left iz"" data-stat=""game_remarks""></td></tr>"
161,"<tr><th class=""left"" csk=""197103310DNR"" data-stat=""date_game"" scope=""row""><a href=""/boxscores/index.fcgi?month=3&amp;day=31&amp;year=1971"">Wed, Mar 31, 1971</a></th><td class=""left"" csk=""NYA.197103310DNR"" data-stat=""visitor_team_name""><a href=""/teams/NYA/1971.html"">New York Nets</a></td><td class=""right"" data-stat=""visitor_pts"">121</td><td class=""left"" csk=""DNR.197103310DNR"" data-stat=""home_team_name""><a href=""/teams/DNR/1971.html"">Denver Rockets</a></td><td class=""right"" data-stat=""home_pts"">132</td><td class=""center"" data-stat=""box_score_text""><a href=""/boxscores/197103310DNR.html"">Box Score</a></td><td class=""center iz"" data-stat=""overtimes""></td><td class=""right"" data-stat=""attendance"">4,121</td><td class=""left iz"" data-stat=""game_remarks""></td></tr>"
163,"<tr><th class=""left"" csk=""197103310FLO"" data-stat=""date_game"" scope=""row""><a href=""/boxscores/index.fcgi?month=3&amp;day=31&amp;year=1971"">Wed, Mar 31, 1971</a></th><td class=""left"" csk=""VIR.197103310FLO"" data-stat=""visitor_team_name""><a href=""/teams/VIR/1971.html"">Virginia Squires</a></td><td class=""right"" data-stat=""visitor_pts"">131</td><td class=""left"" csk=""FLO.197103310FLO"" data-stat=""home_team_name""><a href=""/teams/FLO/1971.html"">The Floridians</a></td><td class=""right"" data-stat=""home_pts"">123</td><td class=""center"" data-stat=""box_score_text""><a href=""/boxscores/197103310FLO.html"">Box Score</a></td><td class=""center iz"" data-stat=""overtimes""></td><td class=""right"" data-stat=""attendance"">3,519</td><td class=""left iz"" data-stat=""game_remarks""></td></tr>"
165,"<tr><th class=""left"" csk=""197103310INA"" data-stat=""date_game"" scope=""row""><a href=""/boxscores/index.fcgi?month=3&amp;day=31&amp;year=1971"">Wed, Mar 31, 1971</a></th><td class=""left"" csk=""TEX.197103310INA"" data-stat=""visitor_team_name""><a href=""/teams/TEX/1971.html"">Texas Chaparrals</a></td><td class=""right"" data-stat=""visitor_pts"">133</td><td class=""left"" csk=""INA.197103310INA"" data-stat=""home_team_name""><a href=""/teams/INA/1971.html"">Indiana Pacers</a></td><td class=""right"" data-stat=""home_pts"">129</td><td class=""center"" data-stat=""box_score_text""><a href=""/boxscores/197103310INA.html"">Box Score</a></td><td class=""center iz"" data-stat=""overtimes""></td><td class=""right"" data-stat=""attendance"">7,419</td><td class=""left iz"" data-stat=""game_remarks""></td></tr>"
167,"<tr><th class=""left"" csk=""197103310MMP"" data-stat=""date_game"" scope=""row""><a href=""/boxscores/index.fcgi?month=3&amp;day=31&amp;year=1971"">Wed, Mar 31, 1971</a></th><td class=""left"" csk=""CAR.197103310MMP"" data-stat=""visitor_team_name""><a href=""/teams/CAR/1971.html"">Carolina Cougars</a></td><td class=""right"" data-stat=""visitor_pts"">106</td><td class=""left"" csk=""MMP.197103310MMP"" data-stat=""home_team_name""><a href=""/teams/MMP/1971.html"">Memphis Pros</a></td><td class=""right"" data-stat=""home_pts"">123</td><td class=""center"" data-stat=""box_score_text""><a href=""/boxscores/197103310MMP.html"">Box Score</a></td><td class=""center iz"" data-stat=""overtimes""></td><td class=""right"" data-stat=""attendance"">2,427</td><td class=""left iz"" data-stat=""game_remarks""></td></tr>"
