,0
1,"<tr><th class=""left"" csk=""197603010VIR"" data-stat=""date_game"" scope=""row""><a href=""/boxscores/index.fcgi?month=3&amp;day=1&amp;year=1976"">Mon, Mar 1, 1976</a></th><td class=""right iz"" data-stat=""game_start_time""></td><td class=""left"" csk=""DNA.197603010VIR"" data-stat=""visitor_team_name""><a href=""/teams/DNA/1976.html"">Denver Nuggets</a></td><td class=""right"" data-stat=""visitor_pts"">115</td><td class=""left"" csk=""VIR.197603010VIR"" data-stat=""home_team_name""><a href=""/teams/VIR/1976.html"">Virginia Squires</a></td><td class=""right"" data-stat=""home_pts"">109</td><td class=""center"" data-stat=""box_score_text""><a href=""/boxscores/197603010VIR.html"">Box Score</a></td><td class=""center iz"" data-stat=""overtimes""></td><td class=""right"" data-stat=""attendance"">3,064</td><td class=""left"" data-stat=""game_remarks"">at Hampton, VA</td></tr>"
3,"<tr><th class=""left"" csk=""197603020INA"" data-stat=""date_game"" scope=""row""><a href=""/boxscores/index.fcgi?month=3&amp;day=2&amp;year=1976"">Tue, Mar 2, 1976</a></th><td class=""right iz"" data-stat=""game_start_time""></td><td class=""left"" csk=""SAA.197603020INA"" data-stat=""visitor_team_name""><a href=""/teams/SAA/1976.html"">San Antonio Spurs</a></td><td class=""right"" data-stat=""visitor_pts"">97</td><td class=""left"" csk=""INA.197603020INA"" data-stat=""home_team_name""><a href=""/teams/INA/1976.html"">Indiana Pacers</a></td><td class=""right"" data-stat=""home_pts"">107</td><td class=""center"" data-stat=""box_score_text""><a href=""/boxscores/197603020INA.html"">Box Score</a></td><td class=""center iz"" data-stat=""overtimes""></td><td class=""right"" data-stat=""attendance"">8,291</td><td class=""left iz"" data-stat=""game_remarks""></td></tr>"
5,"<tr><th class=""left"" csk=""197603020SSL"" data-stat=""date_game"" scope=""row""><a href=""/boxscores/index.fcgi?month=3&amp;day=2&amp;year=1976"">Tue, Mar 2, 1976</a></th><td class=""right iz"" data-stat=""game_start_time""></td><td class=""left"" csk=""KEN.197603020SSL"" data-stat=""visitor_team_name""><a href=""/teams/KEN/1976.html"">Kentucky Colonels</a></td><td class=""right"" data-stat=""visitor_pts"">89</td><td class=""left"" csk=""SSL.197603020SSL"" data-stat=""home_team_name""><a href=""/teams/SSL/1976.html"">Spirits of St. Louis</a></td><td class=""right"" data-stat=""home_pts"">97</td><td class=""center"" data-stat=""box_score_text""><a href=""/boxscores/197603020SSL.html"">Box Score</a></td><td class=""center iz"" data-stat=""overtimes""></td><td class=""right"" data-stat=""attendance"">2,242</td><td class=""left iz"" data-stat=""game_remarks""></td></tr>"
7,"<tr><th class=""left"" csk=""197603030DNA"" data-stat=""date_game"" scope=""row""><a href=""/boxscores/index.fcgi?month=3&amp;day=3&amp;year=1976"">Wed, Mar 3, 1976</a></th><td class=""right iz"" data-stat=""game_start_time""></td><td class=""left"" csk=""NYA.197603030DNA"" data-stat=""visitor_team_name""><a href=""/teams/NYA/1976.html"">New York Nets</a></td><td class=""right"" data-stat=""visitor_pts"">100</td><td class=""left"" csk=""DNA.197603030DNA"" data-stat=""home_team_name""><a href=""/teams/DNA/1976.html"">Denver Nuggets</a></td><td class=""right"" data-stat=""home_pts"">121</td><td class=""center"" data-stat=""box_score_text""><a href=""/boxscores/197603030DNA.html"">Box Score</a></td><td class=""center iz"" data-stat=""overtimes""></td><td class=""right"" data-stat=""attendance"">14,090</td><td class=""left iz"" data-stat=""game_remarks""></td></tr>"
9,"<tr><th class=""left"" csk=""197603030INA"" data-stat=""date_game"" scope=""row""><a href=""/boxscores/index.fcgi?month=3&amp;day=3&amp;year=1976"">Wed, Mar 3, 1976</a></th><td class=""right iz"" data-stat=""game_start_time""></td><td class=""left"" csk=""VIR.197603030INA"" data-stat=""visitor_team_name""><a href=""/teams/VIR/1976.html"">Virginia Squires</a></td><td class=""right"" data-stat=""visitor_pts"">95</td><td class=""left"" csk=""INA.197603030INA"" data-stat=""home_team_name""><a href=""/teams/INA/1976.html"">Indiana Pacers</a></td><td class=""right"" data-stat=""home_pts"">104</td><td class=""center"" data-stat=""box_score_text""><a href=""/boxscores/197603030INA.html"">Box Score</a></td><td class=""center iz"" data-stat=""overtimes""></td><td class=""right iz"" data-stat=""attendance""></td><td class=""left iz"" data-stat=""game_remarks""></td></tr>"
11,"<tr><th class=""left"" csk=""197603030SAA"" data-stat=""date_game"" scope=""row""><a href=""/boxscores/index.fcgi?month=3&amp;day=3&amp;year=1976"">Wed, Mar 3, 1976</a></th><td class=""right iz"" data-stat=""game_start_time""></td><td class=""left"" csk=""SSL.197603030SAA"" data-stat=""visitor_team_name""><a href=""/teams/SSL/1976.html"">Spirits of St. Louis</a></td><td class=""right"" data-stat=""visitor_pts"">111</td><td class=""left"" csk=""SAA.197603030SAA"" data-stat=""home_team_name""><a href=""/teams/SAA/1976.html"">San Antonio Spurs</a></td><td class=""right"" data-stat=""home_pts"">143</td><td class=""center"" data-stat=""box_score_text""><a href=""/boxscores/197603030SAA.html"">Box Score</a></td><td class=""center iz"" data-stat=""overtimes""></td><td class=""right"" data-stat=""attendance"">7,449</td><td class=""left iz"" data-stat=""game_remarks""></td></tr>"
13,"<tr><th class=""left"" csk=""197603050NYA"" data-stat=""date_game"" scope=""row""><a href=""/boxscores/index.fcgi?month=3&amp;day=5&amp;year=1976"">Fri, Mar 5, 1976</a></th><td class=""right iz"" data-stat=""game_start_time""></td><td class=""left"" csk=""VIR.197603050NYA"" data-stat=""visitor_team_name""><a href=""/teams/VIR/1976.html"">Virginia Squires</a></td><td class=""right"" data-stat=""visitor_pts"">108</td><td class=""left"" csk=""NYA.197603050NYA"" data-stat=""home_team_name""><a href=""/teams/NYA/1976.html"">New York Nets</a></td><td class=""right"" data-stat=""home_pts"">127</td><td class=""center"" data-stat=""box_score_text""><a href=""/boxscores/197603050NYA.html"">Box Score</a></td><td class=""center iz"" data-stat=""overtimes""></td><td class=""right"" data-stat=""attendance"">5,156</td><td class=""left iz"" data-stat=""game_remarks""></td></tr>"
15,"<tr><th class=""left"" csk=""197603050INA"" data-stat=""date_game"" scope=""row""><a href=""/boxscores/index.fcgi?month=3&amp;day=5&amp;year=1976"">Fri, Mar 5, 1976</a></th><td class=""right iz"" data-stat=""game_start_time""></td><td class=""left"" csk=""SAA.197603050INA"" data-stat=""visitor_team_name""><a href=""/teams/SAA/1976.html"">San Antonio Spurs</a></td><td class=""right"" data-stat=""visitor_pts"">124</td><td class=""left"" csk=""INA.197603050INA"" data-stat=""home_team_name""><a href=""/teams/INA/1976.html"">Indiana Pacers</a></td><td class=""right"" data-stat=""home_pts"">114</td><td class=""center"" data-stat=""box_score_text""><a href=""/boxscores/197603050INA.html"">Box Score</a></td><td class=""center"" data-stat=""overtimes"">OT</td><td class=""right"" data-stat=""attendance"">5,208</td><td class=""left iz"" data-stat=""game_remarks""></td></tr>"
17,"<tr><th class=""left"" csk=""197603050DNA"" data-stat=""date_game"" scope=""row""><a href=""/boxscores/index.fcgi?month=3&amp;day=5&amp;year=1976"">Fri, Mar 5, 1976</a></th><td class=""right iz"" data-stat=""game_start_time""></td><td class=""left"" csk=""SSL.197603050DNA"" data-stat=""visitor_team_name""><a href=""/teams/SSL/1976.html"">Spirits of St. Louis</a></td><td class=""right"" data-stat=""visitor_pts"">125</td><td class=""left"" csk=""DNA.197603050DNA"" data-stat=""home_team_name""><a href=""/teams/DNA/1976.html"">Denver Nuggets</a></td><td class=""right"" data-stat=""home_pts"">137</td><td class=""center"" data-stat=""box_score_text""><a href=""/boxscores/197603050DNA.html"">Box Score</a></td><td class=""center iz"" data-stat=""overtimes""></td><td class=""right"" data-stat=""attendance"">13,522</td><td class=""left iz"" data-stat=""game_remarks""></td></tr>"
19,"<tr><th class=""left"" csk=""197603060INA"" data-stat=""date_game"" scope=""row""><a href=""/boxscores/index.fcgi?month=3&amp;day=6&amp;year=1976"">Sat, Mar 6, 1976</a></th><td class=""right iz"" data-stat=""game_start_time""></td><td class=""left"" csk=""KEN.197603060INA"" data-stat=""visitor_team_name""><a href=""/teams/KEN/1976.html"">Kentucky Colonels</a></td><td class=""right"" data-stat=""visitor_pts"">113</td><td class=""left"" csk=""INA.197603060INA"" data-stat=""home_team_name""><a href=""/teams/INA/1976.html"">Indiana Pacers</a></td><td class=""right"" data-stat=""home_pts"">109</td><td class=""center"" data-stat=""box_score_text""><a href=""/boxscores/197603060INA.html"">Box Score</a></td><td class=""center iz"" data-stat=""overtimes""></td><td class=""right"" data-stat=""attendance"">6,365</td><td class=""left iz"" data-stat=""game_remarks""></td></tr>"
21,"<tr><th class=""left"" csk=""197603060SAA"" data-stat=""date_game"" scope=""row""><a href=""/boxscores/index.fcgi?month=3&amp;day=6&amp;year=1976"">Sat, Mar 6, 1976</a></th><td class=""right iz"" data-stat=""game_start_time""></td><td class=""left"" csk=""VIR.197603060SAA"" data-stat=""visitor_team_name""><a href=""/teams/VIR/1976.html"">Virginia Squires</a></td><td class=""right"" data-stat=""visitor_pts"">110</td><td class=""left"" csk=""SAA.197603060SAA"" data-stat=""home_team_name""><a href=""/teams/SAA/1976.html"">San Antonio Spurs</a></td><td class=""right"" data-stat=""home_pts"">134</td><td class=""center"" data-stat=""box_score_text""><a href=""/boxscores/197603060SAA.html"">Box Score</a></td><td class=""center iz"" data-stat=""overtimes""></td><td class=""right"" data-stat=""attendance"">7,388</td><td class=""left iz"" data-stat=""game_remarks""></td></tr>"
23,"<tr><th class=""left"" csk=""197603070DNA"" data-stat=""date_game"" scope=""row""><a href=""/boxscores/index.fcgi?month=3&amp;day=7&amp;year=1976"">Sun, Mar 7, 1976</a></th><td class=""right iz"" data-stat=""game_start_time""></td><td class=""left"" csk=""VIR.197603070DNA"" data-stat=""visitor_team_name""><a href=""/teams/VIR/1976.html"">Virginia Squires</a></td><td class=""right"" data-stat=""visitor_pts"">101</td><td class=""left"" csk=""DNA.197603070DNA"" data-stat=""home_team_name""><a href=""/teams/DNA/1976.html"">Denver Nuggets</a></td><td class=""right"" data-stat=""home_pts"">116</td><td class=""center"" data-stat=""box_score_text""><a href=""/boxscores/197603070DNA.html"">Box Score</a></td><td class=""center iz"" data-stat=""overtimes""></td><td class=""right"" data-stat=""attendance"">13,122</td><td class=""left iz"" data-stat=""game_remarks""></td></tr>"
25,"<tr><th class=""left"" csk=""197603070KEN"" data-stat=""date_game"" scope=""row""><a href=""/boxscores/index.fcgi?month=3&amp;day=7&amp;year=1976"">Sun, Mar 7, 1976</a></th><td class=""right iz"" data-stat=""game_start_time""></td><td class=""left"" csk=""INA.197603070KEN"" data-stat=""visitor_team_name""><a href=""/teams/INA/1976.html"">Indiana Pacers</a></td><td class=""right"" data-stat=""visitor_pts"">112</td><td class=""left"" csk=""KEN.197603070KEN"" data-stat=""home_team_name""><a href=""/teams/KEN/1976.html"">Kentucky Colonels</a></td><td class=""right"" data-stat=""home_pts"">125</td><td class=""center"" data-stat=""box_score_text""><a href=""/boxscores/197603070KEN.html"">Box Score</a></td><td class=""center iz"" data-stat=""overtimes""></td><td class=""right"" data-stat=""attendance"">6,813</td><td class=""left iz"" data-stat=""game_remarks""></td></tr>"
27,"<tr><th class=""left"" csk=""197603070NYA"" data-stat=""date_game"" scope=""row""><a href=""/boxscores/index.fcgi?month=3&amp;day=7&amp;year=1976"">Sun, Mar 7, 1976</a></th><td class=""right iz"" data-stat=""game_start_time""></td><td class=""left"" csk=""SAA.197603070NYA"" data-stat=""visitor_team_name""><a href=""/teams/SAA/1976.html"">San Antonio Spurs</a></td><td class=""right"" data-stat=""visitor_pts"">109</td><td class=""left"" csk=""NYA.197603070NYA"" data-stat=""home_team_name""><a href=""/teams/NYA/1976.html"">New York Nets</a></td><td class=""right"" data-stat=""home_pts"">118</td><td class=""center"" data-stat=""box_score_text""><a href=""/boxscores/197603070NYA.html"">Box Score</a></td><td class=""center iz"" data-stat=""overtimes""></td><td class=""right"" data-stat=""attendance"">7,341</td><td class=""left iz"" data-stat=""game_remarks""></td></tr>"
29,"<tr><th class=""left"" csk=""197603090KEN"" data-stat=""date_game"" scope=""row""><a href=""/boxscores/index.fcgi?month=3&amp;day=9&amp;year=1976"">Tue, Mar 9, 1976</a></th><td class=""right iz"" data-stat=""game_start_time""></td><td class=""left"" csk=""VIR.197603090KEN"" data-stat=""visitor_team_name""><a href=""/teams/VIR/1976.html"">Virginia Squires</a></td><td class=""right"" data-stat=""visitor_pts"">114</td><td class=""left"" csk=""KEN.197603090KEN"" data-stat=""home_team_name""><a href=""/teams/KEN/1976.html"">Kentucky Colonels</a></td><td class=""right"" data-stat=""home_pts"">151</td><td class=""center"" data-stat=""box_score_text""><a href=""/boxscores/197603090KEN.html"">Box Score</a></td><td class=""center iz"" data-stat=""overtimes""></td><td class=""right"" data-stat=""attendance"">4,112</td><td class=""left iz"" data-stat=""game_remarks""></td></tr>"
31,"<tr><th class=""left"" csk=""197603090DNA"" data-stat=""date_game"" scope=""row""><a href=""/boxscores/index.fcgi?month=3&amp;day=9&amp;year=1976"">Tue, Mar 9, 1976</a></th><td class=""right iz"" data-stat=""game_start_time""></td><td class=""left"" csk=""NYA.197603090DNA"" data-stat=""visitor_team_name""><a href=""/teams/NYA/1976.html"">New York Nets</a></td><td class=""right"" data-stat=""visitor_pts"">112</td><td class=""left"" csk=""DNA.197603090DNA"" data-stat=""home_team_name""><a href=""/teams/DNA/1976.html"">Denver Nuggets</a></td><td class=""right"" data-stat=""home_pts"">128</td><td class=""center"" data-stat=""box_score_text""><a href=""/boxscores/197603090DNA.html"">Box Score</a></td><td class=""center iz"" data-stat=""overtimes""></td><td class=""right"" data-stat=""attendance"">16,127</td><td class=""left iz"" data-stat=""game_remarks""></td></tr>"
33,"<tr><th class=""left"" csk=""197603100INA"" data-stat=""date_game"" scope=""row""><a href=""/boxscores/index.fcgi?month=3&amp;day=10&amp;year=1976"">Wed, Mar 10, 1976</a></th><td class=""right iz"" data-stat=""game_start_time""></td><td class=""left"" csk=""DNA.197603100INA"" data-stat=""visitor_team_name""><a href=""/teams/DNA/1976.html"">Denver Nuggets</a></td><td class=""right"" data-stat=""visitor_pts"">119</td><td class=""left"" csk=""INA.197603100INA"" data-stat=""home_team_name""><a href=""/teams/INA/1976.html"">Indiana Pacers</a></td><td class=""right"" data-stat=""home_pts"">129</td><td class=""center"" data-stat=""box_score_text""><a href=""/boxscores/197603100INA.html"">Box Score</a></td><td class=""center iz"" data-stat=""overtimes""></td><td class=""right"" data-stat=""attendance"">7,175</td><td class=""left iz"" data-stat=""game_remarks""></td></tr>"
35,"<tr><th class=""left"" csk=""197603100KEN"" data-stat=""date_game"" scope=""row""><a href=""/boxscores/index.fcgi?month=3&amp;day=10&amp;year=1976"">Wed, Mar 10, 1976</a></th><td class=""right iz"" data-stat=""game_start_time""></td><td class=""left"" csk=""SAA.197603100KEN"" data-stat=""visitor_team_name""><a href=""/teams/SAA/1976.html"">San Antonio Spurs</a></td><td class=""right"" data-stat=""visitor_pts"">124</td><td class=""left"" csk=""KEN.197603100KEN"" data-stat=""home_team_name""><a href=""/teams/KEN/1976.html"">Kentucky Colonels</a></td><td class=""right"" data-stat=""home_pts"">128</td><td class=""center"" data-stat=""box_score_text""><a href=""/boxscores/197603100KEN.html"">Box Score</a></td><td class=""center"" data-stat=""overtimes"">OT</td><td class=""right"" data-stat=""attendance"">5,231</td><td class=""left iz"" data-stat=""game_remarks""></td></tr>"
37,"<tr><th class=""left"" csk=""197603100SSL"" data-stat=""date_game"" scope=""row""><a href=""/boxscores/index.fcgi?month=3&amp;day=10&amp;year=1976"">Wed, Mar 10, 1976</a></th><td class=""right iz"" data-stat=""game_start_time""></td><td class=""left"" csk=""NYA.197603100SSL"" data-stat=""visitor_team_name""><a href=""/teams/NYA/1976.html"">New York Nets</a></td><td class=""right"" data-stat=""visitor_pts"">95</td><td class=""left"" csk=""SSL.197603100SSL"" data-stat=""home_team_name""><a href=""/teams/SSL/1976.html"">Spirits of St. Louis</a></td><td class=""right"" data-stat=""home_pts"">99</td><td class=""center"" data-stat=""box_score_text""><a href=""/boxscores/197603100SSL.html"">Box Score</a></td><td class=""center iz"" data-stat=""overtimes""></td><td class=""right"" data-stat=""attendance"">7,702</td><td class=""left iz"" data-stat=""game_remarks""></td></tr>"
39,"<tr><th class=""left"" csk=""197603110NYA"" data-stat=""date_game"" scope=""row""><a href=""/boxscores/index.fcgi?month=3&amp;day=11&amp;year=1976"">Thu, Mar 11, 1976</a></th><td class=""right iz"" data-stat=""game_start_time""></td><td class=""left"" csk=""DNA.197603110NYA"" data-stat=""visitor_team_name""><a href=""/teams/DNA/1976.html"">Denver Nuggets</a></td><td class=""right"" data-stat=""visitor_pts"">136</td><td class=""left"" csk=""NYA.197603110NYA"" data-stat=""home_team_name""><a href=""/teams/NYA/1976.html"">New York Nets</a></td><td class=""right"" data-stat=""home_pts"">141</td><td class=""center"" data-stat=""box_score_text""><a href=""/boxscores/197603110NYA.html"">Box Score</a></td><td class=""center"" data-stat=""overtimes"">OT</td><td class=""right"" data-stat=""attendance"">6,287</td><td class=""left iz"" data-stat=""game_remarks""></td></tr>"
41,"<tr><th class=""left"" csk=""197603110VIR"" data-stat=""date_game"" scope=""row""><a href=""/boxscores/index.fcgi?month=3&amp;day=11&amp;year=1976"">Thu, Mar 11, 1976</a></th><td class=""right iz"" data-stat=""game_start_time""></td><td class=""left"" csk=""SAA.197603110VIR"" data-stat=""visitor_team_name""><a href=""/teams/SAA/1976.html"">San Antonio Spurs</a></td><td class=""right"" data-stat=""visitor_pts"">131</td><td class=""left"" csk=""VIR.197603110VIR"" data-stat=""home_team_name""><a href=""/teams/VIR/1976.html"">Virginia Squires</a></td><td class=""right"" data-stat=""home_pts"">114</td><td class=""center"" data-stat=""box_score_text""><a href=""/boxscores/197603110VIR.html"">Box Score</a></td><td class=""center iz"" data-stat=""overtimes""></td><td class=""right"" data-stat=""attendance"">3,754</td><td class=""left"" data-stat=""game_remarks"">at Norfolk, VA</td></tr>"
43,"<tr><th class=""left"" csk=""197603120SSL"" data-stat=""date_game"" scope=""row""><a href=""/boxscores/index.fcgi?month=3&amp;day=12&amp;year=1976"">Fri, Mar 12, 1976</a></th><td class=""right iz"" data-stat=""game_start_time""></td><td class=""left"" csk=""DNA.197603120SSL"" data-stat=""visitor_team_name""><a href=""/teams/DNA/1976.html"">Denver Nuggets</a></td><td class=""right"" data-stat=""visitor_pts"">97</td><td class=""left"" csk=""SSL.197603120SSL"" data-stat=""home_team_name""><a href=""/teams/SSL/1976.html"">Spirits of St. Louis</a></td><td class=""right"" data-stat=""home_pts"">101</td><td class=""center"" data-stat=""box_score_text""><a href=""/boxscores/197603120SSL.html"">Box Score</a></td><td class=""center iz"" data-stat=""overtimes""></td><td class=""right"" data-stat=""attendance"">11,747</td><td class=""left iz"" data-stat=""game_remarks""></td></tr>"
45,"<tr><th class=""left"" csk=""197603120NYA"" data-stat=""date_game"" scope=""row""><a href=""/boxscores/index.fcgi?month=3&amp;day=12&amp;year=1976"">Fri, Mar 12, 1976</a></th><td class=""right iz"" data-stat=""game_start_time""></td><td class=""left"" csk=""KEN.197603120NYA"" data-stat=""visitor_team_name""><a href=""/teams/KEN/1976.html"">Kentucky Colonels</a></td><td class=""right"" data-stat=""visitor_pts"">106</td><td class=""left"" csk=""NYA.197603120NYA"" data-stat=""home_team_name""><a href=""/teams/NYA/1976.html"">New York Nets</a></td><td class=""right"" data-stat=""home_pts"">124</td><td class=""center"" data-stat=""box_score_text""><a href=""/boxscores/197603120NYA.html"">Box Score</a></td><td class=""center iz"" data-stat=""overtimes""></td><td class=""right"" data-stat=""attendance"">7,114</td><td class=""left iz"" data-stat=""game_remarks""></td></tr>"
47,"<tr><th class=""left"" csk=""197603120INA"" data-stat=""date_game"" scope=""row""><a href=""/boxscores/index.fcgi?month=3&amp;day=12&amp;year=1976"">Fri, Mar 12, 1976</a></th><td class=""right iz"" data-stat=""game_start_time""></td><td class=""left"" csk=""SAA.197603120INA"" data-stat=""visitor_team_name""><a href=""/teams/SAA/1976.html"">San Antonio Spurs</a></td><td class=""right"" data-stat=""visitor_pts"">115</td><td class=""left"" csk=""INA.197603120INA"" data-stat=""home_team_name""><a href=""/teams/INA/1976.html"">Indiana Pacers</a></td><td class=""right"" data-stat=""home_pts"">132</td><td class=""center"" data-stat=""box_score_text""><a href=""/boxscores/197603120INA.html"">Box Score</a></td><td class=""center iz"" data-stat=""overtimes""></td><td class=""right"" data-stat=""attendance"">14,781</td><td class=""left iz"" data-stat=""game_remarks""></td></tr>"
49,"<tr><th class=""left"" csk=""197603140INA"" data-stat=""date_game"" scope=""row""><a href=""/boxscores/index.fcgi?month=3&amp;day=14&amp;year=1976"">Sun, Mar 14, 1976</a></th><td class=""right iz"" data-stat=""game_start_time""></td><td class=""left"" csk=""KEN.197603140INA"" data-stat=""visitor_team_name""><a href=""/teams/KEN/1976.html"">Kentucky Colonels</a></td><td class=""right"" data-stat=""visitor_pts"">130</td><td class=""left"" csk=""INA.197603140INA"" data-stat=""home_team_name""><a href=""/teams/INA/1976.html"">Indiana Pacers</a></td><td class=""right"" data-stat=""home_pts"">119</td><td class=""center"" data-stat=""box_score_text""><a href=""/boxscores/197603140INA.html"">Box Score</a></td><td class=""center iz"" data-stat=""overtimes""></td><td class=""right"" data-stat=""attendance"">8,106</td><td class=""left iz"" data-stat=""game_remarks""></td></tr>"
51,"<tr><th class=""left"" csk=""197603140NYA"" data-stat=""date_game"" scope=""row""><a href=""/boxscores/index.fcgi?month=3&amp;day=14&amp;year=1976"">Sun, Mar 14, 1976</a></th><td class=""right iz"" data-stat=""game_start_time""></td><td class=""left"" csk=""VIR.197603140NYA"" data-stat=""visitor_team_name""><a href=""/teams/VIR/1976.html"">Virginia Squires</a></td><td class=""right"" data-stat=""visitor_pts"">106</td><td class=""left"" csk=""NYA.197603140NYA"" data-stat=""home_team_name""><a href=""/teams/NYA/1976.html"">New York Nets</a></td><td class=""right"" data-stat=""home_pts"">110</td><td class=""center"" data-stat=""box_score_text""><a href=""/boxscores/197603140NYA.html"">Box Score</a></td><td class=""center iz"" data-stat=""overtimes""></td><td class=""right"" data-stat=""attendance"">6,273</td><td class=""left iz"" data-stat=""game_remarks""></td></tr>"
53,"<tr><th class=""left"" csk=""197603140SSL"" data-stat=""date_game"" scope=""row""><a href=""/boxscores/index.fcgi?month=3&amp;day=14&amp;year=1976"">Sun, Mar 14, 1976</a></th><td class=""right iz"" data-stat=""game_start_time""></td><td class=""left"" csk=""SAA.197603140SSL"" data-stat=""visitor_team_name""><a href=""/teams/SAA/1976.html"">San Antonio Spurs</a></td><td class=""right"" data-stat=""visitor_pts"">95</td><td class=""left"" csk=""SSL.197603140SSL"" data-stat=""home_team_name""><a href=""/teams/SSL/1976.html"">Spirits of St. Louis</a></td><td class=""right"" data-stat=""home_pts"">111</td><td class=""center"" data-stat=""box_score_text""><a href=""/boxscores/197603140SSL.html"">Box Score</a></td><td class=""center iz"" data-stat=""overtimes""></td><td class=""right"" data-stat=""attendance"">2,412</td><td class=""left iz"" data-stat=""game_remarks""></td></tr>"
55,"<tr><th class=""left"" csk=""197603150KEN"" data-stat=""date_game"" scope=""row""><a href=""/boxscores/index.fcgi?month=3&amp;day=15&amp;year=1976"">Mon, Mar 15, 1976</a></th><td class=""right iz"" data-stat=""game_start_time""></td><td class=""left"" csk=""SAA.197603150KEN"" data-stat=""visitor_team_name""><a href=""/teams/SAA/1976.html"">San Antonio Spurs</a></td><td class=""right"" data-stat=""visitor_pts"">118</td><td class=""left"" csk=""KEN.197603150KEN"" data-stat=""home_team_name""><a href=""/teams/KEN/1976.html"">Kentucky Colonels</a></td><td class=""right"" data-stat=""home_pts"">105</td><td class=""center"" data-stat=""box_score_text""><a href=""/boxscores/197603150KEN.html"">Box Score</a></td><td class=""center iz"" data-stat=""overtimes""></td><td class=""right"" data-stat=""attendance"">6,788</td><td class=""left"" data-stat=""game_remarks"">at Cincinnati, OH</td></tr>"
57,"<tr><th class=""left"" csk=""197603160SAA"" data-stat=""date_game"" scope=""row""><a href=""/boxscores/index.fcgi?month=3&amp;day=16&amp;year=1976"">Tue, Mar 16, 1976</a></th><td class=""right iz"" data-stat=""game_start_time""></td><td class=""left"" csk=""INA.197603160SAA"" data-stat=""visitor_team_name""><a href=""/teams/INA/1976.html"">Indiana Pacers</a></td><td class=""right"" data-stat=""visitor_pts"">115</td><td class=""left"" csk=""SAA.197603160SAA"" data-stat=""home_team_name""><a href=""/teams/SAA/1976.html"">San Antonio Spurs</a></td><td class=""right"" data-stat=""home_pts"">95</td><td class=""center"" data-stat=""box_score_text""><a href=""/boxscores/197603160SAA.html"">Box Score</a></td><td class=""center iz"" data-stat=""overtimes""></td><td class=""right"" data-stat=""attendance"">9,148</td><td class=""left iz"" data-stat=""game_remarks""></td></tr>"
59,"<tr><th class=""left"" csk=""197603160DNA"" data-stat=""date_game"" scope=""row""><a href=""/boxscores/index.fcgi?month=3&amp;day=16&amp;year=1976"">Tue, Mar 16, 1976</a></th><td class=""right iz"" data-stat=""game_start_time""></td><td class=""left"" csk=""SSL.197603160DNA"" data-stat=""visitor_team_name""><a href=""/teams/SSL/1976.html"">Spirits of St. Louis</a></td><td class=""right"" data-stat=""visitor_pts"">94</td><td class=""left"" csk=""DNA.197603160DNA"" data-stat=""home_team_name""><a href=""/teams/DNA/1976.html"">Denver Nuggets</a></td><td class=""right"" data-stat=""home_pts"">111</td><td class=""center"" data-stat=""box_score_text""><a href=""/boxscores/197603160DNA.html"">Box Score</a></td><td class=""center iz"" data-stat=""overtimes""></td><td class=""right"" data-stat=""attendance"">12,394</td><td class=""left iz"" data-stat=""game_remarks""></td></tr>"
61,"<tr><th class=""left"" csk=""197603170INA"" data-stat=""date_game"" scope=""row""><a href=""/boxscores/index.fcgi?month=3&amp;day=17&amp;year=1976"">Wed, Mar 17, 1976</a></th><td class=""right iz"" data-stat=""game_start_time""></td><td class=""left"" csk=""DNA.197603170INA"" data-stat=""visitor_team_name""><a href=""/teams/DNA/1976.html"">Denver Nuggets</a></td><td class=""right"" data-stat=""visitor_pts"">111</td><td class=""left"" csk=""INA.197603170INA"" data-stat=""home_team_name""><a href=""/teams/INA/1976.html"">Indiana Pacers</a></td><td class=""right"" data-stat=""home_pts"">108</td><td class=""center"" data-stat=""box_score_text""><a href=""/boxscores/197603170INA.html"">Box Score</a></td><td class=""center iz"" data-stat=""overtimes""></td><td class=""right"" data-stat=""attendance"">7,725</td><td class=""left iz"" data-stat=""game_remarks""></td></tr>"
63,"<tr><th class=""left"" csk=""197603170SSL"" data-stat=""date_game"" scope=""row""><a href=""/boxscores/index.fcgi?month=3&amp;day=17&amp;year=1976"">Wed, Mar 17, 1976</a></th><td class=""right iz"" data-stat=""game_start_time""></td><td class=""left"" csk=""NYA.197603170SSL"" data-stat=""visitor_team_name""><a href=""/teams/NYA/1976.html"">New York Nets</a></td><td class=""right"" data-stat=""visitor_pts"">96</td><td class=""left"" csk=""SSL.197603170SSL"" data-stat=""home_team_name""><a href=""/teams/SSL/1976.html"">Spirits of St. Louis</a></td><td class=""right"" data-stat=""home_pts"">90</td><td class=""center"" data-stat=""box_score_text""><a href=""/boxscores/197603170SSL.html"">Box Score</a></td><td class=""center iz"" data-stat=""overtimes""></td><td class=""right"" data-stat=""attendance"">10,534</td><td class=""left iz"" data-stat=""game_remarks""></td></tr>"
65,"<tr><th class=""left"" csk=""197603170VIR"" data-stat=""date_game"" scope=""row""><a href=""/boxscores/index.fcgi?month=3&amp;day=17&amp;year=1976"">Wed, Mar 17, 1976</a></th><td class=""right iz"" data-stat=""game_start_time""></td><td class=""left"" csk=""KEN.197603170VIR"" data-stat=""visitor_team_name""><a href=""/teams/KEN/1976.html"">Kentucky Colonels</a></td><td class=""right"" data-stat=""visitor_pts"">130</td><td class=""left"" csk=""VIR.197603170VIR"" data-stat=""home_team_name""><a href=""/teams/VIR/1976.html"">Virginia Squires</a></td><td class=""right"" data-stat=""home_pts"">115</td><td class=""center"" data-stat=""box_score_text""><a href=""/boxscores/197603170VIR.html"">Box Score</a></td><td class=""center iz"" data-stat=""overtimes""></td><td class=""right"" data-stat=""attendance"">8,464</td><td class=""left"" data-stat=""game_remarks"">at Norfolk, VA</td></tr>"
67,"<tr><th class=""left"" csk=""197603180NYA"" data-stat=""date_game"" scope=""row""><a href=""/boxscores/index.fcgi?month=3&amp;day=18&amp;year=1976"">Thu, Mar 18, 1976</a></th><td class=""right iz"" data-stat=""game_start_time""></td><td class=""left"" csk=""DNA.197603180NYA"" data-stat=""visitor_team_name""><a href=""/teams/DNA/1976.html"">Denver Nuggets</a></td><td class=""right"" data-stat=""visitor_pts"">98</td><td class=""left"" csk=""NYA.197603180NYA"" data-stat=""home_team_name""><a href=""/teams/NYA/1976.html"">New York Nets</a></td><td class=""right"" data-stat=""home_pts"">110</td><td class=""center"" data-stat=""box_score_text""><a href=""/boxscores/197603180NYA.html"">Box Score</a></td><td class=""center iz"" data-stat=""overtimes""></td><td class=""right"" data-stat=""attendance"">8,264</td><td class=""left iz"" data-stat=""game_remarks""></td></tr>"
69,"<tr><th class=""left"" csk=""197603180SAA"" data-stat=""date_game"" scope=""row""><a href=""/boxscores/index.fcgi?month=3&amp;day=18&amp;year=1976"">Thu, Mar 18, 1976</a></th><td class=""right iz"" data-stat=""game_start_time""></td><td class=""left"" csk=""SSL.197603180SAA"" data-stat=""visitor_team_name""><a href=""/teams/SSL/1976.html"">Spirits of St. Louis</a></td><td class=""right"" data-stat=""visitor_pts"">105</td><td class=""left"" csk=""SAA.197603180SAA"" data-stat=""home_team_name""><a href=""/teams/SAA/1976.html"">San Antonio Spurs</a></td><td class=""right"" data-stat=""home_pts"">115</td><td class=""center"" data-stat=""box_score_text""><a href=""/boxscores/197603180SAA.html"">Box Score</a></td><td class=""center iz"" data-stat=""overtimes""></td><td class=""right"" data-stat=""attendance"">7,397</td><td class=""left iz"" data-stat=""game_remarks""></td></tr>"
71,"<tr><th class=""left"" csk=""197603190VIR"" data-stat=""date_game"" scope=""row""><a href=""/boxscores/index.fcgi?month=3&amp;day=19&amp;year=1976"">Fri, Mar 19, 1976</a></th><td class=""right iz"" data-stat=""game_start_time""></td><td class=""left"" csk=""DNA.197603190VIR"" data-stat=""visitor_team_name""><a href=""/teams/DNA/1976.html"">Denver Nuggets</a></td><td class=""right"" data-stat=""visitor_pts"">113</td><td class=""left"" csk=""VIR.197603190VIR"" data-stat=""home_team_name""><a href=""/teams/VIR/1976.html"">Virginia Squires</a></td><td class=""right"" data-stat=""home_pts"">108</td><td class=""center"" data-stat=""box_score_text""><a href=""/boxscores/197603190VIR.html"">Box Score</a></td><td class=""center iz"" data-stat=""overtimes""></td><td class=""right"" data-stat=""attendance"">4,544</td><td class=""left"" data-stat=""game_remarks"">at Norfolk, VA</td></tr>"
73,"<tr><th class=""left"" csk=""197603190SAA"" data-stat=""date_game"" scope=""row""><a href=""/boxscores/index.fcgi?month=3&amp;day=19&amp;year=1976"">Fri, Mar 19, 1976</a></th><td class=""right iz"" data-stat=""game_start_time""></td><td class=""left"" csk=""SSL.197603190SAA"" data-stat=""visitor_team_name""><a href=""/teams/SSL/1976.html"">Spirits of St. Louis</a></td><td class=""right"" data-stat=""visitor_pts"">125</td><td class=""left"" csk=""SAA.197603190SAA"" data-stat=""home_team_name""><a href=""/teams/SAA/1976.html"">San Antonio Spurs</a></td><td class=""right"" data-stat=""home_pts"">100</td><td class=""center"" data-stat=""box_score_text""><a href=""/boxscores/197603190SAA.html"">Box Score</a></td><td class=""center iz"" data-stat=""overtimes""></td><td class=""right"" data-stat=""attendance"">3,332</td><td class=""left"" data-stat=""game_remarks"">at Salt Lake City, UT</td></tr>"
75,"<tr><th class=""left"" csk=""197603190KEN"" data-stat=""date_game"" scope=""row""><a href=""/boxscores/index.fcgi?month=3&amp;day=19&amp;year=1976"">Fri, Mar 19, 1976</a></th><td class=""right iz"" data-stat=""game_start_time""></td><td class=""left"" csk=""NYA.197603190KEN"" data-stat=""visitor_team_name""><a href=""/teams/NYA/1976.html"">New York Nets</a></td><td class=""right"" data-stat=""visitor_pts"">97</td><td class=""left"" csk=""KEN.197603190KEN"" data-stat=""home_team_name""><a href=""/teams/KEN/1976.html"">Kentucky Colonels</a></td><td class=""right"" data-stat=""home_pts"">104</td><td class=""center"" data-stat=""box_score_text""><a href=""/boxscores/197603190KEN.html"">Box Score</a></td><td class=""center iz"" data-stat=""overtimes""></td><td class=""right"" data-stat=""attendance"">8,338</td><td class=""left iz"" data-stat=""game_remarks""></td></tr>"
77,"<tr><th class=""left"" csk=""197603200VIR"" data-stat=""date_game"" scope=""row""><a href=""/boxscores/index.fcgi?month=3&amp;day=20&amp;year=1976"">Sat, Mar 20, 1976</a></th><td class=""right iz"" data-stat=""game_start_time""></td><td class=""left"" csk=""NYA.197603200VIR"" data-stat=""visitor_team_name""><a href=""/teams/NYA/1976.html"">New York Nets</a></td><td class=""right"" data-stat=""visitor_pts"">109</td><td class=""left"" csk=""VIR.197603200VIR"" data-stat=""home_team_name""><a href=""/teams/VIR/1976.html"">Virginia Squires</a></td><td class=""right"" data-stat=""home_pts"">101</td><td class=""center"" data-stat=""box_score_text""><a href=""/boxscores/197603200VIR.html"">Box Score</a></td><td class=""center iz"" data-stat=""overtimes""></td><td class=""right"" data-stat=""attendance"">2,463</td><td class=""left"" data-stat=""game_remarks"">at Hampton, VA</td></tr>"
79,"<tr><th class=""left"" csk=""197603210DNA"" data-stat=""date_game"" scope=""row""><a href=""/boxscores/index.fcgi?month=3&amp;day=21&amp;year=1976"">Sun, Mar 21, 1976</a></th><td class=""right iz"" data-stat=""game_start_time""></td><td class=""left"" csk=""SSL.197603210DNA"" data-stat=""visitor_team_name""><a href=""/teams/SSL/1976.html"">Spirits of St. Louis</a></td><td class=""right"" data-stat=""visitor_pts"">115</td><td class=""left"" csk=""DNA.197603210DNA"" data-stat=""home_team_name""><a href=""/teams/DNA/1976.html"">Denver Nuggets</a></td><td class=""right"" data-stat=""home_pts"">131</td><td class=""center"" data-stat=""box_score_text""><a href=""/boxscores/197603210DNA.html"">Box Score</a></td><td class=""center iz"" data-stat=""overtimes""></td><td class=""right"" data-stat=""attendance"">7,175</td><td class=""left iz"" data-stat=""game_remarks""></td></tr>"
81,"<tr><th class=""left"" csk=""197603210KEN"" data-stat=""date_game"" scope=""row""><a href=""/boxscores/index.fcgi?month=3&amp;day=21&amp;year=1976"">Sun, Mar 21, 1976</a></th><td class=""right iz"" data-stat=""game_start_time""></td><td class=""left"" csk=""VIR.197603210KEN"" data-stat=""visitor_team_name""><a href=""/teams/VIR/1976.html"">Virginia Squires</a></td><td class=""right"" data-stat=""visitor_pts"">129</td><td class=""left"" csk=""KEN.197603210KEN"" data-stat=""home_team_name""><a href=""/teams/KEN/1976.html"">Kentucky Colonels</a></td><td class=""right"" data-stat=""home_pts"">138</td><td class=""center"" data-stat=""box_score_text""><a href=""/boxscores/197603210KEN.html"">Box Score</a></td><td class=""center"" data-stat=""overtimes"">2OT</td><td class=""right"" data-stat=""attendance"">5,321</td><td class=""left iz"" data-stat=""game_remarks""></td></tr>"
83,"<tr><th class=""left"" csk=""197603210SAA"" data-stat=""date_game"" scope=""row""><a href=""/boxscores/index.fcgi?month=3&amp;day=21&amp;year=1976"">Sun, Mar 21, 1976</a></th><td class=""right iz"" data-stat=""game_start_time""></td><td class=""left"" csk=""INA.197603210SAA"" data-stat=""visitor_team_name""><a href=""/teams/INA/1976.html"">Indiana Pacers</a></td><td class=""right"" data-stat=""visitor_pts"">114</td><td class=""left"" csk=""SAA.197603210SAA"" data-stat=""home_team_name""><a href=""/teams/SAA/1976.html"">San Antonio Spurs</a></td><td class=""right"" data-stat=""home_pts"">109</td><td class=""center"" data-stat=""box_score_text""><a href=""/boxscores/197603210SAA.html"">Box Score</a></td><td class=""center iz"" data-stat=""overtimes""></td><td class=""right"" data-stat=""attendance"">8,691</td><td class=""left iz"" data-stat=""game_remarks""></td></tr>"
85,"<tr><th class=""left"" csk=""197603230INA"" data-stat=""date_game"" scope=""row""><a href=""/boxscores/index.fcgi?month=3&amp;day=23&amp;year=1976"">Tue, Mar 23, 1976</a></th><td class=""right iz"" data-stat=""game_start_time""></td><td class=""left"" csk=""SAA.197603230INA"" data-stat=""visitor_team_name""><a href=""/teams/SAA/1976.html"">San Antonio Spurs</a></td><td class=""right"" data-stat=""visitor_pts"">104</td><td class=""left"" csk=""INA.197603230INA"" data-stat=""home_team_name""><a href=""/teams/INA/1976.html"">Indiana Pacers</a></td><td class=""right"" data-stat=""home_pts"">107</td><td class=""center"" data-stat=""box_score_text""><a href=""/boxscores/197603230INA.html"">Box Score</a></td><td class=""center iz"" data-stat=""overtimes""></td><td class=""right"" data-stat=""attendance"">10,254</td><td class=""left iz"" data-stat=""game_remarks""></td></tr>"
87,"<tr><th class=""left"" csk=""197603230KEN"" data-stat=""date_game"" scope=""row""><a href=""/boxscores/index.fcgi?month=3&amp;day=23&amp;year=1976"">Tue, Mar 23, 1976</a></th><td class=""right iz"" data-stat=""game_start_time""></td><td class=""left"" csk=""DNA.197603230KEN"" data-stat=""visitor_team_name""><a href=""/teams/DNA/1976.html"">Denver Nuggets</a></td><td class=""right"" data-stat=""visitor_pts"">117</td><td class=""left"" csk=""KEN.197603230KEN"" data-stat=""home_team_name""><a href=""/teams/KEN/1976.html"">Kentucky Colonels</a></td><td class=""right"" data-stat=""home_pts"">118</td><td class=""center"" data-stat=""box_score_text""><a href=""/boxscores/197603230KEN.html"">Box Score</a></td><td class=""center"" data-stat=""overtimes"">OT</td><td class=""right"" data-stat=""attendance"">5,744</td><td class=""left iz"" data-stat=""game_remarks""></td></tr>"
89,"<tr><th class=""left"" csk=""197603240VIR"" data-stat=""date_game"" scope=""row""><a href=""/boxscores/index.fcgi?month=3&amp;day=24&amp;year=1976"">Wed, Mar 24, 1976</a></th><td class=""right iz"" data-stat=""game_start_time""></td><td class=""left"" csk=""KEN.197603240VIR"" data-stat=""visitor_team_name""><a href=""/teams/KEN/1976.html"">Kentucky Colonels</a></td><td class=""right"" data-stat=""visitor_pts"">122</td><td class=""left"" csk=""VIR.197603240VIR"" data-stat=""home_team_name""><a href=""/teams/VIR/1976.html"">Virginia Squires</a></td><td class=""right"" data-stat=""home_pts"">128</td><td class=""center"" data-stat=""box_score_text""><a href=""/boxscores/197603240VIR.html"">Box Score</a></td><td class=""center iz"" data-stat=""overtimes""></td><td class=""right"" data-stat=""attendance"">1,253</td><td class=""left"" data-stat=""game_remarks"">at Richmond, VA</td></tr>"
91,"<tr><th class=""left"" csk=""197603240NYA"" data-stat=""date_game"" scope=""row""><a href=""/boxscores/index.fcgi?month=3&amp;day=24&amp;year=1976"">Wed, Mar 24, 1976</a></th><td class=""right iz"" data-stat=""game_start_time""></td><td class=""left"" csk=""SSL.197603240NYA"" data-stat=""visitor_team_name""><a href=""/teams/SSL/1976.html"">Spirits of St. Louis</a></td><td class=""right"" data-stat=""visitor_pts"">93</td><td class=""left"" csk=""NYA.197603240NYA"" data-stat=""home_team_name""><a href=""/teams/NYA/1976.html"">New York Nets</a></td><td class=""right"" data-stat=""home_pts"">106</td><td class=""center"" data-stat=""box_score_text""><a href=""/boxscores/197603240NYA.html"">Box Score</a></td><td class=""center iz"" data-stat=""overtimes""></td><td class=""right"" data-stat=""attendance"">6,962</td><td class=""left iz"" data-stat=""game_remarks""></td></tr>"
93,"<tr><th class=""left"" csk=""197603240DNA"" data-stat=""date_game"" scope=""row""><a href=""/boxscores/index.fcgi?month=3&amp;day=24&amp;year=1976"">Wed, Mar 24, 1976</a></th><td class=""right iz"" data-stat=""game_start_time""></td><td class=""left"" csk=""SAA.197603240DNA"" data-stat=""visitor_team_name""><a href=""/teams/SAA/1976.html"">San Antonio Spurs</a></td><td class=""right"" data-stat=""visitor_pts"">135</td><td class=""left"" csk=""DNA.197603240DNA"" data-stat=""home_team_name""><a href=""/teams/DNA/1976.html"">Denver Nuggets</a></td><td class=""right"" data-stat=""home_pts"">122</td><td class=""center"" data-stat=""box_score_text""><a href=""/boxscores/197603240DNA.html"">Box Score</a></td><td class=""center iz"" data-stat=""overtimes""></td><td class=""right"" data-stat=""attendance"">16,842</td><td class=""left iz"" data-stat=""game_remarks""></td></tr>"
95,"<tr><th class=""left"" csk=""197603260DNA"" data-stat=""date_game"" scope=""row""><a href=""/boxscores/index.fcgi?month=3&amp;day=26&amp;year=1976"">Fri, Mar 26, 1976</a></th><td class=""right iz"" data-stat=""game_start_time""></td><td class=""left"" csk=""INA.197603260DNA"" data-stat=""visitor_team_name""><a href=""/teams/INA/1976.html"">Indiana Pacers</a></td><td class=""right"" data-stat=""visitor_pts"">120</td><td class=""left"" csk=""DNA.197603260DNA"" data-stat=""home_team_name""><a href=""/teams/DNA/1976.html"">Denver Nuggets</a></td><td class=""right"" data-stat=""home_pts"">138</td><td class=""center"" data-stat=""box_score_text""><a href=""/boxscores/197603260DNA.html"">Box Score</a></td><td class=""center iz"" data-stat=""overtimes""></td><td class=""right"" data-stat=""attendance"">14,918</td><td class=""left iz"" data-stat=""game_remarks""></td></tr>"
97,"<tr><th class=""left"" csk=""197603260NYA"" data-stat=""date_game"" scope=""row""><a href=""/boxscores/index.fcgi?month=3&amp;day=26&amp;year=1976"">Fri, Mar 26, 1976</a></th><td class=""right iz"" data-stat=""game_start_time""></td><td class=""left"" csk=""KEN.197603260NYA"" data-stat=""visitor_team_name""><a href=""/teams/KEN/1976.html"">Kentucky Colonels</a></td><td class=""right"" data-stat=""visitor_pts"">106</td><td class=""left"" csk=""NYA.197603260NYA"" data-stat=""home_team_name""><a href=""/teams/NYA/1976.html"">New York Nets</a></td><td class=""right"" data-stat=""home_pts"">109</td><td class=""center"" data-stat=""box_score_text""><a href=""/boxscores/197603260NYA.html"">Box Score</a></td><td class=""center iz"" data-stat=""overtimes""></td><td class=""right"" data-stat=""attendance"">9,220</td><td class=""left iz"" data-stat=""game_remarks""></td></tr>"
99,"<tr><th class=""left"" csk=""197603260SSL"" data-stat=""date_game"" scope=""row""><a href=""/boxscores/index.fcgi?month=3&amp;day=26&amp;year=1976"">Fri, Mar 26, 1976</a></th><td class=""right iz"" data-stat=""game_start_time""></td><td class=""left"" csk=""SAA.197603260SSL"" data-stat=""visitor_team_name""><a href=""/teams/SAA/1976.html"">San Antonio Spurs</a></td><td class=""right"" data-stat=""visitor_pts"">120</td><td class=""left"" csk=""SSL.197603260SSL"" data-stat=""home_team_name""><a href=""/teams/SSL/1976.html"">Spirits of St. Louis</a></td><td class=""right"" data-stat=""home_pts"">108</td><td class=""center"" data-stat=""box_score_text""><a href=""/boxscores/197603260SSL.html"">Box Score</a></td><td class=""center iz"" data-stat=""overtimes""></td><td class=""right"" data-stat=""attendance"">4,639</td><td class=""left iz"" data-stat=""game_remarks""></td></tr>"
101,"<tr><th class=""left"" csk=""197603270SAA"" data-stat=""date_game"" scope=""row""><a href=""/boxscores/index.fcgi?month=3&amp;day=27&amp;year=1976"">Sat, Mar 27, 1976</a></th><td class=""right iz"" data-stat=""game_start_time""></td><td class=""left"" csk=""KEN.197603270SAA"" data-stat=""visitor_team_name""><a href=""/teams/KEN/1976.html"">Kentucky Colonels</a></td><td class=""right"" data-stat=""visitor_pts"">90</td><td class=""left"" csk=""SAA.197603270SAA"" data-stat=""home_team_name""><a href=""/teams/SAA/1976.html"">San Antonio Spurs</a></td><td class=""right"" data-stat=""home_pts"">108</td><td class=""center"" data-stat=""box_score_text""><a href=""/boxscores/197603270SAA.html"">Box Score</a></td><td class=""center iz"" data-stat=""overtimes""></td><td class=""right"" data-stat=""attendance"">8,417</td><td class=""left iz"" data-stat=""game_remarks""></td></tr>"
103,"<tr><th class=""left"" csk=""197603270VIR"" data-stat=""date_game"" scope=""row""><a href=""/boxscores/index.fcgi?month=3&amp;day=27&amp;year=1976"">Sat, Mar 27, 1976</a></th><td class=""right iz"" data-stat=""game_start_time""></td><td class=""left"" csk=""DNA.197603270VIR"" data-stat=""visitor_team_name""><a href=""/teams/DNA/1976.html"">Denver Nuggets</a></td><td class=""right"" data-stat=""visitor_pts"">124</td><td class=""left"" csk=""VIR.197603270VIR"" data-stat=""home_team_name""><a href=""/teams/VIR/1976.html"">Virginia Squires</a></td><td class=""right"" data-stat=""home_pts"">123</td><td class=""center"" data-stat=""box_score_text""><a href=""/boxscores/197603270VIR.html"">Box Score</a></td><td class=""center"" data-stat=""overtimes"">OT</td><td class=""right"" data-stat=""attendance"">6,084</td><td class=""left"" data-stat=""game_remarks"">at Norfolk, VA</td></tr>"
105,"<tr><th class=""left"" csk=""197603280SSL"" data-stat=""date_game"" scope=""row""><a href=""/boxscores/index.fcgi?month=3&amp;day=28&amp;year=1976"">Sun, Mar 28, 1976</a></th><td class=""right iz"" data-stat=""game_start_time""></td><td class=""left"" csk=""NYA.197603280SSL"" data-stat=""visitor_team_name""><a href=""/teams/NYA/1976.html"">New York Nets</a></td><td class=""right"" data-stat=""visitor_pts"">107</td><td class=""left"" csk=""SSL.197603280SSL"" data-stat=""home_team_name""><a href=""/teams/SSL/1976.html"">Spirits of St. Louis</a></td><td class=""right"" data-stat=""home_pts"">102</td><td class=""center"" data-stat=""box_score_text""><a href=""/boxscores/197603280SSL.html"">Box Score</a></td><td class=""center iz"" data-stat=""overtimes""></td><td class=""right"" data-stat=""attendance"">4,871</td><td class=""left iz"" data-stat=""game_remarks""></td></tr>"
107,"<tr><th class=""left"" csk=""197603280INA"" data-stat=""date_game"" scope=""row""><a href=""/boxscores/index.fcgi?month=3&amp;day=28&amp;year=1976"">Sun, Mar 28, 1976</a></th><td class=""right iz"" data-stat=""game_start_time""></td><td class=""left"" csk=""DNA.197603280INA"" data-stat=""visitor_team_name""><a href=""/teams/DNA/1976.html"">Denver Nuggets</a></td><td class=""right"" data-stat=""visitor_pts"">110</td><td class=""left"" csk=""INA.197603280INA"" data-stat=""home_team_name""><a href=""/teams/INA/1976.html"">Indiana Pacers</a></td><td class=""right"" data-stat=""home_pts"">98</td><td class=""center"" data-stat=""box_score_text""><a href=""/boxscores/197603280INA.html"">Box Score</a></td><td class=""center iz"" data-stat=""overtimes""></td><td class=""right"" data-stat=""attendance"">8,317</td><td class=""left iz"" data-stat=""game_remarks""></td></tr>"
109,"<tr><th class=""left"" csk=""197603290SAA"" data-stat=""date_game"" scope=""row""><a href=""/boxscores/index.fcgi?month=3&amp;day=29&amp;year=1976"">Mon, Mar 29, 1976</a></th><td class=""right iz"" data-stat=""game_start_time""></td><td class=""left"" csk=""NYA.197603290SAA"" data-stat=""visitor_team_name""><a href=""/teams/NYA/1976.html"">New York Nets</a></td><td class=""right"" data-stat=""visitor_pts"">101</td><td class=""left"" csk=""SAA.197603290SAA"" data-stat=""home_team_name""><a href=""/teams/SAA/1976.html"">San Antonio Spurs</a></td><td class=""right"" data-stat=""home_pts"">116</td><td class=""center"" data-stat=""box_score_text""><a href=""/boxscores/197603290SAA.html"">Box Score</a></td><td class=""center iz"" data-stat=""overtimes""></td><td class=""right"" data-stat=""attendance"">9,663</td><td class=""left iz"" data-stat=""game_remarks""></td></tr>"
111,"<tr><th class=""left"" csk=""197603300SSL"" data-stat=""date_game"" scope=""row""><a href=""/boxscores/index.fcgi?month=3&amp;day=30&amp;year=1976"">Tue, Mar 30, 1976</a></th><td class=""right iz"" data-stat=""game_start_time""></td><td class=""left"" csk=""DNA.197603300SSL"" data-stat=""visitor_team_name""><a href=""/teams/DNA/1976.html"">Denver Nuggets</a></td><td class=""right"" data-stat=""visitor_pts"">133</td><td class=""left"" csk=""SSL.197603300SSL"" data-stat=""home_team_name""><a href=""/teams/SSL/1976.html"">Spirits of St. Louis</a></td><td class=""right"" data-stat=""home_pts"">112</td><td class=""center"" data-stat=""box_score_text""><a href=""/boxscores/197603300SSL.html"">Box Score</a></td><td class=""center iz"" data-stat=""overtimes""></td><td class=""right"" data-stat=""attendance"">2,400</td><td class=""left iz"" data-stat=""game_remarks""></td></tr>"
113,"<tr><th class=""left"" csk=""197603310INA"" data-stat=""date_game"" scope=""row""><a href=""/boxscores/index.fcgi?month=3&amp;day=31&amp;year=1976"">Wed, Mar 31, 1976</a></th><td class=""right iz"" data-stat=""game_start_time""></td><td class=""left"" csk=""NYA.197603310INA"" data-stat=""visitor_team_name""><a href=""/teams/NYA/1976.html"">New York Nets</a></td><td class=""right"" data-stat=""visitor_pts"">106</td><td class=""left"" csk=""INA.197603310INA"" data-stat=""home_team_name""><a href=""/teams/INA/1976.html"">Indiana Pacers</a></td><td class=""right"" data-stat=""home_pts"">116</td><td class=""center"" data-stat=""box_score_text""><a href=""/boxscores/197603310INA.html"">Box Score</a></td><td class=""center iz"" data-stat=""overtimes""></td><td class=""right"" data-stat=""attendance"">7,124</td><td class=""left iz"" data-stat=""game_remarks""></td></tr>"
115,"<tr><th class=""left"" csk=""197603310KEN"" data-stat=""date_game"" scope=""row""><a href=""/boxscores/index.fcgi?month=3&amp;day=31&amp;year=1976"">Wed, Mar 31, 1976</a></th><td class=""right iz"" data-stat=""game_start_time""></td><td class=""left"" csk=""VIR.197603310KEN"" data-stat=""visitor_team_name""><a href=""/teams/VIR/1976.html"">Virginia Squires</a></td><td class=""right"" data-stat=""visitor_pts"">103</td><td class=""left"" csk=""KEN.197603310KEN"" data-stat=""home_team_name""><a href=""/teams/KEN/1976.html"">Kentucky Colonels</a></td><td class=""right"" data-stat=""home_pts"">111</td><td class=""center"" data-stat=""box_score_text""><a href=""/boxscores/197603310KEN.html"">Box Score</a></td><td class=""center iz"" data-stat=""overtimes""></td><td class=""right"" data-stat=""attendance"">5,733</td><td class=""left iz"" data-stat=""game_remarks""></td></tr>"
117,"<tr><th class=""left"" csk=""197603310SAA"" data-stat=""date_game"" scope=""row""><a href=""/boxscores/index.fcgi?month=3&amp;day=31&amp;year=1976"">Wed, Mar 31, 1976</a></th><td class=""right iz"" data-stat=""game_start_time""></td><td class=""left"" csk=""DNA.197603310SAA"" data-stat=""visitor_team_name""><a href=""/teams/DNA/1976.html"">Denver Nuggets</a></td><td class=""right"" data-stat=""visitor_pts"">110</td><td class=""left"" csk=""SAA.197603310SAA"" data-stat=""home_team_name""><a href=""/teams/SAA/1976.html"">San Antonio Spurs</a></td><td class=""right"" data-stat=""home_pts"">117</td><td class=""center"" data-stat=""box_score_text""><a href=""/boxscores/197603310SAA.html"">Box Score</a></td><td class=""center iz"" data-stat=""overtimes""></td><td class=""right"" data-stat=""attendance"">7,829</td><td class=""left iz"" data-stat=""game_remarks""></td></tr>"
