,0
1,"<tr><th class=""left"" csk=""197401020DNR"" data-stat=""date_game"" scope=""row""><a href=""/boxscores/index.fcgi?month=1&amp;day=2&amp;year=1974"">Wed, Jan 2, 1974</a></th><td class=""left"" csk=""SAA.197401020DNR"" data-stat=""visitor_team_name""><a href=""/teams/SAA/1974.html"">San Antonio Spurs</a></td><td class=""right"" data-stat=""visitor_pts"">108</td><td class=""left"" csk=""DNR.197401020DNR"" data-stat=""home_team_name""><a href=""/teams/DNR/1974.html"">Denver Rockets</a></td><td class=""right"" data-stat=""home_pts"">110</td><td class=""center"" data-stat=""box_score_text""><a href=""/boxscores/197401020DNR.html"">Box Score</a></td><td class=""center iz"" data-stat=""overtimes""></td><td class=""right"" data-stat=""attendance"">2,960</td><td class=""left iz"" data-stat=""game_remarks""></td></tr>"
3,"<tr><th class=""left"" csk=""197401020MMT"" data-stat=""date_game"" scope=""row""><a href=""/boxscores/index.fcgi?month=1&amp;day=2&amp;year=1974"">Wed, Jan 2, 1974</a></th><td class=""left"" csk=""VIR.197401020MMT"" data-stat=""visitor_team_name""><a href=""/teams/VIR/1974.html"">Virginia Squires</a></td><td class=""right"" data-stat=""visitor_pts"">100</td><td class=""left"" csk=""MMT.197401020MMT"" data-stat=""home_team_name""><a href=""/teams/MMT/1974.html"">Memphis Tams</a></td><td class=""right"" data-stat=""home_pts"">110</td><td class=""center"" data-stat=""box_score_text""><a href=""/boxscores/197401020MMT.html"">Box Score</a></td><td class=""center iz"" data-stat=""overtimes""></td><td class=""right"" data-stat=""attendance"">953</td><td class=""left iz"" data-stat=""game_remarks""></td></tr>"
5,"<tr><th class=""left"" csk=""197401020NYA"" data-stat=""date_game"" scope=""row""><a href=""/boxscores/index.fcgi?month=1&amp;day=2&amp;year=1974"">Wed, Jan 2, 1974</a></th><td class=""left"" csk=""CAR.197401020NYA"" data-stat=""visitor_team_name""><a href=""/teams/CAR/1974.html"">Carolina Cougars</a></td><td class=""right"" data-stat=""visitor_pts"">96</td><td class=""left"" csk=""NYA.197401020NYA"" data-stat=""home_team_name""><a href=""/teams/NYA/1974.html"">New York Nets</a></td><td class=""right"" data-stat=""home_pts"">99</td><td class=""center"" data-stat=""box_score_text""><a href=""/boxscores/197401020NYA.html"">Box Score</a></td><td class=""center iz"" data-stat=""overtimes""></td><td class=""right"" data-stat=""attendance"">9,126</td><td class=""left iz"" data-stat=""game_remarks""></td></tr>"
7,"<tr><th class=""left"" csk=""197401030VIR"" data-stat=""date_game"" scope=""row""><a href=""/boxscores/index.fcgi?month=1&amp;day=3&amp;year=1974"">Thu, Jan 3, 1974</a></th><td class=""left"" csk=""KEN.197401030VIR"" data-stat=""visitor_team_name""><a href=""/teams/KEN/1974.html"">Kentucky Colonels</a></td><td class=""right"" data-stat=""visitor_pts"">110</td><td class=""left"" csk=""VIR.197401030VIR"" data-stat=""home_team_name""><a href=""/teams/VIR/1974.html"">Virginia Squires</a></td><td class=""right"" data-stat=""home_pts"">109</td><td class=""center"" data-stat=""box_score_text""><a href=""/boxscores/197401030VIR.html"">Box Score</a></td><td class=""center iz"" data-stat=""overtimes""></td><td class=""right"" data-stat=""attendance"">2,667</td><td class=""left"" data-stat=""game_remarks"">at Norfolk, VA</td></tr>"
9,"<tr><th class=""left"" csk=""197401030UTS"" data-stat=""date_game"" scope=""row""><a href=""/boxscores/index.fcgi?month=1&amp;day=3&amp;year=1974"">Thu, Jan 3, 1974</a></th><td class=""left"" csk=""SAA.197401030UTS"" data-stat=""visitor_team_name""><a href=""/teams/SAA/1974.html"">San Antonio Spurs</a></td><td class=""right"" data-stat=""visitor_pts"">93</td><td class=""left"" csk=""UTS.197401030UTS"" data-stat=""home_team_name""><a href=""/teams/UTS/1974.html"">Utah Stars</a></td><td class=""right"" data-stat=""home_pts"">101</td><td class=""center"" data-stat=""box_score_text""><a href=""/boxscores/197401030UTS.html"">Box Score</a></td><td class=""center iz"" data-stat=""overtimes""></td><td class=""right"" data-stat=""attendance"">5,548</td><td class=""left iz"" data-stat=""game_remarks""></td></tr>"
11,"<tr><th class=""left"" csk=""197401030INA"" data-stat=""date_game"" scope=""row""><a href=""/boxscores/index.fcgi?month=1&amp;day=3&amp;year=1974"">Thu, Jan 3, 1974</a></th><td class=""left"" csk=""DNR.197401030INA"" data-stat=""visitor_team_name""><a href=""/teams/DNR/1974.html"">Denver Rockets</a></td><td class=""right"" data-stat=""visitor_pts"">97</td><td class=""left"" csk=""INA.197401030INA"" data-stat=""home_team_name""><a href=""/teams/INA/1974.html"">Indiana Pacers</a></td><td class=""right"" data-stat=""home_pts"">100</td><td class=""center"" data-stat=""box_score_text""><a href=""/boxscores/197401030INA.html"">Box Score</a></td><td class=""center iz"" data-stat=""overtimes""></td><td class=""right"" data-stat=""attendance"">6,222</td><td class=""left iz"" data-stat=""game_remarks""></td></tr>"
13,"<tr><th class=""left"" csk=""197401030CAR"" data-stat=""date_game"" scope=""row""><a href=""/boxscores/index.fcgi?month=1&amp;day=3&amp;year=1974"">Thu, Jan 3, 1974</a></th><td class=""left"" csk=""MMT.197401030CAR"" data-stat=""visitor_team_name""><a href=""/teams/MMT/1974.html"">Memphis Tams</a></td><td class=""right"" data-stat=""visitor_pts"">104</td><td class=""left"" csk=""CAR.197401030CAR"" data-stat=""home_team_name""><a href=""/teams/CAR/1974.html"">Carolina Cougars</a></td><td class=""right"" data-stat=""home_pts"">122</td><td class=""center"" data-stat=""box_score_text""><a href=""/boxscores/197401030CAR.html"">Box Score</a></td><td class=""center iz"" data-stat=""overtimes""></td><td class=""right"" data-stat=""attendance"">4,424</td><td class=""left"" data-stat=""game_remarks"">at Raleigh, NC</td></tr>"
15,"<tr><th class=""left"" csk=""197401040KEN"" data-stat=""date_game"" scope=""row""><a href=""/boxscores/index.fcgi?month=1&amp;day=4&amp;year=1974"">Fri, Jan 4, 1974</a></th><td class=""left"" csk=""MMT.197401040KEN"" data-stat=""visitor_team_name""><a href=""/teams/MMT/1974.html"">Memphis Tams</a></td><td class=""right"" data-stat=""visitor_pts"">102</td><td class=""left"" csk=""KEN.197401040KEN"" data-stat=""home_team_name""><a href=""/teams/KEN/1974.html"">Kentucky Colonels</a></td><td class=""right"" data-stat=""home_pts"">125</td><td class=""center"" data-stat=""box_score_text""><a href=""/boxscores/197401040KEN.html"">Box Score</a></td><td class=""center iz"" data-stat=""overtimes""></td><td class=""right"" data-stat=""attendance"">8,775</td><td class=""left iz"" data-stat=""game_remarks""></td></tr>"
17,"<tr><th class=""left"" csk=""197401040NYA"" data-stat=""date_game"" scope=""row""><a href=""/boxscores/index.fcgi?month=1&amp;day=4&amp;year=1974"">Fri, Jan 4, 1974</a></th><td class=""left"" csk=""DNR.197401040NYA"" data-stat=""visitor_team_name""><a href=""/teams/DNR/1974.html"">Denver Rockets</a></td><td class=""right"" data-stat=""visitor_pts"">92</td><td class=""left"" csk=""NYA.197401040NYA"" data-stat=""home_team_name""><a href=""/teams/NYA/1974.html"">New York Nets</a></td><td class=""right"" data-stat=""home_pts"">109</td><td class=""center"" data-stat=""box_score_text""><a href=""/boxscores/197401040NYA.html"">Box Score</a></td><td class=""center iz"" data-stat=""overtimes""></td><td class=""right"" data-stat=""attendance"">6,621</td><td class=""left iz"" data-stat=""game_remarks""></td></tr>"
19,"<tr><th class=""left"" csk=""197401040SDA"" data-stat=""date_game"" scope=""row""><a href=""/boxscores/index.fcgi?month=1&amp;day=4&amp;year=1974"">Fri, Jan 4, 1974</a></th><td class=""left"" csk=""SAA.197401040SDA"" data-stat=""visitor_team_name""><a href=""/teams/SAA/1974.html"">San Antonio Spurs</a></td><td class=""right"" data-stat=""visitor_pts"">112</td><td class=""left"" csk=""SDA.197401040SDA"" data-stat=""home_team_name""><a href=""/teams/SDA/1974.html"">San Diego Conquistadors</a></td><td class=""right"" data-stat=""home_pts"">105</td><td class=""center"" data-stat=""box_score_text""><a href=""/boxscores/197401040SDA.html"">Box Score</a></td><td class=""center iz"" data-stat=""overtimes""></td><td class=""right"" data-stat=""attendance"">2,101</td><td class=""left iz"" data-stat=""game_remarks""></td></tr>"
21,"<tr><th class=""left"" csk=""197401050VIR"" data-stat=""date_game"" scope=""row""><a href=""/boxscores/index.fcgi?month=1&amp;day=5&amp;year=1974"">Sat, Jan 5, 1974</a></th><td class=""left"" csk=""NYA.197401050VIR"" data-stat=""visitor_team_name""><a href=""/teams/NYA/1974.html"">New York Nets</a></td><td class=""right"" data-stat=""visitor_pts"">109</td><td class=""left"" csk=""VIR.197401050VIR"" data-stat=""home_team_name""><a href=""/teams/VIR/1974.html"">Virginia Squires</a></td><td class=""right"" data-stat=""home_pts"">112</td><td class=""center"" data-stat=""box_score_text""><a href=""/boxscores/197401050VIR.html"">Box Score</a></td><td class=""center iz"" data-stat=""overtimes""></td><td class=""right"" data-stat=""attendance"">3,084</td><td class=""left"" data-stat=""game_remarks"">at Hampton, VA</td></tr>"
23,"<tr><th class=""left"" csk=""197401050UTS"" data-stat=""date_game"" scope=""row""><a href=""/boxscores/index.fcgi?month=1&amp;day=5&amp;year=1974"">Sat, Jan 5, 1974</a></th><td class=""left"" csk=""CAR.197401050UTS"" data-stat=""visitor_team_name""><a href=""/teams/CAR/1974.html"">Carolina Cougars</a></td><td class=""right"" data-stat=""visitor_pts"">98</td><td class=""left"" csk=""UTS.197401050UTS"" data-stat=""home_team_name""><a href=""/teams/UTS/1974.html"">Utah Stars</a></td><td class=""right"" data-stat=""home_pts"">100</td><td class=""center"" data-stat=""box_score_text""><a href=""/boxscores/197401050UTS.html"">Box Score</a></td><td class=""center iz"" data-stat=""overtimes""></td><td class=""right"" data-stat=""attendance"">5,061</td><td class=""left iz"" data-stat=""game_remarks""></td></tr>"
25,"<tr><th class=""left"" csk=""197401050MMT"" data-stat=""date_game"" scope=""row""><a href=""/boxscores/index.fcgi?month=1&amp;day=5&amp;year=1974"">Sat, Jan 5, 1974</a></th><td class=""left"" csk=""SAA.197401050MMT"" data-stat=""visitor_team_name""><a href=""/teams/SAA/1974.html"">San Antonio Spurs</a></td><td class=""right"" data-stat=""visitor_pts"">94</td><td class=""left"" csk=""MMT.197401050MMT"" data-stat=""home_team_name""><a href=""/teams/MMT/1974.html"">Memphis Tams</a></td><td class=""right"" data-stat=""home_pts"">89</td><td class=""center"" data-stat=""box_score_text""><a href=""/boxscores/197401050MMT.html"">Box Score</a></td><td class=""center"" data-stat=""overtimes"">OT</td><td class=""right"" data-stat=""attendance"">1,164</td><td class=""left iz"" data-stat=""game_remarks""></td></tr>"
27,"<tr><th class=""left"" csk=""197401050INA"" data-stat=""date_game"" scope=""row""><a href=""/boxscores/index.fcgi?month=1&amp;day=5&amp;year=1974"">Sat, Jan 5, 1974</a></th><td class=""left"" csk=""KEN.197401050INA"" data-stat=""visitor_team_name""><a href=""/teams/KEN/1974.html"">Kentucky Colonels</a></td><td class=""right"" data-stat=""visitor_pts"">92</td><td class=""left"" csk=""INA.197401050INA"" data-stat=""home_team_name""><a href=""/teams/INA/1974.html"">Indiana Pacers</a></td><td class=""right"" data-stat=""home_pts"">100</td><td class=""center"" data-stat=""box_score_text""><a href=""/boxscores/197401050INA.html"">Box Score</a></td><td class=""center iz"" data-stat=""overtimes""></td><td class=""right"" data-stat=""attendance"">9,239</td><td class=""left iz"" data-stat=""game_remarks""></td></tr>"
29,"<tr><th class=""left"" csk=""197401050DNR"" data-stat=""date_game"" scope=""row""><a href=""/boxscores/index.fcgi?month=1&amp;day=5&amp;year=1974"">Sat, Jan 5, 1974</a></th><td class=""left"" csk=""SDA.197401050DNR"" data-stat=""visitor_team_name""><a href=""/teams/SDA/1974.html"">San Diego Conquistadors</a></td><td class=""right"" data-stat=""visitor_pts"">122</td><td class=""left"" csk=""DNR.197401050DNR"" data-stat=""home_team_name""><a href=""/teams/DNR/1974.html"">Denver Rockets</a></td><td class=""right"" data-stat=""home_pts"">146</td><td class=""center"" data-stat=""box_score_text""><a href=""/boxscores/197401050DNR.html"">Box Score</a></td><td class=""center iz"" data-stat=""overtimes""></td><td class=""right"" data-stat=""attendance"">6,183</td><td class=""left iz"" data-stat=""game_remarks""></td></tr>"
31,"<tr><th class=""left"" csk=""197401060NYA"" data-stat=""date_game"" scope=""row""><a href=""/boxscores/index.fcgi?month=1&amp;day=6&amp;year=1974"">Sun, Jan 6, 1974</a></th><td class=""left"" csk=""KEN.197401060NYA"" data-stat=""visitor_team_name""><a href=""/teams/KEN/1974.html"">Kentucky Colonels</a></td><td class=""right"" data-stat=""visitor_pts"">100</td><td class=""left"" csk=""NYA.197401060NYA"" data-stat=""home_team_name""><a href=""/teams/NYA/1974.html"">New York Nets</a></td><td class=""right"" data-stat=""home_pts"">103</td><td class=""center"" data-stat=""box_score_text""><a href=""/boxscores/197401060NYA.html"">Box Score</a></td><td class=""center iz"" data-stat=""overtimes""></td><td class=""right"" data-stat=""attendance"">12,280</td><td class=""left iz"" data-stat=""game_remarks""></td></tr>"
33,"<tr><th class=""left"" csk=""197401060SDA"" data-stat=""date_game"" scope=""row""><a href=""/boxscores/index.fcgi?month=1&amp;day=6&amp;year=1974"">Sun, Jan 6, 1974</a></th><td class=""left"" csk=""CAR.197401060SDA"" data-stat=""visitor_team_name""><a href=""/teams/CAR/1974.html"">Carolina Cougars</a></td><td class=""right"" data-stat=""visitor_pts"">120</td><td class=""left"" csk=""SDA.197401060SDA"" data-stat=""home_team_name""><a href=""/teams/SDA/1974.html"">San Diego Conquistadors</a></td><td class=""right"" data-stat=""home_pts"">109</td><td class=""center"" data-stat=""box_score_text""><a href=""/boxscores/197401060SDA.html"">Box Score</a></td><td class=""center iz"" data-stat=""overtimes""></td><td class=""right"" data-stat=""attendance"">1,329</td><td class=""left iz"" data-stat=""game_remarks""></td></tr>"
35,"<tr><th class=""left"" csk=""197401070UTS"" data-stat=""date_game"" scope=""row""><a href=""/boxscores/index.fcgi?month=1&amp;day=7&amp;year=1974"">Mon, Jan 7, 1974</a></th><td class=""left"" csk=""DNR.197401070UTS"" data-stat=""visitor_team_name""><a href=""/teams/DNR/1974.html"">Denver Rockets</a></td><td class=""right"" data-stat=""visitor_pts"">108</td><td class=""left"" csk=""UTS.197401070UTS"" data-stat=""home_team_name""><a href=""/teams/UTS/1974.html"">Utah Stars</a></td><td class=""right"" data-stat=""home_pts"">116</td><td class=""center"" data-stat=""box_score_text""><a href=""/boxscores/197401070UTS.html"">Box Score</a></td><td class=""center iz"" data-stat=""overtimes""></td><td class=""right"" data-stat=""attendance"">5,164</td><td class=""left iz"" data-stat=""game_remarks""></td></tr>"
37,"<tr><th class=""left"" csk=""197401080VIR"" data-stat=""date_game"" scope=""row""><a href=""/boxscores/index.fcgi?month=1&amp;day=8&amp;year=1974"">Tue, Jan 8, 1974</a></th><td class=""left"" csk=""NYA.197401080VIR"" data-stat=""visitor_team_name""><a href=""/teams/NYA/1974.html"">New York Nets</a></td><td class=""right"" data-stat=""visitor_pts"">109</td><td class=""left"" csk=""VIR.197401080VIR"" data-stat=""home_team_name""><a href=""/teams/VIR/1974.html"">Virginia Squires</a></td><td class=""right"" data-stat=""home_pts"">101</td><td class=""center"" data-stat=""box_score_text""><a href=""/boxscores/197401080VIR.html"">Box Score</a></td><td class=""center iz"" data-stat=""overtimes""></td><td class=""right"" data-stat=""attendance"">4,034</td><td class=""left"" data-stat=""game_remarks"">at Norfolk, VA</td></tr>"
39,"<tr><th class=""left"" csk=""197401090UTS"" data-stat=""date_game"" scope=""row""><a href=""/boxscores/index.fcgi?month=1&amp;day=9&amp;year=1974"">Wed, Jan 9, 1974</a></th><td class=""left"" csk=""SDA.197401090UTS"" data-stat=""visitor_team_name""><a href=""/teams/SDA/1974.html"">San Diego Conquistadors</a></td><td class=""right"" data-stat=""visitor_pts"">112</td><td class=""left"" csk=""UTS.197401090UTS"" data-stat=""home_team_name""><a href=""/teams/UTS/1974.html"">Utah Stars</a></td><td class=""right"" data-stat=""home_pts"">115</td><td class=""center"" data-stat=""box_score_text""><a href=""/boxscores/197401090UTS.html"">Box Score</a></td><td class=""center iz"" data-stat=""overtimes""></td><td class=""right"" data-stat=""attendance"">5,784</td><td class=""left iz"" data-stat=""game_remarks""></td></tr>"
41,"<tr><th class=""left"" csk=""197401090MMT"" data-stat=""date_game"" scope=""row""><a href=""/boxscores/index.fcgi?month=1&amp;day=9&amp;year=1974"">Wed, Jan 9, 1974</a></th><td class=""left"" csk=""NYA.197401090MMT"" data-stat=""visitor_team_name""><a href=""/teams/NYA/1974.html"">New York Nets</a></td><td class=""right"" data-stat=""visitor_pts"">108</td><td class=""left"" csk=""MMT.197401090MMT"" data-stat=""home_team_name""><a href=""/teams/MMT/1974.html"">Memphis Tams</a></td><td class=""right"" data-stat=""home_pts"">94</td><td class=""center"" data-stat=""box_score_text""><a href=""/boxscores/197401090MMT.html"">Box Score</a></td><td class=""center iz"" data-stat=""overtimes""></td><td class=""right"" data-stat=""attendance"">5,449</td><td class=""left iz"" data-stat=""game_remarks""></td></tr>"
43,"<tr><th class=""left"" csk=""197401090DNR"" data-stat=""date_game"" scope=""row""><a href=""/boxscores/index.fcgi?month=1&amp;day=9&amp;year=1974"">Wed, Jan 9, 1974</a></th><td class=""left"" csk=""VIR.197401090DNR"" data-stat=""visitor_team_name""><a href=""/teams/VIR/1974.html"">Virginia Squires</a></td><td class=""right"" data-stat=""visitor_pts"">103</td><td class=""left"" csk=""DNR.197401090DNR"" data-stat=""home_team_name""><a href=""/teams/DNR/1974.html"">Denver Rockets</a></td><td class=""right"" data-stat=""home_pts"">119</td><td class=""center"" data-stat=""box_score_text""><a href=""/boxscores/197401090DNR.html"">Box Score</a></td><td class=""center iz"" data-stat=""overtimes""></td><td class=""right"" data-stat=""attendance"">3,317</td><td class=""left iz"" data-stat=""game_remarks""></td></tr>"
45,"<tr><th class=""left"" csk=""197401100CAR"" data-stat=""date_game"" scope=""row""><a href=""/boxscores/index.fcgi?month=1&amp;day=10&amp;year=1974"">Thu, Jan 10, 1974</a></th><td class=""left"" csk=""KEN.197401100CAR"" data-stat=""visitor_team_name""><a href=""/teams/KEN/1974.html"">Kentucky Colonels</a></td><td class=""right"" data-stat=""visitor_pts"">101</td><td class=""left"" csk=""CAR.197401100CAR"" data-stat=""home_team_name""><a href=""/teams/CAR/1974.html"">Carolina Cougars</a></td><td class=""right"" data-stat=""home_pts"">98</td><td class=""center"" data-stat=""box_score_text""><a href=""/boxscores/197401100CAR.html"">Box Score</a></td><td class=""center iz"" data-stat=""overtimes""></td><td class=""right"" data-stat=""attendance"">5,524</td><td class=""left"" data-stat=""game_remarks"">at Charlotte, NC</td></tr>"
47,"<tr><th class=""left"" csk=""197401100INA"" data-stat=""date_game"" scope=""row""><a href=""/boxscores/index.fcgi?month=1&amp;day=10&amp;year=1974"">Thu, Jan 10, 1974</a></th><td class=""left"" csk=""SDA.197401100INA"" data-stat=""visitor_team_name""><a href=""/teams/SDA/1974.html"">San Diego Conquistadors</a></td><td class=""right"" data-stat=""visitor_pts"">109</td><td class=""left"" csk=""INA.197401100INA"" data-stat=""home_team_name""><a href=""/teams/INA/1974.html"">Indiana Pacers</a></td><td class=""right"" data-stat=""home_pts"">107</td><td class=""center"" data-stat=""box_score_text""><a href=""/boxscores/197401100INA.html"">Box Score</a></td><td class=""center iz"" data-stat=""overtimes""></td><td class=""right"" data-stat=""attendance"">5,016</td><td class=""left iz"" data-stat=""game_remarks""></td></tr>"
49,"<tr><th class=""left"" csk=""197401100SAA"" data-stat=""date_game"" scope=""row""><a href=""/boxscores/index.fcgi?month=1&amp;day=10&amp;year=1974"">Thu, Jan 10, 1974</a></th><td class=""left"" csk=""NYA.197401100SAA"" data-stat=""visitor_team_name""><a href=""/teams/NYA/1974.html"">New York Nets</a></td><td class=""right"" data-stat=""visitor_pts"">105</td><td class=""left"" csk=""SAA.197401100SAA"" data-stat=""home_team_name""><a href=""/teams/SAA/1974.html"">San Antonio Spurs</a></td><td class=""right"" data-stat=""home_pts"">93</td><td class=""center"" data-stat=""box_score_text""><a href=""/boxscores/197401100SAA.html"">Box Score</a></td><td class=""center iz"" data-stat=""overtimes""></td><td class=""right"" data-stat=""attendance"">7,379</td><td class=""left iz"" data-stat=""game_remarks""></td></tr>"
51,"<tr><th class=""left"" csk=""197401110UTS"" data-stat=""date_game"" scope=""row""><a href=""/boxscores/index.fcgi?month=1&amp;day=11&amp;year=1974"">Fri, Jan 11, 1974</a></th><td class=""left"" csk=""VIR.197401110UTS"" data-stat=""visitor_team_name""><a href=""/teams/VIR/1974.html"">Virginia Squires</a></td><td class=""right"" data-stat=""visitor_pts"">109</td><td class=""left"" csk=""UTS.197401110UTS"" data-stat=""home_team_name""><a href=""/teams/UTS/1974.html"">Utah Stars</a></td><td class=""right"" data-stat=""home_pts"">103</td><td class=""center"" data-stat=""box_score_text""><a href=""/boxscores/197401110UTS.html"">Box Score</a></td><td class=""center iz"" data-stat=""overtimes""></td><td class=""right"" data-stat=""attendance"">6,723</td><td class=""left iz"" data-stat=""game_remarks""></td></tr>"
53,"<tr><th class=""left"" csk=""197401110NYA"" data-stat=""date_game"" scope=""row""><a href=""/boxscores/index.fcgi?month=1&amp;day=11&amp;year=1974"">Fri, Jan 11, 1974</a></th><td class=""left"" csk=""INA.197401110NYA"" data-stat=""visitor_team_name""><a href=""/teams/INA/1974.html"">Indiana Pacers</a></td><td class=""right"" data-stat=""visitor_pts"">106</td><td class=""left"" csk=""NYA.197401110NYA"" data-stat=""home_team_name""><a href=""/teams/NYA/1974.html"">New York Nets</a></td><td class=""right"" data-stat=""home_pts"">109</td><td class=""center"" data-stat=""box_score_text""><a href=""/boxscores/197401110NYA.html"">Box Score</a></td><td class=""center iz"" data-stat=""overtimes""></td><td class=""right"" data-stat=""attendance"">9,323</td><td class=""left iz"" data-stat=""game_remarks""></td></tr>"
55,"<tr><th class=""left"" csk=""197401110KEN"" data-stat=""date_game"" scope=""row""><a href=""/boxscores/index.fcgi?month=1&amp;day=11&amp;year=1974"">Fri, Jan 11, 1974</a></th><td class=""left"" csk=""SAA.197401110KEN"" data-stat=""visitor_team_name""><a href=""/teams/SAA/1974.html"">San Antonio Spurs</a></td><td class=""right"" data-stat=""visitor_pts"">95</td><td class=""left"" csk=""KEN.197401110KEN"" data-stat=""home_team_name""><a href=""/teams/KEN/1974.html"">Kentucky Colonels</a></td><td class=""right"" data-stat=""home_pts"">99</td><td class=""center"" data-stat=""box_score_text""><a href=""/boxscores/197401110KEN.html"">Box Score</a></td><td class=""center iz"" data-stat=""overtimes""></td><td class=""right"" data-stat=""attendance"">7,983</td><td class=""left iz"" data-stat=""game_remarks""></td></tr>"
57,"<tr><th class=""left"" csk=""197401110CAR"" data-stat=""date_game"" scope=""row""><a href=""/boxscores/index.fcgi?month=1&amp;day=11&amp;year=1974"">Fri, Jan 11, 1974</a></th><td class=""left"" csk=""DNR.197401110CAR"" data-stat=""visitor_team_name""><a href=""/teams/DNR/1974.html"">Denver Rockets</a></td><td class=""right"" data-stat=""visitor_pts"">95</td><td class=""left"" csk=""CAR.197401110CAR"" data-stat=""home_team_name""><a href=""/teams/CAR/1974.html"">Carolina Cougars</a></td><td class=""right"" data-stat=""home_pts"">122</td><td class=""center"" data-stat=""box_score_text""><a href=""/boxscores/197401110CAR.html"">Box Score</a></td><td class=""center iz"" data-stat=""overtimes""></td><td class=""right"" data-stat=""attendance"">13,594</td><td class=""left"" data-stat=""game_remarks"">at Greensboro, NC</td></tr>"
59,"<tr><th class=""left"" csk=""197401120VIR"" data-stat=""date_game"" scope=""row""><a href=""/boxscores/index.fcgi?month=1&amp;day=12&amp;year=1974"">Sat, Jan 12, 1974</a></th><td class=""left"" csk=""DNR.197401120VIR"" data-stat=""visitor_team_name""><a href=""/teams/DNR/1974.html"">Denver Rockets</a></td><td class=""right"" data-stat=""visitor_pts"">94</td><td class=""left"" csk=""VIR.197401120VIR"" data-stat=""home_team_name""><a href=""/teams/VIR/1974.html"">Virginia Squires</a></td><td class=""right"" data-stat=""home_pts"">117</td><td class=""center"" data-stat=""box_score_text""><a href=""/boxscores/197401120VIR.html"">Box Score</a></td><td class=""center iz"" data-stat=""overtimes""></td><td class=""right"" data-stat=""attendance"">3,177</td><td class=""left"" data-stat=""game_remarks"">at Norfolk, VA</td></tr>"
61,"<tr><th class=""left"" csk=""197401120SDA"" data-stat=""date_game"" scope=""row""><a href=""/boxscores/index.fcgi?month=1&amp;day=12&amp;year=1974"">Sat, Jan 12, 1974</a></th><td class=""left"" csk=""UTS.197401120SDA"" data-stat=""visitor_team_name""><a href=""/teams/UTS/1974.html"">Utah Stars</a></td><td class=""right"" data-stat=""visitor_pts"">104</td><td class=""left"" csk=""SDA.197401120SDA"" data-stat=""home_team_name""><a href=""/teams/SDA/1974.html"">San Diego Conquistadors</a></td><td class=""right"" data-stat=""home_pts"">99</td><td class=""center"" data-stat=""box_score_text""><a href=""/boxscores/197401120SDA.html"">Box Score</a></td><td class=""center iz"" data-stat=""overtimes""></td><td class=""right"" data-stat=""attendance"">1,851</td><td class=""left iz"" data-stat=""game_remarks""></td></tr>"
63,"<tr><th class=""left"" csk=""197401120SAA"" data-stat=""date_game"" scope=""row""><a href=""/boxscores/index.fcgi?month=1&amp;day=12&amp;year=1974"">Sat, Jan 12, 1974</a></th><td class=""left"" csk=""MMT.197401120SAA"" data-stat=""visitor_team_name""><a href=""/teams/MMT/1974.html"">Memphis Tams</a></td><td class=""right"" data-stat=""visitor_pts"">105</td><td class=""left"" csk=""SAA.197401120SAA"" data-stat=""home_team_name""><a href=""/teams/SAA/1974.html"">San Antonio Spurs</a></td><td class=""right"" data-stat=""home_pts"">101</td><td class=""center"" data-stat=""box_score_text""><a href=""/boxscores/197401120SAA.html"">Box Score</a></td><td class=""center iz"" data-stat=""overtimes""></td><td class=""right"" data-stat=""attendance"">5,059</td><td class=""left iz"" data-stat=""game_remarks""></td></tr>"
65,"<tr><th class=""left"" csk=""197401120INA"" data-stat=""date_game"" scope=""row""><a href=""/boxscores/index.fcgi?month=1&amp;day=12&amp;year=1974"">Sat, Jan 12, 1974</a></th><td class=""left"" csk=""CAR.197401120INA"" data-stat=""visitor_team_name""><a href=""/teams/CAR/1974.html"">Carolina Cougars</a></td><td class=""right"" data-stat=""visitor_pts"">105</td><td class=""left"" csk=""INA.197401120INA"" data-stat=""home_team_name""><a href=""/teams/INA/1974.html"">Indiana Pacers</a></td><td class=""right"" data-stat=""home_pts"">124</td><td class=""center"" data-stat=""box_score_text""><a href=""/boxscores/197401120INA.html"">Box Score</a></td><td class=""center iz"" data-stat=""overtimes""></td><td class=""right"" data-stat=""attendance"">7,911</td><td class=""left iz"" data-stat=""game_remarks""></td></tr>"
67,"<tr><th class=""left"" csk=""197401130MMT"" data-stat=""date_game"" scope=""row""><a href=""/boxscores/index.fcgi?month=1&amp;day=13&amp;year=1974"">Sun, Jan 13, 1974</a></th><td class=""left"" csk=""CAR.197401130MMT"" data-stat=""visitor_team_name""><a href=""/teams/CAR/1974.html"">Carolina Cougars</a></td><td class=""right"" data-stat=""visitor_pts"">108</td><td class=""left"" csk=""MMT.197401130MMT"" data-stat=""home_team_name""><a href=""/teams/MMT/1974.html"">Memphis Tams</a></td><td class=""right"" data-stat=""home_pts"">106</td><td class=""center"" data-stat=""box_score_text""><a href=""/boxscores/197401130MMT.html"">Box Score</a></td><td class=""center"" data-stat=""overtimes"">OT</td><td class=""right"" data-stat=""attendance"">1,893</td><td class=""left iz"" data-stat=""game_remarks""></td></tr>"
69,"<tr><th class=""left"" csk=""197401130SDA"" data-stat=""date_game"" scope=""row""><a href=""/boxscores/index.fcgi?month=1&amp;day=13&amp;year=1974"">Sun, Jan 13, 1974</a></th><td class=""left"" csk=""INA.197401130SDA"" data-stat=""visitor_team_name""><a href=""/teams/INA/1974.html"">Indiana Pacers</a></td><td class=""right"" data-stat=""visitor_pts"">130</td><td class=""left"" csk=""SDA.197401130SDA"" data-stat=""home_team_name""><a href=""/teams/SDA/1974.html"">San Diego Conquistadors</a></td><td class=""right"" data-stat=""home_pts"">141</td><td class=""center"" data-stat=""box_score_text""><a href=""/boxscores/197401130SDA.html"">Box Score</a></td><td class=""center iz"" data-stat=""overtimes""></td><td class=""right"" data-stat=""attendance"">1,386</td><td class=""left iz"" data-stat=""game_remarks""></td></tr>"
71,"<tr><th class=""left"" csk=""197401140SAA"" data-stat=""date_game"" scope=""row""><a href=""/boxscores/index.fcgi?month=1&amp;day=14&amp;year=1974"">Mon, Jan 14, 1974</a></th><td class=""left"" csk=""UTS.197401140SAA"" data-stat=""visitor_team_name""><a href=""/teams/UTS/1974.html"">Utah Stars</a></td><td class=""right"" data-stat=""visitor_pts"">81</td><td class=""left"" csk=""SAA.197401140SAA"" data-stat=""home_team_name""><a href=""/teams/SAA/1974.html"">San Antonio Spurs</a></td><td class=""right"" data-stat=""home_pts"">90</td><td class=""center"" data-stat=""box_score_text""><a href=""/boxscores/197401140SAA.html"">Box Score</a></td><td class=""center iz"" data-stat=""overtimes""></td><td class=""right"" data-stat=""attendance"">4,740</td><td class=""left iz"" data-stat=""game_remarks""></td></tr>"
73,"<tr><th class=""left"" csk=""197401150MMT"" data-stat=""date_game"" scope=""row""><a href=""/boxscores/index.fcgi?month=1&amp;day=15&amp;year=1974"">Tue, Jan 15, 1974</a></th><td class=""left"" csk=""UTS.197401150MMT"" data-stat=""visitor_team_name""><a href=""/teams/UTS/1974.html"">Utah Stars</a></td><td class=""right"" data-stat=""visitor_pts"">89</td><td class=""left"" csk=""MMT.197401150MMT"" data-stat=""home_team_name""><a href=""/teams/MMT/1974.html"">Memphis Tams</a></td><td class=""right"" data-stat=""home_pts"">87</td><td class=""center"" data-stat=""box_score_text""><a href=""/boxscores/197401150MMT.html"">Box Score</a></td><td class=""center iz"" data-stat=""overtimes""></td><td class=""right"" data-stat=""attendance"">2,123</td><td class=""left iz"" data-stat=""game_remarks""></td></tr>"
75,"<tr><th class=""left"" csk=""197401160VIR"" data-stat=""date_game"" scope=""row""><a href=""/boxscores/index.fcgi?month=1&amp;day=16&amp;year=1974"">Wed, Jan 16, 1974</a></th><td class=""left"" csk=""SDA.197401160VIR"" data-stat=""visitor_team_name""><a href=""/teams/SDA/1974.html"">San Diego Conquistadors</a></td><td class=""right"" data-stat=""visitor_pts"">109</td><td class=""left"" csk=""VIR.197401160VIR"" data-stat=""home_team_name""><a href=""/teams/VIR/1974.html"">Virginia Squires</a></td><td class=""right"" data-stat=""home_pts"">116</td><td class=""center"" data-stat=""box_score_text""><a href=""/boxscores/197401160VIR.html"">Box Score</a></td><td class=""center iz"" data-stat=""overtimes""></td><td class=""right"" data-stat=""attendance"">2,783</td><td class=""left"" data-stat=""game_remarks"">at Hampton, VA</td></tr>"
77,"<tr><th class=""left"" csk=""197401160UTS"" data-stat=""date_game"" scope=""row""><a href=""/boxscores/index.fcgi?month=1&amp;day=16&amp;year=1974"">Wed, Jan 16, 1974</a></th><td class=""left"" csk=""INA.197401160UTS"" data-stat=""visitor_team_name""><a href=""/teams/INA/1974.html"">Indiana Pacers</a></td><td class=""right"" data-stat=""visitor_pts"">105</td><td class=""left"" csk=""UTS.197401160UTS"" data-stat=""home_team_name""><a href=""/teams/UTS/1974.html"">Utah Stars</a></td><td class=""right"" data-stat=""home_pts"">123</td><td class=""center"" data-stat=""box_score_text""><a href=""/boxscores/197401160UTS.html"">Box Score</a></td><td class=""center iz"" data-stat=""overtimes""></td><td class=""right"" data-stat=""attendance"">8,094</td><td class=""left iz"" data-stat=""game_remarks""></td></tr>"
79,"<tr><th class=""left"" csk=""197401160NYA"" data-stat=""date_game"" scope=""row""><a href=""/boxscores/index.fcgi?month=1&amp;day=16&amp;year=1974"">Wed, Jan 16, 1974</a></th><td class=""left"" csk=""CAR.197401160NYA"" data-stat=""visitor_team_name""><a href=""/teams/CAR/1974.html"">Carolina Cougars</a></td><td class=""right"" data-stat=""visitor_pts"">131</td><td class=""left"" csk=""NYA.197401160NYA"" data-stat=""home_team_name""><a href=""/teams/NYA/1974.html"">New York Nets</a></td><td class=""right"" data-stat=""home_pts"">105</td><td class=""center"" data-stat=""box_score_text""><a href=""/boxscores/197401160NYA.html"">Box Score</a></td><td class=""center iz"" data-stat=""overtimes""></td><td class=""right"" data-stat=""attendance"">9,048</td><td class=""left iz"" data-stat=""game_remarks""></td></tr>"
81,"<tr><th class=""left"" csk=""197401160DNR"" data-stat=""date_game"" scope=""row""><a href=""/boxscores/index.fcgi?month=1&amp;day=16&amp;year=1974"">Wed, Jan 16, 1974</a></th><td class=""left"" csk=""KEN.197401160DNR"" data-stat=""visitor_team_name""><a href=""/teams/KEN/1974.html"">Kentucky Colonels</a></td><td class=""right"" data-stat=""visitor_pts"">105</td><td class=""left"" csk=""DNR.197401160DNR"" data-stat=""home_team_name""><a href=""/teams/DNR/1974.html"">Denver Rockets</a></td><td class=""right"" data-stat=""home_pts"">102</td><td class=""center"" data-stat=""box_score_text""><a href=""/boxscores/197401160DNR.html"">Box Score</a></td><td class=""center iz"" data-stat=""overtimes""></td><td class=""right"" data-stat=""attendance"">3,326</td><td class=""left iz"" data-stat=""game_remarks""></td></tr>"
83,"<tr><th class=""left"" csk=""197401170MMT"" data-stat=""date_game"" scope=""row""><a href=""/boxscores/index.fcgi?month=1&amp;day=17&amp;year=1974"">Thu, Jan 17, 1974</a></th><td class=""left"" csk=""INA.197401170MMT"" data-stat=""visitor_team_name""><a href=""/teams/INA/1974.html"">Indiana Pacers</a></td><td class=""right"" data-stat=""visitor_pts"">96</td><td class=""left"" csk=""MMT.197401170MMT"" data-stat=""home_team_name""><a href=""/teams/MMT/1974.html"">Memphis Tams</a></td><td class=""right"" data-stat=""home_pts"">101</td><td class=""center"" data-stat=""box_score_text""><a href=""/boxscores/197401170MMT.html"">Box Score</a></td><td class=""center iz"" data-stat=""overtimes""></td><td class=""right"" data-stat=""attendance"">1,587</td><td class=""left iz"" data-stat=""game_remarks""></td></tr>"
85,"<tr><th class=""left"" csk=""197401170SAA"" data-stat=""date_game"" scope=""row""><a href=""/boxscores/index.fcgi?month=1&amp;day=17&amp;year=1974"">Thu, Jan 17, 1974</a></th><td class=""left"" csk=""SDA.197401170SAA"" data-stat=""visitor_team_name""><a href=""/teams/SDA/1974.html"">San Diego Conquistadors</a></td><td class=""right"" data-stat=""visitor_pts"">97</td><td class=""left"" csk=""SAA.197401170SAA"" data-stat=""home_team_name""><a href=""/teams/SAA/1974.html"">San Antonio Spurs</a></td><td class=""right"" data-stat=""home_pts"">101</td><td class=""center"" data-stat=""box_score_text""><a href=""/boxscores/197401170SAA.html"">Box Score</a></td><td class=""center iz"" data-stat=""overtimes""></td><td class=""right"" data-stat=""attendance"">4,138</td><td class=""left iz"" data-stat=""game_remarks""></td></tr>"
87,"<tr><th class=""left"" csk=""197401180SDA"" data-stat=""date_game"" scope=""row""><a href=""/boxscores/index.fcgi?month=1&amp;day=18&amp;year=1974"">Fri, Jan 18, 1974</a></th><td class=""left"" csk=""DNR.197401180SDA"" data-stat=""visitor_team_name""><a href=""/teams/DNR/1974.html"">Denver Rockets</a></td><td class=""right"" data-stat=""visitor_pts"">120</td><td class=""left"" csk=""SDA.197401180SDA"" data-stat=""home_team_name""><a href=""/teams/SDA/1974.html"">San Diego Conquistadors</a></td><td class=""right"" data-stat=""home_pts"">113</td><td class=""center"" data-stat=""box_score_text""><a href=""/boxscores/197401180SDA.html"">Box Score</a></td><td class=""center iz"" data-stat=""overtimes""></td><td class=""right"" data-stat=""attendance"">1,683</td><td class=""left iz"" data-stat=""game_remarks""></td></tr>"
89,"<tr><th class=""left"" csk=""197401180NYA"" data-stat=""date_game"" scope=""row""><a href=""/boxscores/index.fcgi?month=1&amp;day=18&amp;year=1974"">Fri, Jan 18, 1974</a></th><td class=""left"" csk=""MMT.197401180NYA"" data-stat=""visitor_team_name""><a href=""/teams/MMT/1974.html"">Memphis Tams</a></td><td class=""right"" data-stat=""visitor_pts"">105</td><td class=""left"" csk=""NYA.197401180NYA"" data-stat=""home_team_name""><a href=""/teams/NYA/1974.html"">New York Nets</a></td><td class=""right"" data-stat=""home_pts"">112</td><td class=""center"" data-stat=""box_score_text""><a href=""/boxscores/197401180NYA.html"">Box Score</a></td><td class=""center iz"" data-stat=""overtimes""></td><td class=""right"" data-stat=""attendance"">8,249</td><td class=""left iz"" data-stat=""game_remarks""></td></tr>"
91,"<tr><th class=""left"" csk=""197401180INA"" data-stat=""date_game"" scope=""row""><a href=""/boxscores/index.fcgi?month=1&amp;day=18&amp;year=1974"">Fri, Jan 18, 1974</a></th><td class=""left"" csk=""VIR.197401180INA"" data-stat=""visitor_team_name""><a href=""/teams/VIR/1974.html"">Virginia Squires</a></td><td class=""right"" data-stat=""visitor_pts"">106</td><td class=""left"" csk=""INA.197401180INA"" data-stat=""home_team_name""><a href=""/teams/INA/1974.html"">Indiana Pacers</a></td><td class=""right"" data-stat=""home_pts"">118</td><td class=""center"" data-stat=""box_score_text""><a href=""/boxscores/197401180INA.html"">Box Score</a></td><td class=""center iz"" data-stat=""overtimes""></td><td class=""right"" data-stat=""attendance"">7,704</td><td class=""left iz"" data-stat=""game_remarks""></td></tr>"
93,"<tr><th class=""left"" csk=""197401180CAR"" data-stat=""date_game"" scope=""row""><a href=""/boxscores/index.fcgi?month=1&amp;day=18&amp;year=1974"">Fri, Jan 18, 1974</a></th><td class=""left"" csk=""UTS.197401180CAR"" data-stat=""visitor_team_name""><a href=""/teams/UTS/1974.html"">Utah Stars</a></td><td class=""right"" data-stat=""visitor_pts"">115</td><td class=""left"" csk=""CAR.197401180CAR"" data-stat=""home_team_name""><a href=""/teams/CAR/1974.html"">Carolina Cougars</a></td><td class=""right"" data-stat=""home_pts"">102</td><td class=""center"" data-stat=""box_score_text""><a href=""/boxscores/197401180CAR.html"">Box Score</a></td><td class=""center iz"" data-stat=""overtimes""></td><td class=""right"" data-stat=""attendance"">8,492</td><td class=""left"" data-stat=""game_remarks"">at Greensboro, NC</td></tr>"
95,"<tr><th class=""left"" csk=""197401190VIR"" data-stat=""date_game"" scope=""row""><a href=""/boxscores/index.fcgi?month=1&amp;day=19&amp;year=1974"">Sat, Jan 19, 1974</a></th><td class=""left"" csk=""UTS.197401190VIR"" data-stat=""visitor_team_name""><a href=""/teams/UTS/1974.html"">Utah Stars</a></td><td class=""right"" data-stat=""visitor_pts"">105</td><td class=""left"" csk=""VIR.197401190VIR"" data-stat=""home_team_name""><a href=""/teams/VIR/1974.html"">Virginia Squires</a></td><td class=""right"" data-stat=""home_pts"">129</td><td class=""center"" data-stat=""box_score_text""><a href=""/boxscores/197401190VIR.html"">Box Score</a></td><td class=""center iz"" data-stat=""overtimes""></td><td class=""right"" data-stat=""attendance"">3,590</td><td class=""left"" data-stat=""game_remarks"">at Norfolk, VA</td></tr>"
97,"<tr><th class=""left"" csk=""197401190SAA"" data-stat=""date_game"" scope=""row""><a href=""/boxscores/index.fcgi?month=1&amp;day=19&amp;year=1974"">Sat, Jan 19, 1974</a></th><td class=""left"" csk=""KEN.197401190SAA"" data-stat=""visitor_team_name""><a href=""/teams/KEN/1974.html"">Kentucky Colonels</a></td><td class=""right"" data-stat=""visitor_pts"">103</td><td class=""left"" csk=""SAA.197401190SAA"" data-stat=""home_team_name""><a href=""/teams/SAA/1974.html"">San Antonio Spurs</a></td><td class=""right"" data-stat=""home_pts"">101</td><td class=""center"" data-stat=""box_score_text""><a href=""/boxscores/197401190SAA.html"">Box Score</a></td><td class=""center iz"" data-stat=""overtimes""></td><td class=""right"" data-stat=""attendance"">8,494</td><td class=""left iz"" data-stat=""game_remarks""></td></tr>"
99,"<tr><th class=""left"" csk=""197401190MMT"" data-stat=""date_game"" scope=""row""><a href=""/boxscores/index.fcgi?month=1&amp;day=19&amp;year=1974"">Sat, Jan 19, 1974</a></th><td class=""left"" csk=""NYA.197401190MMT"" data-stat=""visitor_team_name""><a href=""/teams/NYA/1974.html"">New York Nets</a></td><td class=""right"" data-stat=""visitor_pts"">103</td><td class=""left"" csk=""MMT.197401190MMT"" data-stat=""home_team_name""><a href=""/teams/MMT/1974.html"">Memphis Tams</a></td><td class=""right"" data-stat=""home_pts"">98</td><td class=""center"" data-stat=""box_score_text""><a href=""/boxscores/197401190MMT.html"">Box Score</a></td><td class=""center iz"" data-stat=""overtimes""></td><td class=""right"" data-stat=""attendance"">2,686</td><td class=""left iz"" data-stat=""game_remarks""></td></tr>"
101,"<tr><th class=""left"" csk=""197401190DNR"" data-stat=""date_game"" scope=""row""><a href=""/boxscores/index.fcgi?month=1&amp;day=19&amp;year=1974"">Sat, Jan 19, 1974</a></th><td class=""left"" csk=""CAR.197401190DNR"" data-stat=""visitor_team_name""><a href=""/teams/CAR/1974.html"">Carolina Cougars</a></td><td class=""right"" data-stat=""visitor_pts"">110</td><td class=""left"" csk=""DNR.197401190DNR"" data-stat=""home_team_name""><a href=""/teams/DNR/1974.html"">Denver Rockets</a></td><td class=""right"" data-stat=""home_pts"">120</td><td class=""center"" data-stat=""box_score_text""><a href=""/boxscores/197401190DNR.html"">Box Score</a></td><td class=""center iz"" data-stat=""overtimes""></td><td class=""right"" data-stat=""attendance"">4,089</td><td class=""left iz"" data-stat=""game_remarks""></td></tr>"
103,"<tr><th class=""left"" csk=""197401200INA"" data-stat=""date_game"" scope=""row""><a href=""/boxscores/index.fcgi?month=1&amp;day=20&amp;year=1974"">Sun, Jan 20, 1974</a></th><td class=""left"" csk=""SDA.197401200INA"" data-stat=""visitor_team_name""><a href=""/teams/SDA/1974.html"">San Diego Conquistadors</a></td><td class=""right"" data-stat=""visitor_pts"">122</td><td class=""left"" csk=""INA.197401200INA"" data-stat=""home_team_name""><a href=""/teams/INA/1974.html"">Indiana Pacers</a></td><td class=""right"" data-stat=""home_pts"">123</td><td class=""center"" data-stat=""box_score_text""><a href=""/boxscores/197401200INA.html"">Box Score</a></td><td class=""center iz"" data-stat=""overtimes""></td><td class=""right"" data-stat=""attendance"">9,164</td><td class=""left iz"" data-stat=""game_remarks""></td></tr>"
105,"<tr><th class=""left"" csk=""197401200NYA"" data-stat=""date_game"" scope=""row""><a href=""/boxscores/index.fcgi?month=1&amp;day=20&amp;year=1974"">Sun, Jan 20, 1974</a></th><td class=""left"" csk=""KEN.197401200NYA"" data-stat=""visitor_team_name""><a href=""/teams/KEN/1974.html"">Kentucky Colonels</a></td><td class=""right"" data-stat=""visitor_pts"">106</td><td class=""left"" csk=""NYA.197401200NYA"" data-stat=""home_team_name""><a href=""/teams/NYA/1974.html"">New York Nets</a></td><td class=""right"" data-stat=""home_pts"">105</td><td class=""center"" data-stat=""box_score_text""><a href=""/boxscores/197401200NYA.html"">Box Score</a></td><td class=""center iz"" data-stat=""overtimes""></td><td class=""right"" data-stat=""attendance"">12,653</td><td class=""left iz"" data-stat=""game_remarks""></td></tr>"
107,"<tr><th class=""left"" csk=""197401200SAA"" data-stat=""date_game"" scope=""row""><a href=""/boxscores/index.fcgi?month=1&amp;day=20&amp;year=1974"">Sun, Jan 20, 1974</a></th><td class=""left"" csk=""UTS.197401200SAA"" data-stat=""visitor_team_name""><a href=""/teams/UTS/1974.html"">Utah Stars</a></td><td class=""right"" data-stat=""visitor_pts"">80</td><td class=""left"" csk=""SAA.197401200SAA"" data-stat=""home_team_name""><a href=""/teams/SAA/1974.html"">San Antonio Spurs</a></td><td class=""right"" data-stat=""home_pts"">88</td><td class=""center"" data-stat=""box_score_text""><a href=""/boxscores/197401200SAA.html"">Box Score</a></td><td class=""center iz"" data-stat=""overtimes""></td><td class=""right"" data-stat=""attendance"">4,098</td><td class=""left iz"" data-stat=""game_remarks""></td></tr>"
109,"<tr><th class=""left"" csk=""197401210UTS"" data-stat=""date_game"" scope=""row""><a href=""/boxscores/index.fcgi?month=1&amp;day=21&amp;year=1974"">Mon, Jan 21, 1974</a></th><td class=""left"" csk=""CAR.197401210UTS"" data-stat=""visitor_team_name""><a href=""/teams/CAR/1974.html"">Carolina Cougars</a></td><td class=""right"" data-stat=""visitor_pts"">112</td><td class=""left"" csk=""UTS.197401210UTS"" data-stat=""home_team_name""><a href=""/teams/UTS/1974.html"">Utah Stars</a></td><td class=""right"" data-stat=""home_pts"">113</td><td class=""center"" data-stat=""box_score_text""><a href=""/boxscores/197401210UTS.html"">Box Score</a></td><td class=""center iz"" data-stat=""overtimes""></td><td class=""right"" data-stat=""attendance"">7,363</td><td class=""left iz"" data-stat=""game_remarks""></td></tr>"
111,"<tr><th class=""left"" csk=""197401230NYA"" data-stat=""date_game"" scope=""row""><a href=""/boxscores/index.fcgi?month=1&amp;day=23&amp;year=1974"">Wed, Jan 23, 1974</a></th><td class=""left"" csk=""VIR.197401230NYA"" data-stat=""visitor_team_name""><a href=""/teams/VIR/1974.html"">Virginia Squires</a></td><td class=""right"" data-stat=""visitor_pts"">118</td><td class=""left"" csk=""NYA.197401230NYA"" data-stat=""home_team_name""><a href=""/teams/NYA/1974.html"">New York Nets</a></td><td class=""right"" data-stat=""home_pts"">110</td><td class=""center"" data-stat=""box_score_text""><a href=""/boxscores/197401230NYA.html"">Box Score</a></td><td class=""center iz"" data-stat=""overtimes""></td><td class=""right"" data-stat=""attendance"">7,236</td><td class=""left iz"" data-stat=""game_remarks""></td></tr>"
113,"<tr><th class=""left"" csk=""197401230KEN"" data-stat=""date_game"" scope=""row""><a href=""/boxscores/index.fcgi?month=1&amp;day=23&amp;year=1974"">Wed, Jan 23, 1974</a></th><td class=""left"" csk=""SDA.197401230KEN"" data-stat=""visitor_team_name""><a href=""/teams/SDA/1974.html"">San Diego Conquistadors</a></td><td class=""right"" data-stat=""visitor_pts"">106</td><td class=""left"" csk=""KEN.197401230KEN"" data-stat=""home_team_name""><a href=""/teams/KEN/1974.html"">Kentucky Colonels</a></td><td class=""right"" data-stat=""home_pts"">99</td><td class=""center"" data-stat=""box_score_text""><a href=""/boxscores/197401230KEN.html"">Box Score</a></td><td class=""center iz"" data-stat=""overtimes""></td><td class=""right"" data-stat=""attendance"">9,307</td><td class=""left iz"" data-stat=""game_remarks""></td></tr>"
115,"<tr><th class=""left"" csk=""197401230DNR"" data-stat=""date_game"" scope=""row""><a href=""/boxscores/index.fcgi?month=1&amp;day=23&amp;year=1974"">Wed, Jan 23, 1974</a></th><td class=""left"" csk=""MMT.197401230DNR"" data-stat=""visitor_team_name""><a href=""/teams/MMT/1974.html"">Memphis Tams</a></td><td class=""right"" data-stat=""visitor_pts"">99</td><td class=""left"" csk=""DNR.197401230DNR"" data-stat=""home_team_name""><a href=""/teams/DNR/1974.html"">Denver Rockets</a></td><td class=""right"" data-stat=""home_pts"">106</td><td class=""center"" data-stat=""box_score_text""><a href=""/boxscores/197401230DNR.html"">Box Score</a></td><td class=""center iz"" data-stat=""overtimes""></td><td class=""right"" data-stat=""attendance"">2,974</td><td class=""left iz"" data-stat=""game_remarks""></td></tr>"
117,"<tr><th class=""left"" csk=""197401230CAR"" data-stat=""date_game"" scope=""row""><a href=""/boxscores/index.fcgi?month=1&amp;day=23&amp;year=1974"">Wed, Jan 23, 1974</a></th><td class=""left"" csk=""INA.197401230CAR"" data-stat=""visitor_team_name""><a href=""/teams/INA/1974.html"">Indiana Pacers</a></td><td class=""right"" data-stat=""visitor_pts"">101</td><td class=""left"" csk=""CAR.197401230CAR"" data-stat=""home_team_name""><a href=""/teams/CAR/1974.html"">Carolina Cougars</a></td><td class=""right"" data-stat=""home_pts"">123</td><td class=""center"" data-stat=""box_score_text""><a href=""/boxscores/197401230CAR.html"">Box Score</a></td><td class=""center iz"" data-stat=""overtimes""></td><td class=""right"" data-stat=""attendance"">3,721</td><td class=""left"" data-stat=""game_remarks"">at Greensboro, NC</td></tr>"
119,"<tr><th class=""left"" csk=""197401240SAA"" data-stat=""date_game"" scope=""row""><a href=""/boxscores/index.fcgi?month=1&amp;day=24&amp;year=1974"">Thu, Jan 24, 1974</a></th><td class=""left"" csk=""KEN.197401240SAA"" data-stat=""visitor_team_name""><a href=""/teams/KEN/1974.html"">Kentucky Colonels</a></td><td class=""right"" data-stat=""visitor_pts"">84</td><td class=""left"" csk=""SAA.197401240SAA"" data-stat=""home_team_name""><a href=""/teams/SAA/1974.html"">San Antonio Spurs</a></td><td class=""right"" data-stat=""home_pts"">93</td><td class=""center"" data-stat=""box_score_text""><a href=""/boxscores/197401240SAA.html"">Box Score</a></td><td class=""center iz"" data-stat=""overtimes""></td><td class=""right"" data-stat=""attendance"">6,008</td><td class=""left iz"" data-stat=""game_remarks""></td></tr>"
121,"<tr><th class=""left"" csk=""197401240VIR"" data-stat=""date_game"" scope=""row""><a href=""/boxscores/index.fcgi?month=1&amp;day=24&amp;year=1974"">Thu, Jan 24, 1974</a></th><td class=""left"" csk=""SDA.197401240VIR"" data-stat=""visitor_team_name""><a href=""/teams/SDA/1974.html"">San Diego Conquistadors</a></td><td class=""right"" data-stat=""visitor_pts"">125</td><td class=""left"" csk=""VIR.197401240VIR"" data-stat=""home_team_name""><a href=""/teams/VIR/1974.html"">Virginia Squires</a></td><td class=""right"" data-stat=""home_pts"">108</td><td class=""center"" data-stat=""box_score_text""><a href=""/boxscores/197401240VIR.html"">Box Score</a></td><td class=""center iz"" data-stat=""overtimes""></td><td class=""right"" data-stat=""attendance"">3,291</td><td class=""left"" data-stat=""game_remarks"">at Norfolk, VA</td></tr>"
123,"<tr><th class=""left"" csk=""197401250CAR"" data-stat=""date_game"" scope=""row""><a href=""/boxscores/index.fcgi?month=1&amp;day=25&amp;year=1974"">Fri, Jan 25, 1974</a></th><td class=""left"" csk=""SDA.197401250CAR"" data-stat=""visitor_team_name""><a href=""/teams/SDA/1974.html"">San Diego Conquistadors</a></td><td class=""right"" data-stat=""visitor_pts"">104</td><td class=""left"" csk=""CAR.197401250CAR"" data-stat=""home_team_name""><a href=""/teams/CAR/1974.html"">Carolina Cougars</a></td><td class=""right"" data-stat=""home_pts"">116</td><td class=""center"" data-stat=""box_score_text""><a href=""/boxscores/197401250CAR.html"">Box Score</a></td><td class=""center iz"" data-stat=""overtimes""></td><td class=""right"" data-stat=""attendance"">3,426</td><td class=""left"" data-stat=""game_remarks"">at Raleigh, NC</td></tr>"
125,"<tr><th class=""left"" csk=""197401250MMT"" data-stat=""date_game"" scope=""row""><a href=""/boxscores/index.fcgi?month=1&amp;day=25&amp;year=1974"">Fri, Jan 25, 1974</a></th><td class=""left"" csk=""INA.197401250MMT"" data-stat=""visitor_team_name""><a href=""/teams/INA/1974.html"">Indiana Pacers</a></td><td class=""right"" data-stat=""visitor_pts"">121</td><td class=""left"" csk=""MMT.197401250MMT"" data-stat=""home_team_name""><a href=""/teams/MMT/1974.html"">Memphis Tams</a></td><td class=""right"" data-stat=""home_pts"">101</td><td class=""center"" data-stat=""box_score_text""><a href=""/boxscores/197401250MMT.html"">Box Score</a></td><td class=""center iz"" data-stat=""overtimes""></td><td class=""right"" data-stat=""attendance"">2,051</td><td class=""left iz"" data-stat=""game_remarks""></td></tr>"
127,"<tr><th class=""left"" csk=""197401250NYA"" data-stat=""date_game"" scope=""row""><a href=""/boxscores/index.fcgi?month=1&amp;day=25&amp;year=1974"">Fri, Jan 25, 1974</a></th><td class=""left"" csk=""SAA.197401250NYA"" data-stat=""visitor_team_name""><a href=""/teams/SAA/1974.html"">San Antonio Spurs</a></td><td class=""right"" data-stat=""visitor_pts"">89</td><td class=""left"" csk=""NYA.197401250NYA"" data-stat=""home_team_name""><a href=""/teams/NYA/1974.html"">New York Nets</a></td><td class=""right"" data-stat=""home_pts"">93</td><td class=""center"" data-stat=""box_score_text""><a href=""/boxscores/197401250NYA.html"">Box Score</a></td><td class=""center iz"" data-stat=""overtimes""></td><td class=""right"" data-stat=""attendance"">9,714</td><td class=""left iz"" data-stat=""game_remarks""></td></tr>"
129,"<tr><th class=""left"" csk=""197401250UTS"" data-stat=""date_game"" scope=""row""><a href=""/boxscores/index.fcgi?month=1&amp;day=25&amp;year=1974"">Fri, Jan 25, 1974</a></th><td class=""left"" csk=""KEN.197401250UTS"" data-stat=""visitor_team_name""><a href=""/teams/KEN/1974.html"">Kentucky Colonels</a></td><td class=""right"" data-stat=""visitor_pts"">94</td><td class=""left"" csk=""UTS.197401250UTS"" data-stat=""home_team_name""><a href=""/teams/UTS/1974.html"">Utah Stars</a></td><td class=""right"" data-stat=""home_pts"">100</td><td class=""center"" data-stat=""box_score_text""><a href=""/boxscores/197401250UTS.html"">Box Score</a></td><td class=""center iz"" data-stat=""overtimes""></td><td class=""right"" data-stat=""attendance"">8,711</td><td class=""left iz"" data-stat=""game_remarks""></td></tr>"
131,"<tr><th class=""left"" csk=""197401260INA"" data-stat=""date_game"" scope=""row""><a href=""/boxscores/index.fcgi?month=1&amp;day=26&amp;year=1974"">Sat, Jan 26, 1974</a></th><td class=""left"" csk=""SAA.197401260INA"" data-stat=""visitor_team_name""><a href=""/teams/SAA/1974.html"">San Antonio Spurs</a></td><td class=""right"" data-stat=""visitor_pts"">90</td><td class=""left"" csk=""INA.197401260INA"" data-stat=""home_team_name""><a href=""/teams/INA/1974.html"">Indiana Pacers</a></td><td class=""right"" data-stat=""home_pts"">89</td><td class=""center"" data-stat=""box_score_text""><a href=""/boxscores/197401260INA.html"">Box Score</a></td><td class=""center iz"" data-stat=""overtimes""></td><td class=""right"" data-stat=""attendance"">7,088</td><td class=""left iz"" data-stat=""game_remarks""></td></tr>"
133,"<tr><th class=""left"" csk=""197401260DNR"" data-stat=""date_game"" scope=""row""><a href=""/boxscores/index.fcgi?month=1&amp;day=26&amp;year=1974"">Sat, Jan 26, 1974</a></th><td class=""left"" csk=""UTS.197401260DNR"" data-stat=""visitor_team_name""><a href=""/teams/UTS/1974.html"">Utah Stars</a></td><td class=""right"" data-stat=""visitor_pts"">119</td><td class=""left"" csk=""DNR.197401260DNR"" data-stat=""home_team_name""><a href=""/teams/DNR/1974.html"">Denver Rockets</a></td><td class=""right"" data-stat=""home_pts"">117</td><td class=""center"" data-stat=""box_score_text""><a href=""/boxscores/197401260DNR.html"">Box Score</a></td><td class=""center iz"" data-stat=""overtimes""></td><td class=""right"" data-stat=""attendance"">3,861</td><td class=""left iz"" data-stat=""game_remarks""></td></tr>"
135,"<tr><th class=""left"" csk=""197401260CAR"" data-stat=""date_game"" scope=""row""><a href=""/boxscores/index.fcgi?month=1&amp;day=26&amp;year=1974"">Sat, Jan 26, 1974</a></th><td class=""left"" csk=""MMT.197401260CAR"" data-stat=""visitor_team_name""><a href=""/teams/MMT/1974.html"">Memphis Tams</a></td><td class=""right"" data-stat=""visitor_pts"">104</td><td class=""left"" csk=""CAR.197401260CAR"" data-stat=""home_team_name""><a href=""/teams/CAR/1974.html"">Carolina Cougars</a></td><td class=""right"" data-stat=""home_pts"">137</td><td class=""center"" data-stat=""box_score_text""><a href=""/boxscores/197401260CAR.html"">Box Score</a></td><td class=""center iz"" data-stat=""overtimes""></td><td class=""right"" data-stat=""attendance"">5,071</td><td class=""left"" data-stat=""game_remarks"">at Charlotte, NC</td></tr>"
137,"<tr><th class=""left"" csk=""197401270INA"" data-stat=""date_game"" scope=""row""><a href=""/boxscores/index.fcgi?month=1&amp;day=27&amp;year=1974"">Sun, Jan 27, 1974</a></th><td class=""left"" csk=""VIR.197401270INA"" data-stat=""visitor_team_name""><a href=""/teams/VIR/1974.html"">Virginia Squires</a></td><td class=""right"" data-stat=""visitor_pts"">113</td><td class=""left"" csk=""INA.197401270INA"" data-stat=""home_team_name""><a href=""/teams/INA/1974.html"">Indiana Pacers</a></td><td class=""right"" data-stat=""home_pts"">119</td><td class=""center"" data-stat=""box_score_text""><a href=""/boxscores/197401270INA.html"">Box Score</a></td><td class=""center iz"" data-stat=""overtimes""></td><td class=""right"" data-stat=""attendance"">6,546</td><td class=""left iz"" data-stat=""game_remarks""></td></tr>"
139,"<tr><th class=""left"" csk=""197401270MMT"" data-stat=""date_game"" scope=""row""><a href=""/boxscores/index.fcgi?month=1&amp;day=27&amp;year=1974"">Sun, Jan 27, 1974</a></th><td class=""left"" csk=""UTS.197401270MMT"" data-stat=""visitor_team_name""><a href=""/teams/UTS/1974.html"">Utah Stars</a></td><td class=""right"" data-stat=""visitor_pts"">88</td><td class=""left"" csk=""MMT.197401270MMT"" data-stat=""home_team_name""><a href=""/teams/MMT/1974.html"">Memphis Tams</a></td><td class=""right"" data-stat=""home_pts"">85</td><td class=""center"" data-stat=""box_score_text""><a href=""/boxscores/197401270MMT.html"">Box Score</a></td><td class=""center iz"" data-stat=""overtimes""></td><td class=""right"" data-stat=""attendance"">1,289</td><td class=""left iz"" data-stat=""game_remarks""></td></tr>"
141,"<tr><th class=""left"" csk=""197401270NYA"" data-stat=""date_game"" scope=""row""><a href=""/boxscores/index.fcgi?month=1&amp;day=27&amp;year=1974"">Sun, Jan 27, 1974</a></th><td class=""left"" csk=""CAR.197401270NYA"" data-stat=""visitor_team_name""><a href=""/teams/CAR/1974.html"">Carolina Cougars</a></td><td class=""right"" data-stat=""visitor_pts"">114</td><td class=""left"" csk=""NYA.197401270NYA"" data-stat=""home_team_name""><a href=""/teams/NYA/1974.html"">New York Nets</a></td><td class=""right"" data-stat=""home_pts"">133</td><td class=""center"" data-stat=""box_score_text""><a href=""/boxscores/197401270NYA.html"">Box Score</a></td><td class=""center iz"" data-stat=""overtimes""></td><td class=""right"" data-stat=""attendance"">13,415</td><td class=""left iz"" data-stat=""game_remarks""></td></tr>"
143,"<tr><th class=""left"" csk=""197401270SAA"" data-stat=""date_game"" scope=""row""><a href=""/boxscores/index.fcgi?month=1&amp;day=27&amp;year=1974"">Sun, Jan 27, 1974</a></th><td class=""left"" csk=""DNR.197401270SAA"" data-stat=""visitor_team_name""><a href=""/teams/DNR/1974.html"">Denver Rockets</a></td><td class=""right"" data-stat=""visitor_pts"">87</td><td class=""left"" csk=""SAA.197401270SAA"" data-stat=""home_team_name""><a href=""/teams/SAA/1974.html"">San Antonio Spurs</a></td><td class=""right"" data-stat=""home_pts"">98</td><td class=""center"" data-stat=""box_score_text""><a href=""/boxscores/197401270SAA.html"">Box Score</a></td><td class=""center iz"" data-stat=""overtimes""></td><td class=""right"" data-stat=""attendance"">6,553</td><td class=""left iz"" data-stat=""game_remarks""></td></tr>"
145,"<tr><th class=""left"" csk=""197401270SDA"" data-stat=""date_game"" scope=""row""><a href=""/boxscores/index.fcgi?month=1&amp;day=27&amp;year=1974"">Sun, Jan 27, 1974</a></th><td class=""left"" csk=""KEN.197401270SDA"" data-stat=""visitor_team_name""><a href=""/teams/KEN/1974.html"">Kentucky Colonels</a></td><td class=""right"" data-stat=""visitor_pts"">105</td><td class=""left"" csk=""SDA.197401270SDA"" data-stat=""home_team_name""><a href=""/teams/SDA/1974.html"">San Diego Conquistadors</a></td><td class=""right"" data-stat=""home_pts"">103</td><td class=""center"" data-stat=""box_score_text""><a href=""/boxscores/197401270SDA.html"">Box Score</a></td><td class=""center iz"" data-stat=""overtimes""></td><td class=""right"" data-stat=""attendance"">3,011</td><td class=""left iz"" data-stat=""game_remarks""></td></tr>"
147,"<tr><th class=""left"" csk=""197401280UTS"" data-stat=""date_game"" scope=""row""><a href=""/boxscores/index.fcgi?month=1&amp;day=28&amp;year=1974"">Mon, Jan 28, 1974</a></th><td class=""left"" csk=""SDA.197401280UTS"" data-stat=""visitor_team_name""><a href=""/teams/SDA/1974.html"">San Diego Conquistadors</a></td><td class=""right"" data-stat=""visitor_pts"">109</td><td class=""left"" csk=""UTS.197401280UTS"" data-stat=""home_team_name""><a href=""/teams/UTS/1974.html"">Utah Stars</a></td><td class=""right"" data-stat=""home_pts"">120</td><td class=""center"" data-stat=""box_score_text""><a href=""/boxscores/197401280UTS.html"">Box Score</a></td><td class=""center iz"" data-stat=""overtimes""></td><td class=""right"" data-stat=""attendance"">9,464</td><td class=""left iz"" data-stat=""game_remarks""></td></tr>"
