,0
1,"<tr><th class=""left"" csk=""197004170DLC"" data-stat=""date_game"" scope=""row""><a href=""/boxscores/index.fcgi?month=4&amp;day=17&amp;year=1970"">Fri, Apr 17, 1970</a></th><td class=""left"" csk=""LAS.197004170DLC"" data-stat=""visitor_team_name""><a href=""/teams/LAS/1970.html"">Los Angeles Stars</a></td><td class=""right"" data-stat=""visitor_pts"">115</td><td class=""left"" csk=""DLC.197004170DLC"" data-stat=""home_team_name""><a href=""/teams/DLC/1970.html"">Dallas Chaparrals</a></td><td class=""right"" data-stat=""home_pts"">103</td><td class=""center"" data-stat=""box_score_text""><a href=""/boxscores/197004170DLC.html"">Box Score</a></td><td class=""center iz"" data-stat=""overtimes""></td><td class=""right"" data-stat=""attendance"">4,513</td><td class=""left iz"" data-stat=""game_remarks""></td></tr>"
3,"<tr><th class=""left"" csk=""197004170DNR"" data-stat=""date_game"" scope=""row""><a href=""/boxscores/index.fcgi?month=4&amp;day=17&amp;year=1970"">Fri, Apr 17, 1970</a></th><td class=""left"" csk=""WSA.197004170DNR"" data-stat=""visitor_team_name""><a href=""/teams/WSA/1970.html"">Washington Capitols</a></td><td class=""right"" data-stat=""visitor_pts"">111</td><td class=""left"" csk=""DNR.197004170DNR"" data-stat=""home_team_name""><a href=""/teams/DNR/1970.html"">Denver Rockets</a></td><td class=""right"" data-stat=""home_pts"">130</td><td class=""center"" data-stat=""box_score_text""><a href=""/boxscores/197004170DNR.html"">Box Score</a></td><td class=""center iz"" data-stat=""overtimes""></td><td class=""right"" data-stat=""attendance"">9,822</td><td class=""left iz"" data-stat=""game_remarks""></td></tr>"
5,"<tr><th class=""left"" csk=""197004170KEN"" data-stat=""date_game"" scope=""row""><a href=""/boxscores/index.fcgi?month=4&amp;day=17&amp;year=1970"">Fri, Apr 17, 1970</a></th><td class=""left"" csk=""NYA.197004170KEN"" data-stat=""visitor_team_name""><a href=""/teams/NYA/1970.html"">New York Nets</a></td><td class=""right"" data-stat=""visitor_pts"">122</td><td class=""left"" csk=""KEN.197004170KEN"" data-stat=""home_team_name""><a href=""/teams/KEN/1970.html"">Kentucky Colonels</a></td><td class=""right"" data-stat=""home_pts"">118</td><td class=""center"" data-stat=""box_score_text""><a href=""/boxscores/197004170KEN.html"">Box Score</a></td><td class=""center"" data-stat=""overtimes"">OT</td><td class=""right"" data-stat=""attendance"">2,105</td><td class=""left iz"" data-stat=""game_remarks""></td></tr>"
7,"<tr><th class=""left"" csk=""197004180KEN"" data-stat=""date_game"" scope=""row""><a href=""/boxscores/index.fcgi?month=4&amp;day=18&amp;year=1970"">Sat, Apr 18, 1970</a></th><td class=""left"" csk=""NYA.197004180KEN"" data-stat=""visitor_team_name""><a href=""/teams/NYA/1970.html"">New York Nets</a></td><td class=""right"" data-stat=""visitor_pts"">111</td><td class=""left"" csk=""KEN.197004180KEN"" data-stat=""home_team_name""><a href=""/teams/KEN/1970.html"">Kentucky Colonels</a></td><td class=""right"" data-stat=""home_pts"">113</td><td class=""center"" data-stat=""box_score_text""><a href=""/boxscores/197004180KEN.html"">Box Score</a></td><td class=""center iz"" data-stat=""overtimes""></td><td class=""right"" data-stat=""attendance"">3,178</td><td class=""left iz"" data-stat=""game_remarks""></td></tr>"
9,"<tr><th class=""left"" csk=""197004180INA"" data-stat=""date_game"" scope=""row""><a href=""/boxscores/index.fcgi?month=4&amp;day=18&amp;year=1970"">Sat, Apr 18, 1970</a></th><td class=""left"" csk=""CAR.197004180INA"" data-stat=""visitor_team_name""><a href=""/teams/CAR/1970.html"">Carolina Cougars</a></td><td class=""right"" data-stat=""visitor_pts"">105</td><td class=""left"" csk=""INA.197004180INA"" data-stat=""home_team_name""><a href=""/teams/INA/1970.html"">Indiana Pacers</a></td><td class=""right"" data-stat=""home_pts"">123</td><td class=""center"" data-stat=""box_score_text""><a href=""/boxscores/197004180INA.html"">Box Score</a></td><td class=""center iz"" data-stat=""overtimes""></td><td class=""right"" data-stat=""attendance"">6,123</td><td class=""left iz"" data-stat=""game_remarks""></td></tr>"
11,"<tr><th class=""left"" csk=""197004180DNR"" data-stat=""date_game"" scope=""row""><a href=""/boxscores/index.fcgi?month=4&amp;day=18&amp;year=1970"">Sat, Apr 18, 1970</a></th><td class=""left"" csk=""WSA.197004180DNR"" data-stat=""visitor_team_name""><a href=""/teams/WSA/1970.html"">Washington Capitols</a></td><td class=""right"" data-stat=""visitor_pts"">133</td><td class=""left"" csk=""DNR.197004180DNR"" data-stat=""home_team_name""><a href=""/teams/DNR/1970.html"">Denver Rockets</a></td><td class=""right"" data-stat=""home_pts"">143</td><td class=""center"" data-stat=""box_score_text""><a href=""/boxscores/197004180DNR.html"">Box Score</a></td><td class=""center iz"" data-stat=""overtimes""></td><td class=""right"" data-stat=""attendance"">9,889</td><td class=""left iz"" data-stat=""game_remarks""></td></tr>"
13,"<tr><th class=""left"" csk=""197004180DLC"" data-stat=""date_game"" scope=""row""><a href=""/boxscores/index.fcgi?month=4&amp;day=18&amp;year=1970"">Sat, Apr 18, 1970</a></th><td class=""left"" csk=""LAS.197004180DLC"" data-stat=""visitor_team_name""><a href=""/teams/LAS/1970.html"">Los Angeles Stars</a></td><td class=""right"" data-stat=""visitor_pts"">121</td><td class=""left"" csk=""DLC.197004180DLC"" data-stat=""home_team_name""><a href=""/teams/DLC/1970.html"">Dallas Chaparrals</a></td><td class=""right"" data-stat=""home_pts"">129</td><td class=""center"" data-stat=""box_score_text""><a href=""/boxscores/197004180DLC.html"">Box Score</a></td><td class=""center iz"" data-stat=""overtimes""></td><td class=""right"" data-stat=""attendance"">4,764</td><td class=""left iz"" data-stat=""game_remarks""></td></tr>"
15,"<tr><th class=""left"" csk=""197004190INA"" data-stat=""date_game"" scope=""row""><a href=""/boxscores/index.fcgi?month=4&amp;day=19&amp;year=1970"">Sun, Apr 19, 1970</a></th><td class=""left"" csk=""CAR.197004190INA"" data-stat=""visitor_team_name""><a href=""/teams/CAR/1970.html"">Carolina Cougars</a></td><td class=""right"" data-stat=""visitor_pts"">98</td><td class=""left"" csk=""INA.197004190INA"" data-stat=""home_team_name""><a href=""/teams/INA/1970.html"">Indiana Pacers</a></td><td class=""right"" data-stat=""home_pts"">103</td><td class=""center"" data-stat=""box_score_text""><a href=""/boxscores/197004190INA.html"">Box Score</a></td><td class=""center iz"" data-stat=""overtimes""></td><td class=""right"" data-stat=""attendance"">6,341</td><td class=""left iz"" data-stat=""game_remarks""></td></tr>"
17,"<tr><th class=""left"" csk=""197004190NYA"" data-stat=""date_game"" scope=""row""><a href=""/boxscores/index.fcgi?month=4&amp;day=19&amp;year=1970"">Sun, Apr 19, 1970</a></th><td class=""left"" csk=""KEN.197004190NYA"" data-stat=""visitor_team_name""><a href=""/teams/KEN/1970.html"">Kentucky Colonels</a></td><td class=""right"" data-stat=""visitor_pts"">99</td><td class=""left"" csk=""NYA.197004190NYA"" data-stat=""home_team_name""><a href=""/teams/NYA/1970.html"">New York Nets</a></td><td class=""right"" data-stat=""home_pts"">107</td><td class=""center"" data-stat=""box_score_text""><a href=""/boxscores/197004190NYA.html"">Box Score</a></td><td class=""center iz"" data-stat=""overtimes""></td><td class=""right"" data-stat=""attendance"">2,106</td><td class=""left iz"" data-stat=""game_remarks""></td></tr>"
19,"<tr><th class=""left"" csk=""197004190WSA"" data-stat=""date_game"" scope=""row""><a href=""/boxscores/index.fcgi?month=4&amp;day=19&amp;year=1970"">Sun, Apr 19, 1970</a></th><td class=""left"" csk=""DNR.197004190WSA"" data-stat=""visitor_team_name""><a href=""/teams/DNR/1970.html"">Denver Rockets</a></td><td class=""right"" data-stat=""visitor_pts"">120</td><td class=""left"" csk=""WSA.197004190WSA"" data-stat=""home_team_name""><a href=""/teams/WSA/1970.html"">Washington Capitols</a></td><td class=""right"" data-stat=""home_pts"">125</td><td class=""center"" data-stat=""box_score_text""><a href=""/boxscores/197004190WSA.html"">Box Score</a></td><td class=""center iz"" data-stat=""overtimes""></td><td class=""right"" data-stat=""attendance"">1,748</td><td class=""left iz"" data-stat=""game_remarks""></td></tr>"
21,"<tr><th class=""left"" csk=""197004200LAS"" data-stat=""date_game"" scope=""row""><a href=""/boxscores/index.fcgi?month=4&amp;day=20&amp;year=1970"">Mon, Apr 20, 1970</a></th><td class=""left"" csk=""DLC.197004200LAS"" data-stat=""visitor_team_name""><a href=""/teams/DLC/1970.html"">Dallas Chaparrals</a></td><td class=""right"" data-stat=""visitor_pts"">116</td><td class=""left"" csk=""LAS.197004200LAS"" data-stat=""home_team_name""><a href=""/teams/LAS/1970.html"">Los Angeles Stars</a></td><td class=""right"" data-stat=""home_pts"">104</td><td class=""center"" data-stat=""box_score_text""><a href=""/boxscores/197004200LAS.html"">Box Score</a></td><td class=""center iz"" data-stat=""overtimes""></td><td class=""right"" data-stat=""attendance"">971</td><td class=""left iz"" data-stat=""game_remarks""></td></tr>"
23,"<tr><th class=""left"" csk=""197004220CAR"" data-stat=""date_game"" scope=""row""><a href=""/boxscores/index.fcgi?month=4&amp;day=22&amp;year=1970"">Wed, Apr 22, 1970</a></th><td class=""left"" csk=""INA.197004220CAR"" data-stat=""visitor_team_name""><a href=""/teams/INA/1970.html"">Indiana Pacers</a></td><td class=""right"" data-stat=""visitor_pts"">115</td><td class=""left"" csk=""CAR.197004220CAR"" data-stat=""home_team_name""><a href=""/teams/CAR/1970.html"">Carolina Cougars</a></td><td class=""right"" data-stat=""home_pts"">106</td><td class=""center"" data-stat=""box_score_text""><a href=""/boxscores/197004220CAR.html"">Box Score</a></td><td class=""center iz"" data-stat=""overtimes""></td><td class=""right"" data-stat=""attendance"">3,381</td><td class=""left iz"" data-stat=""game_remarks""></td></tr>"
25,"<tr><th class=""left"" csk=""197004220LAS"" data-stat=""date_game"" scope=""row""><a href=""/boxscores/index.fcgi?month=4&amp;day=22&amp;year=1970"">Wed, Apr 22, 1970</a></th><td class=""left"" csk=""DLC.197004220LAS"" data-stat=""visitor_team_name""><a href=""/teams/DLC/1970.html"">Dallas Chaparrals</a></td><td class=""right"" data-stat=""visitor_pts"">138</td><td class=""left"" csk=""LAS.197004220LAS"" data-stat=""home_team_name""><a href=""/teams/LAS/1970.html"">Los Angeles Stars</a></td><td class=""right"" data-stat=""home_pts"">144</td><td class=""center"" data-stat=""box_score_text""><a href=""/boxscores/197004220LAS.html"">Box Score</a></td><td class=""center iz"" data-stat=""overtimes""></td><td class=""right"" data-stat=""attendance"">2,921</td><td class=""left iz"" data-stat=""game_remarks""></td></tr>"
27,"<tr><th class=""left"" csk=""197004220NYA"" data-stat=""date_game"" scope=""row""><a href=""/boxscores/index.fcgi?month=4&amp;day=22&amp;year=1970"">Wed, Apr 22, 1970</a></th><td class=""left"" csk=""KEN.197004220NYA"" data-stat=""visitor_team_name""><a href=""/teams/KEN/1970.html"">Kentucky Colonels</a></td><td class=""right"" data-stat=""visitor_pts"">128</td><td class=""left"" csk=""NYA.197004220NYA"" data-stat=""home_team_name""><a href=""/teams/NYA/1970.html"">New York Nets</a></td><td class=""right"" data-stat=""home_pts"">101</td><td class=""center"" data-stat=""box_score_text""><a href=""/boxscores/197004220NYA.html"">Box Score</a></td><td class=""center iz"" data-stat=""overtimes""></td><td class=""right"" data-stat=""attendance"">4,721</td><td class=""left iz"" data-stat=""game_remarks""></td></tr>"
29,"<tr><th class=""left"" csk=""197004220WSA"" data-stat=""date_game"" scope=""row""><a href=""/boxscores/index.fcgi?month=4&amp;day=22&amp;year=1970"">Wed, Apr 22, 1970</a></th><td class=""left"" csk=""DNR.197004220WSA"" data-stat=""visitor_team_name""><a href=""/teams/DNR/1970.html"">Denver Rockets</a></td><td class=""right"" data-stat=""visitor_pts"">114</td><td class=""left"" csk=""WSA.197004220WSA"" data-stat=""home_team_name""><a href=""/teams/WSA/1970.html"">Washington Capitols</a></td><td class=""right"" data-stat=""home_pts"">131</td><td class=""center"" data-stat=""box_score_text""><a href=""/boxscores/197004220WSA.html"">Box Score</a></td><td class=""center iz"" data-stat=""overtimes""></td><td class=""right"" data-stat=""attendance"">5,497</td><td class=""left iz"" data-stat=""game_remarks""></td></tr>"
31,"<tr><th class=""left"" csk=""197004230DNR"" data-stat=""date_game"" scope=""row""><a href=""/boxscores/index.fcgi?month=4&amp;day=23&amp;year=1970"">Thu, Apr 23, 1970</a></th><td class=""left"" csk=""WSA.197004230DNR"" data-stat=""visitor_team_name""><a href=""/teams/WSA/1970.html"">Washington Capitols</a></td><td class=""right"" data-stat=""visitor_pts"">110</td><td class=""left"" csk=""DNR.197004230DNR"" data-stat=""home_team_name""><a href=""/teams/DNR/1970.html"">Denver Rockets</a></td><td class=""right"" data-stat=""home_pts"">132</td><td class=""center"" data-stat=""box_score_text""><a href=""/boxscores/197004230DNR.html"">Box Score</a></td><td class=""center iz"" data-stat=""overtimes""></td><td class=""right"" data-stat=""attendance"">7,141</td><td class=""left iz"" data-stat=""game_remarks""></td></tr>"
33,"<tr><th class=""left"" csk=""197004240CAR"" data-stat=""date_game"" scope=""row""><a href=""/boxscores/index.fcgi?month=4&amp;day=24&amp;year=1970"">Fri, Apr 24, 1970</a></th><td class=""left"" csk=""INA.197004240CAR"" data-stat=""visitor_team_name""><a href=""/teams/INA/1970.html"">Indiana Pacers</a></td><td class=""right"" data-stat=""visitor_pts"">110</td><td class=""left"" csk=""CAR.197004240CAR"" data-stat=""home_team_name""><a href=""/teams/CAR/1970.html"">Carolina Cougars</a></td><td class=""right"" data-stat=""home_pts"">106</td><td class=""center"" data-stat=""box_score_text""><a href=""/boxscores/197004240CAR.html"">Box Score</a></td><td class=""center iz"" data-stat=""overtimes""></td><td class=""right"" data-stat=""attendance"">5,211</td><td class=""left iz"" data-stat=""game_remarks""></td></tr>"
35,"<tr><th class=""left"" csk=""197004240DLC"" data-stat=""date_game"" scope=""row""><a href=""/boxscores/index.fcgi?month=4&amp;day=24&amp;year=1970"">Fri, Apr 24, 1970</a></th><td class=""left"" csk=""LAS.197004240DLC"" data-stat=""visitor_team_name""><a href=""/teams/LAS/1970.html"">Los Angeles Stars</a></td><td class=""right"" data-stat=""visitor_pts"">146</td><td class=""left"" csk=""DLC.197004240DLC"" data-stat=""home_team_name""><a href=""/teams/DLC/1970.html"">Dallas Chaparrals</a></td><td class=""right"" data-stat=""home_pts"">139</td><td class=""center"" data-stat=""box_score_text""><a href=""/boxscores/197004240DLC.html"">Box Score</a></td><td class=""center iz"" data-stat=""overtimes""></td><td class=""right"" data-stat=""attendance"">5,128</td><td class=""left iz"" data-stat=""game_remarks""></td></tr>"
37,"<tr><th class=""left"" csk=""197004250WSA"" data-stat=""date_game"" scope=""row""><a href=""/boxscores/index.fcgi?month=4&amp;day=25&amp;year=1970"">Sat, Apr 25, 1970</a></th><td class=""left"" csk=""DNR.197004250WSA"" data-stat=""visitor_team_name""><a href=""/teams/DNR/1970.html"">Denver Rockets</a></td><td class=""right"" data-stat=""visitor_pts"">111</td><td class=""left"" csk=""WSA.197004250WSA"" data-stat=""home_team_name""><a href=""/teams/WSA/1970.html"">Washington Capitols</a></td><td class=""right"" data-stat=""home_pts"">116</td><td class=""center"" data-stat=""box_score_text""><a href=""/boxscores/197004250WSA.html"">Box Score</a></td><td class=""center iz"" data-stat=""overtimes""></td><td class=""right"" data-stat=""attendance"">3,186</td><td class=""left iz"" data-stat=""game_remarks""></td></tr>"
39,"<tr><th class=""left"" csk=""197004260LAS"" data-stat=""date_game"" scope=""row""><a href=""/boxscores/index.fcgi?month=4&amp;day=26&amp;year=1970"">Sun, Apr 26, 1970</a></th><td class=""left"" csk=""DLC.197004260LAS"" data-stat=""visitor_team_name""><a href=""/teams/DLC/1970.html"">Dallas Chaparrals</a></td><td class=""right"" data-stat=""visitor_pts"">123</td><td class=""left"" csk=""LAS.197004260LAS"" data-stat=""home_team_name""><a href=""/teams/LAS/1970.html"">Los Angeles Stars</a></td><td class=""right"" data-stat=""home_pts"">124</td><td class=""center"" data-stat=""box_score_text""><a href=""/boxscores/197004260LAS.html"">Box Score</a></td><td class=""center iz"" data-stat=""overtimes""></td><td class=""right"" data-stat=""attendance"">2,083</td><td class=""left iz"" data-stat=""game_remarks""></td></tr>"
41,"<tr><th class=""left"" csk=""197004260KEN"" data-stat=""date_game"" scope=""row""><a href=""/boxscores/index.fcgi?month=4&amp;day=26&amp;year=1970"">Sun, Apr 26, 1970</a></th><td class=""left"" csk=""NYA.197004260KEN"" data-stat=""visitor_team_name""><a href=""/teams/NYA/1970.html"">New York Nets</a></td><td class=""right"" data-stat=""visitor_pts"">127</td><td class=""left"" csk=""KEN.197004260KEN"" data-stat=""home_team_name""><a href=""/teams/KEN/1970.html"">Kentucky Colonels</a></td><td class=""right"" data-stat=""home_pts"">112</td><td class=""center"" data-stat=""box_score_text""><a href=""/boxscores/197004260KEN.html"">Box Score</a></td><td class=""center iz"" data-stat=""overtimes""></td><td class=""right"" data-stat=""attendance"">2,045</td><td class=""left iz"" data-stat=""game_remarks""></td></tr>"
43,"<tr><th class=""left"" csk=""197004280DNR"" data-stat=""date_game"" scope=""row""><a href=""/boxscores/index.fcgi?month=4&amp;day=28&amp;year=1970"">Tue, Apr 28, 1970</a></th><td class=""left"" csk=""WSA.197004280DNR"" data-stat=""visitor_team_name""><a href=""/teams/WSA/1970.html"">Washington Capitols</a></td><td class=""right"" data-stat=""visitor_pts"">119</td><td class=""left"" csk=""DNR.197004280DNR"" data-stat=""home_team_name""><a href=""/teams/DNR/1970.html"">Denver Rockets</a></td><td class=""right"" data-stat=""home_pts"">143</td><td class=""center"" data-stat=""box_score_text""><a href=""/boxscores/197004280DNR.html"">Box Score</a></td><td class=""center iz"" data-stat=""overtimes""></td><td class=""right"" data-stat=""attendance"">9,893</td><td class=""left iz"" data-stat=""game_remarks""></td></tr>"
45,"<tr><th class=""left"" csk=""197004280NYA"" data-stat=""date_game"" scope=""row""><a href=""/boxscores/index.fcgi?month=4&amp;day=28&amp;year=1970"">Tue, Apr 28, 1970</a></th><td class=""left"" csk=""KEN.197004280NYA"" data-stat=""visitor_team_name""><a href=""/teams/KEN/1970.html"">Kentucky Colonels</a></td><td class=""right"" data-stat=""visitor_pts"">116</td><td class=""left"" csk=""NYA.197004280NYA"" data-stat=""home_team_name""><a href=""/teams/NYA/1970.html"">New York Nets</a></td><td class=""right"" data-stat=""home_pts"">113</td><td class=""center"" data-stat=""box_score_text""><a href=""/boxscores/197004280NYA.html"">Box Score</a></td><td class=""center iz"" data-stat=""overtimes""></td><td class=""right"" data-stat=""attendance"">5,039</td><td class=""left iz"" data-stat=""game_remarks""></td></tr>"
47,"<tr><th class=""left"" csk=""197004290KEN"" data-stat=""date_game"" scope=""row""><a href=""/boxscores/index.fcgi?month=4&amp;day=29&amp;year=1970"">Wed, Apr 29, 1970</a></th><td class=""left"" csk=""NYA.197004290KEN"" data-stat=""visitor_team_name""><a href=""/teams/NYA/1970.html"">New York Nets</a></td><td class=""right"" data-stat=""visitor_pts"">101</td><td class=""left"" csk=""KEN.197004290KEN"" data-stat=""home_team_name""><a href=""/teams/KEN/1970.html"">Kentucky Colonels</a></td><td class=""right"" data-stat=""home_pts"">112</td><td class=""center"" data-stat=""box_score_text""><a href=""/boxscores/197004290KEN.html"">Box Score</a></td><td class=""center iz"" data-stat=""overtimes""></td><td class=""right"" data-stat=""attendance"">2,876</td><td class=""left iz"" data-stat=""game_remarks""></td></tr>"
49,"<tr><th class=""left"" csk=""197004300DNR"" data-stat=""date_game"" scope=""row""><a href=""/boxscores/index.fcgi?month=4&amp;day=30&amp;year=1970"">Thu, Apr 30, 1970</a></th><td class=""left"" csk=""LAS.197004300DNR"" data-stat=""visitor_team_name""><a href=""/teams/LAS/1970.html"">Los Angeles Stars</a></td><td class=""right"" data-stat=""visitor_pts"">113</td><td class=""left"" csk=""DNR.197004300DNR"" data-stat=""home_team_name""><a href=""/teams/DNR/1970.html"">Denver Rockets</a></td><td class=""right"" data-stat=""home_pts"">123</td><td class=""center"" data-stat=""box_score_text""><a href=""/boxscores/197004300DNR.html"">Box Score</a></td><td class=""center"" data-stat=""overtimes"">OT</td><td class=""right"" data-stat=""attendance"">7,071</td><td class=""left iz"" data-stat=""game_remarks""></td></tr>"
51,"<tr><th class=""left"" csk=""197005010INA"" data-stat=""date_game"" scope=""row""><a href=""/boxscores/index.fcgi?month=5&amp;day=1&amp;year=1970"">Fri, May 1, 1970</a></th><td class=""left"" csk=""KEN.197005010INA"" data-stat=""visitor_team_name""><a href=""/teams/KEN/1970.html"">Kentucky Colonels</a></td><td class=""right"" data-stat=""visitor_pts"">114</td><td class=""left"" csk=""INA.197005010INA"" data-stat=""home_team_name""><a href=""/teams/INA/1970.html"">Indiana Pacers</a></td><td class=""right"" data-stat=""home_pts"">110</td><td class=""center"" data-stat=""box_score_text""><a href=""/boxscores/197005010INA.html"">Box Score</a></td><td class=""center"" data-stat=""overtimes"">OT</td><td class=""right"" data-stat=""attendance"">5,939</td><td class=""left iz"" data-stat=""game_remarks""></td></tr>"
53,"<tr><th class=""left"" csk=""197005010DNR"" data-stat=""date_game"" scope=""row""><a href=""/boxscores/index.fcgi?month=5&amp;day=1&amp;year=1970"">Fri, May 1, 1970</a></th><td class=""left"" csk=""LAS.197005010DNR"" data-stat=""visitor_team_name""><a href=""/teams/LAS/1970.html"">Los Angeles Stars</a></td><td class=""right"" data-stat=""visitor_pts"">114</td><td class=""left"" csk=""DNR.197005010DNR"" data-stat=""home_team_name""><a href=""/teams/DNR/1970.html"">Denver Rockets</a></td><td class=""right"" data-stat=""home_pts"">105</td><td class=""center"" data-stat=""box_score_text""><a href=""/boxscores/197005010DNR.html"">Box Score</a></td><td class=""center iz"" data-stat=""overtimes""></td><td class=""right"" data-stat=""attendance"">7,187</td><td class=""left iz"" data-stat=""game_remarks""></td></tr>"
55,"<tr><th class=""left"" csk=""197005020INA"" data-stat=""date_game"" scope=""row""><a href=""/boxscores/index.fcgi?month=5&amp;day=2&amp;year=1970"">Sat, May 2, 1970</a></th><td class=""left"" csk=""KEN.197005020INA"" data-stat=""visitor_team_name""><a href=""/teams/KEN/1970.html"">Kentucky Colonels</a></td><td class=""right"" data-stat=""visitor_pts"">110</td><td class=""left"" csk=""INA.197005020INA"" data-stat=""home_team_name""><a href=""/teams/INA/1970.html"">Indiana Pacers</a></td><td class=""right"" data-stat=""home_pts"">121</td><td class=""center"" data-stat=""box_score_text""><a href=""/boxscores/197005020INA.html"">Box Score</a></td><td class=""center iz"" data-stat=""overtimes""></td><td class=""right"" data-stat=""attendance"">7,007</td><td class=""left iz"" data-stat=""game_remarks""></td></tr>"
57,"<tr><th class=""left"" csk=""197005030KEN"" data-stat=""date_game"" scope=""row""><a href=""/boxscores/index.fcgi?month=5&amp;day=3&amp;year=1970"">Sun, May 3, 1970</a></th><td class=""left"" csk=""INA.197005030KEN"" data-stat=""visitor_team_name""><a href=""/teams/INA/1970.html"">Indiana Pacers</a></td><td class=""right"" data-stat=""visitor_pts"">114</td><td class=""left"" csk=""KEN.197005030KEN"" data-stat=""home_team_name""><a href=""/teams/KEN/1970.html"">Kentucky Colonels</a></td><td class=""right"" data-stat=""home_pts"">110</td><td class=""center"" data-stat=""box_score_text""><a href=""/boxscores/197005030KEN.html"">Box Score</a></td><td class=""center iz"" data-stat=""overtimes""></td><td class=""right"" data-stat=""attendance"">3,024</td><td class=""left iz"" data-stat=""game_remarks""></td></tr>"
59,"<tr><th class=""left"" csk=""197005040LAS"" data-stat=""date_game"" scope=""row""><a href=""/boxscores/index.fcgi?month=5&amp;day=4&amp;year=1970"">Mon, May 4, 1970</a></th><td class=""left"" csk=""DNR.197005040LAS"" data-stat=""visitor_team_name""><a href=""/teams/DNR/1970.html"">Denver Rockets</a></td><td class=""right"" data-stat=""visitor_pts"">113</td><td class=""left"" csk=""LAS.197005040LAS"" data-stat=""home_team_name""><a href=""/teams/LAS/1970.html"">Los Angeles Stars</a></td><td class=""right"" data-stat=""home_pts"">119</td><td class=""center"" data-stat=""box_score_text""><a href=""/boxscores/197005040LAS.html"">Box Score</a></td><td class=""center iz"" data-stat=""overtimes""></td><td class=""right"" data-stat=""attendance"">4,468</td><td class=""left iz"" data-stat=""game_remarks""></td></tr>"
61,"<tr><th class=""left"" csk=""197005050LAS"" data-stat=""date_game"" scope=""row""><a href=""/boxscores/index.fcgi?month=5&amp;day=5&amp;year=1970"">Tue, May 5, 1970</a></th><td class=""left"" csk=""DNR.197005050LAS"" data-stat=""visitor_team_name""><a href=""/teams/DNR/1970.html"">Denver Rockets</a></td><td class=""right"" data-stat=""visitor_pts"">110</td><td class=""left"" csk=""LAS.197005050LAS"" data-stat=""home_team_name""><a href=""/teams/LAS/1970.html"">Los Angeles Stars</a></td><td class=""right"" data-stat=""home_pts"">114</td><td class=""center"" data-stat=""box_score_text""><a href=""/boxscores/197005050LAS.html"">Box Score</a></td><td class=""center iz"" data-stat=""overtimes""></td><td class=""right"" data-stat=""attendance"">3,432</td><td class=""left iz"" data-stat=""game_remarks""></td></tr>"
63,"<tr><th class=""left"" csk=""197005050KEN"" data-stat=""date_game"" scope=""row""><a href=""/boxscores/index.fcgi?month=5&amp;day=5&amp;year=1970"">Tue, May 5, 1970</a></th><td class=""left"" csk=""INA.197005050KEN"" data-stat=""visitor_team_name""><a href=""/teams/INA/1970.html"">Indiana Pacers</a></td><td class=""right"" data-stat=""visitor_pts"">111</td><td class=""left"" csk=""KEN.197005050KEN"" data-stat=""home_team_name""><a href=""/teams/KEN/1970.html"">Kentucky Colonels</a></td><td class=""right"" data-stat=""home_pts"">103</td><td class=""center"" data-stat=""box_score_text""><a href=""/boxscores/197005050KEN.html"">Box Score</a></td><td class=""center iz"" data-stat=""overtimes""></td><td class=""right"" data-stat=""attendance"">3,476</td><td class=""left iz"" data-stat=""game_remarks""></td></tr>"
65,"<tr><th class=""left"" csk=""197005060INA"" data-stat=""date_game"" scope=""row""><a href=""/boxscores/index.fcgi?month=5&amp;day=6&amp;year=1970"">Wed, May 6, 1970</a></th><td class=""left"" csk=""KEN.197005060INA"" data-stat=""visitor_team_name""><a href=""/teams/KEN/1970.html"">Kentucky Colonels</a></td><td class=""right"" data-stat=""visitor_pts"">103</td><td class=""left"" csk=""INA.197005060INA"" data-stat=""home_team_name""><a href=""/teams/INA/1970.html"">Indiana Pacers</a></td><td class=""right"" data-stat=""home_pts"">117</td><td class=""center"" data-stat=""box_score_text""><a href=""/boxscores/197005060INA.html"">Box Score</a></td><td class=""center iz"" data-stat=""overtimes""></td><td class=""right"" data-stat=""attendance"">5,453</td><td class=""left iz"" data-stat=""game_remarks""></td></tr>"
67,"<tr><th class=""left"" csk=""197005090DNR"" data-stat=""date_game"" scope=""row""><a href=""/boxscores/index.fcgi?month=5&amp;day=9&amp;year=1970"">Sat, May 9, 1970</a></th><td class=""left"" csk=""LAS.197005090DNR"" data-stat=""visitor_team_name""><a href=""/teams/LAS/1970.html"">Los Angeles Stars</a></td><td class=""right"" data-stat=""visitor_pts"">109</td><td class=""left"" csk=""DNR.197005090DNR"" data-stat=""home_team_name""><a href=""/teams/DNR/1970.html"">Denver Rockets</a></td><td class=""right"" data-stat=""home_pts"">107</td><td class=""center"" data-stat=""box_score_text""><a href=""/boxscores/197005090DNR.html"">Box Score</a></td><td class=""center iz"" data-stat=""overtimes""></td><td class=""right"" data-stat=""attendance"">6,401</td><td class=""left iz"" data-stat=""game_remarks""></td></tr>"
69,"<tr><th class=""left"" csk=""197005150INA"" data-stat=""date_game"" scope=""row""><a href=""/boxscores/index.fcgi?month=5&amp;day=15&amp;year=1970"">Fri, May 15, 1970</a></th><td class=""left"" csk=""LAS.197005150INA"" data-stat=""visitor_team_name""><a href=""/teams/LAS/1970.html"">Los Angeles Stars</a></td><td class=""right"" data-stat=""visitor_pts"">93</td><td class=""left"" csk=""INA.197005150INA"" data-stat=""home_team_name""><a href=""/teams/INA/1970.html"">Indiana Pacers</a></td><td class=""right"" data-stat=""home_pts"">109</td><td class=""center"" data-stat=""box_score_text""><a href=""/boxscores/197005150INA.html"">Box Score</a></td><td class=""center iz"" data-stat=""overtimes""></td><td class=""right"" data-stat=""attendance"">7,881</td><td class=""left iz"" data-stat=""game_remarks""></td></tr>"
71,"<tr><th class=""left"" csk=""197005170INA"" data-stat=""date_game"" scope=""row""><a href=""/boxscores/index.fcgi?month=5&amp;day=17&amp;year=1970"">Sun, May 17, 1970</a></th><td class=""left"" csk=""LAS.197005170INA"" data-stat=""visitor_team_name""><a href=""/teams/LAS/1970.html"">Los Angeles Stars</a></td><td class=""right"" data-stat=""visitor_pts"">111</td><td class=""left"" csk=""INA.197005170INA"" data-stat=""home_team_name""><a href=""/teams/INA/1970.html"">Indiana Pacers</a></td><td class=""right"" data-stat=""home_pts"">114</td><td class=""center"" data-stat=""box_score_text""><a href=""/boxscores/197005170INA.html"">Box Score</a></td><td class=""center iz"" data-stat=""overtimes""></td><td class=""right"" data-stat=""attendance"">9,014</td><td class=""left iz"" data-stat=""game_remarks""></td></tr>"
73,"<tr><th class=""left"" csk=""197005180LAS"" data-stat=""date_game"" scope=""row""><a href=""/boxscores/index.fcgi?month=5&amp;day=18&amp;year=1970"">Mon, May 18, 1970</a></th><td class=""left"" csk=""INA.197005180LAS"" data-stat=""visitor_team_name""><a href=""/teams/INA/1970.html"">Indiana Pacers</a></td><td class=""right"" data-stat=""visitor_pts"">106</td><td class=""left"" csk=""LAS.197005180LAS"" data-stat=""home_team_name""><a href=""/teams/LAS/1970.html"">Los Angeles Stars</a></td><td class=""right"" data-stat=""home_pts"">109</td><td class=""center"" data-stat=""box_score_text""><a href=""/boxscores/197005180LAS.html"">Box Score</a></td><td class=""center iz"" data-stat=""overtimes""></td><td class=""right"" data-stat=""attendance"">5,780</td><td class=""left iz"" data-stat=""game_remarks""></td></tr>"
75,"<tr><th class=""left"" csk=""197005190LAS"" data-stat=""date_game"" scope=""row""><a href=""/boxscores/index.fcgi?month=5&amp;day=19&amp;year=1970"">Tue, May 19, 1970</a></th><td class=""left"" csk=""INA.197005190LAS"" data-stat=""visitor_team_name""><a href=""/teams/INA/1970.html"">Indiana Pacers</a></td><td class=""right"" data-stat=""visitor_pts"">142</td><td class=""left"" csk=""LAS.197005190LAS"" data-stat=""home_team_name""><a href=""/teams/LAS/1970.html"">Los Angeles Stars</a></td><td class=""right"" data-stat=""home_pts"">120</td><td class=""center"" data-stat=""box_score_text""><a href=""/boxscores/197005190LAS.html"">Box Score</a></td><td class=""center iz"" data-stat=""overtimes""></td><td class=""right"" data-stat=""attendance"">7,027</td><td class=""left iz"" data-stat=""game_remarks""></td></tr>"
77,"<tr><th class=""left"" csk=""197005230INA"" data-stat=""date_game"" scope=""row""><a href=""/boxscores/index.fcgi?month=5&amp;day=23&amp;year=1970"">Sat, May 23, 1970</a></th><td class=""left"" csk=""LAS.197005230INA"" data-stat=""visitor_team_name""><a href=""/teams/LAS/1970.html"">Los Angeles Stars</a></td><td class=""right"" data-stat=""visitor_pts"">117</td><td class=""left"" csk=""INA.197005230INA"" data-stat=""home_team_name""><a href=""/teams/INA/1970.html"">Indiana Pacers</a></td><td class=""right"" data-stat=""home_pts"">113</td><td class=""center"" data-stat=""box_score_text""><a href=""/boxscores/197005230INA.html"">Box Score</a></td><td class=""center"" data-stat=""overtimes"">OT</td><td class=""right"" data-stat=""attendance"">10,548</td><td class=""left iz"" data-stat=""game_remarks""></td></tr>"
79,"<tr><th class=""left"" csk=""197005250LAS"" data-stat=""date_game"" scope=""row""><a href=""/boxscores/index.fcgi?month=5&amp;day=25&amp;year=1970"">Mon, May 25, 1970</a></th><td class=""left"" csk=""INA.197005250LAS"" data-stat=""visitor_team_name""><a href=""/teams/INA/1970.html"">Indiana Pacers</a></td><td class=""right"" data-stat=""visitor_pts"">111</td><td class=""left"" csk=""LAS.197005250LAS"" data-stat=""home_team_name""><a href=""/teams/LAS/1970.html"">Los Angeles Stars</a></td><td class=""right"" data-stat=""home_pts"">107</td><td class=""center"" data-stat=""box_score_text""><a href=""/boxscores/197005250LAS.html"">Box Score</a></td><td class=""center iz"" data-stat=""overtimes""></td><td class=""right"" data-stat=""attendance"">8,233</td><td class=""left iz"" data-stat=""game_remarks""></td></tr>"
