,0
1,"<tr><th class=""left"" csk=""196812010HSM"" data-stat=""date_game"" scope=""row""><a href=""/boxscores/index.fcgi?month=12&amp;day=1&amp;year=1968"">Sun, Dec 1, 1968</a></th><td class=""left"" csk=""DNR.196812010HSM"" data-stat=""visitor_team_name""><a href=""/teams/DNR/1969.html"">Denver Rockets</a></td><td class=""right"" data-stat=""visitor_pts"">106</td><td class=""left"" csk=""HSM.196812010HSM"" data-stat=""home_team_name""><a href=""/teams/HSM/1969.html"">Houston Mavericks</a></td><td class=""right"" data-stat=""home_pts"">108</td><td class=""center"" data-stat=""box_score_text""><a href=""/boxscores/196812010HSM.html"">Box Score</a></td><td class=""center iz"" data-stat=""overtimes""></td><td class=""right"" data-stat=""attendance"">271</td><td class=""left iz"" data-stat=""game_remarks""></td></tr>"
3,"<tr><th class=""left"" csk=""196812010MNP"" data-stat=""date_game"" scope=""row""><a href=""/boxscores/index.fcgi?month=12&amp;day=1&amp;year=1968"">Sun, Dec 1, 1968</a></th><td class=""left"" csk=""LAS.196812010MNP"" data-stat=""visitor_team_name""><a href=""/teams/LAS/1969.html"">Los Angeles Stars</a></td><td class=""right"" data-stat=""visitor_pts"">124</td><td class=""left"" csk=""MNP.196812010MNP"" data-stat=""home_team_name""><a href=""/teams/MNP/1969.html"">Minnesota Pipers</a></td><td class=""right"" data-stat=""home_pts"">139</td><td class=""center"" data-stat=""box_score_text""><a href=""/boxscores/196812010MNP.html"">Box Score</a></td><td class=""center iz"" data-stat=""overtimes""></td><td class=""right"" data-stat=""attendance"">1,770</td><td class=""left iz"" data-stat=""game_remarks""></td></tr>"
5,"<tr><th class=""left"" csk=""196812020MMF"" data-stat=""date_game"" scope=""row""><a href=""/boxscores/index.fcgi?month=12&amp;day=2&amp;year=1968"">Mon, Dec 2, 1968</a></th><td class=""left"" csk=""INA.196812020MMF"" data-stat=""visitor_team_name""><a href=""/teams/INA/1969.html"">Indiana Pacers</a></td><td class=""right"" data-stat=""visitor_pts"">104</td><td class=""left"" csk=""MMF.196812020MMF"" data-stat=""home_team_name""><a href=""/teams/MMF/1969.html"">Miami Floridians</a></td><td class=""right"" data-stat=""home_pts"">109</td><td class=""center"" data-stat=""box_score_text""><a href=""/boxscores/196812020MMF.html"">Box Score</a></td><td class=""center iz"" data-stat=""overtimes""></td><td class=""right"" data-stat=""attendance"">1,923</td><td class=""left"" data-stat=""game_remarks"">at Miami Beach, FL</td></tr>"
7,"<tr><th class=""left"" csk=""196812020OAK"" data-stat=""date_game"" scope=""row""><a href=""/boxscores/index.fcgi?month=12&amp;day=2&amp;year=1968"">Mon, Dec 2, 1968</a></th><td class=""left"" csk=""DLC.196812020OAK"" data-stat=""visitor_team_name""><a href=""/teams/DLC/1969.html"">Dallas Chaparrals</a></td><td class=""right"" data-stat=""visitor_pts"">112</td><td class=""left"" csk=""OAK.196812020OAK"" data-stat=""home_team_name""><a href=""/teams/OAK/1969.html"">Oakland Oaks</a></td><td class=""right"" data-stat=""home_pts"">111</td><td class=""center"" data-stat=""box_score_text""><a href=""/boxscores/196812020OAK.html"">Box Score</a></td><td class=""center iz"" data-stat=""overtimes""></td><td class=""right"" data-stat=""attendance"">1,364</td><td class=""left iz"" data-stat=""game_remarks""></td></tr>"
9,"<tr><th class=""left"" csk=""196812030DNR"" data-stat=""date_game"" scope=""row""><a href=""/boxscores/index.fcgi?month=12&amp;day=3&amp;year=1968"">Tue, Dec 3, 1968</a></th><td class=""left"" csk=""NYA.196812030DNR"" data-stat=""visitor_team_name""><a href=""/teams/NYA/1969.html"">New York Nets</a></td><td class=""right"" data-stat=""visitor_pts"">108</td><td class=""left"" csk=""DNR.196812030DNR"" data-stat=""home_team_name""><a href=""/teams/DNR/1969.html"">Denver Rockets</a></td><td class=""right"" data-stat=""home_pts"">127</td><td class=""center"" data-stat=""box_score_text""><a href=""/boxscores/196812030DNR.html"">Box Score</a></td><td class=""center iz"" data-stat=""overtimes""></td><td class=""right"" data-stat=""attendance"">3,545</td><td class=""left iz"" data-stat=""game_remarks""></td></tr>"
11,"<tr><th class=""left"" csk=""196812030MNP"" data-stat=""date_game"" scope=""row""><a href=""/boxscores/index.fcgi?month=12&amp;day=3&amp;year=1968"">Tue, Dec 3, 1968</a></th><td class=""left"" csk=""NOB.196812030MNP"" data-stat=""visitor_team_name""><a href=""/teams/NOB/1969.html"">New Orleans Buccaneers</a></td><td class=""right"" data-stat=""visitor_pts"">94</td><td class=""left"" csk=""MNP.196812030MNP"" data-stat=""home_team_name""><a href=""/teams/MNP/1969.html"">Minnesota Pipers</a></td><td class=""right"" data-stat=""home_pts"">116</td><td class=""center"" data-stat=""box_score_text""><a href=""/boxscores/196812030MNP.html"">Box Score</a></td><td class=""center iz"" data-stat=""overtimes""></td><td class=""right"" data-stat=""attendance"">1,080</td><td class=""left"" data-stat=""game_remarks"">at Duluth, MN</td></tr>"
13,"<tr><th class=""left"" csk=""196812030OAK"" data-stat=""date_game"" scope=""row""><a href=""/boxscores/index.fcgi?month=12&amp;day=3&amp;year=1968"">Tue, Dec 3, 1968</a></th><td class=""left"" csk=""DLC.196812030OAK"" data-stat=""visitor_team_name""><a href=""/teams/DLC/1969.html"">Dallas Chaparrals</a></td><td class=""right"" data-stat=""visitor_pts"">109</td><td class=""left"" csk=""OAK.196812030OAK"" data-stat=""home_team_name""><a href=""/teams/OAK/1969.html"">Oakland Oaks</a></td><td class=""right"" data-stat=""home_pts"">135</td><td class=""center"" data-stat=""box_score_text""><a href=""/boxscores/196812030OAK.html"">Box Score</a></td><td class=""center iz"" data-stat=""overtimes""></td><td class=""right"" data-stat=""attendance"">1,921</td><td class=""left iz"" data-stat=""game_remarks""></td></tr>"
15,"<tr><th class=""left"" csk=""196812040LAS"" data-stat=""date_game"" scope=""row""><a href=""/boxscores/index.fcgi?month=12&amp;day=4&amp;year=1968"">Wed, Dec 4, 1968</a></th><td class=""left"" csk=""NYA.196812040LAS"" data-stat=""visitor_team_name""><a href=""/teams/NYA/1969.html"">New York Nets</a></td><td class=""right"" data-stat=""visitor_pts"">109</td><td class=""left"" csk=""LAS.196812040LAS"" data-stat=""home_team_name""><a href=""/teams/LAS/1969.html"">Los Angeles Stars</a></td><td class=""right"" data-stat=""home_pts"">121</td><td class=""center"" data-stat=""box_score_text""><a href=""/boxscores/196812040LAS.html"">Box Score</a></td><td class=""center iz"" data-stat=""overtimes""></td><td class=""right"" data-stat=""attendance"">1,615</td><td class=""left iz"" data-stat=""game_remarks""></td></tr>"
17,"<tr><th class=""left"" csk=""196812040KEN"" data-stat=""date_game"" scope=""row""><a href=""/boxscores/index.fcgi?month=12&amp;day=4&amp;year=1968"">Wed, Dec 4, 1968</a></th><td class=""left"" csk=""INA.196812040KEN"" data-stat=""visitor_team_name""><a href=""/teams/INA/1969.html"">Indiana Pacers</a></td><td class=""right"" data-stat=""visitor_pts"">110</td><td class=""left"" csk=""KEN.196812040KEN"" data-stat=""home_team_name""><a href=""/teams/KEN/1969.html"">Kentucky Colonels</a></td><td class=""right"" data-stat=""home_pts"">112</td><td class=""center"" data-stat=""box_score_text""><a href=""/boxscores/196812040KEN.html"">Box Score</a></td><td class=""center iz"" data-stat=""overtimes""></td><td class=""right"" data-stat=""attendance"">2,235</td><td class=""left iz"" data-stat=""game_remarks""></td></tr>"
19,"<tr><th class=""left"" csk=""196812040HSM"" data-stat=""date_game"" scope=""row""><a href=""/boxscores/index.fcgi?month=12&amp;day=4&amp;year=1968"">Wed, Dec 4, 1968</a></th><td class=""left"" csk=""MMF.196812040HSM"" data-stat=""visitor_team_name""><a href=""/teams/MMF/1969.html"">Miami Floridians</a></td><td class=""right"" data-stat=""visitor_pts"">91</td><td class=""left"" csk=""HSM.196812040HSM"" data-stat=""home_team_name""><a href=""/teams/HSM/1969.html"">Houston Mavericks</a></td><td class=""right"" data-stat=""home_pts"">103</td><td class=""center"" data-stat=""box_score_text""><a href=""/boxscores/196812040HSM.html"">Box Score</a></td><td class=""center iz"" data-stat=""overtimes""></td><td class=""right"" data-stat=""attendance"">3,087</td><td class=""left iz"" data-stat=""game_remarks""></td></tr>"
21,"<tr><th class=""left"" csk=""196812040DLC"" data-stat=""date_game"" scope=""row""><a href=""/boxscores/index.fcgi?month=12&amp;day=4&amp;year=1968"">Wed, Dec 4, 1968</a></th><td class=""left"" csk=""MNP.196812040DLC"" data-stat=""visitor_team_name""><a href=""/teams/MNP/1969.html"">Minnesota Pipers</a></td><td class=""right"" data-stat=""visitor_pts"">126</td><td class=""left"" csk=""DLC.196812040DLC"" data-stat=""home_team_name""><a href=""/teams/DLC/1969.html"">Dallas Chaparrals</a></td><td class=""right"" data-stat=""home_pts"">103</td><td class=""center"" data-stat=""box_score_text""><a href=""/boxscores/196812040DLC.html"">Box Score</a></td><td class=""center iz"" data-stat=""overtimes""></td><td class=""right"" data-stat=""attendance"">1,788</td><td class=""left iz"" data-stat=""game_remarks""></td></tr>"
23,"<tr><th class=""left"" csk=""196812050DNR"" data-stat=""date_game"" scope=""row""><a href=""/boxscores/index.fcgi?month=12&amp;day=5&amp;year=1968"">Thu, Dec 5, 1968</a></th><td class=""left"" csk=""MNP.196812050DNR"" data-stat=""visitor_team_name""><a href=""/teams/MNP/1969.html"">Minnesota Pipers</a></td><td class=""right"" data-stat=""visitor_pts"">118</td><td class=""left"" csk=""DNR.196812050DNR"" data-stat=""home_team_name""><a href=""/teams/DNR/1969.html"">Denver Rockets</a></td><td class=""right"" data-stat=""home_pts"">119</td><td class=""center"" data-stat=""box_score_text""><a href=""/boxscores/196812050DNR.html"">Box Score</a></td><td class=""center iz"" data-stat=""overtimes""></td><td class=""right"" data-stat=""attendance"">3,876</td><td class=""left iz"" data-stat=""game_remarks""></td></tr>"
25,"<tr><th class=""left"" csk=""196812050INA"" data-stat=""date_game"" scope=""row""><a href=""/boxscores/index.fcgi?month=12&amp;day=5&amp;year=1968"">Thu, Dec 5, 1968</a></th><td class=""left"" csk=""NOB.196812050INA"" data-stat=""visitor_team_name""><a href=""/teams/NOB/1969.html"">New Orleans Buccaneers</a></td><td class=""right"" data-stat=""visitor_pts"">115</td><td class=""left"" csk=""INA.196812050INA"" data-stat=""home_team_name""><a href=""/teams/INA/1969.html"">Indiana Pacers</a></td><td class=""right"" data-stat=""home_pts"">118</td><td class=""center"" data-stat=""box_score_text""><a href=""/boxscores/196812050INA.html"">Box Score</a></td><td class=""center iz"" data-stat=""overtimes""></td><td class=""right"" data-stat=""attendance"">2,308</td><td class=""left iz"" data-stat=""game_remarks""></td></tr>"
27,"<tr><th class=""left"" csk=""196812050OAK"" data-stat=""date_game"" scope=""row""><a href=""/boxscores/index.fcgi?month=12&amp;day=5&amp;year=1968"">Thu, Dec 5, 1968</a></th><td class=""left"" csk=""NYA.196812050OAK"" data-stat=""visitor_team_name""><a href=""/teams/NYA/1969.html"">New York Nets</a></td><td class=""right"" data-stat=""visitor_pts"">122</td><td class=""left"" csk=""OAK.196812050OAK"" data-stat=""home_team_name""><a href=""/teams/OAK/1969.html"">Oakland Oaks</a></td><td class=""right"" data-stat=""home_pts"">139</td><td class=""center"" data-stat=""box_score_text""><a href=""/boxscores/196812050OAK.html"">Box Score</a></td><td class=""center iz"" data-stat=""overtimes""></td><td class=""right"" data-stat=""attendance"">1,878</td><td class=""left iz"" data-stat=""game_remarks""></td></tr>"
29,"<tr><th class=""left"" csk=""196812060KEN"" data-stat=""date_game"" scope=""row""><a href=""/boxscores/index.fcgi?month=12&amp;day=6&amp;year=1968"">Fri, Dec 6, 1968</a></th><td class=""left"" csk=""NOB.196812060KEN"" data-stat=""visitor_team_name""><a href=""/teams/NOB/1969.html"">New Orleans Buccaneers</a></td><td class=""right"" data-stat=""visitor_pts"">104</td><td class=""left"" csk=""KEN.196812060KEN"" data-stat=""home_team_name""><a href=""/teams/KEN/1969.html"">Kentucky Colonels</a></td><td class=""right"" data-stat=""home_pts"">109</td><td class=""center"" data-stat=""box_score_text""><a href=""/boxscores/196812060KEN.html"">Box Score</a></td><td class=""center iz"" data-stat=""overtimes""></td><td class=""right"" data-stat=""attendance"">5,423</td><td class=""left iz"" data-stat=""game_remarks""></td></tr>"
31,"<tr><th class=""left"" csk=""196812060DLC"" data-stat=""date_game"" scope=""row""><a href=""/boxscores/index.fcgi?month=12&amp;day=6&amp;year=1968"">Fri, Dec 6, 1968</a></th><td class=""left"" csk=""MMF.196812060DLC"" data-stat=""visitor_team_name""><a href=""/teams/MMF/1969.html"">Miami Floridians</a></td><td class=""right"" data-stat=""visitor_pts"">108</td><td class=""left"" csk=""DLC.196812060DLC"" data-stat=""home_team_name""><a href=""/teams/DLC/1969.html"">Dallas Chaparrals</a></td><td class=""right"" data-stat=""home_pts"">110</td><td class=""center"" data-stat=""box_score_text""><a href=""/boxscores/196812060DLC.html"">Box Score</a></td><td class=""center iz"" data-stat=""overtimes""></td><td class=""right"" data-stat=""attendance"">1,826</td><td class=""left"" data-stat=""game_remarks"">at Fort Worth, TX</td></tr>"
33,"<tr><th class=""left"" csk=""196812070MNP"" data-stat=""date_game"" scope=""row""><a href=""/boxscores/index.fcgi?month=12&amp;day=7&amp;year=1968"">Sat, Dec 7, 1968</a></th><td class=""left"" csk=""NOB.196812070MNP"" data-stat=""visitor_team_name""><a href=""/teams/NOB/1969.html"">New Orleans Buccaneers</a></td><td class=""right"" data-stat=""visitor_pts"">91</td><td class=""left"" csk=""MNP.196812070MNP"" data-stat=""home_team_name""><a href=""/teams/MNP/1969.html"">Minnesota Pipers</a></td><td class=""right"" data-stat=""home_pts"">98</td><td class=""center"" data-stat=""box_score_text""><a href=""/boxscores/196812070MNP.html"">Box Score</a></td><td class=""center iz"" data-stat=""overtimes""></td><td class=""right"" data-stat=""attendance"">2,000</td><td class=""left iz"" data-stat=""game_remarks""></td></tr>"
35,"<tr><th class=""left"" csk=""196812070OAK"" data-stat=""date_game"" scope=""row""><a href=""/boxscores/index.fcgi?month=12&amp;day=7&amp;year=1968"">Sat, Dec 7, 1968</a></th><td class=""left"" csk=""MMF.196812070OAK"" data-stat=""visitor_team_name""><a href=""/teams/MMF/1969.html"">Miami Floridians</a></td><td class=""right"" data-stat=""visitor_pts"">116</td><td class=""left"" csk=""OAK.196812070OAK"" data-stat=""home_team_name""><a href=""/teams/OAK/1969.html"">Oakland Oaks</a></td><td class=""right"" data-stat=""home_pts"">144</td><td class=""center"" data-stat=""box_score_text""><a href=""/boxscores/196812070OAK.html"">Box Score</a></td><td class=""center iz"" data-stat=""overtimes""></td><td class=""right"" data-stat=""attendance"">1,951</td><td class=""left iz"" data-stat=""game_remarks""></td></tr>"
37,"<tr><th class=""left"" csk=""196812080DNR"" data-stat=""date_game"" scope=""row""><a href=""/boxscores/index.fcgi?month=12&amp;day=8&amp;year=1968"">Sun, Dec 8, 1968</a></th><td class=""left"" csk=""MMF.196812080DNR"" data-stat=""visitor_team_name""><a href=""/teams/MMF/1969.html"">Miami Floridians</a></td><td class=""right"" data-stat=""visitor_pts"">113</td><td class=""left"" csk=""DNR.196812080DNR"" data-stat=""home_team_name""><a href=""/teams/DNR/1969.html"">Denver Rockets</a></td><td class=""right"" data-stat=""home_pts"">121</td><td class=""center"" data-stat=""box_score_text""><a href=""/boxscores/196812080DNR.html"">Box Score</a></td><td class=""center iz"" data-stat=""overtimes""></td><td class=""right"" data-stat=""attendance"">3,475</td><td class=""left iz"" data-stat=""game_remarks""></td></tr>"
39,"<tr><th class=""left"" csk=""196812080LAS"" data-stat=""date_game"" scope=""row""><a href=""/boxscores/index.fcgi?month=12&amp;day=8&amp;year=1968"">Sun, Dec 8, 1968</a></th><td class=""left"" csk=""DLC.196812080LAS"" data-stat=""visitor_team_name""><a href=""/teams/DLC/1969.html"">Dallas Chaparrals</a></td><td class=""right"" data-stat=""visitor_pts"">114</td><td class=""left"" csk=""LAS.196812080LAS"" data-stat=""home_team_name""><a href=""/teams/LAS/1969.html"">Los Angeles Stars</a></td><td class=""right"" data-stat=""home_pts"">110</td><td class=""center"" data-stat=""box_score_text""><a href=""/boxscores/196812080LAS.html"">Box Score</a></td><td class=""center iz"" data-stat=""overtimes""></td><td class=""right"" data-stat=""attendance"">2,748</td><td class=""left iz"" data-stat=""game_remarks""></td></tr>"
41,"<tr><th class=""left"" csk=""196812090NOB"" data-stat=""date_game"" scope=""row""><a href=""/boxscores/index.fcgi?month=12&amp;day=9&amp;year=1968"">Mon, Dec 9, 1968</a></th><td class=""left"" csk=""OAK.196812090NOB"" data-stat=""visitor_team_name""><a href=""/teams/OAK/1969.html"">Oakland Oaks</a></td><td class=""right"" data-stat=""visitor_pts"">139</td><td class=""left"" csk=""NOB.196812090NOB"" data-stat=""home_team_name""><a href=""/teams/NOB/1969.html"">New Orleans Buccaneers</a></td><td class=""right"" data-stat=""home_pts"">145</td><td class=""center"" data-stat=""box_score_text""><a href=""/boxscores/196812090NOB.html"">Box Score</a></td><td class=""center iz"" data-stat=""overtimes""></td><td class=""right"" data-stat=""attendance"">2,238</td><td class=""left iz"" data-stat=""game_remarks""></td></tr>"
43,"<tr><th class=""left"" csk=""196812100DNR"" data-stat=""date_game"" scope=""row""><a href=""/boxscores/index.fcgi?month=12&amp;day=10&amp;year=1968"">Tue, Dec 10, 1968</a></th><td class=""left"" csk=""DLC.196812100DNR"" data-stat=""visitor_team_name""><a href=""/teams/DLC/1969.html"">Dallas Chaparrals</a></td><td class=""right"" data-stat=""visitor_pts"">107</td><td class=""left"" csk=""DNR.196812100DNR"" data-stat=""home_team_name""><a href=""/teams/DNR/1969.html"">Denver Rockets</a></td><td class=""right"" data-stat=""home_pts"">101</td><td class=""center"" data-stat=""box_score_text""><a href=""/boxscores/196812100DNR.html"">Box Score</a></td><td class=""center iz"" data-stat=""overtimes""></td><td class=""right"" data-stat=""attendance"">2,687</td><td class=""left iz"" data-stat=""game_remarks""></td></tr>"
45,"<tr><th class=""left"" csk=""196812100HSM"" data-stat=""date_game"" scope=""row""><a href=""/boxscores/index.fcgi?month=12&amp;day=10&amp;year=1968"">Tue, Dec 10, 1968</a></th><td class=""left"" csk=""OAK.196812100HSM"" data-stat=""visitor_team_name""><a href=""/teams/OAK/1969.html"">Oakland Oaks</a></td><td class=""right"" data-stat=""visitor_pts"">137</td><td class=""left"" csk=""HSM.196812100HSM"" data-stat=""home_team_name""><a href=""/teams/HSM/1969.html"">Houston Mavericks</a></td><td class=""right"" data-stat=""home_pts"">116</td><td class=""center"" data-stat=""box_score_text""><a href=""/boxscores/196812100HSM.html"">Box Score</a></td><td class=""center iz"" data-stat=""overtimes""></td><td class=""right"" data-stat=""attendance"">1,712</td><td class=""left iz"" data-stat=""game_remarks""></td></tr>"
47,"<tr><th class=""left"" csk=""196812100MNP"" data-stat=""date_game"" scope=""row""><a href=""/boxscores/index.fcgi?month=12&amp;day=10&amp;year=1968"">Tue, Dec 10, 1968</a></th><td class=""left"" csk=""MMF.196812100MNP"" data-stat=""visitor_team_name""><a href=""/teams/MMF/1969.html"">Miami Floridians</a></td><td class=""right"" data-stat=""visitor_pts"">105</td><td class=""left"" csk=""MNP.196812100MNP"" data-stat=""home_team_name""><a href=""/teams/MNP/1969.html"">Minnesota Pipers</a></td><td class=""right"" data-stat=""home_pts"">112</td><td class=""center"" data-stat=""box_score_text""><a href=""/boxscores/196812100MNP.html"">Box Score</a></td><td class=""center iz"" data-stat=""overtimes""></td><td class=""right"" data-stat=""attendance"">7,162</td><td class=""left iz"" data-stat=""game_remarks""></td></tr>"
49,"<tr><th class=""left"" csk=""196812100NYA"" data-stat=""date_game"" scope=""row""><a href=""/boxscores/index.fcgi?month=12&amp;day=10&amp;year=1968"">Tue, Dec 10, 1968</a></th><td class=""left"" csk=""INA.196812100NYA"" data-stat=""visitor_team_name""><a href=""/teams/INA/1969.html"">Indiana Pacers</a></td><td class=""right"" data-stat=""visitor_pts"">102</td><td class=""left"" csk=""NYA.196812100NYA"" data-stat=""home_team_name""><a href=""/teams/NYA/1969.html"">New York Nets</a></td><td class=""right"" data-stat=""home_pts"">117</td><td class=""center"" data-stat=""box_score_text""><a href=""/boxscores/196812100NYA.html"">Box Score</a></td><td class=""center iz"" data-stat=""overtimes""></td><td class=""right"" data-stat=""attendance"">438</td><td class=""left iz"" data-stat=""game_remarks""></td></tr>"
51,"<tr><th class=""left"" csk=""196812110INA"" data-stat=""date_game"" scope=""row""><a href=""/boxscores/index.fcgi?month=12&amp;day=11&amp;year=1968"">Wed, Dec 11, 1968</a></th><td class=""left"" csk=""MMF.196812110INA"" data-stat=""visitor_team_name""><a href=""/teams/MMF/1969.html"">Miami Floridians</a></td><td class=""right"" data-stat=""visitor_pts"">100</td><td class=""left"" csk=""INA.196812110INA"" data-stat=""home_team_name""><a href=""/teams/INA/1969.html"">Indiana Pacers</a></td><td class=""right"" data-stat=""home_pts"">117</td><td class=""center"" data-stat=""box_score_text""><a href=""/boxscores/196812110INA.html"">Box Score</a></td><td class=""center iz"" data-stat=""overtimes""></td><td class=""right"" data-stat=""attendance"">2,467</td><td class=""left iz"" data-stat=""game_remarks""></td></tr>"
53,"<tr><th class=""left"" csk=""196812110KEN"" data-stat=""date_game"" scope=""row""><a href=""/boxscores/index.fcgi?month=12&amp;day=11&amp;year=1968"">Wed, Dec 11, 1968</a></th><td class=""left"" csk=""HSM.196812110KEN"" data-stat=""visitor_team_name""><a href=""/teams/HSM/1969.html"">Houston Mavericks</a></td><td class=""right"" data-stat=""visitor_pts"">99</td><td class=""left"" csk=""KEN.196812110KEN"" data-stat=""home_team_name""><a href=""/teams/KEN/1969.html"">Kentucky Colonels</a></td><td class=""right"" data-stat=""home_pts"">106</td><td class=""center"" data-stat=""box_score_text""><a href=""/boxscores/196812110KEN.html"">Box Score</a></td><td class=""center iz"" data-stat=""overtimes""></td><td class=""right"" data-stat=""attendance"">3,187</td><td class=""left iz"" data-stat=""game_remarks""></td></tr>"
55,"<tr><th class=""left"" csk=""196812110LAS"" data-stat=""date_game"" scope=""row""><a href=""/boxscores/index.fcgi?month=12&amp;day=11&amp;year=1968"">Wed, Dec 11, 1968</a></th><td class=""left"" csk=""MNP.196812110LAS"" data-stat=""visitor_team_name""><a href=""/teams/MNP/1969.html"">Minnesota Pipers</a></td><td class=""right"" data-stat=""visitor_pts"">116</td><td class=""left"" csk=""LAS.196812110LAS"" data-stat=""home_team_name""><a href=""/teams/LAS/1969.html"">Los Angeles Stars</a></td><td class=""right"" data-stat=""home_pts"">124</td><td class=""center"" data-stat=""box_score_text""><a href=""/boxscores/196812110LAS.html"">Box Score</a></td><td class=""center iz"" data-stat=""overtimes""></td><td class=""right"" data-stat=""attendance"">1,529</td><td class=""left iz"" data-stat=""game_remarks""></td></tr>"
57,"<tr><th class=""left"" csk=""196812130OAK"" data-stat=""date_game"" scope=""row""><a href=""/boxscores/index.fcgi?month=12&amp;day=13&amp;year=1968"">Fri, Dec 13, 1968</a></th><td class=""left"" csk=""MNP.196812130OAK"" data-stat=""visitor_team_name""><a href=""/teams/MNP/1969.html"">Minnesota Pipers</a></td><td class=""right"" data-stat=""visitor_pts"">122</td><td class=""left"" csk=""OAK.196812130OAK"" data-stat=""home_team_name""><a href=""/teams/OAK/1969.html"">Oakland Oaks</a></td><td class=""right"" data-stat=""home_pts"">127</td><td class=""center"" data-stat=""box_score_text""><a href=""/boxscores/196812130OAK.html"">Box Score</a></td><td class=""center iz"" data-stat=""overtimes""></td><td class=""right"" data-stat=""attendance"">5,995</td><td class=""left iz"" data-stat=""game_remarks""></td></tr>"
59,"<tr><th class=""left"" csk=""196812130NYA"" data-stat=""date_game"" scope=""row""><a href=""/boxscores/index.fcgi?month=12&amp;day=13&amp;year=1968"">Fri, Dec 13, 1968</a></th><td class=""left"" csk=""HSM.196812130NYA"" data-stat=""visitor_team_name""><a href=""/teams/HSM/1969.html"">Houston Mavericks</a></td><td class=""right"" data-stat=""visitor_pts"">107</td><td class=""left"" csk=""NYA.196812130NYA"" data-stat=""home_team_name""><a href=""/teams/NYA/1969.html"">New York Nets</a></td><td class=""right"" data-stat=""home_pts"">112</td><td class=""center"" data-stat=""box_score_text""><a href=""/boxscores/196812130NYA.html"">Box Score</a></td><td class=""center iz"" data-stat=""overtimes""></td><td class=""right"" data-stat=""attendance"">1,026</td><td class=""left iz"" data-stat=""game_remarks""></td></tr>"
61,"<tr><th class=""left"" csk=""196812130KEN"" data-stat=""date_game"" scope=""row""><a href=""/boxscores/index.fcgi?month=12&amp;day=13&amp;year=1968"">Fri, Dec 13, 1968</a></th><td class=""left"" csk=""INA.196812130KEN"" data-stat=""visitor_team_name""><a href=""/teams/INA/1969.html"">Indiana Pacers</a></td><td class=""right"" data-stat=""visitor_pts"">115</td><td class=""left"" csk=""KEN.196812130KEN"" data-stat=""home_team_name""><a href=""/teams/KEN/1969.html"">Kentucky Colonels</a></td><td class=""right"" data-stat=""home_pts"">107</td><td class=""center"" data-stat=""box_score_text""><a href=""/boxscores/196812130KEN.html"">Box Score</a></td><td class=""center iz"" data-stat=""overtimes""></td><td class=""right"" data-stat=""attendance"">2,342</td><td class=""left iz"" data-stat=""game_remarks""></td></tr>"
63,"<tr><th class=""left"" csk=""196812130DNR"" data-stat=""date_game"" scope=""row""><a href=""/boxscores/index.fcgi?month=12&amp;day=13&amp;year=1968"">Fri, Dec 13, 1968</a></th><td class=""left"" csk=""NOB.196812130DNR"" data-stat=""visitor_team_name""><a href=""/teams/NOB/1969.html"">New Orleans Buccaneers</a></td><td class=""right"" data-stat=""visitor_pts"">108</td><td class=""left"" csk=""DNR.196812130DNR"" data-stat=""home_team_name""><a href=""/teams/DNR/1969.html"">Denver Rockets</a></td><td class=""right"" data-stat=""home_pts"">127</td><td class=""center"" data-stat=""box_score_text""><a href=""/boxscores/196812130DNR.html"">Box Score</a></td><td class=""center iz"" data-stat=""overtimes""></td><td class=""right"" data-stat=""attendance"">3,649</td><td class=""left iz"" data-stat=""game_remarks""></td></tr>"
65,"<tr><th class=""left"" csk=""196812140OAK"" data-stat=""date_game"" scope=""row""><a href=""/boxscores/index.fcgi?month=12&amp;day=14&amp;year=1968"">Sat, Dec 14, 1968</a></th><td class=""left"" csk=""NOB.196812140OAK"" data-stat=""visitor_team_name""><a href=""/teams/NOB/1969.html"">New Orleans Buccaneers</a></td><td class=""right"" data-stat=""visitor_pts"">120</td><td class=""left"" csk=""OAK.196812140OAK"" data-stat=""home_team_name""><a href=""/teams/OAK/1969.html"">Oakland Oaks</a></td><td class=""right"" data-stat=""home_pts"">129</td><td class=""center"" data-stat=""box_score_text""><a href=""/boxscores/196812140OAK.html"">Box Score</a></td><td class=""center iz"" data-stat=""overtimes""></td><td class=""right"" data-stat=""attendance"">2,127</td><td class=""left iz"" data-stat=""game_remarks""></td></tr>"
67,"<tr><th class=""left"" csk=""196812140MMF"" data-stat=""date_game"" scope=""row""><a href=""/boxscores/index.fcgi?month=12&amp;day=14&amp;year=1968"">Sat, Dec 14, 1968</a></th><td class=""left"" csk=""NYA.196812140MMF"" data-stat=""visitor_team_name""><a href=""/teams/NYA/1969.html"">New York Nets</a></td><td class=""right"" data-stat=""visitor_pts"">112</td><td class=""left"" csk=""MMF.196812140MMF"" data-stat=""home_team_name""><a href=""/teams/MMF/1969.html"">Miami Floridians</a></td><td class=""right"" data-stat=""home_pts"">116</td><td class=""center"" data-stat=""box_score_text""><a href=""/boxscores/196812140MMF.html"">Box Score</a></td><td class=""center iz"" data-stat=""overtimes""></td><td class=""right"" data-stat=""attendance"">2,016</td><td class=""left"" data-stat=""game_remarks"">at Miami Beach, FL</td></tr>"
69,"<tr><th class=""left"" csk=""196812140INA"" data-stat=""date_game"" scope=""row""><a href=""/boxscores/index.fcgi?month=12&amp;day=14&amp;year=1968"">Sat, Dec 14, 1968</a></th><td class=""left"" csk=""HSM.196812140INA"" data-stat=""visitor_team_name""><a href=""/teams/HSM/1969.html"">Houston Mavericks</a></td><td class=""right"" data-stat=""visitor_pts"">103</td><td class=""left"" csk=""INA.196812140INA"" data-stat=""home_team_name""><a href=""/teams/INA/1969.html"">Indiana Pacers</a></td><td class=""right"" data-stat=""home_pts"">112</td><td class=""center"" data-stat=""box_score_text""><a href=""/boxscores/196812140INA.html"">Box Score</a></td><td class=""center iz"" data-stat=""overtimes""></td><td class=""right"" data-stat=""attendance"">3,291</td><td class=""left iz"" data-stat=""game_remarks""></td></tr>"
71,"<tr><th class=""left"" csk=""196812140DLC"" data-stat=""date_game"" scope=""row""><a href=""/boxscores/index.fcgi?month=12&amp;day=14&amp;year=1968"">Sat, Dec 14, 1968</a></th><td class=""left"" csk=""LAS.196812140DLC"" data-stat=""visitor_team_name""><a href=""/teams/LAS/1969.html"">Los Angeles Stars</a></td><td class=""right"" data-stat=""visitor_pts"">103</td><td class=""left"" csk=""DLC.196812140DLC"" data-stat=""home_team_name""><a href=""/teams/DLC/1969.html"">Dallas Chaparrals</a></td><td class=""right"" data-stat=""home_pts"">107</td><td class=""center"" data-stat=""box_score_text""><a href=""/boxscores/196812140DLC.html"">Box Score</a></td><td class=""center iz"" data-stat=""overtimes""></td><td class=""right"" data-stat=""attendance"">3,174</td><td class=""left iz"" data-stat=""game_remarks""></td></tr>"
73,"<tr><th class=""left"" csk=""196812150DNR"" data-stat=""date_game"" scope=""row""><a href=""/boxscores/index.fcgi?month=12&amp;day=15&amp;year=1968"">Sun, Dec 15, 1968</a></th><td class=""left"" csk=""LAS.196812150DNR"" data-stat=""visitor_team_name""><a href=""/teams/LAS/1969.html"">Los Angeles Stars</a></td><td class=""right"" data-stat=""visitor_pts"">110</td><td class=""left"" csk=""DNR.196812150DNR"" data-stat=""home_team_name""><a href=""/teams/DNR/1969.html"">Denver Rockets</a></td><td class=""right"" data-stat=""home_pts"">113</td><td class=""center"" data-stat=""box_score_text""><a href=""/boxscores/196812150DNR.html"">Box Score</a></td><td class=""center"" data-stat=""overtimes"">OT</td><td class=""right"" data-stat=""attendance"">3,057</td><td class=""left iz"" data-stat=""game_remarks""></td></tr>"
75,"<tr><th class=""left"" csk=""196812150HSM"" data-stat=""date_game"" scope=""row""><a href=""/boxscores/index.fcgi?month=12&amp;day=15&amp;year=1968"">Sun, Dec 15, 1968</a></th><td class=""left"" csk=""NYA.196812150HSM"" data-stat=""visitor_team_name""><a href=""/teams/NYA/1969.html"">New York Nets</a></td><td class=""right"" data-stat=""visitor_pts"">103</td><td class=""left"" csk=""HSM.196812150HSM"" data-stat=""home_team_name""><a href=""/teams/HSM/1969.html"">Houston Mavericks</a></td><td class=""right"" data-stat=""home_pts"">105</td><td class=""center"" data-stat=""box_score_text""><a href=""/boxscores/196812150HSM.html"">Box Score</a></td><td class=""center iz"" data-stat=""overtimes""></td><td class=""right"" data-stat=""attendance"">1,019</td><td class=""left iz"" data-stat=""game_remarks""></td></tr>"
77,"<tr><th class=""left"" csk=""196812150KEN"" data-stat=""date_game"" scope=""row""><a href=""/boxscores/index.fcgi?month=12&amp;day=15&amp;year=1968"">Sun, Dec 15, 1968</a></th><td class=""left"" csk=""MMF.196812150KEN"" data-stat=""visitor_team_name""><a href=""/teams/MMF/1969.html"">Miami Floridians</a></td><td class=""right"" data-stat=""visitor_pts"">102</td><td class=""left"" csk=""KEN.196812150KEN"" data-stat=""home_team_name""><a href=""/teams/KEN/1969.html"">Kentucky Colonels</a></td><td class=""right"" data-stat=""home_pts"">123</td><td class=""center"" data-stat=""box_score_text""><a href=""/boxscores/196812150KEN.html"">Box Score</a></td><td class=""center iz"" data-stat=""overtimes""></td><td class=""right"" data-stat=""attendance"">2,174</td><td class=""left iz"" data-stat=""game_remarks""></td></tr>"
79,"<tr><th class=""left"" csk=""196812170OAK"" data-stat=""date_game"" scope=""row""><a href=""/boxscores/index.fcgi?month=12&amp;day=17&amp;year=1968"">Tue, Dec 17, 1968</a></th><td class=""left"" csk=""KEN.196812170OAK"" data-stat=""visitor_team_name""><a href=""/teams/KEN/1969.html"">Kentucky Colonels</a></td><td class=""right"" data-stat=""visitor_pts"">111</td><td class=""left"" csk=""OAK.196812170OAK"" data-stat=""home_team_name""><a href=""/teams/OAK/1969.html"">Oakland Oaks</a></td><td class=""right"" data-stat=""home_pts"">118</td><td class=""center"" data-stat=""box_score_text""><a href=""/boxscores/196812170OAK.html"">Box Score</a></td><td class=""center iz"" data-stat=""overtimes""></td><td class=""right"" data-stat=""attendance"">1,669</td><td class=""left iz"" data-stat=""game_remarks""></td></tr>"
81,"<tr><th class=""left"" csk=""196812170MNP"" data-stat=""date_game"" scope=""row""><a href=""/boxscores/index.fcgi?month=12&amp;day=17&amp;year=1968"">Tue, Dec 17, 1968</a></th><td class=""left"" csk=""INA.196812170MNP"" data-stat=""visitor_team_name""><a href=""/teams/INA/1969.html"">Indiana Pacers</a></td><td class=""right"" data-stat=""visitor_pts"">109</td><td class=""left"" csk=""MNP.196812170MNP"" data-stat=""home_team_name""><a href=""/teams/MNP/1969.html"">Minnesota Pipers</a></td><td class=""right"" data-stat=""home_pts"">111</td><td class=""center"" data-stat=""box_score_text""><a href=""/boxscores/196812170MNP.html"">Box Score</a></td><td class=""center iz"" data-stat=""overtimes""></td><td class=""right"" data-stat=""attendance"">2,882</td><td class=""left"" data-stat=""game_remarks"">at Duluth, MN</td></tr>"
83,"<tr><th class=""left"" csk=""196812180HSM"" data-stat=""date_game"" scope=""row""><a href=""/boxscores/index.fcgi?month=12&amp;day=18&amp;year=1968"">Wed, Dec 18, 1968</a></th><td class=""left"" csk=""DNR.196812180HSM"" data-stat=""visitor_team_name""><a href=""/teams/DNR/1969.html"">Denver Rockets</a></td><td class=""right"" data-stat=""visitor_pts"">111</td><td class=""left"" csk=""HSM.196812180HSM"" data-stat=""home_team_name""><a href=""/teams/HSM/1969.html"">Houston Mavericks</a></td><td class=""right"" data-stat=""home_pts"">102</td><td class=""center"" data-stat=""box_score_text""><a href=""/boxscores/196812180HSM.html"">Box Score</a></td><td class=""center iz"" data-stat=""overtimes""></td><td class=""right"" data-stat=""attendance"">500</td><td class=""left iz"" data-stat=""game_remarks""></td></tr>"
85,"<tr><th class=""left"" csk=""196812180INA"" data-stat=""date_game"" scope=""row""><a href=""/boxscores/index.fcgi?month=12&amp;day=18&amp;year=1968"">Wed, Dec 18, 1968</a></th><td class=""left"" csk=""MMF.196812180INA"" data-stat=""visitor_team_name""><a href=""/teams/MMF/1969.html"">Miami Floridians</a></td><td class=""right"" data-stat=""visitor_pts"">118</td><td class=""left"" csk=""INA.196812180INA"" data-stat=""home_team_name""><a href=""/teams/INA/1969.html"">Indiana Pacers</a></td><td class=""right"" data-stat=""home_pts"">122</td><td class=""center"" data-stat=""box_score_text""><a href=""/boxscores/196812180INA.html"">Box Score</a></td><td class=""center"" data-stat=""overtimes"">OT</td><td class=""right"" data-stat=""attendance"">2,628</td><td class=""left iz"" data-stat=""game_remarks""></td></tr>"
87,"<tr><th class=""left"" csk=""196812180LAS"" data-stat=""date_game"" scope=""row""><a href=""/boxscores/index.fcgi?month=12&amp;day=18&amp;year=1968"">Wed, Dec 18, 1968</a></th><td class=""left"" csk=""KEN.196812180LAS"" data-stat=""visitor_team_name""><a href=""/teams/KEN/1969.html"">Kentucky Colonels</a></td><td class=""right"" data-stat=""visitor_pts"">115</td><td class=""left"" csk=""LAS.196812180LAS"" data-stat=""home_team_name""><a href=""/teams/LAS/1969.html"">Los Angeles Stars</a></td><td class=""right"" data-stat=""home_pts"">107</td><td class=""center"" data-stat=""box_score_text""><a href=""/boxscores/196812180LAS.html"">Box Score</a></td><td class=""center iz"" data-stat=""overtimes""></td><td class=""right"" data-stat=""attendance"">1,949</td><td class=""left iz"" data-stat=""game_remarks""></td></tr>"
89,"<tr><th class=""left"" csk=""196812180NOB"" data-stat=""date_game"" scope=""row""><a href=""/boxscores/index.fcgi?month=12&amp;day=18&amp;year=1968"">Wed, Dec 18, 1968</a></th><td class=""left"" csk=""NYA.196812180NOB"" data-stat=""visitor_team_name""><a href=""/teams/NYA/1969.html"">New York Nets</a></td><td class=""right"" data-stat=""visitor_pts"">113</td><td class=""left"" csk=""NOB.196812180NOB"" data-stat=""home_team_name""><a href=""/teams/NOB/1969.html"">New Orleans Buccaneers</a></td><td class=""right"" data-stat=""home_pts"">117</td><td class=""center"" data-stat=""box_score_text""><a href=""/boxscores/196812180NOB.html"">Box Score</a></td><td class=""center iz"" data-stat=""overtimes""></td><td class=""right"" data-stat=""attendance"">3,000</td><td class=""left"" data-stat=""game_remarks"">at Jackson, MS</td></tr>"
91,"<tr><th class=""left"" csk=""196812190MMF"" data-stat=""date_game"" scope=""row""><a href=""/boxscores/index.fcgi?month=12&amp;day=19&amp;year=1968"">Thu, Dec 19, 1968</a></th><td class=""left"" csk=""NYA.196812190MMF"" data-stat=""visitor_team_name""><a href=""/teams/NYA/1969.html"">New York Nets</a></td><td class=""right"" data-stat=""visitor_pts"">119</td><td class=""left"" csk=""MMF.196812190MMF"" data-stat=""home_team_name""><a href=""/teams/MMF/1969.html"">Miami Floridians</a></td><td class=""right"" data-stat=""home_pts"">110</td><td class=""center"" data-stat=""box_score_text""><a href=""/boxscores/196812190MMF.html"">Box Score</a></td><td class=""center iz"" data-stat=""overtimes""></td><td class=""right"" data-stat=""attendance"">1,884</td><td class=""left"" data-stat=""game_remarks"">at Miami Beach, FL</td></tr>"
93,"<tr><th class=""left"" csk=""196812190DNR"" data-stat=""date_game"" scope=""row""><a href=""/boxscores/index.fcgi?month=12&amp;day=19&amp;year=1968"">Thu, Dec 19, 1968</a></th><td class=""left"" csk=""KEN.196812190DNR"" data-stat=""visitor_team_name""><a href=""/teams/KEN/1969.html"">Kentucky Colonels</a></td><td class=""right"" data-stat=""visitor_pts"">95</td><td class=""left"" csk=""DNR.196812190DNR"" data-stat=""home_team_name""><a href=""/teams/DNR/1969.html"">Denver Rockets</a></td><td class=""right"" data-stat=""home_pts"">116</td><td class=""center"" data-stat=""box_score_text""><a href=""/boxscores/196812190DNR.html"">Box Score</a></td><td class=""center iz"" data-stat=""overtimes""></td><td class=""right"" data-stat=""attendance"">3,220</td><td class=""left iz"" data-stat=""game_remarks""></td></tr>"
95,"<tr><th class=""left"" csk=""196812190DLC"" data-stat=""date_game"" scope=""row""><a href=""/boxscores/index.fcgi?month=12&amp;day=19&amp;year=1968"">Thu, Dec 19, 1968</a></th><td class=""left"" csk=""NOB.196812190DLC"" data-stat=""visitor_team_name""><a href=""/teams/NOB/1969.html"">New Orleans Buccaneers</a></td><td class=""right"" data-stat=""visitor_pts"">113</td><td class=""left"" csk=""DLC.196812190DLC"" data-stat=""home_team_name""><a href=""/teams/DLC/1969.html"">Dallas Chaparrals</a></td><td class=""right"" data-stat=""home_pts"">108</td><td class=""center"" data-stat=""box_score_text""><a href=""/boxscores/196812190DLC.html"">Box Score</a></td><td class=""center iz"" data-stat=""overtimes""></td><td class=""right"" data-stat=""attendance"">3,364</td><td class=""left iz"" data-stat=""game_remarks""></td></tr>"
97,"<tr><th class=""left"" csk=""196812200HSM"" data-stat=""date_game"" scope=""row""><a href=""/boxscores/index.fcgi?month=12&amp;day=20&amp;year=1968"">Fri, Dec 20, 1968</a></th><td class=""left"" csk=""MNP.196812200HSM"" data-stat=""visitor_team_name""><a href=""/teams/MNP/1969.html"">Minnesota Pipers</a></td><td class=""right"" data-stat=""visitor_pts"">123</td><td class=""left"" csk=""HSM.196812200HSM"" data-stat=""home_team_name""><a href=""/teams/HSM/1969.html"">Houston Mavericks</a></td><td class=""right"" data-stat=""home_pts"">103</td><td class=""center"" data-stat=""box_score_text""><a href=""/boxscores/196812200HSM.html"">Box Score</a></td><td class=""center iz"" data-stat=""overtimes""></td><td class=""right"" data-stat=""attendance"">950</td><td class=""left iz"" data-stat=""game_remarks""></td></tr>"
99,"<tr><th class=""left"" csk=""196812210OAK"" data-stat=""date_game"" scope=""row""><a href=""/boxscores/index.fcgi?month=12&amp;day=21&amp;year=1968"">Sat, Dec 21, 1968</a></th><td class=""left"" csk=""NOB.196812210OAK"" data-stat=""visitor_team_name""><a href=""/teams/NOB/1969.html"">New Orleans Buccaneers</a></td><td class=""right"" data-stat=""visitor_pts"">124</td><td class=""left"" csk=""OAK.196812210OAK"" data-stat=""home_team_name""><a href=""/teams/OAK/1969.html"">Oakland Oaks</a></td><td class=""right"" data-stat=""home_pts"">144</td><td class=""center"" data-stat=""box_score_text""><a href=""/boxscores/196812210OAK.html"">Box Score</a></td><td class=""center iz"" data-stat=""overtimes""></td><td class=""right"" data-stat=""attendance"">1,573</td><td class=""left iz"" data-stat=""game_remarks""></td></tr>"
101,"<tr><th class=""left"" csk=""196812210MMF"" data-stat=""date_game"" scope=""row""><a href=""/boxscores/index.fcgi?month=12&amp;day=21&amp;year=1968"">Sat, Dec 21, 1968</a></th><td class=""left"" csk=""MNP.196812210MMF"" data-stat=""visitor_team_name""><a href=""/teams/MNP/1969.html"">Minnesota Pipers</a></td><td class=""right"" data-stat=""visitor_pts"">99</td><td class=""left"" csk=""MMF.196812210MMF"" data-stat=""home_team_name""><a href=""/teams/MMF/1969.html"">Miami Floridians</a></td><td class=""right"" data-stat=""home_pts"">103</td><td class=""center"" data-stat=""box_score_text""><a href=""/boxscores/196812210MMF.html"">Box Score</a></td><td class=""center iz"" data-stat=""overtimes""></td><td class=""right"" data-stat=""attendance"">2,285</td><td class=""left iz"" data-stat=""game_remarks""></td></tr>"
103,"<tr><th class=""left"" csk=""196812210LAS"" data-stat=""date_game"" scope=""row""><a href=""/boxscores/index.fcgi?month=12&amp;day=21&amp;year=1968"">Sat, Dec 21, 1968</a></th><td class=""left"" csk=""DNR.196812210LAS"" data-stat=""visitor_team_name""><a href=""/teams/DNR/1969.html"">Denver Rockets</a></td><td class=""right"" data-stat=""visitor_pts"">119</td><td class=""left"" csk=""LAS.196812210LAS"" data-stat=""home_team_name""><a href=""/teams/LAS/1969.html"">Los Angeles Stars</a></td><td class=""right"" data-stat=""home_pts"">124</td><td class=""center"" data-stat=""box_score_text""><a href=""/boxscores/196812210LAS.html"">Box Score</a></td><td class=""center"" data-stat=""overtimes"">OT</td><td class=""right"" data-stat=""attendance"">1,197</td><td class=""left iz"" data-stat=""game_remarks""></td></tr>"
105,"<tr><th class=""left"" csk=""196812210INA"" data-stat=""date_game"" scope=""row""><a href=""/boxscores/index.fcgi?month=12&amp;day=21&amp;year=1968"">Sat, Dec 21, 1968</a></th><td class=""left"" csk=""KEN.196812210INA"" data-stat=""visitor_team_name""><a href=""/teams/KEN/1969.html"">Kentucky Colonels</a></td><td class=""right"" data-stat=""visitor_pts"">97</td><td class=""left"" csk=""INA.196812210INA"" data-stat=""home_team_name""><a href=""/teams/INA/1969.html"">Indiana Pacers</a></td><td class=""right"" data-stat=""home_pts"">114</td><td class=""center"" data-stat=""box_score_text""><a href=""/boxscores/196812210INA.html"">Box Score</a></td><td class=""center iz"" data-stat=""overtimes""></td><td class=""right"" data-stat=""attendance"">4,851</td><td class=""left iz"" data-stat=""game_remarks""></td></tr>"
107,"<tr><th class=""left"" csk=""196812210DLC"" data-stat=""date_game"" scope=""row""><a href=""/boxscores/index.fcgi?month=12&amp;day=21&amp;year=1968"">Sat, Dec 21, 1968</a></th><td class=""left"" csk=""HSM.196812210DLC"" data-stat=""visitor_team_name""><a href=""/teams/HSM/1969.html"">Houston Mavericks</a></td><td class=""right"" data-stat=""visitor_pts"">103</td><td class=""left"" csk=""DLC.196812210DLC"" data-stat=""home_team_name""><a href=""/teams/DLC/1969.html"">Dallas Chaparrals</a></td><td class=""right"" data-stat=""home_pts"">130</td><td class=""center"" data-stat=""box_score_text""><a href=""/boxscores/196812210DLC.html"">Box Score</a></td><td class=""center iz"" data-stat=""overtimes""></td><td class=""right"" data-stat=""attendance"">2,613</td><td class=""left iz"" data-stat=""game_remarks""></td></tr>"
109,"<tr><th class=""left"" csk=""196812220DNR"" data-stat=""date_game"" scope=""row""><a href=""/boxscores/index.fcgi?month=12&amp;day=22&amp;year=1968"">Sun, Dec 22, 1968</a></th><td class=""left"" csk=""NOB.196812220DNR"" data-stat=""visitor_team_name""><a href=""/teams/NOB/1969.html"">New Orleans Buccaneers</a></td><td class=""right"" data-stat=""visitor_pts"">96</td><td class=""left"" csk=""DNR.196812220DNR"" data-stat=""home_team_name""><a href=""/teams/DNR/1969.html"">Denver Rockets</a></td><td class=""right"" data-stat=""home_pts"">122</td><td class=""center"" data-stat=""box_score_text""><a href=""/boxscores/196812220DNR.html"">Box Score</a></td><td class=""center iz"" data-stat=""overtimes""></td><td class=""right"" data-stat=""attendance"">3,854</td><td class=""left iz"" data-stat=""game_remarks""></td></tr>"
111,"<tr><th class=""left"" csk=""196812220HSM"" data-stat=""date_game"" scope=""row""><a href=""/boxscores/index.fcgi?month=12&amp;day=22&amp;year=1968"">Sun, Dec 22, 1968</a></th><td class=""left"" csk=""DLC.196812220HSM"" data-stat=""visitor_team_name""><a href=""/teams/DLC/1969.html"">Dallas Chaparrals</a></td><td class=""right"" data-stat=""visitor_pts"">111</td><td class=""left"" csk=""HSM.196812220HSM"" data-stat=""home_team_name""><a href=""/teams/HSM/1969.html"">Houston Mavericks</a></td><td class=""right"" data-stat=""home_pts"">105</td><td class=""center"" data-stat=""box_score_text""><a href=""/boxscores/196812220HSM.html"">Box Score</a></td><td class=""center iz"" data-stat=""overtimes""></td><td class=""right"" data-stat=""attendance"">1,084</td><td class=""left iz"" data-stat=""game_remarks""></td></tr>"
113,"<tr><th class=""left"" csk=""196812220NYA"" data-stat=""date_game"" scope=""row""><a href=""/boxscores/index.fcgi?month=12&amp;day=22&amp;year=1968"">Sun, Dec 22, 1968</a></th><td class=""left"" csk=""INA.196812220NYA"" data-stat=""visitor_team_name""><a href=""/teams/INA/1969.html"">Indiana Pacers</a></td><td class=""right"" data-stat=""visitor_pts"">125</td><td class=""left"" csk=""NYA.196812220NYA"" data-stat=""home_team_name""><a href=""/teams/NYA/1969.html"">New York Nets</a></td><td class=""right"" data-stat=""home_pts"">110</td><td class=""center"" data-stat=""box_score_text""><a href=""/boxscores/196812220NYA.html"">Box Score</a></td><td class=""center iz"" data-stat=""overtimes""></td><td class=""right"" data-stat=""attendance"">976</td><td class=""left iz"" data-stat=""game_remarks""></td></tr>"
115,"<tr><th class=""left"" csk=""196812230MMF"" data-stat=""date_game"" scope=""row""><a href=""/boxscores/index.fcgi?month=12&amp;day=23&amp;year=1968"">Mon, Dec 23, 1968</a></th><td class=""left"" csk=""INA.196812230MMF"" data-stat=""visitor_team_name""><a href=""/teams/INA/1969.html"">Indiana Pacers</a></td><td class=""right"" data-stat=""visitor_pts"">109</td><td class=""left"" csk=""MMF.196812230MMF"" data-stat=""home_team_name""><a href=""/teams/MMF/1969.html"">Miami Floridians</a></td><td class=""right"" data-stat=""home_pts"">118</td><td class=""center"" data-stat=""box_score_text""><a href=""/boxscores/196812230MMF.html"">Box Score</a></td><td class=""center iz"" data-stat=""overtimes""></td><td class=""right"" data-stat=""attendance"">2,217</td><td class=""left iz"" data-stat=""game_remarks""></td></tr>"
117,"<tr><th class=""left"" csk=""196812230NOB"" data-stat=""date_game"" scope=""row""><a href=""/boxscores/index.fcgi?month=12&amp;day=23&amp;year=1968"">Mon, Dec 23, 1968</a></th><td class=""left"" csk=""HSM.196812230NOB"" data-stat=""visitor_team_name""><a href=""/teams/HSM/1969.html"">Houston Mavericks</a></td><td class=""right"" data-stat=""visitor_pts"">106</td><td class=""left"" csk=""NOB.196812230NOB"" data-stat=""home_team_name""><a href=""/teams/NOB/1969.html"">New Orleans Buccaneers</a></td><td class=""right"" data-stat=""home_pts"">107</td><td class=""center"" data-stat=""box_score_text""><a href=""/boxscores/196812230NOB.html"">Box Score</a></td><td class=""center iz"" data-stat=""overtimes""></td><td class=""right"" data-stat=""attendance"">5,070</td><td class=""left iz"" data-stat=""game_remarks""></td></tr>"
119,"<tr><th class=""left"" csk=""196812250NYA"" data-stat=""date_game"" scope=""row""><a href=""/boxscores/index.fcgi?month=12&amp;day=25&amp;year=1968"">Wed, Dec 25, 1968</a></th><td class=""left"" csk=""DNR.196812250NYA"" data-stat=""visitor_team_name""><a href=""/teams/DNR/1969.html"">Denver Rockets</a></td><td class=""right"" data-stat=""visitor_pts"">129</td><td class=""left"" csk=""NYA.196812250NYA"" data-stat=""home_team_name""><a href=""/teams/NYA/1969.html"">New York Nets</a></td><td class=""right"" data-stat=""home_pts"">110</td><td class=""center"" data-stat=""box_score_text""><a href=""/boxscores/196812250NYA.html"">Box Score</a></td><td class=""center iz"" data-stat=""overtimes""></td><td class=""right"" data-stat=""attendance"">249</td><td class=""left iz"" data-stat=""game_remarks""></td></tr>"
121,"<tr><th class=""left"" csk=""196812250LAS"" data-stat=""date_game"" scope=""row""><a href=""/boxscores/index.fcgi?month=12&amp;day=25&amp;year=1968"">Wed, Dec 25, 1968</a></th><td class=""left"" csk=""OAK.196812250LAS"" data-stat=""visitor_team_name""><a href=""/teams/OAK/1969.html"">Oakland Oaks</a></td><td class=""right"" data-stat=""visitor_pts"">127</td><td class=""left"" csk=""LAS.196812250LAS"" data-stat=""home_team_name""><a href=""/teams/LAS/1969.html"">Los Angeles Stars</a></td><td class=""right"" data-stat=""home_pts"">122</td><td class=""center"" data-stat=""box_score_text""><a href=""/boxscores/196812250LAS.html"">Box Score</a></td><td class=""center iz"" data-stat=""overtimes""></td><td class=""right"" data-stat=""attendance"">820</td><td class=""left iz"" data-stat=""game_remarks""></td></tr>"
123,"<tr><th class=""left"" csk=""196812250KEN"" data-stat=""date_game"" scope=""row""><a href=""/boxscores/index.fcgi?month=12&amp;day=25&amp;year=1968"">Wed, Dec 25, 1968</a></th><td class=""left"" csk=""MNP.196812250KEN"" data-stat=""visitor_team_name""><a href=""/teams/MNP/1969.html"">Minnesota Pipers</a></td><td class=""right"" data-stat=""visitor_pts"">129</td><td class=""left"" csk=""KEN.196812250KEN"" data-stat=""home_team_name""><a href=""/teams/KEN/1969.html"">Kentucky Colonels</a></td><td class=""right"" data-stat=""home_pts"">118</td><td class=""center"" data-stat=""box_score_text""><a href=""/boxscores/196812250KEN.html"">Box Score</a></td><td class=""center iz"" data-stat=""overtimes""></td><td class=""right"" data-stat=""attendance"">3,165</td><td class=""left iz"" data-stat=""game_remarks""></td></tr>"
125,"<tr><th class=""left"" csk=""196812260INA"" data-stat=""date_game"" scope=""row""><a href=""/boxscores/index.fcgi?month=12&amp;day=26&amp;year=1968"">Thu, Dec 26, 1968</a></th><td class=""left"" csk=""MNP.196812260INA"" data-stat=""visitor_team_name""><a href=""/teams/MNP/1969.html"">Minnesota Pipers</a></td><td class=""right"" data-stat=""visitor_pts"">133</td><td class=""left"" csk=""INA.196812260INA"" data-stat=""home_team_name""><a href=""/teams/INA/1969.html"">Indiana Pacers</a></td><td class=""right"" data-stat=""home_pts"">134</td><td class=""center"" data-stat=""box_score_text""><a href=""/boxscores/196812260INA.html"">Box Score</a></td><td class=""center"" data-stat=""overtimes"">OT</td><td class=""right"" data-stat=""attendance"">7,116</td><td class=""left iz"" data-stat=""game_remarks""></td></tr>"
127,"<tr><th class=""left"" csk=""196812260MMF"" data-stat=""date_game"" scope=""row""><a href=""/boxscores/index.fcgi?month=12&amp;day=26&amp;year=1968"">Thu, Dec 26, 1968</a></th><td class=""left"" csk=""HSM.196812260MMF"" data-stat=""visitor_team_name""><a href=""/teams/HSM/1969.html"">Houston Mavericks</a></td><td class=""right"" data-stat=""visitor_pts"">108</td><td class=""left"" csk=""MMF.196812260MMF"" data-stat=""home_team_name""><a href=""/teams/MMF/1969.html"">Miami Floridians</a></td><td class=""right"" data-stat=""home_pts"">111</td><td class=""center"" data-stat=""box_score_text""><a href=""/boxscores/196812260MMF.html"">Box Score</a></td><td class=""center iz"" data-stat=""overtimes""></td><td class=""right"" data-stat=""attendance"">4,909</td><td class=""left iz"" data-stat=""game_remarks""></td></tr>"
129,"<tr><th class=""left"" csk=""196812270NYA"" data-stat=""date_game"" scope=""row""><a href=""/boxscores/index.fcgi?month=12&amp;day=27&amp;year=1968"">Fri, Dec 27, 1968</a></th><td class=""left"" csk=""OAK.196812270NYA"" data-stat=""visitor_team_name""><a href=""/teams/OAK/1969.html"">Oakland Oaks</a></td><td class=""right"" data-stat=""visitor_pts"">131</td><td class=""left"" csk=""NYA.196812270NYA"" data-stat=""home_team_name""><a href=""/teams/NYA/1969.html"">New York Nets</a></td><td class=""right"" data-stat=""home_pts"">116</td><td class=""center"" data-stat=""box_score_text""><a href=""/boxscores/196812270NYA.html"">Box Score</a></td><td class=""center iz"" data-stat=""overtimes""></td><td class=""right"" data-stat=""attendance"">3,814</td><td class=""left iz"" data-stat=""game_remarks""></td></tr>"
131,"<tr><th class=""left"" csk=""196812270NOB"" data-stat=""date_game"" scope=""row""><a href=""/boxscores/index.fcgi?month=12&amp;day=27&amp;year=1968"">Fri, Dec 27, 1968</a></th><td class=""left"" csk=""DLC.196812270NOB"" data-stat=""visitor_team_name""><a href=""/teams/DLC/1969.html"">Dallas Chaparrals</a></td><td class=""right"" data-stat=""visitor_pts"">104</td><td class=""left"" csk=""NOB.196812270NOB"" data-stat=""home_team_name""><a href=""/teams/NOB/1969.html"">New Orleans Buccaneers</a></td><td class=""right"" data-stat=""home_pts"">125</td><td class=""center"" data-stat=""box_score_text""><a href=""/boxscores/196812270NOB.html"">Box Score</a></td><td class=""center iz"" data-stat=""overtimes""></td><td class=""right"" data-stat=""attendance"">2,100</td><td class=""left iz"" data-stat=""game_remarks""></td></tr>"
133,"<tr><th class=""left"" csk=""196812270MNP"" data-stat=""date_game"" scope=""row""><a href=""/boxscores/index.fcgi?month=12&amp;day=27&amp;year=1968"">Fri, Dec 27, 1968</a></th><td class=""left"" csk=""KEN.196812270MNP"" data-stat=""visitor_team_name""><a href=""/teams/KEN/1969.html"">Kentucky Colonels</a></td><td class=""right"" data-stat=""visitor_pts"">106</td><td class=""left"" csk=""MNP.196812270MNP"" data-stat=""home_team_name""><a href=""/teams/MNP/1969.html"">Minnesota Pipers</a></td><td class=""right"" data-stat=""home_pts"">110</td><td class=""center"" data-stat=""box_score_text""><a href=""/boxscores/196812270MNP.html"">Box Score</a></td><td class=""center iz"" data-stat=""overtimes""></td><td class=""right"" data-stat=""attendance"">2,425</td><td class=""left iz"" data-stat=""game_remarks""></td></tr>"
135,"<tr><th class=""left"" csk=""196812280DNR"" data-stat=""date_game"" scope=""row""><a href=""/boxscores/index.fcgi?month=12&amp;day=28&amp;year=1968"">Sat, Dec 28, 1968</a></th><td class=""left"" csk=""LAS.196812280DNR"" data-stat=""visitor_team_name""><a href=""/teams/LAS/1969.html"">Los Angeles Stars</a></td><td class=""right"" data-stat=""visitor_pts"">112</td><td class=""left"" csk=""DNR.196812280DNR"" data-stat=""home_team_name""><a href=""/teams/DNR/1969.html"">Denver Rockets</a></td><td class=""right"" data-stat=""home_pts"">127</td><td class=""center"" data-stat=""box_score_text""><a href=""/boxscores/196812280DNR.html"">Box Score</a></td><td class=""center iz"" data-stat=""overtimes""></td><td class=""right"" data-stat=""attendance"">5,178</td><td class=""left iz"" data-stat=""game_remarks""></td></tr>"
137,"<tr><th class=""left"" csk=""196812280HSM"" data-stat=""date_game"" scope=""row""><a href=""/boxscores/index.fcgi?month=12&amp;day=28&amp;year=1968"">Sat, Dec 28, 1968</a></th><td class=""left"" csk=""NOB.196812280HSM"" data-stat=""visitor_team_name""><a href=""/teams/NOB/1969.html"">New Orleans Buccaneers</a></td><td class=""right"" data-stat=""visitor_pts"">111</td><td class=""left"" csk=""HSM.196812280HSM"" data-stat=""home_team_name""><a href=""/teams/HSM/1969.html"">Houston Mavericks</a></td><td class=""right"" data-stat=""home_pts"">93</td><td class=""center"" data-stat=""box_score_text""><a href=""/boxscores/196812280HSM.html"">Box Score</a></td><td class=""center iz"" data-stat=""overtimes""></td><td class=""right"" data-stat=""attendance"">1,064</td><td class=""left iz"" data-stat=""game_remarks""></td></tr>"
139,"<tr><th class=""left"" csk=""196812280INA"" data-stat=""date_game"" scope=""row""><a href=""/boxscores/index.fcgi?month=12&amp;day=28&amp;year=1968"">Sat, Dec 28, 1968</a></th><td class=""left"" csk=""OAK.196812280INA"" data-stat=""visitor_team_name""><a href=""/teams/OAK/1969.html"">Oakland Oaks</a></td><td class=""right"" data-stat=""visitor_pts"">129</td><td class=""left"" csk=""INA.196812280INA"" data-stat=""home_team_name""><a href=""/teams/INA/1969.html"">Indiana Pacers</a></td><td class=""right"" data-stat=""home_pts"">121</td><td class=""center"" data-stat=""box_score_text""><a href=""/boxscores/196812280INA.html"">Box Score</a></td><td class=""center iz"" data-stat=""overtimes""></td><td class=""right"" data-stat=""attendance"">8,397</td><td class=""left iz"" data-stat=""game_remarks""></td></tr>"
141,"<tr><th class=""left"" csk=""196812290NYA"" data-stat=""date_game"" scope=""row""><a href=""/boxscores/index.fcgi?month=12&amp;day=29&amp;year=1968"">Sun, Dec 29, 1968</a></th><td class=""left"" csk=""KEN.196812290NYA"" data-stat=""visitor_team_name""><a href=""/teams/KEN/1969.html"">Kentucky Colonels</a></td><td class=""right"" data-stat=""visitor_pts"">118</td><td class=""left"" csk=""NYA.196812290NYA"" data-stat=""home_team_name""><a href=""/teams/NYA/1969.html"">New York Nets</a></td><td class=""right"" data-stat=""home_pts"">116</td><td class=""center"" data-stat=""box_score_text""><a href=""/boxscores/196812290NYA.html"">Box Score</a></td><td class=""center"" data-stat=""overtimes"">OT</td><td class=""right"" data-stat=""attendance"">516</td><td class=""left iz"" data-stat=""game_remarks""></td></tr>"
143,"<tr><th class=""left"" csk=""196812290MNP"" data-stat=""date_game"" scope=""row""><a href=""/boxscores/index.fcgi?month=12&amp;day=29&amp;year=1968"">Sun, Dec 29, 1968</a></th><td class=""left"" csk=""OAK.196812290MNP"" data-stat=""visitor_team_name""><a href=""/teams/OAK/1969.html"">Oakland Oaks</a></td><td class=""right"" data-stat=""visitor_pts"">120</td><td class=""left"" csk=""MNP.196812290MNP"" data-stat=""home_team_name""><a href=""/teams/MNP/1969.html"">Minnesota Pipers</a></td><td class=""right"" data-stat=""home_pts"">99</td><td class=""center"" data-stat=""box_score_text""><a href=""/boxscores/196812290MNP.html"">Box Score</a></td><td class=""center iz"" data-stat=""overtimes""></td><td class=""right"" data-stat=""attendance"">3,062</td><td class=""left iz"" data-stat=""game_remarks""></td></tr>"
145,"<tr><th class=""left"" csk=""196812290MMF"" data-stat=""date_game"" scope=""row""><a href=""/boxscores/index.fcgi?month=12&amp;day=29&amp;year=1968"">Sun, Dec 29, 1968</a></th><td class=""left"" csk=""NOB.196812290MMF"" data-stat=""visitor_team_name""><a href=""/teams/NOB/1969.html"">New Orleans Buccaneers</a></td><td class=""right"" data-stat=""visitor_pts"">106</td><td class=""left"" csk=""MMF.196812290MMF"" data-stat=""home_team_name""><a href=""/teams/MMF/1969.html"">Miami Floridians</a></td><td class=""right"" data-stat=""home_pts"">107</td><td class=""center"" data-stat=""box_score_text""><a href=""/boxscores/196812290MMF.html"">Box Score</a></td><td class=""center iz"" data-stat=""overtimes""></td><td class=""right"" data-stat=""attendance"">6,843</td><td class=""left iz"" data-stat=""game_remarks""></td></tr>"
147,"<tr><th class=""left"" csk=""196812290HSM"" data-stat=""date_game"" scope=""row""><a href=""/boxscores/index.fcgi?month=12&amp;day=29&amp;year=1968"">Sun, Dec 29, 1968</a></th><td class=""left"" csk=""LAS.196812290HSM"" data-stat=""visitor_team_name""><a href=""/teams/LAS/1969.html"">Los Angeles Stars</a></td><td class=""right"" data-stat=""visitor_pts"">83</td><td class=""left"" csk=""HSM.196812290HSM"" data-stat=""home_team_name""><a href=""/teams/HSM/1969.html"">Houston Mavericks</a></td><td class=""right"" data-stat=""home_pts"">93</td><td class=""center"" data-stat=""box_score_text""><a href=""/boxscores/196812290HSM.html"">Box Score</a></td><td class=""center iz"" data-stat=""overtimes""></td><td class=""right"" data-stat=""attendance"">472</td><td class=""left iz"" data-stat=""game_remarks""></td></tr>"
149,"<tr><th class=""left"" csk=""196812290DNR"" data-stat=""date_game"" scope=""row""><a href=""/boxscores/index.fcgi?month=12&amp;day=29&amp;year=1968"">Sun, Dec 29, 1968</a></th><td class=""left"" csk=""DLC.196812290DNR"" data-stat=""visitor_team_name""><a href=""/teams/DLC/1969.html"">Dallas Chaparrals</a></td><td class=""right"" data-stat=""visitor_pts"">92</td><td class=""left"" csk=""DNR.196812290DNR"" data-stat=""home_team_name""><a href=""/teams/DNR/1969.html"">Denver Rockets</a></td><td class=""right"" data-stat=""home_pts"">102</td><td class=""center"" data-stat=""box_score_text""><a href=""/boxscores/196812290DNR.html"">Box Score</a></td><td class=""center iz"" data-stat=""overtimes""></td><td class=""right"" data-stat=""attendance"">4,591</td><td class=""left iz"" data-stat=""game_remarks""></td></tr>"
151,"<tr><th class=""left"" csk=""196812300DLC"" data-stat=""date_game"" scope=""row""><a href=""/boxscores/index.fcgi?month=12&amp;day=30&amp;year=1968"">Mon, Dec 30, 1968</a></th><td class=""left"" csk=""LAS.196812300DLC"" data-stat=""visitor_team_name""><a href=""/teams/LAS/1969.html"">Los Angeles Stars</a></td><td class=""right"" data-stat=""visitor_pts"">97</td><td class=""left"" csk=""DLC.196812300DLC"" data-stat=""home_team_name""><a href=""/teams/DLC/1969.html"">Dallas Chaparrals</a></td><td class=""right"" data-stat=""home_pts"">95</td><td class=""center"" data-stat=""box_score_text""><a href=""/boxscores/196812300DLC.html"">Box Score</a></td><td class=""center iz"" data-stat=""overtimes""></td><td class=""right"" data-stat=""attendance"">2,713</td><td class=""left iz"" data-stat=""game_remarks""></td></tr>"
153,"<tr><th class=""left"" csk=""196812300INA"" data-stat=""date_game"" scope=""row""><a href=""/boxscores/index.fcgi?month=12&amp;day=30&amp;year=1968"">Mon, Dec 30, 1968</a></th><td class=""left"" csk=""KEN.196812300INA"" data-stat=""visitor_team_name""><a href=""/teams/KEN/1969.html"">Kentucky Colonels</a></td><td class=""right"" data-stat=""visitor_pts"">93</td><td class=""left"" csk=""INA.196812300INA"" data-stat=""home_team_name""><a href=""/teams/INA/1969.html"">Indiana Pacers</a></td><td class=""right"" data-stat=""home_pts"">110</td><td class=""center"" data-stat=""box_score_text""><a href=""/boxscores/196812300INA.html"">Box Score</a></td><td class=""center iz"" data-stat=""overtimes""></td><td class=""right"" data-stat=""attendance"">4,267</td><td class=""left iz"" data-stat=""game_remarks""></td></tr>"
155,"<tr><th class=""left"" csk=""196812310INA"" data-stat=""date_game"" scope=""row""><a href=""/boxscores/index.fcgi?month=12&amp;day=31&amp;year=1968"">Tue, Dec 31, 1968</a></th><td class=""left"" csk=""NYA.196812310INA"" data-stat=""visitor_team_name""><a href=""/teams/NYA/1969.html"">New York Nets</a></td><td class=""right"" data-stat=""visitor_pts"">105</td><td class=""left"" csk=""INA.196812310INA"" data-stat=""home_team_name""><a href=""/teams/INA/1969.html"">Indiana Pacers</a></td><td class=""right"" data-stat=""home_pts"">123</td><td class=""center"" data-stat=""box_score_text""><a href=""/boxscores/196812310INA.html"">Box Score</a></td><td class=""center iz"" data-stat=""overtimes""></td><td class=""right"" data-stat=""attendance"">3,011</td><td class=""left iz"" data-stat=""game_remarks""></td></tr>"
157,"<tr><th class=""left"" csk=""196812310MNP"" data-stat=""date_game"" scope=""row""><a href=""/boxscores/index.fcgi?month=12&amp;day=31&amp;year=1968"">Tue, Dec 31, 1968</a></th><td class=""left"" csk=""KEN.196812310MNP"" data-stat=""visitor_team_name""><a href=""/teams/KEN/1969.html"">Kentucky Colonels</a></td><td class=""right"" data-stat=""visitor_pts"">117</td><td class=""left"" csk=""MNP.196812310MNP"" data-stat=""home_team_name""><a href=""/teams/MNP/1969.html"">Minnesota Pipers</a></td><td class=""right"" data-stat=""home_pts"">98</td><td class=""center"" data-stat=""box_score_text""><a href=""/boxscores/196812310MNP.html"">Box Score</a></td><td class=""center iz"" data-stat=""overtimes""></td><td class=""right"" data-stat=""attendance"">2,220</td><td class=""left iz"" data-stat=""game_remarks""></td></tr>"
