,0
1,"<tr><th class=""left"" csk=""197501010SDA"" data-stat=""date_game"" scope=""row""><a href=""/boxscores/index.fcgi?month=1&amp;day=1&amp;year=1975"">Wed, Jan 1, 1975</a></th><td class=""left"" csk=""INA.197501010SDA"" data-stat=""visitor_team_name""><a href=""/teams/INA/1975.html"">Indiana Pacers</a></td><td class=""right"" data-stat=""visitor_pts"">100</td><td class=""left"" csk=""SDA.197501010SDA"" data-stat=""home_team_name""><a href=""/teams/SDA/1975.html"">San Diego Conquistadors</a></td><td class=""right"" data-stat=""home_pts"">118</td><td class=""center"" data-stat=""box_score_text""><a href=""/boxscores/197501010SDA.html"">Box Score</a></td><td class=""center iz"" data-stat=""overtimes""></td><td class=""right"" data-stat=""attendance"">2,063</td><td class=""left iz"" data-stat=""game_remarks""></td></tr>"
3,"<tr><th class=""left"" csk=""197501020SAA"" data-stat=""date_game"" scope=""row""><a href=""/boxscores/index.fcgi?month=1&amp;day=2&amp;year=1975"">Thu, Jan 2, 1975</a></th><td class=""left"" csk=""SDA.197501020SAA"" data-stat=""visitor_team_name""><a href=""/teams/SDA/1975.html"">San Diego Conquistadors</a></td><td class=""right"" data-stat=""visitor_pts"">104</td><td class=""left"" csk=""SAA.197501020SAA"" data-stat=""home_team_name""><a href=""/teams/SAA/1975.html"">San Antonio Spurs</a></td><td class=""right"" data-stat=""home_pts"">122</td><td class=""center"" data-stat=""box_score_text""><a href=""/boxscores/197501020SAA.html"">Box Score</a></td><td class=""center iz"" data-stat=""overtimes""></td><td class=""right"" data-stat=""attendance"">6,218</td><td class=""left iz"" data-stat=""game_remarks""></td></tr>"
5,"<tr><th class=""left"" csk=""197501020SSL"" data-stat=""date_game"" scope=""row""><a href=""/boxscores/index.fcgi?month=1&amp;day=2&amp;year=1975"">Thu, Jan 2, 1975</a></th><td class=""left"" csk=""VIR.197501020SSL"" data-stat=""visitor_team_name""><a href=""/teams/VIR/1975.html"">Virginia Squires</a></td><td class=""right"" data-stat=""visitor_pts"">88</td><td class=""left"" csk=""SSL.197501020SSL"" data-stat=""home_team_name""><a href=""/teams/SSL/1975.html"">Spirits of St. Louis</a></td><td class=""right"" data-stat=""home_pts"">112</td><td class=""center"" data-stat=""box_score_text""><a href=""/boxscores/197501020SSL.html"">Box Score</a></td><td class=""center iz"" data-stat=""overtimes""></td><td class=""right"" data-stat=""attendance"">2,647</td><td class=""left iz"" data-stat=""game_remarks""></td></tr>"
7,"<tr><th class=""left"" csk=""197501020UTS"" data-stat=""date_game"" scope=""row""><a href=""/boxscores/index.fcgi?month=1&amp;day=2&amp;year=1975"">Thu, Jan 2, 1975</a></th><td class=""left"" csk=""MMS.197501020UTS"" data-stat=""visitor_team_name""><a href=""/teams/MMS/1975.html"">Memphis Sounds</a></td><td class=""right"" data-stat=""visitor_pts"">95</td><td class=""left"" csk=""UTS.197501020UTS"" data-stat=""home_team_name""><a href=""/teams/UTS/1975.html"">Utah Stars</a></td><td class=""right"" data-stat=""home_pts"">88</td><td class=""center"" data-stat=""box_score_text""><a href=""/boxscores/197501020UTS.html"">Box Score</a></td><td class=""center iz"" data-stat=""overtimes""></td><td class=""right"" data-stat=""attendance"">8,174</td><td class=""left iz"" data-stat=""game_remarks""></td></tr>"
9,"<tr><th class=""left"" csk=""197501030DNA"" data-stat=""date_game"" scope=""row""><a href=""/boxscores/index.fcgi?month=1&amp;day=3&amp;year=1975"">Fri, Jan 3, 1975</a></th><td class=""left"" csk=""INA.197501030DNA"" data-stat=""visitor_team_name""><a href=""/teams/INA/1975.html"">Indiana Pacers</a></td><td class=""right"" data-stat=""visitor_pts"">111</td><td class=""left"" csk=""DNA.197501030DNA"" data-stat=""home_team_name""><a href=""/teams/DNA/1975.html"">Denver Nuggets</a></td><td class=""right"" data-stat=""home_pts"">120</td><td class=""center"" data-stat=""box_score_text""><a href=""/boxscores/197501030DNA.html"">Box Score</a></td><td class=""center iz"" data-stat=""overtimes""></td><td class=""right"" data-stat=""attendance"">7,403</td><td class=""left iz"" data-stat=""game_remarks""></td></tr>"
11,"<tr><th class=""left"" csk=""197501030KEN"" data-stat=""date_game"" scope=""row""><a href=""/boxscores/index.fcgi?month=1&amp;day=3&amp;year=1975"">Fri, Jan 3, 1975</a></th><td class=""left"" csk=""VIR.197501030KEN"" data-stat=""visitor_team_name""><a href=""/teams/VIR/1975.html"">Virginia Squires</a></td><td class=""right"" data-stat=""visitor_pts"">79</td><td class=""left"" csk=""KEN.197501030KEN"" data-stat=""home_team_name""><a href=""/teams/KEN/1975.html"">Kentucky Colonels</a></td><td class=""right"" data-stat=""home_pts"">113</td><td class=""center"" data-stat=""box_score_text""><a href=""/boxscores/197501030KEN.html"">Box Score</a></td><td class=""center iz"" data-stat=""overtimes""></td><td class=""right"" data-stat=""attendance"">7,945</td><td class=""left iz"" data-stat=""game_remarks""></td></tr>"
13,"<tr><th class=""left"" csk=""197501030NYA"" data-stat=""date_game"" scope=""row""><a href=""/boxscores/index.fcgi?month=1&amp;day=3&amp;year=1975"">Fri, Jan 3, 1975</a></th><td class=""left"" csk=""SSL.197501030NYA"" data-stat=""visitor_team_name""><a href=""/teams/SSL/1975.html"">Spirits of St. Louis</a></td><td class=""right"" data-stat=""visitor_pts"">113</td><td class=""left"" csk=""NYA.197501030NYA"" data-stat=""home_team_name""><a href=""/teams/NYA/1975.html"">New York Nets</a></td><td class=""right"" data-stat=""home_pts"">130</td><td class=""center"" data-stat=""box_score_text""><a href=""/boxscores/197501030NYA.html"">Box Score</a></td><td class=""center iz"" data-stat=""overtimes""></td><td class=""right"" data-stat=""attendance"">8,073</td><td class=""left iz"" data-stat=""game_remarks""></td></tr>"
15,"<tr><th class=""left"" csk=""197501040VIR"" data-stat=""date_game"" scope=""row""><a href=""/boxscores/index.fcgi?month=1&amp;day=4&amp;year=1975"">Sat, Jan 4, 1975</a></th><td class=""left"" csk=""NYA.197501040VIR"" data-stat=""visitor_team_name""><a href=""/teams/NYA/1975.html"">New York Nets</a></td><td class=""right"" data-stat=""visitor_pts"">112</td><td class=""left"" csk=""VIR.197501040VIR"" data-stat=""home_team_name""><a href=""/teams/VIR/1975.html"">Virginia Squires</a></td><td class=""right"" data-stat=""home_pts"">92</td><td class=""center"" data-stat=""box_score_text""><a href=""/boxscores/197501040VIR.html"">Box Score</a></td><td class=""center iz"" data-stat=""overtimes""></td><td class=""right"" data-stat=""attendance"">3,901</td><td class=""left"" data-stat=""game_remarks"">at Hampton, VA</td></tr>"
17,"<tr><th class=""left"" csk=""197501040UTS"" data-stat=""date_game"" scope=""row""><a href=""/boxscores/index.fcgi?month=1&amp;day=4&amp;year=1975"">Sat, Jan 4, 1975</a></th><td class=""left"" csk=""INA.197501040UTS"" data-stat=""visitor_team_name""><a href=""/teams/INA/1975.html"">Indiana Pacers</a></td><td class=""right"" data-stat=""visitor_pts"">108</td><td class=""left"" csk=""UTS.197501040UTS"" data-stat=""home_team_name""><a href=""/teams/UTS/1975.html"">Utah Stars</a></td><td class=""right"" data-stat=""home_pts"">115</td><td class=""center"" data-stat=""box_score_text""><a href=""/boxscores/197501040UTS.html"">Box Score</a></td><td class=""center iz"" data-stat=""overtimes""></td><td class=""right"" data-stat=""attendance"">6,584</td><td class=""left iz"" data-stat=""game_remarks""></td></tr>"
19,"<tr><th class=""left"" csk=""197501040SDA"" data-stat=""date_game"" scope=""row""><a href=""/boxscores/index.fcgi?month=1&amp;day=4&amp;year=1975"">Sat, Jan 4, 1975</a></th><td class=""left"" csk=""MMS.197501040SDA"" data-stat=""visitor_team_name""><a href=""/teams/MMS/1975.html"">Memphis Sounds</a></td><td class=""right"" data-stat=""visitor_pts"">118</td><td class=""left"" csk=""SDA.197501040SDA"" data-stat=""home_team_name""><a href=""/teams/SDA/1975.html"">San Diego Conquistadors</a></td><td class=""right"" data-stat=""home_pts"">143</td><td class=""center"" data-stat=""box_score_text""><a href=""/boxscores/197501040SDA.html"">Box Score</a></td><td class=""center iz"" data-stat=""overtimes""></td><td class=""right"" data-stat=""attendance"">1,897</td><td class=""left iz"" data-stat=""game_remarks""></td></tr>"
21,"<tr><th class=""left"" csk=""197501040KEN"" data-stat=""date_game"" scope=""row""><a href=""/boxscores/index.fcgi?month=1&amp;day=4&amp;year=1975"">Sat, Jan 4, 1975</a></th><td class=""left"" csk=""SAA.197501040KEN"" data-stat=""visitor_team_name""><a href=""/teams/SAA/1975.html"">San Antonio Spurs</a></td><td class=""right"" data-stat=""visitor_pts"">111</td><td class=""left"" csk=""KEN.197501040KEN"" data-stat=""home_team_name""><a href=""/teams/KEN/1975.html"">Kentucky Colonels</a></td><td class=""right"" data-stat=""home_pts"">125</td><td class=""center"" data-stat=""box_score_text""><a href=""/boxscores/197501040KEN.html"">Box Score</a></td><td class=""center iz"" data-stat=""overtimes""></td><td class=""right"" data-stat=""attendance"">10,268</td><td class=""left iz"" data-stat=""game_remarks""></td></tr>"
23,"<tr><th class=""left"" csk=""197501050DNA"" data-stat=""date_game"" scope=""row""><a href=""/boxscores/index.fcgi?month=1&amp;day=5&amp;year=1975"">Sun, Jan 5, 1975</a></th><td class=""left"" csk=""UTS.197501050DNA"" data-stat=""visitor_team_name""><a href=""/teams/UTS/1975.html"">Utah Stars</a></td><td class=""right"" data-stat=""visitor_pts"">93</td><td class=""left"" csk=""DNA.197501050DNA"" data-stat=""home_team_name""><a href=""/teams/DNA/1975.html"">Denver Nuggets</a></td><td class=""right"" data-stat=""home_pts"">110</td><td class=""center"" data-stat=""box_score_text""><a href=""/boxscores/197501050DNA.html"">Box Score</a></td><td class=""center iz"" data-stat=""overtimes""></td><td class=""right"" data-stat=""attendance"">6,901</td><td class=""left iz"" data-stat=""game_remarks""></td></tr>"
25,"<tr><th class=""left"" csk=""197501050MMS"" data-stat=""date_game"" scope=""row""><a href=""/boxscores/index.fcgi?month=1&amp;day=5&amp;year=1975"">Sun, Jan 5, 1975</a></th><td class=""left"" csk=""INA.197501050MMS"" data-stat=""visitor_team_name""><a href=""/teams/INA/1975.html"">Indiana Pacers</a></td><td class=""right"" data-stat=""visitor_pts"">108</td><td class=""left"" csk=""MMS.197501050MMS"" data-stat=""home_team_name""><a href=""/teams/MMS/1975.html"">Memphis Sounds</a></td><td class=""right"" data-stat=""home_pts"">99</td><td class=""center"" data-stat=""box_score_text""><a href=""/boxscores/197501050MMS.html"">Box Score</a></td><td class=""center iz"" data-stat=""overtimes""></td><td class=""right"" data-stat=""attendance"">2,255</td><td class=""left iz"" data-stat=""game_remarks""></td></tr>"
27,"<tr><th class=""left"" csk=""197501050NYA"" data-stat=""date_game"" scope=""row""><a href=""/boxscores/index.fcgi?month=1&amp;day=5&amp;year=1975"">Sun, Jan 5, 1975</a></th><td class=""left"" csk=""VIR.197501050NYA"" data-stat=""visitor_team_name""><a href=""/teams/VIR/1975.html"">Virginia Squires</a></td><td class=""right"" data-stat=""visitor_pts"">95</td><td class=""left"" csk=""NYA.197501050NYA"" data-stat=""home_team_name""><a href=""/teams/NYA/1975.html"">New York Nets</a></td><td class=""right"" data-stat=""home_pts"">100</td><td class=""center"" data-stat=""box_score_text""><a href=""/boxscores/197501050NYA.html"">Box Score</a></td><td class=""center iz"" data-stat=""overtimes""></td><td class=""right"" data-stat=""attendance"">7,996</td><td class=""left iz"" data-stat=""game_remarks""></td></tr>"
29,"<tr><th class=""left"" csk=""197501050SDA"" data-stat=""date_game"" scope=""row""><a href=""/boxscores/index.fcgi?month=1&amp;day=5&amp;year=1975"">Sun, Jan 5, 1975</a></th><td class=""left"" csk=""SAA.197501050SDA"" data-stat=""visitor_team_name""><a href=""/teams/SAA/1975.html"">San Antonio Spurs</a></td><td class=""right"" data-stat=""visitor_pts"">134</td><td class=""left"" csk=""SDA.197501050SDA"" data-stat=""home_team_name""><a href=""/teams/SDA/1975.html"">San Diego Conquistadors</a></td><td class=""right"" data-stat=""home_pts"">116</td><td class=""center"" data-stat=""box_score_text""><a href=""/boxscores/197501050SDA.html"">Box Score</a></td><td class=""center iz"" data-stat=""overtimes""></td><td class=""right"" data-stat=""attendance"">1,589</td><td class=""left iz"" data-stat=""game_remarks""></td></tr>"
31,"<tr><th class=""left"" csk=""197501050SSL"" data-stat=""date_game"" scope=""row""><a href=""/boxscores/index.fcgi?month=1&amp;day=5&amp;year=1975"">Sun, Jan 5, 1975</a></th><td class=""left"" csk=""KEN.197501050SSL"" data-stat=""visitor_team_name""><a href=""/teams/KEN/1975.html"">Kentucky Colonels</a></td><td class=""right"" data-stat=""visitor_pts"">106</td><td class=""left"" csk=""SSL.197501050SSL"" data-stat=""home_team_name""><a href=""/teams/SSL/1975.html"">Spirits of St. Louis</a></td><td class=""right"" data-stat=""home_pts"">109</td><td class=""center"" data-stat=""box_score_text""><a href=""/boxscores/197501050SSL.html"">Box Score</a></td><td class=""center iz"" data-stat=""overtimes""></td><td class=""right"" data-stat=""attendance"">4,516</td><td class=""left iz"" data-stat=""game_remarks""></td></tr>"
33,"<tr><th class=""left"" csk=""197501060UTS"" data-stat=""date_game"" scope=""row""><a href=""/boxscores/index.fcgi?month=1&amp;day=6&amp;year=1975"">Mon, Jan 6, 1975</a></th><td class=""left"" csk=""SAA.197501060UTS"" data-stat=""visitor_team_name""><a href=""/teams/SAA/1975.html"">San Antonio Spurs</a></td><td class=""right"" data-stat=""visitor_pts"">113</td><td class=""left"" csk=""UTS.197501060UTS"" data-stat=""home_team_name""><a href=""/teams/UTS/1975.html"">Utah Stars</a></td><td class=""right"" data-stat=""home_pts"">92</td><td class=""center"" data-stat=""box_score_text""><a href=""/boxscores/197501060UTS.html"">Box Score</a></td><td class=""center iz"" data-stat=""overtimes""></td><td class=""right"" data-stat=""attendance"">5,570</td><td class=""left iz"" data-stat=""game_remarks""></td></tr>"
35,"<tr><th class=""left"" csk=""197501070MMS"" data-stat=""date_game"" scope=""row""><a href=""/boxscores/index.fcgi?month=1&amp;day=7&amp;year=1975"">Tue, Jan 7, 1975</a></th><td class=""left"" csk=""SSL.197501070MMS"" data-stat=""visitor_team_name""><a href=""/teams/SSL/1975.html"">Spirits of St. Louis</a></td><td class=""right"" data-stat=""visitor_pts"">110</td><td class=""left"" csk=""MMS.197501070MMS"" data-stat=""home_team_name""><a href=""/teams/MMS/1975.html"">Memphis Sounds</a></td><td class=""right"" data-stat=""home_pts"">118</td><td class=""center"" data-stat=""box_score_text""><a href=""/boxscores/197501070MMS.html"">Box Score</a></td><td class=""center iz"" data-stat=""overtimes""></td><td class=""right"" data-stat=""attendance"">1,982</td><td class=""left iz"" data-stat=""game_remarks""></td></tr>"
37,"<tr><th class=""left"" csk=""197501080DNA"" data-stat=""date_game"" scope=""row""><a href=""/boxscores/index.fcgi?month=1&amp;day=8&amp;year=1975"">Wed, Jan 8, 1975</a></th><td class=""left"" csk=""SAA.197501080DNA"" data-stat=""visitor_team_name""><a href=""/teams/SAA/1975.html"">San Antonio Spurs</a></td><td class=""right"" data-stat=""visitor_pts"">128</td><td class=""left"" csk=""DNA.197501080DNA"" data-stat=""home_team_name""><a href=""/teams/DNA/1975.html"">Denver Nuggets</a></td><td class=""right"" data-stat=""home_pts"">130</td><td class=""center"" data-stat=""box_score_text""><a href=""/boxscores/197501080DNA.html"">Box Score</a></td><td class=""center iz"" data-stat=""overtimes""></td><td class=""right"" data-stat=""attendance"">6,881</td><td class=""left iz"" data-stat=""game_remarks""></td></tr>"
39,"<tr><th class=""left"" csk=""197501080KEN"" data-stat=""date_game"" scope=""row""><a href=""/boxscores/index.fcgi?month=1&amp;day=8&amp;year=1975"">Wed, Jan 8, 1975</a></th><td class=""left"" csk=""VIR.197501080KEN"" data-stat=""visitor_team_name""><a href=""/teams/VIR/1975.html"">Virginia Squires</a></td><td class=""right"" data-stat=""visitor_pts"">96</td><td class=""left"" csk=""KEN.197501080KEN"" data-stat=""home_team_name""><a href=""/teams/KEN/1975.html"">Kentucky Colonels</a></td><td class=""right"" data-stat=""home_pts"">113</td><td class=""center"" data-stat=""box_score_text""><a href=""/boxscores/197501080KEN.html"">Box Score</a></td><td class=""center iz"" data-stat=""overtimes""></td><td class=""right"" data-stat=""attendance"">14,203</td><td class=""left iz"" data-stat=""game_remarks""></td></tr>"
41,"<tr><th class=""left"" csk=""197501080NYA"" data-stat=""date_game"" scope=""row""><a href=""/boxscores/index.fcgi?month=1&amp;day=8&amp;year=1975"">Wed, Jan 8, 1975</a></th><td class=""left"" csk=""INA.197501080NYA"" data-stat=""visitor_team_name""><a href=""/teams/INA/1975.html"">Indiana Pacers</a></td><td class=""right"" data-stat=""visitor_pts"">127</td><td class=""left"" csk=""NYA.197501080NYA"" data-stat=""home_team_name""><a href=""/teams/NYA/1975.html"">New York Nets</a></td><td class=""right"" data-stat=""home_pts"">119</td><td class=""center"" data-stat=""box_score_text""><a href=""/boxscores/197501080NYA.html"">Box Score</a></td><td class=""center iz"" data-stat=""overtimes""></td><td class=""right"" data-stat=""attendance"">9,149</td><td class=""left iz"" data-stat=""game_remarks""></td></tr>"
43,"<tr><th class=""left"" csk=""197501080SDA"" data-stat=""date_game"" scope=""row""><a href=""/boxscores/index.fcgi?month=1&amp;day=8&amp;year=1975"">Wed, Jan 8, 1975</a></th><td class=""left"" csk=""UTS.197501080SDA"" data-stat=""visitor_team_name""><a href=""/teams/UTS/1975.html"">Utah Stars</a></td><td class=""right"" data-stat=""visitor_pts"">113</td><td class=""left"" csk=""SDA.197501080SDA"" data-stat=""home_team_name""><a href=""/teams/SDA/1975.html"">San Diego Conquistadors</a></td><td class=""right"" data-stat=""home_pts"">122</td><td class=""center"" data-stat=""box_score_text""><a href=""/boxscores/197501080SDA.html"">Box Score</a></td><td class=""center iz"" data-stat=""overtimes""></td><td class=""right"" data-stat=""attendance"">1,766</td><td class=""left iz"" data-stat=""game_remarks""></td></tr>"
45,"<tr><th class=""left"" csk=""197501080SSL"" data-stat=""date_game"" scope=""row""><a href=""/boxscores/index.fcgi?month=1&amp;day=8&amp;year=1975"">Wed, Jan 8, 1975</a></th><td class=""left"" csk=""MMS.197501080SSL"" data-stat=""visitor_team_name""><a href=""/teams/MMS/1975.html"">Memphis Sounds</a></td><td class=""right"" data-stat=""visitor_pts"">105</td><td class=""left"" csk=""SSL.197501080SSL"" data-stat=""home_team_name""><a href=""/teams/SSL/1975.html"">Spirits of St. Louis</a></td><td class=""right"" data-stat=""home_pts"">111</td><td class=""center"" data-stat=""box_score_text""><a href=""/boxscores/197501080SSL.html"">Box Score</a></td><td class=""center"" data-stat=""overtimes"">OT</td><td class=""right"" data-stat=""attendance"">2,593</td><td class=""left iz"" data-stat=""game_remarks""></td></tr>"
47,"<tr><th class=""left"" csk=""197501090MMS"" data-stat=""date_game"" scope=""row""><a href=""/boxscores/index.fcgi?month=1&amp;day=9&amp;year=1975"">Thu, Jan 9, 1975</a></th><td class=""left"" csk=""INA.197501090MMS"" data-stat=""visitor_team_name""><a href=""/teams/INA/1975.html"">Indiana Pacers</a></td><td class=""right"" data-stat=""visitor_pts"">122</td><td class=""left"" csk=""MMS.197501090MMS"" data-stat=""home_team_name""><a href=""/teams/MMS/1975.html"">Memphis Sounds</a></td><td class=""right"" data-stat=""home_pts"">112</td><td class=""center"" data-stat=""box_score_text""><a href=""/boxscores/197501090MMS.html"">Box Score</a></td><td class=""center iz"" data-stat=""overtimes""></td><td class=""right"" data-stat=""attendance"">2,058</td><td class=""left iz"" data-stat=""game_remarks""></td></tr>"
49,"<tr><th class=""left"" csk=""197501090SSL"" data-stat=""date_game"" scope=""row""><a href=""/boxscores/index.fcgi?month=1&amp;day=9&amp;year=1975"">Thu, Jan 9, 1975</a></th><td class=""left"" csk=""KEN.197501090SSL"" data-stat=""visitor_team_name""><a href=""/teams/KEN/1975.html"">Kentucky Colonels</a></td><td class=""right"" data-stat=""visitor_pts"">123</td><td class=""left"" csk=""SSL.197501090SSL"" data-stat=""home_team_name""><a href=""/teams/SSL/1975.html"">Spirits of St. Louis</a></td><td class=""right"" data-stat=""home_pts"">116</td><td class=""center"" data-stat=""box_score_text""><a href=""/boxscores/197501090SSL.html"">Box Score</a></td><td class=""center iz"" data-stat=""overtimes""></td><td class=""right"" data-stat=""attendance"">3,475</td><td class=""left iz"" data-stat=""game_remarks""></td></tr>"
51,"<tr><th class=""left"" csk=""197501100VIR"" data-stat=""date_game"" scope=""row""><a href=""/boxscores/index.fcgi?month=1&amp;day=10&amp;year=1975"">Fri, Jan 10, 1975</a></th><td class=""left"" csk=""DNA.197501100VIR"" data-stat=""visitor_team_name""><a href=""/teams/DNA/1975.html"">Denver Nuggets</a></td><td class=""right"" data-stat=""visitor_pts"">109</td><td class=""left"" csk=""VIR.197501100VIR"" data-stat=""home_team_name""><a href=""/teams/VIR/1975.html"">Virginia Squires</a></td><td class=""right"" data-stat=""home_pts"">106</td><td class=""center"" data-stat=""box_score_text""><a href=""/boxscores/197501100VIR.html"">Box Score</a></td><td class=""center"" data-stat=""overtimes"">OT</td><td class=""right"" data-stat=""attendance"">6,176</td><td class=""left"" data-stat=""game_remarks"">at Norfolk, VA</td></tr>"
53,"<tr><th class=""left"" csk=""197501100NYA"" data-stat=""date_game"" scope=""row""><a href=""/boxscores/index.fcgi?month=1&amp;day=10&amp;year=1975"">Fri, Jan 10, 1975</a></th><td class=""left"" csk=""SDA.197501100NYA"" data-stat=""visitor_team_name""><a href=""/teams/SDA/1975.html"">San Diego Conquistadors</a></td><td class=""right"" data-stat=""visitor_pts"">98</td><td class=""left"" csk=""NYA.197501100NYA"" data-stat=""home_team_name""><a href=""/teams/NYA/1975.html"">New York Nets</a></td><td class=""right"" data-stat=""home_pts"">112</td><td class=""center"" data-stat=""box_score_text""><a href=""/boxscores/197501100NYA.html"">Box Score</a></td><td class=""center iz"" data-stat=""overtimes""></td><td class=""right"" data-stat=""attendance"">7,348</td><td class=""left iz"" data-stat=""game_remarks""></td></tr>"
55,"<tr><th class=""left"" csk=""197501110INA"" data-stat=""date_game"" scope=""row""><a href=""/boxscores/index.fcgi?month=1&amp;day=11&amp;year=1975"">Sat, Jan 11, 1975</a></th><td class=""left"" csk=""SDA.197501110INA"" data-stat=""visitor_team_name""><a href=""/teams/SDA/1975.html"">San Diego Conquistadors</a></td><td class=""right"" data-stat=""visitor_pts"">121</td><td class=""left"" csk=""INA.197501110INA"" data-stat=""home_team_name""><a href=""/teams/INA/1975.html"">Indiana Pacers</a></td><td class=""right"" data-stat=""home_pts"">119</td><td class=""center"" data-stat=""box_score_text""><a href=""/boxscores/197501110INA.html"">Box Score</a></td><td class=""center iz"" data-stat=""overtimes""></td><td class=""right"" data-stat=""attendance"">9,874</td><td class=""left iz"" data-stat=""game_remarks""></td></tr>"
57,"<tr><th class=""left"" csk=""197501110SAA"" data-stat=""date_game"" scope=""row""><a href=""/boxscores/index.fcgi?month=1&amp;day=11&amp;year=1975"">Sat, Jan 11, 1975</a></th><td class=""left"" csk=""DNA.197501110SAA"" data-stat=""visitor_team_name""><a href=""/teams/DNA/1975.html"">Denver Nuggets</a></td><td class=""right"" data-stat=""visitor_pts"">108</td><td class=""left"" csk=""SAA.197501110SAA"" data-stat=""home_team_name""><a href=""/teams/SAA/1975.html"">San Antonio Spurs</a></td><td class=""right"" data-stat=""home_pts"">130</td><td class=""center"" data-stat=""box_score_text""><a href=""/boxscores/197501110SAA.html"">Box Score</a></td><td class=""center iz"" data-stat=""overtimes""></td><td class=""right"" data-stat=""attendance"">11,196</td><td class=""left iz"" data-stat=""game_remarks""></td></tr>"
59,"<tr><th class=""left"" csk=""197501110UTS"" data-stat=""date_game"" scope=""row""><a href=""/boxscores/index.fcgi?month=1&amp;day=11&amp;year=1975"">Sat, Jan 11, 1975</a></th><td class=""left"" csk=""KEN.197501110UTS"" data-stat=""visitor_team_name""><a href=""/teams/KEN/1975.html"">Kentucky Colonels</a></td><td class=""right"" data-stat=""visitor_pts"">95</td><td class=""left"" csk=""UTS.197501110UTS"" data-stat=""home_team_name""><a href=""/teams/UTS/1975.html"">Utah Stars</a></td><td class=""right"" data-stat=""home_pts"">89</td><td class=""center"" data-stat=""box_score_text""><a href=""/boxscores/197501110UTS.html"">Box Score</a></td><td class=""center iz"" data-stat=""overtimes""></td><td class=""right"" data-stat=""attendance"">6,553</td><td class=""left iz"" data-stat=""game_remarks""></td></tr>"
61,"<tr><th class=""left"" csk=""197501120MMS"" data-stat=""date_game"" scope=""row""><a href=""/boxscores/index.fcgi?month=1&amp;day=12&amp;year=1975"">Sun, Jan 12, 1975</a></th><td class=""left"" csk=""SDA.197501120MMS"" data-stat=""visitor_team_name""><a href=""/teams/SDA/1975.html"">San Diego Conquistadors</a></td><td class=""right"" data-stat=""visitor_pts"">110</td><td class=""left"" csk=""MMS.197501120MMS"" data-stat=""home_team_name""><a href=""/teams/MMS/1975.html"">Memphis Sounds</a></td><td class=""right"" data-stat=""home_pts"">107</td><td class=""center"" data-stat=""box_score_text""><a href=""/boxscores/197501120MMS.html"">Box Score</a></td><td class=""center iz"" data-stat=""overtimes""></td><td class=""right"" data-stat=""attendance"">1,706</td><td class=""left iz"" data-stat=""game_remarks""></td></tr>"
63,"<tr><th class=""left"" csk=""197501130VIR"" data-stat=""date_game"" scope=""row""><a href=""/boxscores/index.fcgi?month=1&amp;day=13&amp;year=1975"">Mon, Jan 13, 1975</a></th><td class=""left"" csk=""INA.197501130VIR"" data-stat=""visitor_team_name""><a href=""/teams/INA/1975.html"">Indiana Pacers</a></td><td class=""right"" data-stat=""visitor_pts"">105</td><td class=""left"" csk=""VIR.197501130VIR"" data-stat=""home_team_name""><a href=""/teams/VIR/1975.html"">Virginia Squires</a></td><td class=""right"" data-stat=""home_pts"">88</td><td class=""center"" data-stat=""box_score_text""><a href=""/boxscores/197501130VIR.html"">Box Score</a></td><td class=""center iz"" data-stat=""overtimes""></td><td class=""right"" data-stat=""attendance"">3,238</td><td class=""left"" data-stat=""game_remarks"">at Hampton, VA</td></tr>"
65,"<tr><th class=""left"" csk=""197501140DNA"" data-stat=""date_game"" scope=""row""><a href=""/boxscores/index.fcgi?month=1&amp;day=14&amp;year=1975"">Tue, Jan 14, 1975</a></th><td class=""left"" csk=""KEN.197501140DNA"" data-stat=""visitor_team_name""><a href=""/teams/KEN/1975.html"">Kentucky Colonels</a></td><td class=""right"" data-stat=""visitor_pts"">99</td><td class=""left"" csk=""DNA.197501140DNA"" data-stat=""home_team_name""><a href=""/teams/DNA/1975.html"">Denver Nuggets</a></td><td class=""right"" data-stat=""home_pts"">118</td><td class=""center"" data-stat=""box_score_text""><a href=""/boxscores/197501140DNA.html"">Box Score</a></td><td class=""center iz"" data-stat=""overtimes""></td><td class=""right"" data-stat=""attendance"">7,428</td><td class=""left iz"" data-stat=""game_remarks""></td></tr>"
67,"<tr><th class=""left"" csk=""197501150VIR"" data-stat=""date_game"" scope=""row""><a href=""/boxscores/index.fcgi?month=1&amp;day=15&amp;year=1975"">Wed, Jan 15, 1975</a></th><td class=""left"" csk=""KEN.197501150VIR"" data-stat=""visitor_team_name""><a href=""/teams/KEN/1975.html"">Kentucky Colonels</a></td><td class=""right"" data-stat=""visitor_pts"">108</td><td class=""left"" csk=""VIR.197501150VIR"" data-stat=""home_team_name""><a href=""/teams/VIR/1975.html"">Virginia Squires</a></td><td class=""right"" data-stat=""home_pts"">102</td><td class=""center"" data-stat=""box_score_text""><a href=""/boxscores/197501150VIR.html"">Box Score</a></td><td class=""center iz"" data-stat=""overtimes""></td><td class=""right"" data-stat=""attendance"">4,885</td><td class=""left"" data-stat=""game_remarks"">at Norfolk, VA</td></tr>"
69,"<tr><th class=""left"" csk=""197501150SDA"" data-stat=""date_game"" scope=""row""><a href=""/boxscores/index.fcgi?month=1&amp;day=15&amp;year=1975"">Wed, Jan 15, 1975</a></th><td class=""left"" csk=""DNA.197501150SDA"" data-stat=""visitor_team_name""><a href=""/teams/DNA/1975.html"">Denver Nuggets</a></td><td class=""right"" data-stat=""visitor_pts"">109</td><td class=""left"" csk=""SDA.197501150SDA"" data-stat=""home_team_name""><a href=""/teams/SDA/1975.html"">San Diego Conquistadors</a></td><td class=""right"" data-stat=""home_pts"">121</td><td class=""center"" data-stat=""box_score_text""><a href=""/boxscores/197501150SDA.html"">Box Score</a></td><td class=""center iz"" data-stat=""overtimes""></td><td class=""right"" data-stat=""attendance"">4,106</td><td class=""left iz"" data-stat=""game_remarks""></td></tr>"
71,"<tr><th class=""left"" csk=""197501150SAA"" data-stat=""date_game"" scope=""row""><a href=""/boxscores/index.fcgi?month=1&amp;day=15&amp;year=1975"">Wed, Jan 15, 1975</a></th><td class=""left"" csk=""UTS.197501150SAA"" data-stat=""visitor_team_name""><a href=""/teams/UTS/1975.html"">Utah Stars</a></td><td class=""right"" data-stat=""visitor_pts"">91</td><td class=""left"" csk=""SAA.197501150SAA"" data-stat=""home_team_name""><a href=""/teams/SAA/1975.html"">San Antonio Spurs</a></td><td class=""right"" data-stat=""home_pts"">96</td><td class=""center"" data-stat=""box_score_text""><a href=""/boxscores/197501150SAA.html"">Box Score</a></td><td class=""center iz"" data-stat=""overtimes""></td><td class=""right"" data-stat=""attendance"">9,156</td><td class=""left iz"" data-stat=""game_remarks""></td></tr>"
73,"<tr><th class=""left"" csk=""197501150MMS"" data-stat=""date_game"" scope=""row""><a href=""/boxscores/index.fcgi?month=1&amp;day=15&amp;year=1975"">Wed, Jan 15, 1975</a></th><td class=""left"" csk=""SSL.197501150MMS"" data-stat=""visitor_team_name""><a href=""/teams/SSL/1975.html"">Spirits of St. Louis</a></td><td class=""right"" data-stat=""visitor_pts"">104</td><td class=""left"" csk=""MMS.197501150MMS"" data-stat=""home_team_name""><a href=""/teams/MMS/1975.html"">Memphis Sounds</a></td><td class=""right"" data-stat=""home_pts"">99</td><td class=""center"" data-stat=""box_score_text""><a href=""/boxscores/197501150MMS.html"">Box Score</a></td><td class=""center iz"" data-stat=""overtimes""></td><td class=""right"" data-stat=""attendance"">2,248</td><td class=""left iz"" data-stat=""game_remarks""></td></tr>"
75,"<tr><th class=""left"" csk=""197501150INA"" data-stat=""date_game"" scope=""row""><a href=""/boxscores/index.fcgi?month=1&amp;day=15&amp;year=1975"">Wed, Jan 15, 1975</a></th><td class=""left"" csk=""NYA.197501150INA"" data-stat=""visitor_team_name""><a href=""/teams/NYA/1975.html"">New York Nets</a></td><td class=""right"" data-stat=""visitor_pts"">106</td><td class=""left"" csk=""INA.197501150INA"" data-stat=""home_team_name""><a href=""/teams/INA/1975.html"">Indiana Pacers</a></td><td class=""right"" data-stat=""home_pts"">111</td><td class=""center"" data-stat=""box_score_text""><a href=""/boxscores/197501150INA.html"">Box Score</a></td><td class=""center iz"" data-stat=""overtimes""></td><td class=""right"" data-stat=""attendance"">7,869</td><td class=""left iz"" data-stat=""game_remarks""></td></tr>"
77,"<tr><th class=""left"" csk=""197501160UTS"" data-stat=""date_game"" scope=""row""><a href=""/boxscores/index.fcgi?month=1&amp;day=16&amp;year=1975"">Thu, Jan 16, 1975</a></th><td class=""left"" csk=""DNA.197501160UTS"" data-stat=""visitor_team_name""><a href=""/teams/DNA/1975.html"">Denver Nuggets</a></td><td class=""right"" data-stat=""visitor_pts"">115</td><td class=""left"" csk=""UTS.197501160UTS"" data-stat=""home_team_name""><a href=""/teams/UTS/1975.html"">Utah Stars</a></td><td class=""right"" data-stat=""home_pts"">104</td><td class=""center"" data-stat=""box_score_text""><a href=""/boxscores/197501160UTS.html"">Box Score</a></td><td class=""center iz"" data-stat=""overtimes""></td><td class=""right"" data-stat=""attendance"">5,865</td><td class=""left iz"" data-stat=""game_remarks""></td></tr>"
79,"<tr><th class=""left"" csk=""197501170INA"" data-stat=""date_game"" scope=""row""><a href=""/boxscores/index.fcgi?month=1&amp;day=17&amp;year=1975"">Fri, Jan 17, 1975</a></th><td class=""left"" csk=""SDA.197501170INA"" data-stat=""visitor_team_name""><a href=""/teams/SDA/1975.html"">San Diego Conquistadors</a></td><td class=""right"" data-stat=""visitor_pts"">107</td><td class=""left"" csk=""INA.197501170INA"" data-stat=""home_team_name""><a href=""/teams/INA/1975.html"">Indiana Pacers</a></td><td class=""right"" data-stat=""home_pts"">108</td><td class=""center"" data-stat=""box_score_text""><a href=""/boxscores/197501170INA.html"">Box Score</a></td><td class=""center iz"" data-stat=""overtimes""></td><td class=""right"" data-stat=""attendance"">7,054</td><td class=""left iz"" data-stat=""game_remarks""></td></tr>"
81,"<tr><th class=""left"" csk=""197501170MMS"" data-stat=""date_game"" scope=""row""><a href=""/boxscores/index.fcgi?month=1&amp;day=17&amp;year=1975"">Fri, Jan 17, 1975</a></th><td class=""left"" csk=""VIR.197501170MMS"" data-stat=""visitor_team_name""><a href=""/teams/VIR/1975.html"">Virginia Squires</a></td><td class=""right"" data-stat=""visitor_pts"">79</td><td class=""left"" csk=""MMS.197501170MMS"" data-stat=""home_team_name""><a href=""/teams/MMS/1975.html"">Memphis Sounds</a></td><td class=""right"" data-stat=""home_pts"">92</td><td class=""center"" data-stat=""box_score_text""><a href=""/boxscores/197501170MMS.html"">Box Score</a></td><td class=""center iz"" data-stat=""overtimes""></td><td class=""right"" data-stat=""attendance"">6,200</td><td class=""left iz"" data-stat=""game_remarks""></td></tr>"
83,"<tr><th class=""left"" csk=""197501170NYA"" data-stat=""date_game"" scope=""row""><a href=""/boxscores/index.fcgi?month=1&amp;day=17&amp;year=1975"">Fri, Jan 17, 1975</a></th><td class=""left"" csk=""KEN.197501170NYA"" data-stat=""visitor_team_name""><a href=""/teams/KEN/1975.html"">Kentucky Colonels</a></td><td class=""right"" data-stat=""visitor_pts"">93</td><td class=""left"" csk=""NYA.197501170NYA"" data-stat=""home_team_name""><a href=""/teams/NYA/1975.html"">New York Nets</a></td><td class=""right"" data-stat=""home_pts"">108</td><td class=""center"" data-stat=""box_score_text""><a href=""/boxscores/197501170NYA.html"">Box Score</a></td><td class=""center iz"" data-stat=""overtimes""></td><td class=""right"" data-stat=""attendance"">12,133</td><td class=""left iz"" data-stat=""game_remarks""></td></tr>"
85,"<tr><th class=""left"" csk=""197501170SSL"" data-stat=""date_game"" scope=""row""><a href=""/boxscores/index.fcgi?month=1&amp;day=17&amp;year=1975"">Fri, Jan 17, 1975</a></th><td class=""left"" csk=""SAA.197501170SSL"" data-stat=""visitor_team_name""><a href=""/teams/SAA/1975.html"">San Antonio Spurs</a></td><td class=""right"" data-stat=""visitor_pts"">139</td><td class=""left"" csk=""SSL.197501170SSL"" data-stat=""home_team_name""><a href=""/teams/SSL/1975.html"">Spirits of St. Louis</a></td><td class=""right"" data-stat=""home_pts"">120</td><td class=""center"" data-stat=""box_score_text""><a href=""/boxscores/197501170SSL.html"">Box Score</a></td><td class=""center iz"" data-stat=""overtimes""></td><td class=""right"" data-stat=""attendance"">8,814</td><td class=""left iz"" data-stat=""game_remarks""></td></tr>"
87,"<tr><th class=""left"" csk=""197501180VIR"" data-stat=""date_game"" scope=""row""><a href=""/boxscores/index.fcgi?month=1&amp;day=18&amp;year=1975"">Sat, Jan 18, 1975</a></th><td class=""left"" csk=""NYA.197501180VIR"" data-stat=""visitor_team_name""><a href=""/teams/NYA/1975.html"">New York Nets</a></td><td class=""right"" data-stat=""visitor_pts"">92</td><td class=""left"" csk=""VIR.197501180VIR"" data-stat=""home_team_name""><a href=""/teams/VIR/1975.html"">Virginia Squires</a></td><td class=""right"" data-stat=""home_pts"">91</td><td class=""center"" data-stat=""box_score_text""><a href=""/boxscores/197501180VIR.html"">Box Score</a></td><td class=""center iz"" data-stat=""overtimes""></td><td class=""right"" data-stat=""attendance"">8,351</td><td class=""left"" data-stat=""game_remarks"">at Norfolk, VA</td></tr>"
89,"<tr><th class=""left"" csk=""197501180UTS"" data-stat=""date_game"" scope=""row""><a href=""/boxscores/index.fcgi?month=1&amp;day=18&amp;year=1975"">Sat, Jan 18, 1975</a></th><td class=""left"" csk=""INA.197501180UTS"" data-stat=""visitor_team_name""><a href=""/teams/INA/1975.html"">Indiana Pacers</a></td><td class=""right"" data-stat=""visitor_pts"">118</td><td class=""left"" csk=""UTS.197501180UTS"" data-stat=""home_team_name""><a href=""/teams/UTS/1975.html"">Utah Stars</a></td><td class=""right"" data-stat=""home_pts"">122</td><td class=""center"" data-stat=""box_score_text""><a href=""/boxscores/197501180UTS.html"">Box Score</a></td><td class=""center iz"" data-stat=""overtimes""></td><td class=""right"" data-stat=""attendance"">9,348</td><td class=""left iz"" data-stat=""game_remarks""></td></tr>"
91,"<tr><th class=""left"" csk=""197501180SAA"" data-stat=""date_game"" scope=""row""><a href=""/boxscores/index.fcgi?month=1&amp;day=18&amp;year=1975"">Sat, Jan 18, 1975</a></th><td class=""left"" csk=""SDA.197501180SAA"" data-stat=""visitor_team_name""><a href=""/teams/SDA/1975.html"">San Diego Conquistadors</a></td><td class=""right"" data-stat=""visitor_pts"">110</td><td class=""left"" csk=""SAA.197501180SAA"" data-stat=""home_team_name""><a href=""/teams/SAA/1975.html"">San Antonio Spurs</a></td><td class=""right"" data-stat=""home_pts"">125</td><td class=""center"" data-stat=""box_score_text""><a href=""/boxscores/197501180SAA.html"">Box Score</a></td><td class=""center iz"" data-stat=""overtimes""></td><td class=""right"" data-stat=""attendance"">7,758</td><td class=""left iz"" data-stat=""game_remarks""></td></tr>"
93,"<tr><th class=""left"" csk=""197501180DNA"" data-stat=""date_game"" scope=""row""><a href=""/boxscores/index.fcgi?month=1&amp;day=18&amp;year=1975"">Sat, Jan 18, 1975</a></th><td class=""left"" csk=""MMS.197501180DNA"" data-stat=""visitor_team_name""><a href=""/teams/MMS/1975.html"">Memphis Sounds</a></td><td class=""right"" data-stat=""visitor_pts"">104</td><td class=""left"" csk=""DNA.197501180DNA"" data-stat=""home_team_name""><a href=""/teams/DNA/1975.html"">Denver Nuggets</a></td><td class=""right"" data-stat=""home_pts"">126</td><td class=""center"" data-stat=""box_score_text""><a href=""/boxscores/197501180DNA.html"">Box Score</a></td><td class=""center iz"" data-stat=""overtimes""></td><td class=""right"" data-stat=""attendance"">7,477</td><td class=""left iz"" data-stat=""game_remarks""></td></tr>"
95,"<tr><th class=""left"" csk=""197501190SDA"" data-stat=""date_game"" scope=""row""><a href=""/boxscores/index.fcgi?month=1&amp;day=19&amp;year=1975"">Sun, Jan 19, 1975</a></th><td class=""left"" csk=""INA.197501190SDA"" data-stat=""visitor_team_name""><a href=""/teams/INA/1975.html"">Indiana Pacers</a></td><td class=""right"" data-stat=""visitor_pts"">108</td><td class=""left"" csk=""SDA.197501190SDA"" data-stat=""home_team_name""><a href=""/teams/SDA/1975.html"">San Diego Conquistadors</a></td><td class=""right"" data-stat=""home_pts"">91</td><td class=""center"" data-stat=""box_score_text""><a href=""/boxscores/197501190SDA.html"">Box Score</a></td><td class=""center iz"" data-stat=""overtimes""></td><td class=""right"" data-stat=""attendance"">2,484</td><td class=""left iz"" data-stat=""game_remarks""></td></tr>"
97,"<tr><th class=""left"" csk=""197501190NYA"" data-stat=""date_game"" scope=""row""><a href=""/boxscores/index.fcgi?month=1&amp;day=19&amp;year=1975"">Sun, Jan 19, 1975</a></th><td class=""left"" csk=""VIR.197501190NYA"" data-stat=""visitor_team_name""><a href=""/teams/VIR/1975.html"">Virginia Squires</a></td><td class=""right"" data-stat=""visitor_pts"">91</td><td class=""left"" csk=""NYA.197501190NYA"" data-stat=""home_team_name""><a href=""/teams/NYA/1975.html"">New York Nets</a></td><td class=""right"" data-stat=""home_pts"">113</td><td class=""center"" data-stat=""box_score_text""><a href=""/boxscores/197501190NYA.html"">Box Score</a></td><td class=""center iz"" data-stat=""overtimes""></td><td class=""right"" data-stat=""attendance"">8,599</td><td class=""left iz"" data-stat=""game_remarks""></td></tr>"
99,"<tr><th class=""left"" csk=""197501190MMS"" data-stat=""date_game"" scope=""row""><a href=""/boxscores/index.fcgi?month=1&amp;day=19&amp;year=1975"">Sun, Jan 19, 1975</a></th><td class=""left"" csk=""SAA.197501190MMS"" data-stat=""visitor_team_name""><a href=""/teams/SAA/1975.html"">San Antonio Spurs</a></td><td class=""right"" data-stat=""visitor_pts"">94</td><td class=""left"" csk=""MMS.197501190MMS"" data-stat=""home_team_name""><a href=""/teams/MMS/1975.html"">Memphis Sounds</a></td><td class=""right"" data-stat=""home_pts"">101</td><td class=""center"" data-stat=""box_score_text""><a href=""/boxscores/197501190MMS.html"">Box Score</a></td><td class=""center iz"" data-stat=""overtimes""></td><td class=""right"" data-stat=""attendance"">2,337</td><td class=""left iz"" data-stat=""game_remarks""></td></tr>"
101,"<tr><th class=""left"" csk=""197501190KEN"" data-stat=""date_game"" scope=""row""><a href=""/boxscores/index.fcgi?month=1&amp;day=19&amp;year=1975"">Sun, Jan 19, 1975</a></th><td class=""left"" csk=""DNA.197501190KEN"" data-stat=""visitor_team_name""><a href=""/teams/DNA/1975.html"">Denver Nuggets</a></td><td class=""right"" data-stat=""visitor_pts"">101</td><td class=""left"" csk=""KEN.197501190KEN"" data-stat=""home_team_name""><a href=""/teams/KEN/1975.html"">Kentucky Colonels</a></td><td class=""right"" data-stat=""home_pts"">114</td><td class=""center"" data-stat=""box_score_text""><a href=""/boxscores/197501190KEN.html"">Box Score</a></td><td class=""center iz"" data-stat=""overtimes""></td><td class=""right"" data-stat=""attendance"">7,712</td><td class=""left iz"" data-stat=""game_remarks""></td></tr>"
103,"<tr><th class=""left"" csk=""197501210SAA"" data-stat=""date_game"" scope=""row""><a href=""/boxscores/index.fcgi?month=1&amp;day=21&amp;year=1975"">Tue, Jan 21, 1975</a></th><td class=""left"" csk=""INA.197501210SAA"" data-stat=""visitor_team_name""><a href=""/teams/INA/1975.html"">Indiana Pacers</a></td><td class=""right"" data-stat=""visitor_pts"">91</td><td class=""left"" csk=""SAA.197501210SAA"" data-stat=""home_team_name""><a href=""/teams/SAA/1975.html"">San Antonio Spurs</a></td><td class=""right"" data-stat=""home_pts"">110</td><td class=""center"" data-stat=""box_score_text""><a href=""/boxscores/197501210SAA.html"">Box Score</a></td><td class=""center iz"" data-stat=""overtimes""></td><td class=""right"" data-stat=""attendance"">5,341</td><td class=""left iz"" data-stat=""game_remarks""></td></tr>"
105,"<tr><th class=""left"" csk=""197501220INA"" data-stat=""date_game"" scope=""row""><a href=""/boxscores/index.fcgi?month=1&amp;day=22&amp;year=1975"">Wed, Jan 22, 1975</a></th><td class=""left"" csk=""DNA.197501220INA"" data-stat=""visitor_team_name""><a href=""/teams/DNA/1975.html"">Denver Nuggets</a></td><td class=""right"" data-stat=""visitor_pts"">110</td><td class=""left"" csk=""INA.197501220INA"" data-stat=""home_team_name""><a href=""/teams/INA/1975.html"">Indiana Pacers</a></td><td class=""right"" data-stat=""home_pts"">120</td><td class=""center"" data-stat=""box_score_text""><a href=""/boxscores/197501220INA.html"">Box Score</a></td><td class=""center iz"" data-stat=""overtimes""></td><td class=""right"" data-stat=""attendance"">8,022</td><td class=""left iz"" data-stat=""game_remarks""></td></tr>"
107,"<tr><th class=""left"" csk=""197501220KEN"" data-stat=""date_game"" scope=""row""><a href=""/boxscores/index.fcgi?month=1&amp;day=22&amp;year=1975"">Wed, Jan 22, 1975</a></th><td class=""left"" csk=""MMS.197501220KEN"" data-stat=""visitor_team_name""><a href=""/teams/MMS/1975.html"">Memphis Sounds</a></td><td class=""right"" data-stat=""visitor_pts"">91</td><td class=""left"" csk=""KEN.197501220KEN"" data-stat=""home_team_name""><a href=""/teams/KEN/1975.html"">Kentucky Colonels</a></td><td class=""right"" data-stat=""home_pts"">114</td><td class=""center"" data-stat=""box_score_text""><a href=""/boxscores/197501220KEN.html"">Box Score</a></td><td class=""center iz"" data-stat=""overtimes""></td><td class=""right"" data-stat=""attendance"">7,971</td><td class=""left iz"" data-stat=""game_remarks""></td></tr>"
109,"<tr><th class=""left"" csk=""197501220SSL"" data-stat=""date_game"" scope=""row""><a href=""/boxscores/index.fcgi?month=1&amp;day=22&amp;year=1975"">Wed, Jan 22, 1975</a></th><td class=""left"" csk=""SDA.197501220SSL"" data-stat=""visitor_team_name""><a href=""/teams/SDA/1975.html"">San Diego Conquistadors</a></td><td class=""right"" data-stat=""visitor_pts"">124</td><td class=""left"" csk=""SSL.197501220SSL"" data-stat=""home_team_name""><a href=""/teams/SSL/1975.html"">Spirits of St. Louis</a></td><td class=""right"" data-stat=""home_pts"">129</td><td class=""center"" data-stat=""box_score_text""><a href=""/boxscores/197501220SSL.html"">Box Score</a></td><td class=""center"" data-stat=""overtimes"">OT</td><td class=""right"" data-stat=""attendance"">2,545</td><td class=""left iz"" data-stat=""game_remarks""></td></tr>"
111,"<tr><th class=""left"" csk=""197501230SAA"" data-stat=""date_game"" scope=""row""><a href=""/boxscores/index.fcgi?month=1&amp;day=23&amp;year=1975"">Thu, Jan 23, 1975</a></th><td class=""left"" csk=""DNA.197501230SAA"" data-stat=""visitor_team_name""><a href=""/teams/DNA/1975.html"">Denver Nuggets</a></td><td class=""right"" data-stat=""visitor_pts"">127</td><td class=""left"" csk=""SAA.197501230SAA"" data-stat=""home_team_name""><a href=""/teams/SAA/1975.html"">San Antonio Spurs</a></td><td class=""right"" data-stat=""home_pts"">117</td><td class=""center"" data-stat=""box_score_text""><a href=""/boxscores/197501230SAA.html"">Box Score</a></td><td class=""center iz"" data-stat=""overtimes""></td><td class=""right"" data-stat=""attendance"">7,956</td><td class=""left iz"" data-stat=""game_remarks""></td></tr>"
113,"<tr><th class=""left"" csk=""197501230KEN"" data-stat=""date_game"" scope=""row""><a href=""/boxscores/index.fcgi?month=1&amp;day=23&amp;year=1975"">Thu, Jan 23, 1975</a></th><td class=""left"" csk=""SDA.197501230KEN"" data-stat=""visitor_team_name""><a href=""/teams/SDA/1975.html"">San Diego Conquistadors</a></td><td class=""right"" data-stat=""visitor_pts"">109</td><td class=""left"" csk=""KEN.197501230KEN"" data-stat=""home_team_name""><a href=""/teams/KEN/1975.html"">Kentucky Colonels</a></td><td class=""right"" data-stat=""home_pts"">113</td><td class=""center"" data-stat=""box_score_text""><a href=""/boxscores/197501230KEN.html"">Box Score</a></td><td class=""center iz"" data-stat=""overtimes""></td><td class=""right"" data-stat=""attendance"">6,383</td><td class=""left iz"" data-stat=""game_remarks""></td></tr>"
115,"<tr><th class=""left"" csk=""197501240VIR"" data-stat=""date_game"" scope=""row""><a href=""/boxscores/index.fcgi?month=1&amp;day=24&amp;year=1975"">Fri, Jan 24, 1975</a></th><td class=""left"" csk=""SDA.197501240VIR"" data-stat=""visitor_team_name""><a href=""/teams/SDA/1975.html"">San Diego Conquistadors</a></td><td class=""right"" data-stat=""visitor_pts"">108</td><td class=""left"" csk=""VIR.197501240VIR"" data-stat=""home_team_name""><a href=""/teams/VIR/1975.html"">Virginia Squires</a></td><td class=""right"" data-stat=""home_pts"">105</td><td class=""center"" data-stat=""box_score_text""><a href=""/boxscores/197501240VIR.html"">Box Score</a></td><td class=""center iz"" data-stat=""overtimes""></td><td class=""right"" data-stat=""attendance"">6,532</td><td class=""left"" data-stat=""game_remarks"">at Norfolk, VA</td></tr>"
117,"<tr><th class=""left"" csk=""197501240UTS"" data-stat=""date_game"" scope=""row""><a href=""/boxscores/index.fcgi?month=1&amp;day=24&amp;year=1975"">Fri, Jan 24, 1975</a></th><td class=""left"" csk=""DNA.197501240UTS"" data-stat=""visitor_team_name""><a href=""/teams/DNA/1975.html"">Denver Nuggets</a></td><td class=""right"" data-stat=""visitor_pts"">116</td><td class=""left"" csk=""UTS.197501240UTS"" data-stat=""home_team_name""><a href=""/teams/UTS/1975.html"">Utah Stars</a></td><td class=""right"" data-stat=""home_pts"">119</td><td class=""center"" data-stat=""box_score_text""><a href=""/boxscores/197501240UTS.html"">Box Score</a></td><td class=""center"" data-stat=""overtimes"">OT</td><td class=""right"" data-stat=""attendance"">8,771</td><td class=""left iz"" data-stat=""game_remarks""></td></tr>"
119,"<tr><th class=""left"" csk=""197501240NYA"" data-stat=""date_game"" scope=""row""><a href=""/boxscores/index.fcgi?month=1&amp;day=24&amp;year=1975"">Fri, Jan 24, 1975</a></th><td class=""left"" csk=""KEN.197501240NYA"" data-stat=""visitor_team_name""><a href=""/teams/KEN/1975.html"">Kentucky Colonels</a></td><td class=""right"" data-stat=""visitor_pts"">110</td><td class=""left"" csk=""NYA.197501240NYA"" data-stat=""home_team_name""><a href=""/teams/NYA/1975.html"">New York Nets</a></td><td class=""right"" data-stat=""home_pts"">112</td><td class=""center"" data-stat=""box_score_text""><a href=""/boxscores/197501240NYA.html"">Box Score</a></td><td class=""center iz"" data-stat=""overtimes""></td><td class=""right"" data-stat=""attendance"">12,329</td><td class=""left iz"" data-stat=""game_remarks""></td></tr>"
121,"<tr><th class=""left"" csk=""197501240MMS"" data-stat=""date_game"" scope=""row""><a href=""/boxscores/index.fcgi?month=1&amp;day=24&amp;year=1975"">Fri, Jan 24, 1975</a></th><td class=""left"" csk=""SSL.197501240MMS"" data-stat=""visitor_team_name""><a href=""/teams/SSL/1975.html"">Spirits of St. Louis</a></td><td class=""right"" data-stat=""visitor_pts"">103</td><td class=""left"" csk=""MMS.197501240MMS"" data-stat=""home_team_name""><a href=""/teams/MMS/1975.html"">Memphis Sounds</a></td><td class=""right"" data-stat=""home_pts"">107</td><td class=""center"" data-stat=""box_score_text""><a href=""/boxscores/197501240MMS.html"">Box Score</a></td><td class=""center iz"" data-stat=""overtimes""></td><td class=""right"" data-stat=""attendance"">2,882</td><td class=""left iz"" data-stat=""game_remarks""></td></tr>"
123,"<tr><th class=""left"" csk=""197501240INA"" data-stat=""date_game"" scope=""row""><a href=""/boxscores/index.fcgi?month=1&amp;day=24&amp;year=1975"">Fri, Jan 24, 1975</a></th><td class=""left"" csk=""SAA.197501240INA"" data-stat=""visitor_team_name""><a href=""/teams/SAA/1975.html"">San Antonio Spurs</a></td><td class=""right"" data-stat=""visitor_pts"">105</td><td class=""left"" csk=""INA.197501240INA"" data-stat=""home_team_name""><a href=""/teams/INA/1975.html"">Indiana Pacers</a></td><td class=""right"" data-stat=""home_pts"">114</td><td class=""center"" data-stat=""box_score_text""><a href=""/boxscores/197501240INA.html"">Box Score</a></td><td class=""center iz"" data-stat=""overtimes""></td><td class=""right"" data-stat=""attendance"">8,504</td><td class=""left iz"" data-stat=""game_remarks""></td></tr>"
125,"<tr><th class=""left"" csk=""197501250DNA"" data-stat=""date_game"" scope=""row""><a href=""/boxscores/index.fcgi?month=1&amp;day=25&amp;year=1975"">Sat, Jan 25, 1975</a></th><td class=""left"" csk=""VIR.197501250DNA"" data-stat=""visitor_team_name""><a href=""/teams/VIR/1975.html"">Virginia Squires</a></td><td class=""right"" data-stat=""visitor_pts"">99</td><td class=""left"" csk=""DNA.197501250DNA"" data-stat=""home_team_name""><a href=""/teams/DNA/1975.html"">Denver Nuggets</a></td><td class=""right"" data-stat=""home_pts"">119</td><td class=""center"" data-stat=""box_score_text""><a href=""/boxscores/197501250DNA.html"">Box Score</a></td><td class=""center iz"" data-stat=""overtimes""></td><td class=""right"" data-stat=""attendance"">7,411</td><td class=""left iz"" data-stat=""game_remarks""></td></tr>"
127,"<tr><th class=""left"" csk=""197501250SAA"" data-stat=""date_game"" scope=""row""><a href=""/boxscores/index.fcgi?month=1&amp;day=25&amp;year=1975"">Sat, Jan 25, 1975</a></th><td class=""left"" csk=""SSL.197501250SAA"" data-stat=""visitor_team_name""><a href=""/teams/SSL/1975.html"">Spirits of St. Louis</a></td><td class=""right"" data-stat=""visitor_pts"">104</td><td class=""left"" csk=""SAA.197501250SAA"" data-stat=""home_team_name""><a href=""/teams/SAA/1975.html"">San Antonio Spurs</a></td><td class=""right"" data-stat=""home_pts"">115</td><td class=""center"" data-stat=""box_score_text""><a href=""/boxscores/197501250SAA.html"">Box Score</a></td><td class=""center iz"" data-stat=""overtimes""></td><td class=""right"" data-stat=""attendance"">7,344</td><td class=""left iz"" data-stat=""game_remarks""></td></tr>"
129,"<tr><th class=""left"" csk=""197501260SSL"" data-stat=""date_game"" scope=""row""><a href=""/boxscores/index.fcgi?month=1&amp;day=26&amp;year=1975"">Sun, Jan 26, 1975</a></th><td class=""left"" csk=""SAA.197501260SSL"" data-stat=""visitor_team_name""><a href=""/teams/SAA/1975.html"">San Antonio Spurs</a></td><td class=""right"" data-stat=""visitor_pts"">106</td><td class=""left"" csk=""SSL.197501260SSL"" data-stat=""home_team_name""><a href=""/teams/SSL/1975.html"">Spirits of St. Louis</a></td><td class=""right"" data-stat=""home_pts"">117</td><td class=""center"" data-stat=""box_score_text""><a href=""/boxscores/197501260SSL.html"">Box Score</a></td><td class=""center iz"" data-stat=""overtimes""></td><td class=""right"" data-stat=""attendance"">7,699</td><td class=""left iz"" data-stat=""game_remarks""></td></tr>"
131,"<tr><th class=""left"" csk=""197501260SDA"" data-stat=""date_game"" scope=""row""><a href=""/boxscores/index.fcgi?month=1&amp;day=26&amp;year=1975"">Sun, Jan 26, 1975</a></th><td class=""left"" csk=""VIR.197501260SDA"" data-stat=""visitor_team_name""><a href=""/teams/VIR/1975.html"">Virginia Squires</a></td><td class=""right"" data-stat=""visitor_pts"">95</td><td class=""left"" csk=""SDA.197501260SDA"" data-stat=""home_team_name""><a href=""/teams/SDA/1975.html"">San Diego Conquistadors</a></td><td class=""right"" data-stat=""home_pts"">98</td><td class=""center"" data-stat=""box_score_text""><a href=""/boxscores/197501260SDA.html"">Box Score</a></td><td class=""center iz"" data-stat=""overtimes""></td><td class=""right"" data-stat=""attendance"">1,592</td><td class=""left iz"" data-stat=""game_remarks""></td></tr>"
133,"<tr><th class=""left"" csk=""197501260NYA"" data-stat=""date_game"" scope=""row""><a href=""/boxscores/index.fcgi?month=1&amp;day=26&amp;year=1975"">Sun, Jan 26, 1975</a></th><td class=""left"" csk=""INA.197501260NYA"" data-stat=""visitor_team_name""><a href=""/teams/INA/1975.html"">Indiana Pacers</a></td><td class=""right"" data-stat=""visitor_pts"">111</td><td class=""left"" csk=""NYA.197501260NYA"" data-stat=""home_team_name""><a href=""/teams/NYA/1975.html"">New York Nets</a></td><td class=""right"" data-stat=""home_pts"">115</td><td class=""center"" data-stat=""box_score_text""><a href=""/boxscores/197501260NYA.html"">Box Score</a></td><td class=""center iz"" data-stat=""overtimes""></td><td class=""right"" data-stat=""attendance"">12,153</td><td class=""left iz"" data-stat=""game_remarks""></td></tr>"
135,"<tr><th class=""left"" csk=""197501260MMS"" data-stat=""date_game"" scope=""row""><a href=""/boxscores/index.fcgi?month=1&amp;day=26&amp;year=1975"">Sun, Jan 26, 1975</a></th><td class=""left"" csk=""KEN.197501260MMS"" data-stat=""visitor_team_name""><a href=""/teams/KEN/1975.html"">Kentucky Colonels</a></td><td class=""right"" data-stat=""visitor_pts"">108</td><td class=""left"" csk=""MMS.197501260MMS"" data-stat=""home_team_name""><a href=""/teams/MMS/1975.html"">Memphis Sounds</a></td><td class=""right"" data-stat=""home_pts"">104</td><td class=""center"" data-stat=""box_score_text""><a href=""/boxscores/197501260MMS.html"">Box Score</a></td><td class=""center"" data-stat=""overtimes"">OT</td><td class=""right"" data-stat=""attendance"">3,507</td><td class=""left iz"" data-stat=""game_remarks""></td></tr>"
137,"<tr><th class=""left"" csk=""197501300SSL"" data-stat=""date_game"" scope=""row""><a href=""/boxscores/index.fcgi?month=1&amp;day=30&amp;year=1975"">Thu, Jan 30, 1975</a></th><td class=""left"" csk=""DNA.197501300SSL"" data-stat=""visitor_team_name""><a href=""/teams/DNA/1975.html"">Denver Nuggets</a></td><td class=""right"" data-stat=""visitor_pts"">123</td><td class=""left"" csk=""SSL.197501300SSL"" data-stat=""home_team_name""><a href=""/teams/SSL/1975.html"">Spirits of St. Louis</a></td><td class=""right"" data-stat=""home_pts"">111</td><td class=""center"" data-stat=""box_score_text""><a href=""/boxscores/197501300SSL.html"">Box Score</a></td><td class=""center iz"" data-stat=""overtimes""></td><td class=""right"" data-stat=""attendance"">3,058</td><td class=""left iz"" data-stat=""game_remarks""></td></tr>"
139,"<tr><th class=""left"" csk=""197501300UTS"" data-stat=""date_game"" scope=""row""><a href=""/boxscores/index.fcgi?month=1&amp;day=30&amp;year=1975"">Thu, Jan 30, 1975</a></th><td class=""left"" csk=""SAA.197501300UTS"" data-stat=""visitor_team_name""><a href=""/teams/SAA/1975.html"">San Antonio Spurs</a></td><td class=""right"" data-stat=""visitor_pts"">118</td><td class=""left"" csk=""UTS.197501300UTS"" data-stat=""home_team_name""><a href=""/teams/UTS/1975.html"">Utah Stars</a></td><td class=""right"" data-stat=""home_pts"">102</td><td class=""center"" data-stat=""box_score_text""><a href=""/boxscores/197501300UTS.html"">Box Score</a></td><td class=""center iz"" data-stat=""overtimes""></td><td class=""right"" data-stat=""attendance"">7,204</td><td class=""left iz"" data-stat=""game_remarks""></td></tr>"
141,"<tr><th class=""left"" csk=""197501310INA"" data-stat=""date_game"" scope=""row""><a href=""/boxscores/index.fcgi?month=1&amp;day=31&amp;year=1975"">Fri, Jan 31, 1975</a></th><td class=""left"" csk=""UTS.197501310INA"" data-stat=""visitor_team_name""><a href=""/teams/UTS/1975.html"">Utah Stars</a></td><td class=""right"" data-stat=""visitor_pts"">93</td><td class=""left"" csk=""INA.197501310INA"" data-stat=""home_team_name""><a href=""/teams/INA/1975.html"">Indiana Pacers</a></td><td class=""right"" data-stat=""home_pts"">107</td><td class=""center"" data-stat=""box_score_text""><a href=""/boxscores/197501310INA.html"">Box Score</a></td><td class=""center iz"" data-stat=""overtimes""></td><td class=""right"" data-stat=""attendance"">10,836</td><td class=""left iz"" data-stat=""game_remarks""></td></tr>"
143,"<tr><th class=""left"" csk=""197501310KEN"" data-stat=""date_game"" scope=""row""><a href=""/boxscores/index.fcgi?month=1&amp;day=31&amp;year=1975"">Fri, Jan 31, 1975</a></th><td class=""left"" csk=""SSL.197501310KEN"" data-stat=""visitor_team_name""><a href=""/teams/SSL/1975.html"">Spirits of St. Louis</a></td><td class=""right"" data-stat=""visitor_pts"">104</td><td class=""left"" csk=""KEN.197501310KEN"" data-stat=""home_team_name""><a href=""/teams/KEN/1975.html"">Kentucky Colonels</a></td><td class=""right"" data-stat=""home_pts"">134</td><td class=""center"" data-stat=""box_score_text""><a href=""/boxscores/197501310KEN.html"">Box Score</a></td><td class=""center iz"" data-stat=""overtimes""></td><td class=""right"" data-stat=""attendance"">9,884</td><td class=""left iz"" data-stat=""game_remarks""></td></tr>"
145,"<tr><th class=""left"" csk=""197501310NYA"" data-stat=""date_game"" scope=""row""><a href=""/boxscores/index.fcgi?month=1&amp;day=31&amp;year=1975"">Fri, Jan 31, 1975</a></th><td class=""left"" csk=""DNA.197501310NYA"" data-stat=""visitor_team_name""><a href=""/teams/DNA/1975.html"">Denver Nuggets</a></td><td class=""right"" data-stat=""visitor_pts"">101</td><td class=""left"" csk=""NYA.197501310NYA"" data-stat=""home_team_name""><a href=""/teams/NYA/1975.html"">New York Nets</a></td><td class=""right"" data-stat=""home_pts"">114</td><td class=""center"" data-stat=""box_score_text""><a href=""/boxscores/197501310NYA.html"">Box Score</a></td><td class=""center iz"" data-stat=""overtimes""></td><td class=""right"" data-stat=""attendance"">10,348</td><td class=""left iz"" data-stat=""game_remarks""></td></tr>"
147,"<tr><th class=""left"" csk=""197501310SDA"" data-stat=""date_game"" scope=""row""><a href=""/boxscores/index.fcgi?month=1&amp;day=31&amp;year=1975"">Fri, Jan 31, 1975</a></th><td class=""left"" csk=""SAA.197501310SDA"" data-stat=""visitor_team_name""><a href=""/teams/SAA/1975.html"">San Antonio Spurs</a></td><td class=""right"" data-stat=""visitor_pts"">125</td><td class=""left"" csk=""SDA.197501310SDA"" data-stat=""home_team_name""><a href=""/teams/SDA/1975.html"">San Diego Conquistadors</a></td><td class=""right"" data-stat=""home_pts"">112</td><td class=""center"" data-stat=""box_score_text""><a href=""/boxscores/197501310SDA.html"">Box Score</a></td><td class=""center iz"" data-stat=""overtimes""></td><td class=""right"" data-stat=""attendance"">2,031</td><td class=""left iz"" data-stat=""game_remarks""></td></tr>"
149,"<tr><th class=""left"" csk=""197501310VIR"" data-stat=""date_game"" scope=""row""><a href=""/boxscores/index.fcgi?month=1&amp;day=31&amp;year=1975"">Fri, Jan 31, 1975</a></th><td class=""left"" csk=""MMS.197501310VIR"" data-stat=""visitor_team_name""><a href=""/teams/MMS/1975.html"">Memphis Sounds</a></td><td class=""right"" data-stat=""visitor_pts"">97</td><td class=""left"" csk=""VIR.197501310VIR"" data-stat=""home_team_name""><a href=""/teams/VIR/1975.html"">Virginia Squires</a></td><td class=""right"" data-stat=""home_pts"">108</td><td class=""center"" data-stat=""box_score_text""><a href=""/boxscores/197501310VIR.html"">Box Score</a></td><td class=""center iz"" data-stat=""overtimes""></td><td class=""right"" data-stat=""attendance"">4,301</td><td class=""left"" data-stat=""game_remarks"">at Hampton, VA</td></tr>"
