,0
1,"<tr><th class=""left"" csk=""196904010DNR"" data-stat=""date_game"" scope=""row""><a href=""/boxscores/index.fcgi?month=4&amp;day=1&amp;year=1969"">Tue, Apr 1, 1969</a></th><td class=""left"" csk=""KEN.196904010DNR"" data-stat=""visitor_team_name""><a href=""/teams/KEN/1969.html"">Kentucky Colonels</a></td><td class=""right"" data-stat=""visitor_pts"">90</td><td class=""left"" csk=""DNR.196904010DNR"" data-stat=""home_team_name""><a href=""/teams/DNR/1969.html"">Denver Rockets</a></td><td class=""right"" data-stat=""home_pts"">94</td><td class=""center"" data-stat=""box_score_text""><a href=""/boxscores/196904010DNR.html"">Box Score</a></td><td class=""center iz"" data-stat=""overtimes""></td><td class=""right"" data-stat=""attendance"">5,701</td><td class=""left iz"" data-stat=""game_remarks""></td></tr>"
3,"<tr><th class=""left"" csk=""196904010MMF"" data-stat=""date_game"" scope=""row""><a href=""/boxscores/index.fcgi?month=4&amp;day=1&amp;year=1969"">Tue, Apr 1, 1969</a></th><td class=""left"" csk=""LAS.196904010MMF"" data-stat=""visitor_team_name""><a href=""/teams/LAS/1969.html"">Los Angeles Stars</a></td><td class=""right"" data-stat=""visitor_pts"">119</td><td class=""left"" csk=""MMF.196904010MMF"" data-stat=""home_team_name""><a href=""/teams/MMF/1969.html"">Miami Floridians</a></td><td class=""right"" data-stat=""home_pts"">137</td><td class=""center"" data-stat=""box_score_text""><a href=""/boxscores/196904010MMF.html"">Box Score</a></td><td class=""center iz"" data-stat=""overtimes""></td><td class=""right"" data-stat=""attendance"">2,483</td><td class=""left iz"" data-stat=""game_remarks""></td></tr>"
5,"<tr><th class=""left"" csk=""196904010NOB"" data-stat=""date_game"" scope=""row""><a href=""/boxscores/index.fcgi?month=4&amp;day=1&amp;year=1969"">Tue, Apr 1, 1969</a></th><td class=""left"" csk=""DLC.196904010NOB"" data-stat=""visitor_team_name""><a href=""/teams/DLC/1969.html"">Dallas Chaparrals</a></td><td class=""right"" data-stat=""visitor_pts"">96</td><td class=""left"" csk=""NOB.196904010NOB"" data-stat=""home_team_name""><a href=""/teams/NOB/1969.html"">New Orleans Buccaneers</a></td><td class=""right"" data-stat=""home_pts"">112</td><td class=""center"" data-stat=""box_score_text""><a href=""/boxscores/196904010NOB.html"">Box Score</a></td><td class=""center iz"" data-stat=""overtimes""></td><td class=""right"" data-stat=""attendance"">2,603</td><td class=""left iz"" data-stat=""game_remarks""></td></tr>"
7,"<tr><th class=""left"" csk=""196904010OAK"" data-stat=""date_game"" scope=""row""><a href=""/boxscores/index.fcgi?month=4&amp;day=1&amp;year=1969"">Tue, Apr 1, 1969</a></th><td class=""left"" csk=""NYA.196904010OAK"" data-stat=""visitor_team_name""><a href=""/teams/NYA/1969.html"">New York Nets</a></td><td class=""right"" data-stat=""visitor_pts"">122</td><td class=""left"" csk=""OAK.196904010OAK"" data-stat=""home_team_name""><a href=""/teams/OAK/1969.html"">Oakland Oaks</a></td><td class=""right"" data-stat=""home_pts"">169</td><td class=""center"" data-stat=""box_score_text""><a href=""/boxscores/196904010OAK.html"">Box Score</a></td><td class=""center iz"" data-stat=""overtimes""></td><td class=""right"" data-stat=""attendance"">1,322</td><td class=""left iz"" data-stat=""game_remarks""></td></tr>"
9,"<tr><th class=""left"" csk=""196904020MMF"" data-stat=""date_game"" scope=""row""><a href=""/boxscores/index.fcgi?month=4&amp;day=2&amp;year=1969"">Wed, Apr 2, 1969</a></th><td class=""left"" csk=""DLC.196904020MMF"" data-stat=""visitor_team_name""><a href=""/teams/DLC/1969.html"">Dallas Chaparrals</a></td><td class=""right"" data-stat=""visitor_pts"">99</td><td class=""left"" csk=""MMF.196904020MMF"" data-stat=""home_team_name""><a href=""/teams/MMF/1969.html"">Miami Floridians</a></td><td class=""right"" data-stat=""home_pts"">108</td><td class=""center"" data-stat=""box_score_text""><a href=""/boxscores/196904020MMF.html"">Box Score</a></td><td class=""center iz"" data-stat=""overtimes""></td><td class=""right"" data-stat=""attendance"">3,003</td><td class=""left iz"" data-stat=""game_remarks""></td></tr>"
11,"<tr><th class=""left"" csk=""196904020KEN"" data-stat=""date_game"" scope=""row""><a href=""/boxscores/index.fcgi?month=4&amp;day=2&amp;year=1969"">Wed, Apr 2, 1969</a></th><td class=""left"" csk=""INA.196904020KEN"" data-stat=""visitor_team_name""><a href=""/teams/INA/1969.html"">Indiana Pacers</a></td><td class=""right"" data-stat=""visitor_pts"">127</td><td class=""left"" csk=""KEN.196904020KEN"" data-stat=""home_team_name""><a href=""/teams/KEN/1969.html"">Kentucky Colonels</a></td><td class=""right"" data-stat=""home_pts"">132</td><td class=""center"" data-stat=""box_score_text""><a href=""/boxscores/196904020KEN.html"">Box Score</a></td><td class=""center iz"" data-stat=""overtimes""></td><td class=""right"" data-stat=""attendance"">4,951</td><td class=""left iz"" data-stat=""game_remarks""></td></tr>"
13,"<tr><th class=""left"" csk=""196904020HSM"" data-stat=""date_game"" scope=""row""><a href=""/boxscores/index.fcgi?month=4&amp;day=2&amp;year=1969"">Wed, Apr 2, 1969</a></th><td class=""left"" csk=""NYA.196904020HSM"" data-stat=""visitor_team_name""><a href=""/teams/NYA/1969.html"">New York Nets</a></td><td class=""right"" data-stat=""visitor_pts"">132</td><td class=""left"" csk=""HSM.196904020HSM"" data-stat=""home_team_name""><a href=""/teams/HSM/1969.html"">Houston Mavericks</a></td><td class=""right"" data-stat=""home_pts"">149</td><td class=""center"" data-stat=""box_score_text""><a href=""/boxscores/196904020HSM.html"">Box Score</a></td><td class=""center iz"" data-stat=""overtimes""></td><td class=""right"" data-stat=""attendance"">89</td><td class=""left iz"" data-stat=""game_remarks""></td></tr>"
15,"<tr><th class=""left"" csk=""196904030DLC"" data-stat=""date_game"" scope=""row""><a href=""/boxscores/index.fcgi?month=4&amp;day=3&amp;year=1969"">Thu, Apr 3, 1969</a></th><td class=""left"" csk=""HSM.196904030DLC"" data-stat=""visitor_team_name""><a href=""/teams/HSM/1969.html"">Houston Mavericks</a></td><td class=""right"" data-stat=""visitor_pts"">136</td><td class=""left"" csk=""DLC.196904030DLC"" data-stat=""home_team_name""><a href=""/teams/DLC/1969.html"">Dallas Chaparrals</a></td><td class=""right"" data-stat=""home_pts"">144</td><td class=""center"" data-stat=""box_score_text""><a href=""/boxscores/196904030DLC.html"">Box Score</a></td><td class=""center iz"" data-stat=""overtimes""></td><td class=""right"" data-stat=""attendance"">1,678</td><td class=""left iz"" data-stat=""game_remarks""></td></tr>"
17,"<tr><th class=""left"" csk=""196904030KEN"" data-stat=""date_game"" scope=""row""><a href=""/boxscores/index.fcgi?month=4&amp;day=3&amp;year=1969"">Thu, Apr 3, 1969</a></th><td class=""left"" csk=""MNP.196904030KEN"" data-stat=""visitor_team_name""><a href=""/teams/MNP/1969.html"">Minnesota Pipers</a></td><td class=""right"" data-stat=""visitor_pts"">101</td><td class=""left"" csk=""KEN.196904030KEN"" data-stat=""home_team_name""><a href=""/teams/KEN/1969.html"">Kentucky Colonels</a></td><td class=""right"" data-stat=""home_pts"">109</td><td class=""center"" data-stat=""box_score_text""><a href=""/boxscores/196904030KEN.html"">Box Score</a></td><td class=""center iz"" data-stat=""overtimes""></td><td class=""right"" data-stat=""attendance"">873</td><td class=""left iz"" data-stat=""game_remarks""></td></tr>"
19,"<tr><th class=""left"" csk=""196904040OAK"" data-stat=""date_game"" scope=""row""><a href=""/boxscores/index.fcgi?month=4&amp;day=4&amp;year=1969"">Fri, Apr 4, 1969</a></th><td class=""left"" csk=""LAS.196904040OAK"" data-stat=""visitor_team_name""><a href=""/teams/LAS/1969.html"">Los Angeles Stars</a></td><td class=""right"" data-stat=""visitor_pts"">109</td><td class=""left"" csk=""OAK.196904040OAK"" data-stat=""home_team_name""><a href=""/teams/OAK/1969.html"">Oakland Oaks</a></td><td class=""right"" data-stat=""home_pts"">111</td><td class=""center"" data-stat=""box_score_text""><a href=""/boxscores/196904040OAK.html"">Box Score</a></td><td class=""center iz"" data-stat=""overtimes""></td><td class=""right"" data-stat=""attendance"">733</td><td class=""left iz"" data-stat=""game_remarks""></td></tr>"
21,"<tr class=""thead""><th colspan=""9"">Playoffs</th></tr>"
23,"<tr><th class=""left"" csk=""196904050NOB"" data-stat=""date_game"" scope=""row""><a href=""/boxscores/index.fcgi?month=4&amp;day=5&amp;year=1969"">Sat, Apr 5, 1969</a></th><td class=""left"" csk=""DLC.196904050NOB"" data-stat=""visitor_team_name""><a href=""/teams/DLC/1969.html"">Dallas Chaparrals</a></td><td class=""right"" data-stat=""visitor_pts"">106</td><td class=""left"" csk=""NOB.196904050NOB"" data-stat=""home_team_name""><a href=""/teams/NOB/1969.html"">New Orleans Buccaneers</a></td><td class=""right"" data-stat=""home_pts"">129</td><td class=""center"" data-stat=""box_score_text""><a href=""/boxscores/196904050NOB.html"">Box Score</a></td><td class=""center iz"" data-stat=""overtimes""></td><td class=""right"" data-stat=""attendance"">3,765</td><td class=""left iz"" data-stat=""game_remarks""></td></tr>"
25,"<tr><th class=""left"" csk=""196904050OAK"" data-stat=""date_game"" scope=""row""><a href=""/boxscores/index.fcgi?month=4&amp;day=5&amp;year=1969"">Sat, Apr 5, 1969</a></th><td class=""left"" csk=""DNR.196904050OAK"" data-stat=""visitor_team_name""><a href=""/teams/DNR/1969.html"">Denver Rockets</a></td><td class=""right"" data-stat=""visitor_pts"">99</td><td class=""left"" csk=""OAK.196904050OAK"" data-stat=""home_team_name""><a href=""/teams/OAK/1969.html"">Oakland Oaks</a></td><td class=""right"" data-stat=""home_pts"">129</td><td class=""center"" data-stat=""box_score_text""><a href=""/boxscores/196904050OAK.html"">Box Score</a></td><td class=""center iz"" data-stat=""overtimes""></td><td class=""right"" data-stat=""attendance"">2,358</td><td class=""left iz"" data-stat=""game_remarks""></td></tr>"
27,"<tr><th class=""left"" csk=""196904060OAK"" data-stat=""date_game"" scope=""row""><a href=""/boxscores/index.fcgi?month=4&amp;day=6&amp;year=1969"">Sun, Apr 6, 1969</a></th><td class=""left"" csk=""DNR.196904060OAK"" data-stat=""visitor_team_name""><a href=""/teams/DNR/1969.html"">Denver Rockets</a></td><td class=""right"" data-stat=""visitor_pts"">122</td><td class=""left"" csk=""OAK.196904060OAK"" data-stat=""home_team_name""><a href=""/teams/OAK/1969.html"">Oakland Oaks</a></td><td class=""right"" data-stat=""home_pts"">119</td><td class=""center"" data-stat=""box_score_text""><a href=""/boxscores/196904060OAK.html"">Box Score</a></td><td class=""center iz"" data-stat=""overtimes""></td><td class=""right"" data-stat=""attendance"">1,580</td><td class=""left iz"" data-stat=""game_remarks""></td></tr>"
29,"<tr><th class=""left"" csk=""196904070MMF"" data-stat=""date_game"" scope=""row""><a href=""/boxscores/index.fcgi?month=4&amp;day=7&amp;year=1969"">Mon, Apr 7, 1969</a></th><td class=""left"" csk=""MNP.196904070MMF"" data-stat=""visitor_team_name""><a href=""/teams/MNP/1969.html"">Minnesota Pipers</a></td><td class=""right"" data-stat=""visitor_pts"">110</td><td class=""left"" csk=""MMF.196904070MMF"" data-stat=""home_team_name""><a href=""/teams/MMF/1969.html"">Miami Floridians</a></td><td class=""right"" data-stat=""home_pts"">119</td><td class=""center"" data-stat=""box_score_text""><a href=""/boxscores/196904070MMF.html"">Box Score</a></td><td class=""center iz"" data-stat=""overtimes""></td><td class=""right"" data-stat=""attendance"">4,103</td><td class=""left iz"" data-stat=""game_remarks""></td></tr>"
31,"<tr><th class=""left"" csk=""196904070NOB"" data-stat=""date_game"" scope=""row""><a href=""/boxscores/index.fcgi?month=4&amp;day=7&amp;year=1969"">Mon, Apr 7, 1969</a></th><td class=""left"" csk=""DLC.196904070NOB"" data-stat=""visitor_team_name""><a href=""/teams/DLC/1969.html"">Dallas Chaparrals</a></td><td class=""right"" data-stat=""visitor_pts"">108</td><td class=""left"" csk=""NOB.196904070NOB"" data-stat=""home_team_name""><a href=""/teams/NOB/1969.html"">New Orleans Buccaneers</a></td><td class=""right"" data-stat=""home_pts"">122</td><td class=""center"" data-stat=""box_score_text""><a href=""/boxscores/196904070NOB.html"">Box Score</a></td><td class=""center iz"" data-stat=""overtimes""></td><td class=""right"" data-stat=""attendance"">3,525</td><td class=""left iz"" data-stat=""game_remarks""></td></tr>"
33,"<tr><th class=""left"" csk=""196904080DNR"" data-stat=""date_game"" scope=""row""><a href=""/boxscores/index.fcgi?month=4&amp;day=8&amp;year=1969"">Tue, Apr 8, 1969</a></th><td class=""left"" csk=""OAK.196904080DNR"" data-stat=""visitor_team_name""><a href=""/teams/OAK/1969.html"">Oakland Oaks</a></td><td class=""right"" data-stat=""visitor_pts"">121</td><td class=""left"" csk=""DNR.196904080DNR"" data-stat=""home_team_name""><a href=""/teams/DNR/1969.html"">Denver Rockets</a></td><td class=""right"" data-stat=""home_pts"">99</td><td class=""center"" data-stat=""box_score_text""><a href=""/boxscores/196904080DNR.html"">Box Score</a></td><td class=""center iz"" data-stat=""overtimes""></td><td class=""right"" data-stat=""attendance"">5,062</td><td class=""left iz"" data-stat=""game_remarks""></td></tr>"
35,"<tr><th class=""left"" csk=""196904080INA"" data-stat=""date_game"" scope=""row""><a href=""/boxscores/index.fcgi?month=4&amp;day=8&amp;year=1969"">Tue, Apr 8, 1969</a></th><td class=""left"" csk=""KEN.196904080INA"" data-stat=""visitor_team_name""><a href=""/teams/KEN/1969.html"">Kentucky Colonels</a></td><td class=""right"" data-stat=""visitor_pts"">128</td><td class=""left"" csk=""INA.196904080INA"" data-stat=""home_team_name""><a href=""/teams/INA/1969.html"">Indiana Pacers</a></td><td class=""right"" data-stat=""home_pts"">118</td><td class=""center"" data-stat=""box_score_text""><a href=""/boxscores/196904080INA.html"">Box Score</a></td><td class=""center iz"" data-stat=""overtimes""></td><td class=""right"" data-stat=""attendance"">6,319</td><td class=""left iz"" data-stat=""game_remarks""></td></tr>"
37,"<tr><th class=""left"" csk=""196904090MMF"" data-stat=""date_game"" scope=""row""><a href=""/boxscores/index.fcgi?month=4&amp;day=9&amp;year=1969"">Wed, Apr 9, 1969</a></th><td class=""left"" csk=""MNP.196904090MMF"" data-stat=""visitor_team_name""><a href=""/teams/MNP/1969.html"">Minnesota Pipers</a></td><td class=""right"" data-stat=""visitor_pts"">106</td><td class=""left"" csk=""MMF.196904090MMF"" data-stat=""home_team_name""><a href=""/teams/MMF/1969.html"">Miami Floridians</a></td><td class=""right"" data-stat=""home_pts"">99</td><td class=""center"" data-stat=""box_score_text""><a href=""/boxscores/196904090MMF.html"">Box Score</a></td><td class=""center iz"" data-stat=""overtimes""></td><td class=""right"" data-stat=""attendance"">1,688</td><td class=""left iz"" data-stat=""game_remarks""></td></tr>"
39,"<tr><th class=""left"" csk=""196904090INA"" data-stat=""date_game"" scope=""row""><a href=""/boxscores/index.fcgi?month=4&amp;day=9&amp;year=1969"">Wed, Apr 9, 1969</a></th><td class=""left"" csk=""KEN.196904090INA"" data-stat=""visitor_team_name""><a href=""/teams/KEN/1969.html"">Kentucky Colonels</a></td><td class=""right"" data-stat=""visitor_pts"">115</td><td class=""left"" csk=""INA.196904090INA"" data-stat=""home_team_name""><a href=""/teams/INA/1969.html"">Indiana Pacers</a></td><td class=""right"" data-stat=""home_pts"">120</td><td class=""center"" data-stat=""box_score_text""><a href=""/boxscores/196904090INA.html"">Box Score</a></td><td class=""center iz"" data-stat=""overtimes""></td><td class=""right"" data-stat=""attendance"">6,789</td><td class=""left iz"" data-stat=""game_remarks""></td></tr>"
41,"<tr><th class=""left"" csk=""196904100DLC"" data-stat=""date_game"" scope=""row""><a href=""/boxscores/index.fcgi?month=4&amp;day=10&amp;year=1969"">Thu, Apr 10, 1969</a></th><td class=""left"" csk=""NOB.196904100DLC"" data-stat=""visitor_team_name""><a href=""/teams/NOB/1969.html"">New Orleans Buccaneers</a></td><td class=""right"" data-stat=""visitor_pts"">106</td><td class=""left"" csk=""DLC.196904100DLC"" data-stat=""home_team_name""><a href=""/teams/DLC/1969.html"">Dallas Chaparrals</a></td><td class=""right"" data-stat=""home_pts"">130</td><td class=""center"" data-stat=""box_score_text""><a href=""/boxscores/196904100DLC.html"">Box Score</a></td><td class=""center iz"" data-stat=""overtimes""></td><td class=""right"" data-stat=""attendance"">2,887</td><td class=""left iz"" data-stat=""game_remarks""></td></tr>"
43,"<tr><th class=""left"" csk=""196904100DNR"" data-stat=""date_game"" scope=""row""><a href=""/boxscores/index.fcgi?month=4&amp;day=10&amp;year=1969"">Thu, Apr 10, 1969</a></th><td class=""left"" csk=""OAK.196904100DNR"" data-stat=""visitor_team_name""><a href=""/teams/OAK/1969.html"">Oakland Oaks</a></td><td class=""right"" data-stat=""visitor_pts"">108</td><td class=""left"" csk=""DNR.196904100DNR"" data-stat=""home_team_name""><a href=""/teams/DNR/1969.html"">Denver Rockets</a></td><td class=""right"" data-stat=""home_pts"">109</td><td class=""center"" data-stat=""box_score_text""><a href=""/boxscores/196904100DNR.html"">Box Score</a></td><td class=""center iz"" data-stat=""overtimes""></td><td class=""right"" data-stat=""attendance"">5,431</td><td class=""left iz"" data-stat=""game_remarks""></td></tr>"
45,"<tr><th class=""left"" csk=""196904100KEN"" data-stat=""date_game"" scope=""row""><a href=""/boxscores/index.fcgi?month=4&amp;day=10&amp;year=1969"">Thu, Apr 10, 1969</a></th><td class=""left"" csk=""INA.196904100KEN"" data-stat=""visitor_team_name""><a href=""/teams/INA/1969.html"">Indiana Pacers</a></td><td class=""right"" data-stat=""visitor_pts"">111</td><td class=""left"" csk=""KEN.196904100KEN"" data-stat=""home_team_name""><a href=""/teams/KEN/1969.html"">Kentucky Colonels</a></td><td class=""right"" data-stat=""home_pts"">130</td><td class=""center"" data-stat=""box_score_text""><a href=""/boxscores/196904100KEN.html"">Box Score</a></td><td class=""center iz"" data-stat=""overtimes""></td><td class=""right"" data-stat=""attendance"">4,235</td><td class=""left iz"" data-stat=""game_remarks""></td></tr>"
47,"<tr><th class=""left"" csk=""196904100MNP"" data-stat=""date_game"" scope=""row""><a href=""/boxscores/index.fcgi?month=4&amp;day=10&amp;year=1969"">Thu, Apr 10, 1969</a></th><td class=""left"" csk=""MMF.196904100MNP"" data-stat=""visitor_team_name""><a href=""/teams/MMF/1969.html"">Miami Floridians</a></td><td class=""right"" data-stat=""visitor_pts"">93</td><td class=""left"" csk=""MNP.196904100MNP"" data-stat=""home_team_name""><a href=""/teams/MNP/1969.html"">Minnesota Pipers</a></td><td class=""right"" data-stat=""home_pts"">109</td><td class=""center"" data-stat=""box_score_text""><a href=""/boxscores/196904100MNP.html"">Box Score</a></td><td class=""center iz"" data-stat=""overtimes""></td><td class=""right"" data-stat=""attendance"">1,520</td><td class=""left iz"" data-stat=""game_remarks""></td></tr>"
49,"<tr><th class=""left"" csk=""196904120OAK"" data-stat=""date_game"" scope=""row""><a href=""/boxscores/index.fcgi?month=4&amp;day=12&amp;year=1969"">Sat, Apr 12, 1969</a></th><td class=""left"" csk=""DNR.196904120OAK"" data-stat=""visitor_team_name""><a href=""/teams/DNR/1969.html"">Denver Rockets</a></td><td class=""right"" data-stat=""visitor_pts"">118</td><td class=""left"" csk=""OAK.196904120OAK"" data-stat=""home_team_name""><a href=""/teams/OAK/1969.html"">Oakland Oaks</a></td><td class=""right"" data-stat=""home_pts"">128</td><td class=""center"" data-stat=""box_score_text""><a href=""/boxscores/196904120OAK.html"">Box Score</a></td><td class=""center iz"" data-stat=""overtimes""></td><td class=""right"" data-stat=""attendance"">3,156</td><td class=""left iz"" data-stat=""game_remarks""></td></tr>"
51,"<tr><th class=""left"" csk=""196904120MNP"" data-stat=""date_game"" scope=""row""><a href=""/boxscores/index.fcgi?month=4&amp;day=12&amp;year=1969"">Sat, Apr 12, 1969</a></th><td class=""left"" csk=""MMF.196904120MNP"" data-stat=""visitor_team_name""><a href=""/teams/MMF/1969.html"">Miami Floridians</a></td><td class=""right"" data-stat=""visitor_pts"">116</td><td class=""left"" csk=""MNP.196904120MNP"" data-stat=""home_team_name""><a href=""/teams/MNP/1969.html"">Minnesota Pipers</a></td><td class=""right"" data-stat=""home_pts"">109</td><td class=""center"" data-stat=""box_score_text""><a href=""/boxscores/196904120MNP.html"">Box Score</a></td><td class=""center iz"" data-stat=""overtimes""></td><td class=""right"" data-stat=""attendance"">2,532</td><td class=""left iz"" data-stat=""game_remarks""></td></tr>"
53,"<tr><th class=""left"" csk=""196904120DLC"" data-stat=""date_game"" scope=""row""><a href=""/boxscores/index.fcgi?month=4&amp;day=12&amp;year=1969"">Sat, Apr 12, 1969</a></th><td class=""left"" csk=""NOB.196904120DLC"" data-stat=""visitor_team_name""><a href=""/teams/NOB/1969.html"">New Orleans Buccaneers</a></td><td class=""right"" data-stat=""visitor_pts"">114</td><td class=""left"" csk=""DLC.196904120DLC"" data-stat=""home_team_name""><a href=""/teams/DLC/1969.html"">Dallas Chaparrals</a></td><td class=""right"" data-stat=""home_pts"">107</td><td class=""center"" data-stat=""box_score_text""><a href=""/boxscores/196904120DLC.html"">Box Score</a></td><td class=""center iz"" data-stat=""overtimes""></td><td class=""right"" data-stat=""attendance"">5,482</td><td class=""left iz"" data-stat=""game_remarks""></td></tr>"
55,"<tr><th class=""left"" csk=""196904130DNR"" data-stat=""date_game"" scope=""row""><a href=""/boxscores/index.fcgi?month=4&amp;day=13&amp;year=1969"">Sun, Apr 13, 1969</a></th><td class=""left"" csk=""OAK.196904130DNR"" data-stat=""visitor_team_name""><a href=""/teams/OAK/1969.html"">Oakland Oaks</a></td><td class=""right"" data-stat=""visitor_pts"">115</td><td class=""left"" csk=""DNR.196904130DNR"" data-stat=""home_team_name""><a href=""/teams/DNR/1969.html"">Denver Rockets</a></td><td class=""right"" data-stat=""home_pts"">126</td><td class=""center"" data-stat=""box_score_text""><a href=""/boxscores/196904130DNR.html"">Box Score</a></td><td class=""center iz"" data-stat=""overtimes""></td><td class=""right"" data-stat=""attendance"">6,841</td><td class=""left iz"" data-stat=""game_remarks""></td></tr>"
57,"<tr><th class=""left"" csk=""196904130KEN"" data-stat=""date_game"" scope=""row""><a href=""/boxscores/index.fcgi?month=4&amp;day=13&amp;year=1969"">Sun, Apr 13, 1969</a></th><td class=""left"" csk=""INA.196904130KEN"" data-stat=""visitor_team_name""><a href=""/teams/INA/1969.html"">Indiana Pacers</a></td><td class=""right"" data-stat=""visitor_pts"">104</td><td class=""left"" csk=""KEN.196904130KEN"" data-stat=""home_team_name""><a href=""/teams/KEN/1969.html"">Kentucky Colonels</a></td><td class=""right"" data-stat=""home_pts"">105</td><td class=""center"" data-stat=""box_score_text""><a href=""/boxscores/196904130KEN.html"">Box Score</a></td><td class=""center"" data-stat=""overtimes"">OT</td><td class=""right"" data-stat=""attendance"">3,079</td><td class=""left iz"" data-stat=""game_remarks""></td></tr>"
59,"<tr><th class=""left"" csk=""196904130MMF"" data-stat=""date_game"" scope=""row""><a href=""/boxscores/index.fcgi?month=4&amp;day=13&amp;year=1969"">Sun, Apr 13, 1969</a></th><td class=""left"" csk=""MNP.196904130MMF"" data-stat=""visitor_team_name""><a href=""/teams/MNP/1969.html"">Minnesota Pipers</a></td><td class=""right"" data-stat=""visitor_pts"">107</td><td class=""left"" csk=""MMF.196904130MMF"" data-stat=""home_team_name""><a href=""/teams/MMF/1969.html"">Miami Floridians</a></td><td class=""right"" data-stat=""home_pts"">122</td><td class=""center"" data-stat=""box_score_text""><a href=""/boxscores/196904130MMF.html"">Box Score</a></td><td class=""center iz"" data-stat=""overtimes""></td><td class=""right"" data-stat=""attendance"">4,206</td><td class=""left iz"" data-stat=""game_remarks""></td></tr>"
61,"<tr><th class=""left"" csk=""196904140NOB"" data-stat=""date_game"" scope=""row""><a href=""/boxscores/index.fcgi?month=4&amp;day=14&amp;year=1969"">Mon, Apr 14, 1969</a></th><td class=""left"" csk=""DLC.196904140NOB"" data-stat=""visitor_team_name""><a href=""/teams/DLC/1969.html"">Dallas Chaparrals</a></td><td class=""right"" data-stat=""visitor_pts"">123</td><td class=""left"" csk=""NOB.196904140NOB"" data-stat=""home_team_name""><a href=""/teams/NOB/1969.html"">New Orleans Buccaneers</a></td><td class=""right"" data-stat=""home_pts"">112</td><td class=""center"" data-stat=""box_score_text""><a href=""/boxscores/196904140NOB.html"">Box Score</a></td><td class=""center iz"" data-stat=""overtimes""></td><td class=""right"" data-stat=""attendance"">4,517</td><td class=""left iz"" data-stat=""game_remarks""></td></tr>"
63,"<tr><th class=""left"" csk=""196904140INA"" data-stat=""date_game"" scope=""row""><a href=""/boxscores/index.fcgi?month=4&amp;day=14&amp;year=1969"">Mon, Apr 14, 1969</a></th><td class=""left"" csk=""KEN.196904140INA"" data-stat=""visitor_team_name""><a href=""/teams/KEN/1969.html"">Kentucky Colonels</a></td><td class=""right"" data-stat=""visitor_pts"">97</td><td class=""left"" csk=""INA.196904140INA"" data-stat=""home_team_name""><a href=""/teams/INA/1969.html"">Indiana Pacers</a></td><td class=""right"" data-stat=""home_pts"">116</td><td class=""center"" data-stat=""box_score_text""><a href=""/boxscores/196904140INA.html"">Box Score</a></td><td class=""center iz"" data-stat=""overtimes""></td><td class=""right"" data-stat=""attendance"">5,612</td><td class=""left iz"" data-stat=""game_remarks""></td></tr>"
65,"<tr><th class=""left"" csk=""196904150DLC"" data-stat=""date_game"" scope=""row""><a href=""/boxscores/index.fcgi?month=4&amp;day=15&amp;year=1969"">Tue, Apr 15, 1969</a></th><td class=""left"" csk=""NOB.196904150DLC"" data-stat=""visitor_team_name""><a href=""/teams/NOB/1969.html"">New Orleans Buccaneers</a></td><td class=""right"" data-stat=""visitor_pts"">118</td><td class=""left"" csk=""DLC.196904150DLC"" data-stat=""home_team_name""><a href=""/teams/DLC/1969.html"">Dallas Chaparrals</a></td><td class=""right"" data-stat=""home_pts"">136</td><td class=""center"" data-stat=""box_score_text""><a href=""/boxscores/196904150DLC.html"">Box Score</a></td><td class=""center iz"" data-stat=""overtimes""></td><td class=""right"" data-stat=""attendance"">4,366</td><td class=""left iz"" data-stat=""game_remarks""></td></tr>"
67,"<tr><th class=""left"" csk=""196904150KEN"" data-stat=""date_game"" scope=""row""><a href=""/boxscores/index.fcgi?month=4&amp;day=15&amp;year=1969"">Tue, Apr 15, 1969</a></th><td class=""left"" csk=""INA.196904150KEN"" data-stat=""visitor_team_name""><a href=""/teams/INA/1969.html"">Indiana Pacers</a></td><td class=""right"" data-stat=""visitor_pts"">107</td><td class=""left"" csk=""KEN.196904150KEN"" data-stat=""home_team_name""><a href=""/teams/KEN/1969.html"">Kentucky Colonels</a></td><td class=""right"" data-stat=""home_pts"">89</td><td class=""center"" data-stat=""box_score_text""><a href=""/boxscores/196904150KEN.html"">Box Score</a></td><td class=""center iz"" data-stat=""overtimes""></td><td class=""right"" data-stat=""attendance"">4,633</td><td class=""left iz"" data-stat=""game_remarks""></td></tr>"
69,"<tr><th class=""left"" csk=""196904150MNP"" data-stat=""date_game"" scope=""row""><a href=""/boxscores/index.fcgi?month=4&amp;day=15&amp;year=1969"">Tue, Apr 15, 1969</a></th><td class=""left"" csk=""MMF.196904150MNP"" data-stat=""visitor_team_name""><a href=""/teams/MMF/1969.html"">Miami Floridians</a></td><td class=""right"" data-stat=""visitor_pts"">100</td><td class=""left"" csk=""MNP.196904150MNP"" data-stat=""home_team_name""><a href=""/teams/MNP/1969.html"">Minnesota Pipers</a></td><td class=""right"" data-stat=""home_pts"">105</td><td class=""center"" data-stat=""box_score_text""><a href=""/boxscores/196904150MNP.html"">Box Score</a></td><td class=""center iz"" data-stat=""overtimes""></td><td class=""right"" data-stat=""attendance"">1,345</td><td class=""left iz"" data-stat=""game_remarks""></td></tr>"
71,"<tr><th class=""left"" csk=""196904160OAK"" data-stat=""date_game"" scope=""row""><a href=""/boxscores/index.fcgi?month=4&amp;day=16&amp;year=1969"">Wed, Apr 16, 1969</a></th><td class=""left"" csk=""DNR.196904160OAK"" data-stat=""visitor_team_name""><a href=""/teams/DNR/1969.html"">Denver Rockets</a></td><td class=""right"" data-stat=""visitor_pts"">102</td><td class=""left"" csk=""OAK.196904160OAK"" data-stat=""home_team_name""><a href=""/teams/OAK/1969.html"">Oakland Oaks</a></td><td class=""right"" data-stat=""home_pts"">115</td><td class=""center"" data-stat=""box_score_text""><a href=""/boxscores/196904160OAK.html"">Box Score</a></td><td class=""center iz"" data-stat=""overtimes""></td><td class=""right"" data-stat=""attendance"">5,123</td><td class=""left iz"" data-stat=""game_remarks""></td></tr>"
73,"<tr><th class=""left"" csk=""196904170NOB"" data-stat=""date_game"" scope=""row""><a href=""/boxscores/index.fcgi?month=4&amp;day=17&amp;year=1969"">Thu, Apr 17, 1969</a></th><td class=""left"" csk=""DLC.196904170NOB"" data-stat=""visitor_team_name""><a href=""/teams/DLC/1969.html"">Dallas Chaparrals</a></td><td class=""right"" data-stat=""visitor_pts"">95</td><td class=""left"" csk=""NOB.196904170NOB"" data-stat=""home_team_name""><a href=""/teams/NOB/1969.html"">New Orleans Buccaneers</a></td><td class=""right"" data-stat=""home_pts"">101</td><td class=""center"" data-stat=""box_score_text""><a href=""/boxscores/196904170NOB.html"">Box Score</a></td><td class=""center iz"" data-stat=""overtimes""></td><td class=""right"" data-stat=""attendance"">5,823</td><td class=""left iz"" data-stat=""game_remarks""></td></tr>"
75,"<tr><th class=""left"" csk=""196904170INA"" data-stat=""date_game"" scope=""row""><a href=""/boxscores/index.fcgi?month=4&amp;day=17&amp;year=1969"">Thu, Apr 17, 1969</a></th><td class=""left"" csk=""KEN.196904170INA"" data-stat=""visitor_team_name""><a href=""/teams/KEN/1969.html"">Kentucky Colonels</a></td><td class=""right"" data-stat=""visitor_pts"">111</td><td class=""left"" csk=""INA.196904170INA"" data-stat=""home_team_name""><a href=""/teams/INA/1969.html"">Indiana Pacers</a></td><td class=""right"" data-stat=""home_pts"">120</td><td class=""center"" data-stat=""box_score_text""><a href=""/boxscores/196904170INA.html"">Box Score</a></td><td class=""center iz"" data-stat=""overtimes""></td><td class=""right"" data-stat=""attendance"">11,005</td><td class=""left iz"" data-stat=""game_remarks""></td></tr>"
77,"<tr><th class=""left"" csk=""196904190MMF"" data-stat=""date_game"" scope=""row""><a href=""/boxscores/index.fcgi?month=4&amp;day=19&amp;year=1969"">Sat, Apr 19, 1969</a></th><td class=""left"" csk=""MNP.196904190MMF"" data-stat=""visitor_team_name""><a href=""/teams/MNP/1969.html"">Minnesota Pipers</a></td><td class=""right"" data-stat=""visitor_pts"">128</td><td class=""left"" csk=""MMF.196904190MMF"" data-stat=""home_team_name""><a href=""/teams/MMF/1969.html"">Miami Floridians</a></td><td class=""right"" data-stat=""home_pts"">137</td><td class=""center"" data-stat=""box_score_text""><a href=""/boxscores/196904190MMF.html"">Box Score</a></td><td class=""center iz"" data-stat=""overtimes""></td><td class=""right"" data-stat=""attendance"">5,072</td><td class=""left iz"" data-stat=""game_remarks""></td></tr>"
79,"<tr><th class=""left"" csk=""196904190OAK"" data-stat=""date_game"" scope=""row""><a href=""/boxscores/index.fcgi?month=4&amp;day=19&amp;year=1969"">Sat, Apr 19, 1969</a></th><td class=""left"" csk=""NOB.196904190OAK"" data-stat=""visitor_team_name""><a href=""/teams/NOB/1969.html"">New Orleans Buccaneers</a></td><td class=""right"" data-stat=""visitor_pts"">118</td><td class=""left"" csk=""OAK.196904190OAK"" data-stat=""home_team_name""><a href=""/teams/OAK/1969.html"">Oakland Oaks</a></td><td class=""right"" data-stat=""home_pts"">128</td><td class=""center"" data-stat=""box_score_text""><a href=""/boxscores/196904190OAK.html"">Box Score</a></td><td class=""center iz"" data-stat=""overtimes""></td><td class=""right"" data-stat=""attendance"">2,848</td><td class=""left iz"" data-stat=""game_remarks""></td></tr>"
81,"<tr><th class=""left"" csk=""196904200INA"" data-stat=""date_game"" scope=""row""><a href=""/boxscores/index.fcgi?month=4&amp;day=20&amp;year=1969"">Sun, Apr 20, 1969</a></th><td class=""left"" csk=""MMF.196904200INA"" data-stat=""visitor_team_name""><a href=""/teams/MMF/1969.html"">Miami Floridians</a></td><td class=""right"" data-stat=""visitor_pts"">110</td><td class=""left"" csk=""INA.196904200INA"" data-stat=""home_team_name""><a href=""/teams/INA/1969.html"">Indiana Pacers</a></td><td class=""right"" data-stat=""home_pts"">126</td><td class=""center"" data-stat=""box_score_text""><a href=""/boxscores/196904200INA.html"">Box Score</a></td><td class=""center iz"" data-stat=""overtimes""></td><td class=""right"" data-stat=""attendance"">8,721</td><td class=""left iz"" data-stat=""game_remarks""></td></tr>"
83,"<tr><th class=""left"" csk=""196904210OAK"" data-stat=""date_game"" scope=""row""><a href=""/boxscores/index.fcgi?month=4&amp;day=21&amp;year=1969"">Mon, Apr 21, 1969</a></th><td class=""left"" csk=""NOB.196904210OAK"" data-stat=""visitor_team_name""><a href=""/teams/NOB/1969.html"">New Orleans Buccaneers</a></td><td class=""right"" data-stat=""visitor_pts"">124</td><td class=""left"" csk=""OAK.196904210OAK"" data-stat=""home_team_name""><a href=""/teams/OAK/1969.html"">Oakland Oaks</a></td><td class=""right"" data-stat=""home_pts"">135</td><td class=""center"" data-stat=""box_score_text""><a href=""/boxscores/196904210OAK.html"">Box Score</a></td><td class=""center iz"" data-stat=""overtimes""></td><td class=""right"" data-stat=""attendance"">1,749</td><td class=""left iz"" data-stat=""game_remarks""></td></tr>"
85,"<tr><th class=""left"" csk=""196904220INA"" data-stat=""date_game"" scope=""row""><a href=""/boxscores/index.fcgi?month=4&amp;day=22&amp;year=1969"">Tue, Apr 22, 1969</a></th><td class=""left"" csk=""MMF.196904220INA"" data-stat=""visitor_team_name""><a href=""/teams/MMF/1969.html"">Miami Floridians</a></td><td class=""right"" data-stat=""visitor_pts"">116</td><td class=""left"" csk=""INA.196904220INA"" data-stat=""home_team_name""><a href=""/teams/INA/1969.html"">Indiana Pacers</a></td><td class=""right"" data-stat=""home_pts"">131</td><td class=""center"" data-stat=""box_score_text""><a href=""/boxscores/196904220INA.html"">Box Score</a></td><td class=""center iz"" data-stat=""overtimes""></td><td class=""right"" data-stat=""attendance"">7,243</td><td class=""left iz"" data-stat=""game_remarks""></td></tr>"
87,"<tr><th class=""left"" csk=""196904230NOB"" data-stat=""date_game"" scope=""row""><a href=""/boxscores/index.fcgi?month=4&amp;day=23&amp;year=1969"">Wed, Apr 23, 1969</a></th><td class=""left"" csk=""OAK.196904230NOB"" data-stat=""visitor_team_name""><a href=""/teams/OAK/1969.html"">Oakland Oaks</a></td><td class=""right"" data-stat=""visitor_pts"">113</td><td class=""left"" csk=""NOB.196904230NOB"" data-stat=""home_team_name""><a href=""/teams/NOB/1969.html"">New Orleans Buccaneers</a></td><td class=""right"" data-stat=""home_pts"">107</td><td class=""center"" data-stat=""box_score_text""><a href=""/boxscores/196904230NOB.html"">Box Score</a></td><td class=""center iz"" data-stat=""overtimes""></td><td class=""right"" data-stat=""attendance"">4,253</td><td class=""left iz"" data-stat=""game_remarks""></td></tr>"
89,"<tr><th class=""left"" csk=""196904230MMF"" data-stat=""date_game"" scope=""row""><a href=""/boxscores/index.fcgi?month=4&amp;day=23&amp;year=1969"">Wed, Apr 23, 1969</a></th><td class=""left"" csk=""INA.196904230MMF"" data-stat=""visitor_team_name""><a href=""/teams/INA/1969.html"">Indiana Pacers</a></td><td class=""right"" data-stat=""visitor_pts"">119</td><td class=""left"" csk=""MMF.196904230MMF"" data-stat=""home_team_name""><a href=""/teams/MMF/1969.html"">Miami Floridians</a></td><td class=""right"" data-stat=""home_pts"">105</td><td class=""center"" data-stat=""box_score_text""><a href=""/boxscores/196904230MMF.html"">Box Score</a></td><td class=""center iz"" data-stat=""overtimes""></td><td class=""right"" data-stat=""attendance"">2,112</td><td class=""left iz"" data-stat=""game_remarks""></td></tr>"
91,"<tr><th class=""left"" csk=""196904250MMF"" data-stat=""date_game"" scope=""row""><a href=""/boxscores/index.fcgi?month=4&amp;day=25&amp;year=1969"">Fri, Apr 25, 1969</a></th><td class=""left"" csk=""INA.196904250MMF"" data-stat=""visitor_team_name""><a href=""/teams/INA/1969.html"">Indiana Pacers</a></td><td class=""right"" data-stat=""visitor_pts"">110</td><td class=""left"" csk=""MMF.196904250MMF"" data-stat=""home_team_name""><a href=""/teams/MMF/1969.html"">Miami Floridians</a></td><td class=""right"" data-stat=""home_pts"">114</td><td class=""center"" data-stat=""box_score_text""><a href=""/boxscores/196904250MMF.html"">Box Score</a></td><td class=""center iz"" data-stat=""overtimes""></td><td class=""right"" data-stat=""attendance"">2,846</td><td class=""left iz"" data-stat=""game_remarks""></td></tr>"
93,"<tr><th class=""left"" csk=""196904250NOB"" data-stat=""date_game"" scope=""row""><a href=""/boxscores/index.fcgi?month=4&amp;day=25&amp;year=1969"">Fri, Apr 25, 1969</a></th><td class=""left"" csk=""OAK.196904250NOB"" data-stat=""visitor_team_name""><a href=""/teams/OAK/1969.html"">Oakland Oaks</a></td><td class=""right"" data-stat=""visitor_pts"">128</td><td class=""left"" csk=""NOB.196904250NOB"" data-stat=""home_team_name""><a href=""/teams/NOB/1969.html"">New Orleans Buccaneers</a></td><td class=""right"" data-stat=""home_pts"">114</td><td class=""center"" data-stat=""box_score_text""><a href=""/boxscores/196904250NOB.html"">Box Score</a></td><td class=""center iz"" data-stat=""overtimes""></td><td class=""right"" data-stat=""attendance"">3,583</td><td class=""left iz"" data-stat=""game_remarks""></td></tr>"
95,"<tr><th class=""left"" csk=""196904260INA"" data-stat=""date_game"" scope=""row""><a href=""/boxscores/index.fcgi?month=4&amp;day=26&amp;year=1969"">Sat, Apr 26, 1969</a></th><td class=""left"" csk=""MMF.196904260INA"" data-stat=""visitor_team_name""><a href=""/teams/MMF/1969.html"">Miami Floridians</a></td><td class=""right"" data-stat=""visitor_pts"">105</td><td class=""left"" csk=""INA.196904260INA"" data-stat=""home_team_name""><a href=""/teams/INA/1969.html"">Indiana Pacers</a></td><td class=""right"" data-stat=""home_pts"">127</td><td class=""center"" data-stat=""box_score_text""><a href=""/boxscores/196904260INA.html"">Box Score</a></td><td class=""center iz"" data-stat=""overtimes""></td><td class=""right"" data-stat=""attendance"">3,528</td><td class=""left iz"" data-stat=""game_remarks""></td></tr>"
97,"<tr><th class=""left"" csk=""196904300OAK"" data-stat=""date_game"" scope=""row""><a href=""/boxscores/index.fcgi?month=4&amp;day=30&amp;year=1969"">Wed, Apr 30, 1969</a></th><td class=""left"" csk=""INA.196904300OAK"" data-stat=""visitor_team_name""><a href=""/teams/INA/1969.html"">Indiana Pacers</a></td><td class=""right"" data-stat=""visitor_pts"">114</td><td class=""left"" csk=""OAK.196904300OAK"" data-stat=""home_team_name""><a href=""/teams/OAK/1969.html"">Oakland Oaks</a></td><td class=""right"" data-stat=""home_pts"">123</td><td class=""center"" data-stat=""box_score_text""><a href=""/boxscores/196904300OAK.html"">Box Score</a></td><td class=""center iz"" data-stat=""overtimes""></td><td class=""right"" data-stat=""attendance"">3,290</td><td class=""left iz"" data-stat=""game_remarks""></td></tr>"
