,0
1,"<tr><th class=""left"" csk=""197402010MMT"" data-stat=""date_game"" scope=""row""><a href=""/boxscores/index.fcgi?month=2&amp;day=1&amp;year=1974"">Fri, Feb 1, 1974</a></th><td class=""left"" csk=""CAR.197402010MMT"" data-stat=""visitor_team_name""><a href=""/teams/CAR/1974.html"">Carolina Cougars</a></td><td class=""right"" data-stat=""visitor_pts"">104</td><td class=""left"" csk=""MMT.197402010MMT"" data-stat=""home_team_name""><a href=""/teams/MMT/1974.html"">Memphis Tams</a></td><td class=""right"" data-stat=""home_pts"">102</td><td class=""center"" data-stat=""box_score_text""><a href=""/boxscores/197402010MMT.html"">Box Score</a></td><td class=""center iz"" data-stat=""overtimes""></td><td class=""right"" data-stat=""attendance"">1,432</td><td class=""left iz"" data-stat=""game_remarks""></td></tr>"
3,"<tr><th class=""left"" csk=""197402010NYA"" data-stat=""date_game"" scope=""row""><a href=""/boxscores/index.fcgi?month=2&amp;day=1&amp;year=1974"">Fri, Feb 1, 1974</a></th><td class=""left"" csk=""SAA.197402010NYA"" data-stat=""visitor_team_name""><a href=""/teams/SAA/1974.html"">San Antonio Spurs</a></td><td class=""right"" data-stat=""visitor_pts"">91</td><td class=""left"" csk=""NYA.197402010NYA"" data-stat=""home_team_name""><a href=""/teams/NYA/1974.html"">New York Nets</a></td><td class=""right"" data-stat=""home_pts"">95</td><td class=""center"" data-stat=""box_score_text""><a href=""/boxscores/197402010NYA.html"">Box Score</a></td><td class=""center iz"" data-stat=""overtimes""></td><td class=""right"" data-stat=""attendance"">7,104</td><td class=""left iz"" data-stat=""game_remarks""></td></tr>"
5,"<tr><th class=""left"" csk=""197402010SDA"" data-stat=""date_game"" scope=""row""><a href=""/boxscores/index.fcgi?month=2&amp;day=1&amp;year=1974"">Fri, Feb 1, 1974</a></th><td class=""left"" csk=""INA.197402010SDA"" data-stat=""visitor_team_name""><a href=""/teams/INA/1974.html"">Indiana Pacers</a></td><td class=""right"" data-stat=""visitor_pts"">119</td><td class=""left"" csk=""SDA.197402010SDA"" data-stat=""home_team_name""><a href=""/teams/SDA/1974.html"">San Diego Conquistadors</a></td><td class=""right"" data-stat=""home_pts"">124</td><td class=""center"" data-stat=""box_score_text""><a href=""/boxscores/197402010SDA.html"">Box Score</a></td><td class=""center iz"" data-stat=""overtimes""></td><td class=""right"" data-stat=""attendance"">1,237</td><td class=""left iz"" data-stat=""game_remarks""></td></tr>"
7,"<tr><th class=""left"" csk=""197402010VIR"" data-stat=""date_game"" scope=""row""><a href=""/boxscores/index.fcgi?month=2&amp;day=1&amp;year=1974"">Fri, Feb 1, 1974</a></th><td class=""left"" csk=""KEN.197402010VIR"" data-stat=""visitor_team_name""><a href=""/teams/KEN/1974.html"">Kentucky Colonels</a></td><td class=""right"" data-stat=""visitor_pts"">110</td><td class=""left"" csk=""VIR.197402010VIR"" data-stat=""home_team_name""><a href=""/teams/VIR/1974.html"">Virginia Squires</a></td><td class=""right"" data-stat=""home_pts"">111</td><td class=""center"" data-stat=""box_score_text""><a href=""/boxscores/197402010VIR.html"">Box Score</a></td><td class=""center iz"" data-stat=""overtimes""></td><td class=""right"" data-stat=""attendance"">2,818</td><td class=""left"" data-stat=""game_remarks"">at Hampton, VA</td></tr>"
9,"<tr><th class=""left"" csk=""197402020UTS"" data-stat=""date_game"" scope=""row""><a href=""/boxscores/index.fcgi?month=2&amp;day=2&amp;year=1974"">Sat, Feb 2, 1974</a></th><td class=""left"" csk=""INA.197402020UTS"" data-stat=""visitor_team_name""><a href=""/teams/INA/1974.html"">Indiana Pacers</a></td><td class=""right"" data-stat=""visitor_pts"">113</td><td class=""left"" csk=""UTS.197402020UTS"" data-stat=""home_team_name""><a href=""/teams/UTS/1974.html"">Utah Stars</a></td><td class=""right"" data-stat=""home_pts"">118</td><td class=""center"" data-stat=""box_score_text""><a href=""/boxscores/197402020UTS.html"">Box Score</a></td><td class=""center"" data-stat=""overtimes"">OT</td><td class=""right"" data-stat=""attendance"">10,201</td><td class=""left iz"" data-stat=""game_remarks""></td></tr>"
11,"<tr><th class=""left"" csk=""197402020KEN"" data-stat=""date_game"" scope=""row""><a href=""/boxscores/index.fcgi?month=2&amp;day=2&amp;year=1974"">Sat, Feb 2, 1974</a></th><td class=""left"" csk=""SAA.197402020KEN"" data-stat=""visitor_team_name""><a href=""/teams/SAA/1974.html"">San Antonio Spurs</a></td><td class=""right"" data-stat=""visitor_pts"">110</td><td class=""left"" csk=""KEN.197402020KEN"" data-stat=""home_team_name""><a href=""/teams/KEN/1974.html"">Kentucky Colonels</a></td><td class=""right"" data-stat=""home_pts"">107</td><td class=""center"" data-stat=""box_score_text""><a href=""/boxscores/197402020KEN.html"">Box Score</a></td><td class=""center"" data-stat=""overtimes"">OT</td><td class=""right"" data-stat=""attendance"">2,593</td><td class=""left"" data-stat=""game_remarks"">at Cincinnati, OH</td></tr>"
13,"<tr><th class=""left"" csk=""197402020DNR"" data-stat=""date_game"" scope=""row""><a href=""/boxscores/index.fcgi?month=2&amp;day=2&amp;year=1974"">Sat, Feb 2, 1974</a></th><td class=""left"" csk=""VIR.197402020DNR"" data-stat=""visitor_team_name""><a href=""/teams/VIR/1974.html"">Virginia Squires</a></td><td class=""right"" data-stat=""visitor_pts"">120</td><td class=""left"" csk=""DNR.197402020DNR"" data-stat=""home_team_name""><a href=""/teams/DNR/1974.html"">Denver Rockets</a></td><td class=""right"" data-stat=""home_pts"">138</td><td class=""center"" data-stat=""box_score_text""><a href=""/boxscores/197402020DNR.html"">Box Score</a></td><td class=""center iz"" data-stat=""overtimes""></td><td class=""right"" data-stat=""attendance"">4,214</td><td class=""left iz"" data-stat=""game_remarks""></td></tr>"
15,"<tr><th class=""left"" csk=""197402020CAR"" data-stat=""date_game"" scope=""row""><a href=""/boxscores/index.fcgi?month=2&amp;day=2&amp;year=1974"">Sat, Feb 2, 1974</a></th><td class=""left"" csk=""NYA.197402020CAR"" data-stat=""visitor_team_name""><a href=""/teams/NYA/1974.html"">New York Nets</a></td><td class=""right"" data-stat=""visitor_pts"">117</td><td class=""left"" csk=""CAR.197402020CAR"" data-stat=""home_team_name""><a href=""/teams/CAR/1974.html"">Carolina Cougars</a></td><td class=""right"" data-stat=""home_pts"">125</td><td class=""center"" data-stat=""box_score_text""><a href=""/boxscores/197402020CAR.html"">Box Score</a></td><td class=""center iz"" data-stat=""overtimes""></td><td class=""right"" data-stat=""attendance"">9,088</td><td class=""left"" data-stat=""game_remarks"">at Greensboro, NC</td></tr>"
17,"<tr><th class=""left"" csk=""197402030SDA"" data-stat=""date_game"" scope=""row""><a href=""/boxscores/index.fcgi?month=2&amp;day=3&amp;year=1974"">Sun, Feb 3, 1974</a></th><td class=""left"" csk=""VIR.197402030SDA"" data-stat=""visitor_team_name""><a href=""/teams/VIR/1974.html"">Virginia Squires</a></td><td class=""right"" data-stat=""visitor_pts"">104</td><td class=""left"" csk=""SDA.197402030SDA"" data-stat=""home_team_name""><a href=""/teams/SDA/1974.html"">San Diego Conquistadors</a></td><td class=""right"" data-stat=""home_pts"">107</td><td class=""center"" data-stat=""box_score_text""><a href=""/boxscores/197402030SDA.html"">Box Score</a></td><td class=""center iz"" data-stat=""overtimes""></td><td class=""right"" data-stat=""attendance"">1,058</td><td class=""left iz"" data-stat=""game_remarks""></td></tr>"
19,"<tr><th class=""left"" csk=""197402030SAA"" data-stat=""date_game"" scope=""row""><a href=""/boxscores/index.fcgi?month=2&amp;day=3&amp;year=1974"">Sun, Feb 3, 1974</a></th><td class=""left"" csk=""CAR.197402030SAA"" data-stat=""visitor_team_name""><a href=""/teams/CAR/1974.html"">Carolina Cougars</a></td><td class=""right"" data-stat=""visitor_pts"">95</td><td class=""left"" csk=""SAA.197402030SAA"" data-stat=""home_team_name""><a href=""/teams/SAA/1974.html"">San Antonio Spurs</a></td><td class=""right"" data-stat=""home_pts"">108</td><td class=""center"" data-stat=""box_score_text""><a href=""/boxscores/197402030SAA.html"">Box Score</a></td><td class=""center iz"" data-stat=""overtimes""></td><td class=""right"" data-stat=""attendance"">6,219</td><td class=""left iz"" data-stat=""game_remarks""></td></tr>"
21,"<tr><th class=""left"" csk=""197402030NYA"" data-stat=""date_game"" scope=""row""><a href=""/boxscores/index.fcgi?month=2&amp;day=3&amp;year=1974"">Sun, Feb 3, 1974</a></th><td class=""left"" csk=""KEN.197402030NYA"" data-stat=""visitor_team_name""><a href=""/teams/KEN/1974.html"">Kentucky Colonels</a></td><td class=""right"" data-stat=""visitor_pts"">123</td><td class=""left"" csk=""NYA.197402030NYA"" data-stat=""home_team_name""><a href=""/teams/NYA/1974.html"">New York Nets</a></td><td class=""right"" data-stat=""home_pts"">91</td><td class=""center"" data-stat=""box_score_text""><a href=""/boxscores/197402030NYA.html"">Box Score</a></td><td class=""center iz"" data-stat=""overtimes""></td><td class=""right"" data-stat=""attendance"">14,516</td><td class=""left iz"" data-stat=""game_remarks""></td></tr>"
23,"<tr><th class=""left"" csk=""197402030DNR"" data-stat=""date_game"" scope=""row""><a href=""/boxscores/index.fcgi?month=2&amp;day=3&amp;year=1974"">Sun, Feb 3, 1974</a></th><td class=""left"" csk=""INA.197402030DNR"" data-stat=""visitor_team_name""><a href=""/teams/INA/1974.html"">Indiana Pacers</a></td><td class=""right"" data-stat=""visitor_pts"">111</td><td class=""left"" csk=""DNR.197402030DNR"" data-stat=""home_team_name""><a href=""/teams/DNR/1974.html"">Denver Rockets</a></td><td class=""right"" data-stat=""home_pts"">102</td><td class=""center"" data-stat=""box_score_text""><a href=""/boxscores/197402030DNR.html"">Box Score</a></td><td class=""center iz"" data-stat=""overtimes""></td><td class=""right"" data-stat=""attendance"">3,764</td><td class=""left iz"" data-stat=""game_remarks""></td></tr>"
25,"<tr><th class=""left"" csk=""197402040UTS"" data-stat=""date_game"" scope=""row""><a href=""/boxscores/index.fcgi?month=2&amp;day=4&amp;year=1974"">Mon, Feb 4, 1974</a></th><td class=""left"" csk=""VIR.197402040UTS"" data-stat=""visitor_team_name""><a href=""/teams/VIR/1974.html"">Virginia Squires</a></td><td class=""right"" data-stat=""visitor_pts"">98</td><td class=""left"" csk=""UTS.197402040UTS"" data-stat=""home_team_name""><a href=""/teams/UTS/1974.html"">Utah Stars</a></td><td class=""right"" data-stat=""home_pts"">105</td><td class=""center"" data-stat=""box_score_text""><a href=""/boxscores/197402040UTS.html"">Box Score</a></td><td class=""center iz"" data-stat=""overtimes""></td><td class=""right"" data-stat=""attendance"">6,531</td><td class=""left iz"" data-stat=""game_remarks""></td></tr>"
27,"<tr><th class=""left"" csk=""197402050DNR"" data-stat=""date_game"" scope=""row""><a href=""/boxscores/index.fcgi?month=2&amp;day=5&amp;year=1974"">Tue, Feb 5, 1974</a></th><td class=""left"" csk=""SAA.197402050DNR"" data-stat=""visitor_team_name""><a href=""/teams/SAA/1974.html"">San Antonio Spurs</a></td><td class=""right"" data-stat=""visitor_pts"">79</td><td class=""left"" csk=""DNR.197402050DNR"" data-stat=""home_team_name""><a href=""/teams/DNR/1974.html"">Denver Rockets</a></td><td class=""right"" data-stat=""home_pts"">82</td><td class=""center"" data-stat=""box_score_text""><a href=""/boxscores/197402050DNR.html"">Box Score</a></td><td class=""center iz"" data-stat=""overtimes""></td><td class=""right"" data-stat=""attendance"">2,882</td><td class=""left iz"" data-stat=""game_remarks""></td></tr>"
29,"<tr><th class=""left"" csk=""197402060INA"" data-stat=""date_game"" scope=""row""><a href=""/boxscores/index.fcgi?month=2&amp;day=6&amp;year=1974"">Wed, Feb 6, 1974</a></th><td class=""left"" csk=""NYA.197402060INA"" data-stat=""visitor_team_name""><a href=""/teams/NYA/1974.html"">New York Nets</a></td><td class=""right"" data-stat=""visitor_pts"">121</td><td class=""left"" csk=""INA.197402060INA"" data-stat=""home_team_name""><a href=""/teams/INA/1974.html"">Indiana Pacers</a></td><td class=""right"" data-stat=""home_pts"">100</td><td class=""center"" data-stat=""box_score_text""><a href=""/boxscores/197402060INA.html"">Box Score</a></td><td class=""center iz"" data-stat=""overtimes""></td><td class=""right"" data-stat=""attendance"">8,828</td><td class=""left iz"" data-stat=""game_remarks""></td></tr>"
31,"<tr><th class=""left"" csk=""197402060KEN"" data-stat=""date_game"" scope=""row""><a href=""/boxscores/index.fcgi?month=2&amp;day=6&amp;year=1974"">Wed, Feb 6, 1974</a></th><td class=""left"" csk=""CAR.197402060KEN"" data-stat=""visitor_team_name""><a href=""/teams/CAR/1974.html"">Carolina Cougars</a></td><td class=""right"" data-stat=""visitor_pts"">111</td><td class=""left"" csk=""KEN.197402060KEN"" data-stat=""home_team_name""><a href=""/teams/KEN/1974.html"">Kentucky Colonels</a></td><td class=""right"" data-stat=""home_pts"">125</td><td class=""center"" data-stat=""box_score_text""><a href=""/boxscores/197402060KEN.html"">Box Score</a></td><td class=""center iz"" data-stat=""overtimes""></td><td class=""right"" data-stat=""attendance"">15,201</td><td class=""left iz"" data-stat=""game_remarks""></td></tr>"
33,"<tr><th class=""left"" csk=""197402060SDA"" data-stat=""date_game"" scope=""row""><a href=""/boxscores/index.fcgi?month=2&amp;day=6&amp;year=1974"">Wed, Feb 6, 1974</a></th><td class=""left"" csk=""MMT.197402060SDA"" data-stat=""visitor_team_name""><a href=""/teams/MMT/1974.html"">Memphis Tams</a></td><td class=""right"" data-stat=""visitor_pts"">120</td><td class=""left"" csk=""SDA.197402060SDA"" data-stat=""home_team_name""><a href=""/teams/SDA/1974.html"">San Diego Conquistadors</a></td><td class=""right"" data-stat=""home_pts"">136</td><td class=""center"" data-stat=""box_score_text""><a href=""/boxscores/197402060SDA.html"">Box Score</a></td><td class=""center iz"" data-stat=""overtimes""></td><td class=""right"" data-stat=""attendance"">1,236</td><td class=""left iz"" data-stat=""game_remarks""></td></tr>"
35,"<tr><th class=""left"" csk=""197402060UTS"" data-stat=""date_game"" scope=""row""><a href=""/boxscores/index.fcgi?month=2&amp;day=6&amp;year=1974"">Wed, Feb 6, 1974</a></th><td class=""left"" csk=""SAA.197402060UTS"" data-stat=""visitor_team_name""><a href=""/teams/SAA/1974.html"">San Antonio Spurs</a></td><td class=""right"" data-stat=""visitor_pts"">81</td><td class=""left"" csk=""UTS.197402060UTS"" data-stat=""home_team_name""><a href=""/teams/UTS/1974.html"">Utah Stars</a></td><td class=""right"" data-stat=""home_pts"">88</td><td class=""center"" data-stat=""box_score_text""><a href=""/boxscores/197402060UTS.html"">Box Score</a></td><td class=""center iz"" data-stat=""overtimes""></td><td class=""right"" data-stat=""attendance"">5,506</td><td class=""left iz"" data-stat=""game_remarks""></td></tr>"
37,"<tr><th class=""left"" csk=""197402070SAA"" data-stat=""date_game"" scope=""row""><a href=""/boxscores/index.fcgi?month=2&amp;day=7&amp;year=1974"">Thu, Feb 7, 1974</a></th><td class=""left"" csk=""UTS.197402070SAA"" data-stat=""visitor_team_name""><a href=""/teams/UTS/1974.html"">Utah Stars</a></td><td class=""right"" data-stat=""visitor_pts"">86</td><td class=""left"" csk=""SAA.197402070SAA"" data-stat=""home_team_name""><a href=""/teams/SAA/1974.html"">San Antonio Spurs</a></td><td class=""right"" data-stat=""home_pts"">83</td><td class=""center"" data-stat=""box_score_text""><a href=""/boxscores/197402070SAA.html"">Box Score</a></td><td class=""center iz"" data-stat=""overtimes""></td><td class=""right"" data-stat=""attendance"">9,565</td><td class=""left iz"" data-stat=""game_remarks""></td></tr>"
39,"<tr><th class=""left"" csk=""197402070DNR"" data-stat=""date_game"" scope=""row""><a href=""/boxscores/index.fcgi?month=2&amp;day=7&amp;year=1974"">Thu, Feb 7, 1974</a></th><td class=""left"" csk=""MMT.197402070DNR"" data-stat=""visitor_team_name""><a href=""/teams/MMT/1974.html"">Memphis Tams</a></td><td class=""right"" data-stat=""visitor_pts"">94</td><td class=""left"" csk=""DNR.197402070DNR"" data-stat=""home_team_name""><a href=""/teams/DNR/1974.html"">Denver Rockets</a></td><td class=""right"" data-stat=""home_pts"">105</td><td class=""center"" data-stat=""box_score_text""><a href=""/boxscores/197402070DNR.html"">Box Score</a></td><td class=""center iz"" data-stat=""overtimes""></td><td class=""right"" data-stat=""attendance"">3,584</td><td class=""left iz"" data-stat=""game_remarks""></td></tr>"
41,"<tr><th class=""left"" csk=""197402070CAR"" data-stat=""date_game"" scope=""row""><a href=""/boxscores/index.fcgi?month=2&amp;day=7&amp;year=1974"">Thu, Feb 7, 1974</a></th><td class=""left"" csk=""VIR.197402070CAR"" data-stat=""visitor_team_name""><a href=""/teams/VIR/1974.html"">Virginia Squires</a></td><td class=""right"" data-stat=""visitor_pts"">120</td><td class=""left"" csk=""CAR.197402070CAR"" data-stat=""home_team_name""><a href=""/teams/CAR/1974.html"">Carolina Cougars</a></td><td class=""right"" data-stat=""home_pts"">97</td><td class=""center"" data-stat=""box_score_text""><a href=""/boxscores/197402070CAR.html"">Box Score</a></td><td class=""center iz"" data-stat=""overtimes""></td><td class=""right"" data-stat=""attendance"">4,154</td><td class=""left"" data-stat=""game_remarks"">at Charlotte, NC</td></tr>"
43,"<tr><th class=""left"" csk=""197402080KEN"" data-stat=""date_game"" scope=""row""><a href=""/boxscores/index.fcgi?month=2&amp;day=8&amp;year=1974"">Fri, Feb 8, 1974</a></th><td class=""left"" csk=""DNR.197402080KEN"" data-stat=""visitor_team_name""><a href=""/teams/DNR/1974.html"">Denver Rockets</a></td><td class=""right"" data-stat=""visitor_pts"">105</td><td class=""left"" csk=""KEN.197402080KEN"" data-stat=""home_team_name""><a href=""/teams/KEN/1974.html"">Kentucky Colonels</a></td><td class=""right"" data-stat=""home_pts"">106</td><td class=""center"" data-stat=""box_score_text""><a href=""/boxscores/197402080KEN.html"">Box Score</a></td><td class=""center iz"" data-stat=""overtimes""></td><td class=""right"" data-stat=""attendance"">1,687</td><td class=""left"" data-stat=""game_remarks"">at Cincinnati, OH</td></tr>"
45,"<tr><th class=""left"" csk=""197402080SDA"" data-stat=""date_game"" scope=""row""><a href=""/boxscores/index.fcgi?month=2&amp;day=8&amp;year=1974"">Fri, Feb 8, 1974</a></th><td class=""left"" csk=""SAA.197402080SDA"" data-stat=""visitor_team_name""><a href=""/teams/SAA/1974.html"">San Antonio Spurs</a></td><td class=""right"" data-stat=""visitor_pts"">105</td><td class=""left"" csk=""SDA.197402080SDA"" data-stat=""home_team_name""><a href=""/teams/SDA/1974.html"">San Diego Conquistadors</a></td><td class=""right"" data-stat=""home_pts"">120</td><td class=""center"" data-stat=""box_score_text""><a href=""/boxscores/197402080SDA.html"">Box Score</a></td><td class=""center iz"" data-stat=""overtimes""></td><td class=""right"" data-stat=""attendance"">1,326</td><td class=""left iz"" data-stat=""game_remarks""></td></tr>"
47,"<tr><th class=""left"" csk=""197402080VIR"" data-stat=""date_game"" scope=""row""><a href=""/boxscores/index.fcgi?month=2&amp;day=8&amp;year=1974"">Fri, Feb 8, 1974</a></th><td class=""left"" csk=""MMT.197402080VIR"" data-stat=""visitor_team_name""><a href=""/teams/MMT/1974.html"">Memphis Tams</a></td><td class=""right"" data-stat=""visitor_pts"">106</td><td class=""left"" csk=""VIR.197402080VIR"" data-stat=""home_team_name""><a href=""/teams/VIR/1974.html"">Virginia Squires</a></td><td class=""right"" data-stat=""home_pts"">115</td><td class=""center"" data-stat=""box_score_text""><a href=""/boxscores/197402080VIR.html"">Box Score</a></td><td class=""center iz"" data-stat=""overtimes""></td><td class=""right"" data-stat=""attendance"">2,105</td><td class=""left"" data-stat=""game_remarks"">at Norfolk, VA</td></tr>"
49,"<tr><th class=""left"" csk=""197402090INA"" data-stat=""date_game"" scope=""row""><a href=""/boxscores/index.fcgi?month=2&amp;day=9&amp;year=1974"">Sat, Feb 9, 1974</a></th><td class=""left"" csk=""DNR.197402090INA"" data-stat=""visitor_team_name""><a href=""/teams/DNR/1974.html"">Denver Rockets</a></td><td class=""right"" data-stat=""visitor_pts"">102</td><td class=""left"" csk=""INA.197402090INA"" data-stat=""home_team_name""><a href=""/teams/INA/1974.html"">Indiana Pacers</a></td><td class=""right"" data-stat=""home_pts"">97</td><td class=""center"" data-stat=""box_score_text""><a href=""/boxscores/197402090INA.html"">Box Score</a></td><td class=""center iz"" data-stat=""overtimes""></td><td class=""right"" data-stat=""attendance"">7,920</td><td class=""left iz"" data-stat=""game_remarks""></td></tr>"
51,"<tr><th class=""left"" csk=""197402090VIR"" data-stat=""date_game"" scope=""row""><a href=""/boxscores/index.fcgi?month=2&amp;day=9&amp;year=1974"">Sat, Feb 9, 1974</a></th><td class=""left"" csk=""CAR.197402090VIR"" data-stat=""visitor_team_name""><a href=""/teams/CAR/1974.html"">Carolina Cougars</a></td><td class=""right"" data-stat=""visitor_pts"">111</td><td class=""left"" csk=""VIR.197402090VIR"" data-stat=""home_team_name""><a href=""/teams/VIR/1974.html"">Virginia Squires</a></td><td class=""right"" data-stat=""home_pts"">103</td><td class=""center"" data-stat=""box_score_text""><a href=""/boxscores/197402090VIR.html"">Box Score</a></td><td class=""center iz"" data-stat=""overtimes""></td><td class=""right"" data-stat=""attendance"">1,557</td><td class=""left"" data-stat=""game_remarks"">at Richmond, VA</td></tr>"
53,"<tr><th class=""left"" csk=""197402100SDA"" data-stat=""date_game"" scope=""row""><a href=""/boxscores/index.fcgi?month=2&amp;day=10&amp;year=1974"">Sun, Feb 10, 1974</a></th><td class=""left"" csk=""UTS.197402100SDA"" data-stat=""visitor_team_name""><a href=""/teams/UTS/1974.html"">Utah Stars</a></td><td class=""right"" data-stat=""visitor_pts"">120</td><td class=""left"" csk=""SDA.197402100SDA"" data-stat=""home_team_name""><a href=""/teams/SDA/1974.html"">San Diego Conquistadors</a></td><td class=""right"" data-stat=""home_pts"">107</td><td class=""center"" data-stat=""box_score_text""><a href=""/boxscores/197402100SDA.html"">Box Score</a></td><td class=""center iz"" data-stat=""overtimes""></td><td class=""right"" data-stat=""attendance"">1,314</td><td class=""left iz"" data-stat=""game_remarks""></td></tr>"
55,"<tr><th class=""left"" csk=""197402100NYA"" data-stat=""date_game"" scope=""row""><a href=""/boxscores/index.fcgi?month=2&amp;day=10&amp;year=1974"">Sun, Feb 10, 1974</a></th><td class=""left"" csk=""MMT.197402100NYA"" data-stat=""visitor_team_name""><a href=""/teams/MMT/1974.html"">Memphis Tams</a></td><td class=""right"" data-stat=""visitor_pts"">91</td><td class=""left"" csk=""NYA.197402100NYA"" data-stat=""home_team_name""><a href=""/teams/NYA/1974.html"">New York Nets</a></td><td class=""right"" data-stat=""home_pts"">121</td><td class=""center"" data-stat=""box_score_text""><a href=""/boxscores/197402100NYA.html"">Box Score</a></td><td class=""center iz"" data-stat=""overtimes""></td><td class=""right"" data-stat=""attendance"">8,575</td><td class=""left iz"" data-stat=""game_remarks""></td></tr>"
57,"<tr><th class=""left"" csk=""197402100KEN"" data-stat=""date_game"" scope=""row""><a href=""/boxscores/index.fcgi?month=2&amp;day=10&amp;year=1974"">Sun, Feb 10, 1974</a></th><td class=""left"" csk=""VIR.197402100KEN"" data-stat=""visitor_team_name""><a href=""/teams/VIR/1974.html"">Virginia Squires</a></td><td class=""right"" data-stat=""visitor_pts"">116</td><td class=""left"" csk=""KEN.197402100KEN"" data-stat=""home_team_name""><a href=""/teams/KEN/1974.html"">Kentucky Colonels</a></td><td class=""right"" data-stat=""home_pts"">122</td><td class=""center"" data-stat=""box_score_text""><a href=""/boxscores/197402100KEN.html"">Box Score</a></td><td class=""center iz"" data-stat=""overtimes""></td><td class=""right"" data-stat=""attendance"">8,136</td><td class=""left iz"" data-stat=""game_remarks""></td></tr>"
59,"<tr><th class=""left"" csk=""197402100INA"" data-stat=""date_game"" scope=""row""><a href=""/boxscores/index.fcgi?month=2&amp;day=10&amp;year=1974"">Sun, Feb 10, 1974</a></th><td class=""left"" csk=""CAR.197402100INA"" data-stat=""visitor_team_name""><a href=""/teams/CAR/1974.html"">Carolina Cougars</a></td><td class=""right"" data-stat=""visitor_pts"">96</td><td class=""left"" csk=""INA.197402100INA"" data-stat=""home_team_name""><a href=""/teams/INA/1974.html"">Indiana Pacers</a></td><td class=""right"" data-stat=""home_pts"">93</td><td class=""center"" data-stat=""box_score_text""><a href=""/boxscores/197402100INA.html"">Box Score</a></td><td class=""center iz"" data-stat=""overtimes""></td><td class=""right"" data-stat=""attendance"">7,369</td><td class=""left iz"" data-stat=""game_remarks""></td></tr>"
61,"<tr><th class=""left"" csk=""197402100DNR"" data-stat=""date_game"" scope=""row""><a href=""/boxscores/index.fcgi?month=2&amp;day=10&amp;year=1974"">Sun, Feb 10, 1974</a></th><td class=""left"" csk=""SAA.197402100DNR"" data-stat=""visitor_team_name""><a href=""/teams/SAA/1974.html"">San Antonio Spurs</a></td><td class=""right"" data-stat=""visitor_pts"">99</td><td class=""left"" csk=""DNR.197402100DNR"" data-stat=""home_team_name""><a href=""/teams/DNR/1974.html"">Denver Rockets</a></td><td class=""right"" data-stat=""home_pts"">90</td><td class=""center"" data-stat=""box_score_text""><a href=""/boxscores/197402100DNR.html"">Box Score</a></td><td class=""center iz"" data-stat=""overtimes""></td><td class=""right"" data-stat=""attendance"">4,379</td><td class=""left iz"" data-stat=""game_remarks""></td></tr>"
63,"<tr><th class=""left"" csk=""197402120DNR"" data-stat=""date_game"" scope=""row""><a href=""/boxscores/index.fcgi?month=2&amp;day=12&amp;year=1974"">Tue, Feb 12, 1974</a></th><td class=""left"" csk=""VIR.197402120DNR"" data-stat=""visitor_team_name""><a href=""/teams/VIR/1974.html"">Virginia Squires</a></td><td class=""right"" data-stat=""visitor_pts"">112</td><td class=""left"" csk=""DNR.197402120DNR"" data-stat=""home_team_name""><a href=""/teams/DNR/1974.html"">Denver Rockets</a></td><td class=""right"" data-stat=""home_pts"">125</td><td class=""center"" data-stat=""box_score_text""><a href=""/boxscores/197402120DNR.html"">Box Score</a></td><td class=""center iz"" data-stat=""overtimes""></td><td class=""right"" data-stat=""attendance"">3,298</td><td class=""left iz"" data-stat=""game_remarks""></td></tr>"
65,"<tr><th class=""left"" csk=""197402120UTS"" data-stat=""date_game"" scope=""row""><a href=""/boxscores/index.fcgi?month=2&amp;day=12&amp;year=1974"">Tue, Feb 12, 1974</a></th><td class=""left"" csk=""INA.197402120UTS"" data-stat=""visitor_team_name""><a href=""/teams/INA/1974.html"">Indiana Pacers</a></td><td class=""right"" data-stat=""visitor_pts"">91</td><td class=""left"" csk=""UTS.197402120UTS"" data-stat=""home_team_name""><a href=""/teams/UTS/1974.html"">Utah Stars</a></td><td class=""right"" data-stat=""home_pts"">114</td><td class=""center"" data-stat=""box_score_text""><a href=""/boxscores/197402120UTS.html"">Box Score</a></td><td class=""center iz"" data-stat=""overtimes""></td><td class=""right"" data-stat=""attendance"">7,823</td><td class=""left iz"" data-stat=""game_remarks""></td></tr>"
67,"<tr><th class=""left"" csk=""197402130SDA"" data-stat=""date_game"" scope=""row""><a href=""/boxscores/index.fcgi?month=2&amp;day=13&amp;year=1974"">Wed, Feb 13, 1974</a></th><td class=""left"" csk=""INA.197402130SDA"" data-stat=""visitor_team_name""><a href=""/teams/INA/1974.html"">Indiana Pacers</a></td><td class=""right"" data-stat=""visitor_pts"">128</td><td class=""left"" csk=""SDA.197402130SDA"" data-stat=""home_team_name""><a href=""/teams/SDA/1974.html"">San Diego Conquistadors</a></td><td class=""right"" data-stat=""home_pts"">119</td><td class=""center"" data-stat=""box_score_text""><a href=""/boxscores/197402130SDA.html"">Box Score</a></td><td class=""center iz"" data-stat=""overtimes""></td><td class=""right"" data-stat=""attendance"">1,066</td><td class=""left iz"" data-stat=""game_remarks""></td></tr>"
69,"<tr><th class=""left"" csk=""197402130NYA"" data-stat=""date_game"" scope=""row""><a href=""/boxscores/index.fcgi?month=2&amp;day=13&amp;year=1974"">Wed, Feb 13, 1974</a></th><td class=""left"" csk=""VIR.197402130NYA"" data-stat=""visitor_team_name""><a href=""/teams/VIR/1974.html"">Virginia Squires</a></td><td class=""right"" data-stat=""visitor_pts"">117</td><td class=""left"" csk=""NYA.197402130NYA"" data-stat=""home_team_name""><a href=""/teams/NYA/1974.html"">New York Nets</a></td><td class=""right"" data-stat=""home_pts"">123</td><td class=""center"" data-stat=""box_score_text""><a href=""/boxscores/197402130NYA.html"">Box Score</a></td><td class=""center iz"" data-stat=""overtimes""></td><td class=""right"" data-stat=""attendance"">9,016</td><td class=""left iz"" data-stat=""game_remarks""></td></tr>"
71,"<tr><th class=""left"" csk=""197402130MMT"" data-stat=""date_game"" scope=""row""><a href=""/boxscores/index.fcgi?month=2&amp;day=13&amp;year=1974"">Wed, Feb 13, 1974</a></th><td class=""left"" csk=""CAR.197402130MMT"" data-stat=""visitor_team_name""><a href=""/teams/CAR/1974.html"">Carolina Cougars</a></td><td class=""right"" data-stat=""visitor_pts"">111</td><td class=""left"" csk=""MMT.197402130MMT"" data-stat=""home_team_name""><a href=""/teams/MMT/1974.html"">Memphis Tams</a></td><td class=""right"" data-stat=""home_pts"">104</td><td class=""center"" data-stat=""box_score_text""><a href=""/boxscores/197402130MMT.html"">Box Score</a></td><td class=""center iz"" data-stat=""overtimes""></td><td class=""right"" data-stat=""attendance"">1,248</td><td class=""left iz"" data-stat=""game_remarks""></td></tr>"
73,"<tr><th class=""left"" csk=""197402130DNR"" data-stat=""date_game"" scope=""row""><a href=""/boxscores/index.fcgi?month=2&amp;day=13&amp;year=1974"">Wed, Feb 13, 1974</a></th><td class=""left"" csk=""KEN.197402130DNR"" data-stat=""visitor_team_name""><a href=""/teams/KEN/1974.html"">Kentucky Colonels</a></td><td class=""right"" data-stat=""visitor_pts"">119</td><td class=""left"" csk=""DNR.197402130DNR"" data-stat=""home_team_name""><a href=""/teams/DNR/1974.html"">Denver Rockets</a></td><td class=""right"" data-stat=""home_pts"">115</td><td class=""center"" data-stat=""box_score_text""><a href=""/boxscores/197402130DNR.html"">Box Score</a></td><td class=""center iz"" data-stat=""overtimes""></td><td class=""right"" data-stat=""attendance"">3,574</td><td class=""left iz"" data-stat=""game_remarks""></td></tr>"
75,"<tr><th class=""left"" csk=""197402140VIR"" data-stat=""date_game"" scope=""row""><a href=""/boxscores/index.fcgi?month=2&amp;day=14&amp;year=1974"">Thu, Feb 14, 1974</a></th><td class=""left"" csk=""MMT.197402140VIR"" data-stat=""visitor_team_name""><a href=""/teams/MMT/1974.html"">Memphis Tams</a></td><td class=""right"" data-stat=""visitor_pts"">106</td><td class=""left"" csk=""VIR.197402140VIR"" data-stat=""home_team_name""><a href=""/teams/VIR/1974.html"">Virginia Squires</a></td><td class=""right"" data-stat=""home_pts"">102</td><td class=""center"" data-stat=""box_score_text""><a href=""/boxscores/197402140VIR.html"">Box Score</a></td><td class=""center iz"" data-stat=""overtimes""></td><td class=""right"" data-stat=""attendance"">2,524</td><td class=""left"" data-stat=""game_remarks"">at Norfolk, VA</td></tr>"
77,"<tr><th class=""left"" csk=""197402140UTS"" data-stat=""date_game"" scope=""row""><a href=""/boxscores/index.fcgi?month=2&amp;day=14&amp;year=1974"">Thu, Feb 14, 1974</a></th><td class=""left"" csk=""KEN.197402140UTS"" data-stat=""visitor_team_name""><a href=""/teams/KEN/1974.html"">Kentucky Colonels</a></td><td class=""right"" data-stat=""visitor_pts"">117</td><td class=""left"" csk=""UTS.197402140UTS"" data-stat=""home_team_name""><a href=""/teams/UTS/1974.html"">Utah Stars</a></td><td class=""right"" data-stat=""home_pts"">121</td><td class=""center"" data-stat=""box_score_text""><a href=""/boxscores/197402140UTS.html"">Box Score</a></td><td class=""center iz"" data-stat=""overtimes""></td><td class=""right"" data-stat=""attendance"">7,396</td><td class=""left iz"" data-stat=""game_remarks""></td></tr>"
79,"<tr><th class=""left"" csk=""197402140SAA"" data-stat=""date_game"" scope=""row""><a href=""/boxscores/index.fcgi?month=2&amp;day=14&amp;year=1974"">Thu, Feb 14, 1974</a></th><td class=""left"" csk=""INA.197402140SAA"" data-stat=""visitor_team_name""><a href=""/teams/INA/1974.html"">Indiana Pacers</a></td><td class=""right"" data-stat=""visitor_pts"">83</td><td class=""left"" csk=""SAA.197402140SAA"" data-stat=""home_team_name""><a href=""/teams/SAA/1974.html"">San Antonio Spurs</a></td><td class=""right"" data-stat=""home_pts"">88</td><td class=""center"" data-stat=""box_score_text""><a href=""/boxscores/197402140SAA.html"">Box Score</a></td><td class=""center iz"" data-stat=""overtimes""></td><td class=""right"" data-stat=""attendance"">9,353</td><td class=""left iz"" data-stat=""game_remarks""></td></tr>"
81,"<tr><th class=""left"" csk=""197402140CAR"" data-stat=""date_game"" scope=""row""><a href=""/boxscores/index.fcgi?month=2&amp;day=14&amp;year=1974"">Thu, Feb 14, 1974</a></th><td class=""left"" csk=""NYA.197402140CAR"" data-stat=""visitor_team_name""><a href=""/teams/NYA/1974.html"">New York Nets</a></td><td class=""right"" data-stat=""visitor_pts"">125</td><td class=""left"" csk=""CAR.197402140CAR"" data-stat=""home_team_name""><a href=""/teams/CAR/1974.html"">Carolina Cougars</a></td><td class=""right"" data-stat=""home_pts"">108</td><td class=""center"" data-stat=""box_score_text""><a href=""/boxscores/197402140CAR.html"">Box Score</a></td><td class=""center iz"" data-stat=""overtimes""></td><td class=""right"" data-stat=""attendance"">4,414</td><td class=""left"" data-stat=""game_remarks"">at Charlotte, NC</td></tr>"
83,"<tr><th class=""left"" csk=""197402150CAR"" data-stat=""date_game"" scope=""row""><a href=""/boxscores/index.fcgi?month=2&amp;day=15&amp;year=1974"">Fri, Feb 15, 1974</a></th><td class=""left"" csk=""SAA.197402150CAR"" data-stat=""visitor_team_name""><a href=""/teams/SAA/1974.html"">San Antonio Spurs</a></td><td class=""right"" data-stat=""visitor_pts"">97</td><td class=""left"" csk=""CAR.197402150CAR"" data-stat=""home_team_name""><a href=""/teams/CAR/1974.html"">Carolina Cougars</a></td><td class=""right"" data-stat=""home_pts"">103</td><td class=""center"" data-stat=""box_score_text""><a href=""/boxscores/197402150CAR.html"">Box Score</a></td><td class=""center iz"" data-stat=""overtimes""></td><td class=""right"" data-stat=""attendance"">5,209</td><td class=""left"" data-stat=""game_remarks"">at Greensboro, NC</td></tr>"
85,"<tr><th class=""left"" csk=""197402150KEN"" data-stat=""date_game"" scope=""row""><a href=""/boxscores/index.fcgi?month=2&amp;day=15&amp;year=1974"">Fri, Feb 15, 1974</a></th><td class=""left"" csk=""NYA.197402150KEN"" data-stat=""visitor_team_name""><a href=""/teams/NYA/1974.html"">New York Nets</a></td><td class=""right"" data-stat=""visitor_pts"">115</td><td class=""left"" csk=""KEN.197402150KEN"" data-stat=""home_team_name""><a href=""/teams/KEN/1974.html"">Kentucky Colonels</a></td><td class=""right"" data-stat=""home_pts"">101</td><td class=""center"" data-stat=""box_score_text""><a href=""/boxscores/197402150KEN.html"">Box Score</a></td><td class=""center iz"" data-stat=""overtimes""></td><td class=""right"" data-stat=""attendance"">5,609</td><td class=""left"" data-stat=""game_remarks"">at Cincinnati, OH</td></tr>"
87,"<tr><th class=""left"" csk=""197402150MMT"" data-stat=""date_game"" scope=""row""><a href=""/boxscores/index.fcgi?month=2&amp;day=15&amp;year=1974"">Fri, Feb 15, 1974</a></th><td class=""left"" csk=""DNR.197402150MMT"" data-stat=""visitor_team_name""><a href=""/teams/DNR/1974.html"">Denver Rockets</a></td><td class=""right"" data-stat=""visitor_pts"">98</td><td class=""left"" csk=""MMT.197402150MMT"" data-stat=""home_team_name""><a href=""/teams/MMT/1974.html"">Memphis Tams</a></td><td class=""right"" data-stat=""home_pts"">102</td><td class=""center"" data-stat=""box_score_text""><a href=""/boxscores/197402150MMT.html"">Box Score</a></td><td class=""center iz"" data-stat=""overtimes""></td><td class=""right"" data-stat=""attendance"">1,269</td><td class=""left iz"" data-stat=""game_remarks""></td></tr>"
89,"<tr><th class=""left"" csk=""197402160INA"" data-stat=""date_game"" scope=""row""><a href=""/boxscores/index.fcgi?month=2&amp;day=16&amp;year=1974"">Sat, Feb 16, 1974</a></th><td class=""left"" csk=""DNR.197402160INA"" data-stat=""visitor_team_name""><a href=""/teams/DNR/1974.html"">Denver Rockets</a></td><td class=""right"" data-stat=""visitor_pts"">89</td><td class=""left"" csk=""INA.197402160INA"" data-stat=""home_team_name""><a href=""/teams/INA/1974.html"">Indiana Pacers</a></td><td class=""right"" data-stat=""home_pts"">102</td><td class=""center"" data-stat=""box_score_text""><a href=""/boxscores/197402160INA.html"">Box Score</a></td><td class=""center iz"" data-stat=""overtimes""></td><td class=""right"" data-stat=""attendance"">9,780</td><td class=""left"" data-stat=""game_remarks"">at Terre Haute, IN</td></tr>"
91,"<tr><th class=""left"" csk=""197402160UTS"" data-stat=""date_game"" scope=""row""><a href=""/boxscores/index.fcgi?month=2&amp;day=16&amp;year=1974"">Sat, Feb 16, 1974</a></th><td class=""left"" csk=""NYA.197402160UTS"" data-stat=""visitor_team_name""><a href=""/teams/NYA/1974.html"">New York Nets</a></td><td class=""right"" data-stat=""visitor_pts"">105</td><td class=""left"" csk=""UTS.197402160UTS"" data-stat=""home_team_name""><a href=""/teams/UTS/1974.html"">Utah Stars</a></td><td class=""right"" data-stat=""home_pts"">116</td><td class=""center"" data-stat=""box_score_text""><a href=""/boxscores/197402160UTS.html"">Box Score</a></td><td class=""center iz"" data-stat=""overtimes""></td><td class=""right"" data-stat=""attendance"">10,644</td><td class=""left iz"" data-stat=""game_remarks""></td></tr>"
93,"<tr><th class=""left"" csk=""197402170VIR"" data-stat=""date_game"" scope=""row""><a href=""/boxscores/index.fcgi?month=2&amp;day=17&amp;year=1974"">Sun, Feb 17, 1974</a></th><td class=""left"" csk=""KEN.197402170VIR"" data-stat=""visitor_team_name""><a href=""/teams/KEN/1974.html"">Kentucky Colonels</a></td><td class=""right"" data-stat=""visitor_pts"">113</td><td class=""left"" csk=""VIR.197402170VIR"" data-stat=""home_team_name""><a href=""/teams/VIR/1974.html"">Virginia Squires</a></td><td class=""right"" data-stat=""home_pts"">118</td><td class=""center"" data-stat=""box_score_text""><a href=""/boxscores/197402170VIR.html"">Box Score</a></td><td class=""center iz"" data-stat=""overtimes""></td><td class=""right"" data-stat=""attendance"">3,853</td><td class=""left"" data-stat=""game_remarks"">at Norfolk, VA</td></tr>"
95,"<tr><th class=""left"" csk=""197402170SDA"" data-stat=""date_game"" scope=""row""><a href=""/boxscores/index.fcgi?month=2&amp;day=17&amp;year=1974"">Sun, Feb 17, 1974</a></th><td class=""left"" csk=""CAR.197402170SDA"" data-stat=""visitor_team_name""><a href=""/teams/CAR/1974.html"">Carolina Cougars</a></td><td class=""right"" data-stat=""visitor_pts"">123</td><td class=""left"" csk=""SDA.197402170SDA"" data-stat=""home_team_name""><a href=""/teams/SDA/1974.html"">San Diego Conquistadors</a></td><td class=""right"" data-stat=""home_pts"">129</td><td class=""center"" data-stat=""box_score_text""><a href=""/boxscores/197402170SDA.html"">Box Score</a></td><td class=""center iz"" data-stat=""overtimes""></td><td class=""right"" data-stat=""attendance"">1,866</td><td class=""left iz"" data-stat=""game_remarks""></td></tr>"
97,"<tr><th class=""left"" csk=""197402170DNR"" data-stat=""date_game"" scope=""row""><a href=""/boxscores/index.fcgi?month=2&amp;day=17&amp;year=1974"">Sun, Feb 17, 1974</a></th><td class=""left"" csk=""INA.197402170DNR"" data-stat=""visitor_team_name""><a href=""/teams/INA/1974.html"">Indiana Pacers</a></td><td class=""right"" data-stat=""visitor_pts"">93</td><td class=""left"" csk=""DNR.197402170DNR"" data-stat=""home_team_name""><a href=""/teams/DNR/1974.html"">Denver Rockets</a></td><td class=""right"" data-stat=""home_pts"">92</td><td class=""center"" data-stat=""box_score_text""><a href=""/boxscores/197402170DNR.html"">Box Score</a></td><td class=""center iz"" data-stat=""overtimes""></td><td class=""right"" data-stat=""attendance"">4,264</td><td class=""left iz"" data-stat=""game_remarks""></td></tr>"
99,"<tr><th class=""left"" csk=""197402180UTS"" data-stat=""date_game"" scope=""row""><a href=""/boxscores/index.fcgi?month=2&amp;day=18&amp;year=1974"">Mon, Feb 18, 1974</a></th><td class=""left"" csk=""CAR.197402180UTS"" data-stat=""visitor_team_name""><a href=""/teams/CAR/1974.html"">Carolina Cougars</a></td><td class=""right"" data-stat=""visitor_pts"">110</td><td class=""left"" csk=""UTS.197402180UTS"" data-stat=""home_team_name""><a href=""/teams/UTS/1974.html"">Utah Stars</a></td><td class=""right"" data-stat=""home_pts"">121</td><td class=""center"" data-stat=""box_score_text""><a href=""/boxscores/197402180UTS.html"">Box Score</a></td><td class=""center iz"" data-stat=""overtimes""></td><td class=""right"" data-stat=""attendance"">8,554</td><td class=""left iz"" data-stat=""game_remarks""></td></tr>"
101,"<tr><th class=""left"" csk=""197402190INA"" data-stat=""date_game"" scope=""row""><a href=""/boxscores/index.fcgi?month=2&amp;day=19&amp;year=1974"">Tue, Feb 19, 1974</a></th><td class=""left"" csk=""SAA.197402190INA"" data-stat=""visitor_team_name""><a href=""/teams/SAA/1974.html"">San Antonio Spurs</a></td><td class=""right"" data-stat=""visitor_pts"">102</td><td class=""left"" csk=""INA.197402190INA"" data-stat=""home_team_name""><a href=""/teams/INA/1974.html"">Indiana Pacers</a></td><td class=""right"" data-stat=""home_pts"">107</td><td class=""center"" data-stat=""box_score_text""><a href=""/boxscores/197402190INA.html"">Box Score</a></td><td class=""center iz"" data-stat=""overtimes""></td><td class=""right"" data-stat=""attendance"">7,022</td><td class=""left iz"" data-stat=""game_remarks""></td></tr>"
103,"<tr><th class=""left"" csk=""197402190MMT"" data-stat=""date_game"" scope=""row""><a href=""/boxscores/index.fcgi?month=2&amp;day=19&amp;year=1974"">Tue, Feb 19, 1974</a></th><td class=""left"" csk=""KEN.197402190MMT"" data-stat=""visitor_team_name""><a href=""/teams/KEN/1974.html"">Kentucky Colonels</a></td><td class=""right"" data-stat=""visitor_pts"">109</td><td class=""left"" csk=""MMT.197402190MMT"" data-stat=""home_team_name""><a href=""/teams/MMT/1974.html"">Memphis Tams</a></td><td class=""right"" data-stat=""home_pts"">97</td><td class=""center"" data-stat=""box_score_text""><a href=""/boxscores/197402190MMT.html"">Box Score</a></td><td class=""center iz"" data-stat=""overtimes""></td><td class=""right"" data-stat=""attendance"">2,250</td><td class=""left iz"" data-stat=""game_remarks""></td></tr>"
105,"<tr><th class=""left"" csk=""197402200CAR"" data-stat=""date_game"" scope=""row""><a href=""/boxscores/index.fcgi?month=2&amp;day=20&amp;year=1974"">Wed, Feb 20, 1974</a></th><td class=""left"" csk=""VIR.197402200CAR"" data-stat=""visitor_team_name""><a href=""/teams/VIR/1974.html"">Virginia Squires</a></td><td class=""right"" data-stat=""visitor_pts"">121</td><td class=""left"" csk=""CAR.197402200CAR"" data-stat=""home_team_name""><a href=""/teams/CAR/1974.html"">Carolina Cougars</a></td><td class=""right"" data-stat=""home_pts"">128</td><td class=""center"" data-stat=""box_score_text""><a href=""/boxscores/197402200CAR.html"">Box Score</a></td><td class=""center iz"" data-stat=""overtimes""></td><td class=""right"" data-stat=""attendance"">4,381</td><td class=""left"" data-stat=""game_remarks"">at Greensboro, NC</td></tr>"
107,"<tr><th class=""left"" csk=""197402200DNR"" data-stat=""date_game"" scope=""row""><a href=""/boxscores/index.fcgi?month=2&amp;day=20&amp;year=1974"">Wed, Feb 20, 1974</a></th><td class=""left"" csk=""KEN.197402200DNR"" data-stat=""visitor_team_name""><a href=""/teams/KEN/1974.html"">Kentucky Colonels</a></td><td class=""right"" data-stat=""visitor_pts"">117</td><td class=""left"" csk=""DNR.197402200DNR"" data-stat=""home_team_name""><a href=""/teams/DNR/1974.html"">Denver Rockets</a></td><td class=""right"" data-stat=""home_pts"">124</td><td class=""center"" data-stat=""box_score_text""><a href=""/boxscores/197402200DNR.html"">Box Score</a></td><td class=""center iz"" data-stat=""overtimes""></td><td class=""right"" data-stat=""attendance"">3,548</td><td class=""left iz"" data-stat=""game_remarks""></td></tr>"
109,"<tr><th class=""left"" csk=""197402200NYA"" data-stat=""date_game"" scope=""row""><a href=""/boxscores/index.fcgi?month=2&amp;day=20&amp;year=1974"">Wed, Feb 20, 1974</a></th><td class=""left"" csk=""MMT.197402200NYA"" data-stat=""visitor_team_name""><a href=""/teams/MMT/1974.html"">Memphis Tams</a></td><td class=""right"" data-stat=""visitor_pts"">104</td><td class=""left"" csk=""NYA.197402200NYA"" data-stat=""home_team_name""><a href=""/teams/NYA/1974.html"">New York Nets</a></td><td class=""right"" data-stat=""home_pts"">117</td><td class=""center"" data-stat=""box_score_text""><a href=""/boxscores/197402200NYA.html"">Box Score</a></td><td class=""center iz"" data-stat=""overtimes""></td><td class=""right"" data-stat=""attendance"">8,634</td><td class=""left iz"" data-stat=""game_remarks""></td></tr>"
111,"<tr><th class=""left"" csk=""197402200SDA"" data-stat=""date_game"" scope=""row""><a href=""/boxscores/index.fcgi?month=2&amp;day=20&amp;year=1974"">Wed, Feb 20, 1974</a></th><td class=""left"" csk=""UTS.197402200SDA"" data-stat=""visitor_team_name""><a href=""/teams/UTS/1974.html"">Utah Stars</a></td><td class=""right"" data-stat=""visitor_pts"">97</td><td class=""left"" csk=""SDA.197402200SDA"" data-stat=""home_team_name""><a href=""/teams/SDA/1974.html"">San Diego Conquistadors</a></td><td class=""right"" data-stat=""home_pts"">109</td><td class=""center"" data-stat=""box_score_text""><a href=""/boxscores/197402200SDA.html"">Box Score</a></td><td class=""center iz"" data-stat=""overtimes""></td><td class=""right"" data-stat=""attendance"">1,184</td><td class=""left iz"" data-stat=""game_remarks""></td></tr>"
113,"<tr><th class=""left"" csk=""197402210SAA"" data-stat=""date_game"" scope=""row""><a href=""/boxscores/index.fcgi?month=2&amp;day=21&amp;year=1974"">Thu, Feb 21, 1974</a></th><td class=""left"" csk=""UTS.197402210SAA"" data-stat=""visitor_team_name""><a href=""/teams/UTS/1974.html"">Utah Stars</a></td><td class=""right"" data-stat=""visitor_pts"">102</td><td class=""left"" csk=""SAA.197402210SAA"" data-stat=""home_team_name""><a href=""/teams/SAA/1974.html"">San Antonio Spurs</a></td><td class=""right"" data-stat=""home_pts"">123</td><td class=""center"" data-stat=""box_score_text""><a href=""/boxscores/197402210SAA.html"">Box Score</a></td><td class=""center iz"" data-stat=""overtimes""></td><td class=""right"" data-stat=""attendance"">9,268</td><td class=""left iz"" data-stat=""game_remarks""></td></tr>"
115,"<tr><th class=""left"" csk=""197402210MMT"" data-stat=""date_game"" scope=""row""><a href=""/boxscores/index.fcgi?month=2&amp;day=21&amp;year=1974"">Thu, Feb 21, 1974</a></th><td class=""left"" csk=""DNR.197402210MMT"" data-stat=""visitor_team_name""><a href=""/teams/DNR/1974.html"">Denver Rockets</a></td><td class=""right"" data-stat=""visitor_pts"">106</td><td class=""left"" csk=""MMT.197402210MMT"" data-stat=""home_team_name""><a href=""/teams/MMT/1974.html"">Memphis Tams</a></td><td class=""right"" data-stat=""home_pts"">111</td><td class=""center"" data-stat=""box_score_text""><a href=""/boxscores/197402210MMT.html"">Box Score</a></td><td class=""center iz"" data-stat=""overtimes""></td><td class=""right"" data-stat=""attendance"">1,257</td><td class=""left iz"" data-stat=""game_remarks""></td></tr>"
117,"<tr><th class=""left"" csk=""197402220CAR"" data-stat=""date_game"" scope=""row""><a href=""/boxscores/index.fcgi?month=2&amp;day=22&amp;year=1974"">Fri, Feb 22, 1974</a></th><td class=""left"" csk=""INA.197402220CAR"" data-stat=""visitor_team_name""><a href=""/teams/INA/1974.html"">Indiana Pacers</a></td><td class=""right"" data-stat=""visitor_pts"">106</td><td class=""left"" csk=""CAR.197402220CAR"" data-stat=""home_team_name""><a href=""/teams/CAR/1974.html"">Carolina Cougars</a></td><td class=""right"" data-stat=""home_pts"">109</td><td class=""center"" data-stat=""box_score_text""><a href=""/boxscores/197402220CAR.html"">Box Score</a></td><td class=""center iz"" data-stat=""overtimes""></td><td class=""right"" data-stat=""attendance"">4,456</td><td class=""left"" data-stat=""game_remarks"">at Greensboro, NC</td></tr>"
119,"<tr><th class=""left"" csk=""197402220KEN"" data-stat=""date_game"" scope=""row""><a href=""/boxscores/index.fcgi?month=2&amp;day=22&amp;year=1974"">Fri, Feb 22, 1974</a></th><td class=""left"" csk=""VIR.197402220KEN"" data-stat=""visitor_team_name""><a href=""/teams/VIR/1974.html"">Virginia Squires</a></td><td class=""right"" data-stat=""visitor_pts"">101</td><td class=""left"" csk=""KEN.197402220KEN"" data-stat=""home_team_name""><a href=""/teams/KEN/1974.html"">Kentucky Colonels</a></td><td class=""right"" data-stat=""home_pts"">115</td><td class=""center"" data-stat=""box_score_text""><a href=""/boxscores/197402220KEN.html"">Box Score</a></td><td class=""center iz"" data-stat=""overtimes""></td><td class=""right"" data-stat=""attendance"">15,787</td><td class=""left iz"" data-stat=""game_remarks""></td></tr>"
121,"<tr><th class=""left"" csk=""197402220SDA"" data-stat=""date_game"" scope=""row""><a href=""/boxscores/index.fcgi?month=2&amp;day=22&amp;year=1974"">Fri, Feb 22, 1974</a></th><td class=""left"" csk=""NYA.197402220SDA"" data-stat=""visitor_team_name""><a href=""/teams/NYA/1974.html"">New York Nets</a></td><td class=""right"" data-stat=""visitor_pts"">121</td><td class=""left"" csk=""SDA.197402220SDA"" data-stat=""home_team_name""><a href=""/teams/SDA/1974.html"">San Diego Conquistadors</a></td><td class=""right"" data-stat=""home_pts"">113</td><td class=""center"" data-stat=""box_score_text""><a href=""/boxscores/197402220SDA.html"">Box Score</a></td><td class=""center iz"" data-stat=""overtimes""></td><td class=""right"" data-stat=""attendance"">2,783</td><td class=""left iz"" data-stat=""game_remarks""></td></tr>"
123,"<tr><th class=""left"" csk=""197402230CAR"" data-stat=""date_game"" scope=""row""><a href=""/boxscores/index.fcgi?month=2&amp;day=23&amp;year=1974"">Sat, Feb 23, 1974</a></th><td class=""left"" csk=""DNR.197402230CAR"" data-stat=""visitor_team_name""><a href=""/teams/DNR/1974.html"">Denver Rockets</a></td><td class=""right"" data-stat=""visitor_pts"">117</td><td class=""left"" csk=""CAR.197402230CAR"" data-stat=""home_team_name""><a href=""/teams/CAR/1974.html"">Carolina Cougars</a></td><td class=""right"" data-stat=""home_pts"">121</td><td class=""center"" data-stat=""box_score_text""><a href=""/boxscores/197402230CAR.html"">Box Score</a></td><td class=""center iz"" data-stat=""overtimes""></td><td class=""right"" data-stat=""attendance"">4,985</td><td class=""left"" data-stat=""game_remarks"">at Raleigh, NC</td></tr>"
125,"<tr><th class=""left"" csk=""197402230KEN"" data-stat=""date_game"" scope=""row""><a href=""/boxscores/index.fcgi?month=2&amp;day=23&amp;year=1974"">Sat, Feb 23, 1974</a></th><td class=""left"" csk=""UTS.197402230KEN"" data-stat=""visitor_team_name""><a href=""/teams/UTS/1974.html"">Utah Stars</a></td><td class=""right"" data-stat=""visitor_pts"">96</td><td class=""left"" csk=""KEN.197402230KEN"" data-stat=""home_team_name""><a href=""/teams/KEN/1974.html"">Kentucky Colonels</a></td><td class=""right"" data-stat=""home_pts"">108</td><td class=""center"" data-stat=""box_score_text""><a href=""/boxscores/197402230KEN.html"">Box Score</a></td><td class=""center iz"" data-stat=""overtimes""></td><td class=""right"" data-stat=""attendance"">13,108</td><td class=""left iz"" data-stat=""game_remarks""></td></tr>"
127,"<tr><th class=""left"" csk=""197402230MMT"" data-stat=""date_game"" scope=""row""><a href=""/boxscores/index.fcgi?month=2&amp;day=23&amp;year=1974"">Sat, Feb 23, 1974</a></th><td class=""left"" csk=""NYA.197402230MMT"" data-stat=""visitor_team_name""><a href=""/teams/NYA/1974.html"">New York Nets</a></td><td class=""right"" data-stat=""visitor_pts"">97</td><td class=""left"" csk=""MMT.197402230MMT"" data-stat=""home_team_name""><a href=""/teams/MMT/1974.html"">Memphis Tams</a></td><td class=""right"" data-stat=""home_pts"">102</td><td class=""center"" data-stat=""box_score_text""><a href=""/boxscores/197402230MMT.html"">Box Score</a></td><td class=""center iz"" data-stat=""overtimes""></td><td class=""right"" data-stat=""attendance"">3,453</td><td class=""left iz"" data-stat=""game_remarks""></td></tr>"
129,"<tr><th class=""left"" csk=""197402230VIR"" data-stat=""date_game"" scope=""row""><a href=""/boxscores/index.fcgi?month=2&amp;day=23&amp;year=1974"">Sat, Feb 23, 1974</a></th><td class=""left"" csk=""INA.197402230VIR"" data-stat=""visitor_team_name""><a href=""/teams/INA/1974.html"">Indiana Pacers</a></td><td class=""right"" data-stat=""visitor_pts"">108</td><td class=""left"" csk=""VIR.197402230VIR"" data-stat=""home_team_name""><a href=""/teams/VIR/1974.html"">Virginia Squires</a></td><td class=""right"" data-stat=""home_pts"">101</td><td class=""center"" data-stat=""box_score_text""><a href=""/boxscores/197402230VIR.html"">Box Score</a></td><td class=""center iz"" data-stat=""overtimes""></td><td class=""right"" data-stat=""attendance"">1,860</td><td class=""left"" data-stat=""game_remarks"">at Richmond, VA</td></tr>"
131,"<tr><th class=""left"" csk=""197402240INA"" data-stat=""date_game"" scope=""row""><a href=""/boxscores/index.fcgi?month=2&amp;day=24&amp;year=1974"">Sun, Feb 24, 1974</a></th><td class=""left"" csk=""VIR.197402240INA"" data-stat=""visitor_team_name""><a href=""/teams/VIR/1974.html"">Virginia Squires</a></td><td class=""right"" data-stat=""visitor_pts"">102</td><td class=""left"" csk=""INA.197402240INA"" data-stat=""home_team_name""><a href=""/teams/INA/1974.html"">Indiana Pacers</a></td><td class=""right"" data-stat=""home_pts"">107</td><td class=""center"" data-stat=""box_score_text""><a href=""/boxscores/197402240INA.html"">Box Score</a></td><td class=""center iz"" data-stat=""overtimes""></td><td class=""right"" data-stat=""attendance"">5,887</td><td class=""left"" data-stat=""game_remarks"">at Fort Wayne, IN</td></tr>"
133,"<tr><th class=""left"" csk=""197402240DNR"" data-stat=""date_game"" scope=""row""><a href=""/boxscores/index.fcgi?month=2&amp;day=24&amp;year=1974"">Sun, Feb 24, 1974</a></th><td class=""left"" csk=""UTS.197402240DNR"" data-stat=""visitor_team_name""><a href=""/teams/UTS/1974.html"">Utah Stars</a></td><td class=""right"" data-stat=""visitor_pts"">91</td><td class=""left"" csk=""DNR.197402240DNR"" data-stat=""home_team_name""><a href=""/teams/DNR/1974.html"">Denver Rockets</a></td><td class=""right"" data-stat=""home_pts"">103</td><td class=""center"" data-stat=""box_score_text""><a href=""/boxscores/197402240DNR.html"">Box Score</a></td><td class=""center iz"" data-stat=""overtimes""></td><td class=""right"" data-stat=""attendance"">4,436</td><td class=""left iz"" data-stat=""game_remarks""></td></tr>"
135,"<tr><th class=""left"" csk=""197402250VIR"" data-stat=""date_game"" scope=""row""><a href=""/boxscores/index.fcgi?month=2&amp;day=25&amp;year=1974"">Mon, Feb 25, 1974</a></th><td class=""left"" csk=""MMT.197402250VIR"" data-stat=""visitor_team_name""><a href=""/teams/MMT/1974.html"">Memphis Tams</a></td><td class=""right"" data-stat=""visitor_pts"">99</td><td class=""left"" csk=""VIR.197402250VIR"" data-stat=""home_team_name""><a href=""/teams/VIR/1974.html"">Virginia Squires</a></td><td class=""right"" data-stat=""home_pts"">115</td><td class=""center"" data-stat=""box_score_text""><a href=""/boxscores/197402250VIR.html"">Box Score</a></td><td class=""center iz"" data-stat=""overtimes""></td><td class=""right"" data-stat=""attendance"">1,716</td><td class=""left"" data-stat=""game_remarks"">at Richmond, VA</td></tr>"
137,"<tr><th class=""left"" csk=""197402260UTS"" data-stat=""date_game"" scope=""row""><a href=""/boxscores/index.fcgi?month=2&amp;day=26&amp;year=1974"">Tue, Feb 26, 1974</a></th><td class=""left"" csk=""INA.197402260UTS"" data-stat=""visitor_team_name""><a href=""/teams/INA/1974.html"">Indiana Pacers</a></td><td class=""right"" data-stat=""visitor_pts"">110</td><td class=""left"" csk=""UTS.197402260UTS"" data-stat=""home_team_name""><a href=""/teams/UTS/1974.html"">Utah Stars</a></td><td class=""right"" data-stat=""home_pts"">94</td><td class=""center"" data-stat=""box_score_text""><a href=""/boxscores/197402260UTS.html"">Box Score</a></td><td class=""center iz"" data-stat=""overtimes""></td><td class=""right"" data-stat=""attendance"">7,469</td><td class=""left iz"" data-stat=""game_remarks""></td></tr>"
139,"<tr><th class=""left"" csk=""197402260VIR"" data-stat=""date_game"" scope=""row""><a href=""/boxscores/index.fcgi?month=2&amp;day=26&amp;year=1974"">Tue, Feb 26, 1974</a></th><td class=""left"" csk=""SDA.197402260VIR"" data-stat=""visitor_team_name""><a href=""/teams/SDA/1974.html"">San Diego Conquistadors</a></td><td class=""right"" data-stat=""visitor_pts"">126</td><td class=""left"" csk=""VIR.197402260VIR"" data-stat=""home_team_name""><a href=""/teams/VIR/1974.html"">Virginia Squires</a></td><td class=""right"" data-stat=""home_pts"">119</td><td class=""center"" data-stat=""box_score_text""><a href=""/boxscores/197402260VIR.html"">Box Score</a></td><td class=""center iz"" data-stat=""overtimes""></td><td class=""right"" data-stat=""attendance"">2,604</td><td class=""left"" data-stat=""game_remarks"">at Norfolk, VA</td></tr>"
141,"<tr><th class=""left"" csk=""197402270CAR"" data-stat=""date_game"" scope=""row""><a href=""/boxscores/index.fcgi?month=2&amp;day=27&amp;year=1974"">Wed, Feb 27, 1974</a></th><td class=""left"" csk=""SDA.197402270CAR"" data-stat=""visitor_team_name""><a href=""/teams/SDA/1974.html"">San Diego Conquistadors</a></td><td class=""right"" data-stat=""visitor_pts"">119</td><td class=""left"" csk=""CAR.197402270CAR"" data-stat=""home_team_name""><a href=""/teams/CAR/1974.html"">Carolina Cougars</a></td><td class=""right"" data-stat=""home_pts"">117</td><td class=""center"" data-stat=""box_score_text""><a href=""/boxscores/197402270CAR.html"">Box Score</a></td><td class=""center iz"" data-stat=""overtimes""></td><td class=""right"" data-stat=""attendance"">3,972</td><td class=""left"" data-stat=""game_remarks"">at Greensboro, NC</td></tr>"
143,"<tr><th class=""left"" csk=""197402270DNR"" data-stat=""date_game"" scope=""row""><a href=""/boxscores/index.fcgi?month=2&amp;day=27&amp;year=1974"">Wed, Feb 27, 1974</a></th><td class=""left"" csk=""INA.197402270DNR"" data-stat=""visitor_team_name""><a href=""/teams/INA/1974.html"">Indiana Pacers</a></td><td class=""right"" data-stat=""visitor_pts"">114</td><td class=""left"" csk=""DNR.197402270DNR"" data-stat=""home_team_name""><a href=""/teams/DNR/1974.html"">Denver Rockets</a></td><td class=""right"" data-stat=""home_pts"">118</td><td class=""center"" data-stat=""box_score_text""><a href=""/boxscores/197402270DNR.html"">Box Score</a></td><td class=""center iz"" data-stat=""overtimes""></td><td class=""right"" data-stat=""attendance"">3,382</td><td class=""left iz"" data-stat=""game_remarks""></td></tr>"
145,"<tr><th class=""left"" csk=""197402270KEN"" data-stat=""date_game"" scope=""row""><a href=""/boxscores/index.fcgi?month=2&amp;day=27&amp;year=1974"">Wed, Feb 27, 1974</a></th><td class=""left"" csk=""VIR.197402270KEN"" data-stat=""visitor_team_name""><a href=""/teams/VIR/1974.html"">Virginia Squires</a></td><td class=""right"" data-stat=""visitor_pts"">83</td><td class=""left"" csk=""KEN.197402270KEN"" data-stat=""home_team_name""><a href=""/teams/KEN/1974.html"">Kentucky Colonels</a></td><td class=""right"" data-stat=""home_pts"">104</td><td class=""center"" data-stat=""box_score_text""><a href=""/boxscores/197402270KEN.html"">Box Score</a></td><td class=""center iz"" data-stat=""overtimes""></td><td class=""right"" data-stat=""attendance"">7,603</td><td class=""left iz"" data-stat=""game_remarks""></td></tr>"
147,"<tr><th class=""left"" csk=""197402270NYA"" data-stat=""date_game"" scope=""row""><a href=""/boxscores/index.fcgi?month=2&amp;day=27&amp;year=1974"">Wed, Feb 27, 1974</a></th><td class=""left"" csk=""SAA.197402270NYA"" data-stat=""visitor_team_name""><a href=""/teams/SAA/1974.html"">San Antonio Spurs</a></td><td class=""right"" data-stat=""visitor_pts"">107</td><td class=""left"" csk=""NYA.197402270NYA"" data-stat=""home_team_name""><a href=""/teams/NYA/1974.html"">New York Nets</a></td><td class=""right"" data-stat=""home_pts"">103</td><td class=""center"" data-stat=""box_score_text""><a href=""/boxscores/197402270NYA.html"">Box Score</a></td><td class=""center iz"" data-stat=""overtimes""></td><td class=""right"" data-stat=""attendance"">8,125</td><td class=""left iz"" data-stat=""game_remarks""></td></tr>"
149,"<tr><th class=""left"" csk=""197402280UTS"" data-stat=""date_game"" scope=""row""><a href=""/boxscores/index.fcgi?month=2&amp;day=28&amp;year=1974"">Thu, Feb 28, 1974</a></th><td class=""left"" csk=""DNR.197402280UTS"" data-stat=""visitor_team_name""><a href=""/teams/DNR/1974.html"">Denver Rockets</a></td><td class=""right"" data-stat=""visitor_pts"">105</td><td class=""left"" csk=""UTS.197402280UTS"" data-stat=""home_team_name""><a href=""/teams/UTS/1974.html"">Utah Stars</a></td><td class=""right"" data-stat=""home_pts"">127</td><td class=""center"" data-stat=""box_score_text""><a href=""/boxscores/197402280UTS.html"">Box Score</a></td><td class=""center iz"" data-stat=""overtimes""></td><td class=""right"" data-stat=""attendance"">5,123</td><td class=""left iz"" data-stat=""game_remarks""></td></tr>"
