,0
1,"<tr><th class=""left"" csk=""197203310INA"" data-stat=""date_game"" scope=""row""><a href=""/boxscores/index.fcgi?month=3&amp;day=31&amp;year=1972"">Fri, Mar 31, 1972</a></th><td class=""left"" csk=""DNR.197203310INA"" data-stat=""visitor_team_name""><a href=""/teams/DNR/1972.html"">Denver Rockets</a></td><td class=""right"" data-stat=""visitor_pts"">96</td><td class=""left"" csk=""INA.197203310INA"" data-stat=""home_team_name""><a href=""/teams/INA/1972.html"">Indiana Pacers</a></td><td class=""right"" data-stat=""home_pts"">102</td><td class=""center"" data-stat=""box_score_text""><a href=""/boxscores/197203310INA.html"">Box Score</a></td><td class=""center iz"" data-stat=""overtimes""></td><td class=""right"" data-stat=""attendance"">6,103</td><td class=""left iz"" data-stat=""game_remarks""></td></tr>"
3,"<tr><th class=""left"" csk=""197203310VIR"" data-stat=""date_game"" scope=""row""><a href=""/boxscores/index.fcgi?month=3&amp;day=31&amp;year=1972"">Fri, Mar 31, 1972</a></th><td class=""left"" csk=""FLO.197203310VIR"" data-stat=""visitor_team_name""><a href=""/teams/FLO/1972.html"">The Floridians</a></td><td class=""right"" data-stat=""visitor_pts"">107</td><td class=""left"" csk=""VIR.197203310VIR"" data-stat=""home_team_name""><a href=""/teams/VIR/1972.html"">Virginia Squires</a></td><td class=""right"" data-stat=""home_pts"">114</td><td class=""center"" data-stat=""box_score_text""><a href=""/boxscores/197203310VIR.html"">Box Score</a></td><td class=""center"" data-stat=""overtimes"">OT</td><td class=""right"" data-stat=""attendance"">3,770</td><td class=""left iz"" data-stat=""game_remarks""></td></tr>"
5,"<tr><th class=""left"" csk=""197204010VIR"" data-stat=""date_game"" scope=""row""><a href=""/boxscores/index.fcgi?month=4&amp;day=1&amp;year=1972"">Sat, Apr 1, 1972</a></th><td class=""left"" csk=""FLO.197204010VIR"" data-stat=""visitor_team_name""><a href=""/teams/FLO/1972.html"">The Floridians</a></td><td class=""right"" data-stat=""visitor_pts"">100</td><td class=""left"" csk=""VIR.197204010VIR"" data-stat=""home_team_name""><a href=""/teams/VIR/1972.html"">Virginia Squires</a></td><td class=""right"" data-stat=""home_pts"">125</td><td class=""center"" data-stat=""box_score_text""><a href=""/boxscores/197204010VIR.html"">Box Score</a></td><td class=""center iz"" data-stat=""overtimes""></td><td class=""right"" data-stat=""attendance"">2,921</td><td class=""left iz"" data-stat=""game_remarks""></td></tr>"
7,"<tr><th class=""left"" csk=""197204010UTS"" data-stat=""date_game"" scope=""row""><a href=""/boxscores/index.fcgi?month=4&amp;day=1&amp;year=1972"">Sat, Apr 1, 1972</a></th><td class=""left"" csk=""DLC.197204010UTS"" data-stat=""visitor_team_name""><a href=""/teams/DLC/1972.html"">Dallas Chaparrals</a></td><td class=""right"" data-stat=""visitor_pts"">96</td><td class=""left"" csk=""UTS.197204010UTS"" data-stat=""home_team_name""><a href=""/teams/UTS/1972.html"">Utah Stars</a></td><td class=""right"" data-stat=""home_pts"">106</td><td class=""center"" data-stat=""box_score_text""><a href=""/boxscores/197204010UTS.html"">Box Score</a></td><td class=""center iz"" data-stat=""overtimes""></td><td class=""right"" data-stat=""attendance"">8,783</td><td class=""left iz"" data-stat=""game_remarks""></td></tr>"
9,"<tr><th class=""left"" csk=""197204010KEN"" data-stat=""date_game"" scope=""row""><a href=""/boxscores/index.fcgi?month=4&amp;day=1&amp;year=1972"">Sat, Apr 1, 1972</a></th><td class=""left"" csk=""NYA.197204010KEN"" data-stat=""visitor_team_name""><a href=""/teams/NYA/1972.html"">New York Nets</a></td><td class=""right"" data-stat=""visitor_pts"">122</td><td class=""left"" csk=""KEN.197204010KEN"" data-stat=""home_team_name""><a href=""/teams/KEN/1972.html"">Kentucky Colonels</a></td><td class=""right"" data-stat=""home_pts"">108</td><td class=""center"" data-stat=""box_score_text""><a href=""/boxscores/197204010KEN.html"">Box Score</a></td><td class=""center iz"" data-stat=""overtimes""></td><td class=""right"" data-stat=""attendance"">4,772</td><td class=""left iz"" data-stat=""game_remarks""></td></tr>"
11,"<tr><th class=""left"" csk=""197204010INA"" data-stat=""date_game"" scope=""row""><a href=""/boxscores/index.fcgi?month=4&amp;day=1&amp;year=1972"">Sat, Apr 1, 1972</a></th><td class=""left"" csk=""DNR.197204010INA"" data-stat=""visitor_team_name""><a href=""/teams/DNR/1972.html"">Denver Rockets</a></td><td class=""right"" data-stat=""visitor_pts"">106</td><td class=""left"" csk=""INA.197204010INA"" data-stat=""home_team_name""><a href=""/teams/INA/1972.html"">Indiana Pacers</a></td><td class=""right"" data-stat=""home_pts"">105</td><td class=""center"" data-stat=""box_score_text""><a href=""/boxscores/197204010INA.html"">Box Score</a></td><td class=""center iz"" data-stat=""overtimes""></td><td class=""right"" data-stat=""attendance"">6,521</td><td class=""left iz"" data-stat=""game_remarks""></td></tr>"
13,"<tr><th class=""left"" csk=""197204030UTS"" data-stat=""date_game"" scope=""row""><a href=""/boxscores/index.fcgi?month=4&amp;day=3&amp;year=1972"">Mon, Apr 3, 1972</a></th><td class=""left"" csk=""DLC.197204030UTS"" data-stat=""visitor_team_name""><a href=""/teams/DLC/1972.html"">Dallas Chaparrals</a></td><td class=""right"" data-stat=""visitor_pts"">107</td><td class=""left"" csk=""UTS.197204030UTS"" data-stat=""home_team_name""><a href=""/teams/UTS/1972.html"">Utah Stars</a></td><td class=""right"" data-stat=""home_pts"">113</td><td class=""center"" data-stat=""box_score_text""><a href=""/boxscores/197204030UTS.html"">Box Score</a></td><td class=""center iz"" data-stat=""overtimes""></td><td class=""right"" data-stat=""attendance"">9,121</td><td class=""left iz"" data-stat=""game_remarks""></td></tr>"
15,"<tr><th class=""left"" csk=""197204040DNR"" data-stat=""date_game"" scope=""row""><a href=""/boxscores/index.fcgi?month=4&amp;day=4&amp;year=1972"">Tue, Apr 4, 1972</a></th><td class=""left"" csk=""INA.197204040DNR"" data-stat=""visitor_team_name""><a href=""/teams/INA/1972.html"">Indiana Pacers</a></td><td class=""right"" data-stat=""visitor_pts"">122</td><td class=""left"" csk=""DNR.197204040DNR"" data-stat=""home_team_name""><a href=""/teams/DNR/1972.html"">Denver Rockets</a></td><td class=""right"" data-stat=""home_pts"">120</td><td class=""center"" data-stat=""box_score_text""><a href=""/boxscores/197204040DNR.html"">Box Score</a></td><td class=""center"" data-stat=""overtimes"">OT</td><td class=""right"" data-stat=""attendance"">5,304</td><td class=""left iz"" data-stat=""game_remarks""></td></tr>"
17,"<tr><th class=""left"" csk=""197204040FLO"" data-stat=""date_game"" scope=""row""><a href=""/boxscores/index.fcgi?month=4&amp;day=4&amp;year=1972"">Tue, Apr 4, 1972</a></th><td class=""left"" csk=""VIR.197204040FLO"" data-stat=""visitor_team_name""><a href=""/teams/VIR/1972.html"">Virginia Squires</a></td><td class=""right"" data-stat=""visitor_pts"">118</td><td class=""left"" csk=""FLO.197204040FLO"" data-stat=""home_team_name""><a href=""/teams/FLO/1972.html"">The Floridians</a></td><td class=""right"" data-stat=""home_pts"">113</td><td class=""center"" data-stat=""box_score_text""><a href=""/boxscores/197204040FLO.html"">Box Score</a></td><td class=""center iz"" data-stat=""overtimes""></td><td class=""right"" data-stat=""attendance"">2,965</td><td class=""left iz"" data-stat=""game_remarks""></td></tr>"
19,"<tr><th class=""left"" csk=""197204040KEN"" data-stat=""date_game"" scope=""row""><a href=""/boxscores/index.fcgi?month=4&amp;day=4&amp;year=1972"">Tue, Apr 4, 1972</a></th><td class=""left"" csk=""NYA.197204040KEN"" data-stat=""visitor_team_name""><a href=""/teams/NYA/1972.html"">New York Nets</a></td><td class=""right"" data-stat=""visitor_pts"">105</td><td class=""left"" csk=""KEN.197204040KEN"" data-stat=""home_team_name""><a href=""/teams/KEN/1972.html"">Kentucky Colonels</a></td><td class=""right"" data-stat=""home_pts"">90</td><td class=""center"" data-stat=""box_score_text""><a href=""/boxscores/197204040KEN.html"">Box Score</a></td><td class=""center iz"" data-stat=""overtimes""></td><td class=""right"" data-stat=""attendance"">8,212</td><td class=""left iz"" data-stat=""game_remarks""></td></tr>"
21,"<tr><th class=""left"" csk=""197204050NYA"" data-stat=""date_game"" scope=""row""><a href=""/boxscores/index.fcgi?month=4&amp;day=5&amp;year=1972"">Wed, Apr 5, 1972</a></th><td class=""left"" csk=""KEN.197204050NYA"" data-stat=""visitor_team_name""><a href=""/teams/KEN/1972.html"">Kentucky Colonels</a></td><td class=""right"" data-stat=""visitor_pts"">105</td><td class=""left"" csk=""NYA.197204050NYA"" data-stat=""home_team_name""><a href=""/teams/NYA/1972.html"">New York Nets</a></td><td class=""right"" data-stat=""home_pts"">99</td><td class=""center"" data-stat=""box_score_text""><a href=""/boxscores/197204050NYA.html"">Box Score</a></td><td class=""center iz"" data-stat=""overtimes""></td><td class=""right"" data-stat=""attendance"">14,056</td><td class=""left iz"" data-stat=""game_remarks""></td></tr>"
23,"<tr><th class=""left"" csk=""197204050DLC"" data-stat=""date_game"" scope=""row""><a href=""/boxscores/index.fcgi?month=4&amp;day=5&amp;year=1972"">Wed, Apr 5, 1972</a></th><td class=""left"" csk=""UTS.197204050DLC"" data-stat=""visitor_team_name""><a href=""/teams/UTS/1972.html"">Utah Stars</a></td><td class=""right"" data-stat=""visitor_pts"">96</td><td class=""left"" csk=""DLC.197204050DLC"" data-stat=""home_team_name""><a href=""/teams/DLC/1972.html"">Dallas Chaparrals</a></td><td class=""right"" data-stat=""home_pts"">89</td><td class=""center"" data-stat=""box_score_text""><a href=""/boxscores/197204050DLC.html"">Box Score</a></td><td class=""center iz"" data-stat=""overtimes""></td><td class=""right"" data-stat=""attendance"">4,076</td><td class=""left iz"" data-stat=""game_remarks""></td></tr>"
25,"<tr><th class=""left"" csk=""197204060DNR"" data-stat=""date_game"" scope=""row""><a href=""/boxscores/index.fcgi?month=4&amp;day=6&amp;year=1972"">Thu, Apr 6, 1972</a></th><td class=""left"" csk=""INA.197204060DNR"" data-stat=""visitor_team_name""><a href=""/teams/INA/1972.html"">Indiana Pacers</a></td><td class=""right"" data-stat=""visitor_pts"">96</td><td class=""left"" csk=""DNR.197204060DNR"" data-stat=""home_team_name""><a href=""/teams/DNR/1972.html"">Denver Rockets</a></td><td class=""right"" data-stat=""home_pts"">112</td><td class=""center"" data-stat=""box_score_text""><a href=""/boxscores/197204060DNR.html"">Box Score</a></td><td class=""center iz"" data-stat=""overtimes""></td><td class=""right"" data-stat=""attendance"">6,109</td><td class=""left iz"" data-stat=""game_remarks""></td></tr>"
27,"<tr><th class=""left"" csk=""197204060FLO"" data-stat=""date_game"" scope=""row""><a href=""/boxscores/index.fcgi?month=4&amp;day=6&amp;year=1972"">Thu, Apr 6, 1972</a></th><td class=""left"" csk=""VIR.197204060FLO"" data-stat=""visitor_team_name""><a href=""/teams/VIR/1972.html"">Virginia Squires</a></td><td class=""right"" data-stat=""visitor_pts"">115</td><td class=""left"" csk=""FLO.197204060FLO"" data-stat=""home_team_name""><a href=""/teams/FLO/1972.html"">The Floridians</a></td><td class=""right"" data-stat=""home_pts"">106</td><td class=""center"" data-stat=""box_score_text""><a href=""/boxscores/197204060FLO.html"">Box Score</a></td><td class=""center iz"" data-stat=""overtimes""></td><td class=""right"" data-stat=""attendance"">3,117</td><td class=""left iz"" data-stat=""game_remarks""></td></tr>"
29,"<tr><th class=""left"" csk=""197204070DLC"" data-stat=""date_game"" scope=""row""><a href=""/boxscores/index.fcgi?month=4&amp;day=7&amp;year=1972"">Fri, Apr 7, 1972</a></th><td class=""left"" csk=""UTS.197204070DLC"" data-stat=""visitor_team_name""><a href=""/teams/UTS/1972.html"">Utah Stars</a></td><td class=""right"" data-stat=""visitor_pts"">103</td><td class=""left"" csk=""DLC.197204070DLC"" data-stat=""home_team_name""><a href=""/teams/DLC/1972.html"">Dallas Chaparrals</a></td><td class=""right"" data-stat=""home_pts"">99</td><td class=""center"" data-stat=""box_score_text""><a href=""/boxscores/197204070DLC.html"">Box Score</a></td><td class=""center iz"" data-stat=""overtimes""></td><td class=""right"" data-stat=""attendance"">3,918</td><td class=""left iz"" data-stat=""game_remarks""></td></tr>"
31,"<tr><th class=""left"" csk=""197204070NYA"" data-stat=""date_game"" scope=""row""><a href=""/boxscores/index.fcgi?month=4&amp;day=7&amp;year=1972"">Fri, Apr 7, 1972</a></th><td class=""left"" csk=""KEN.197204070NYA"" data-stat=""visitor_team_name""><a href=""/teams/KEN/1972.html"">Kentucky Colonels</a></td><td class=""right"" data-stat=""visitor_pts"">92</td><td class=""left"" csk=""NYA.197204070NYA"" data-stat=""home_team_name""><a href=""/teams/NYA/1972.html"">New York Nets</a></td><td class=""right"" data-stat=""home_pts"">100</td><td class=""center"" data-stat=""box_score_text""><a href=""/boxscores/197204070NYA.html"">Box Score</a></td><td class=""center iz"" data-stat=""overtimes""></td><td class=""right"" data-stat=""attendance"">14,091</td><td class=""left iz"" data-stat=""game_remarks""></td></tr>"
33,"<tr><th class=""left"" csk=""197204080KEN"" data-stat=""date_game"" scope=""row""><a href=""/boxscores/index.fcgi?month=4&amp;day=8&amp;year=1972"">Sat, Apr 8, 1972</a></th><td class=""left"" csk=""NYA.197204080KEN"" data-stat=""visitor_team_name""><a href=""/teams/NYA/1972.html"">New York Nets</a></td><td class=""right"" data-stat=""visitor_pts"">93</td><td class=""left"" csk=""KEN.197204080KEN"" data-stat=""home_team_name""><a href=""/teams/KEN/1972.html"">Kentucky Colonels</a></td><td class=""right"" data-stat=""home_pts"">109</td><td class=""center"" data-stat=""box_score_text""><a href=""/boxscores/197204080KEN.html"">Box Score</a></td><td class=""center iz"" data-stat=""overtimes""></td><td class=""right"" data-stat=""attendance"">7,949</td><td class=""left iz"" data-stat=""game_remarks""></td></tr>"
35,"<tr><th class=""left"" csk=""197204080INA"" data-stat=""date_game"" scope=""row""><a href=""/boxscores/index.fcgi?month=4&amp;day=8&amp;year=1972"">Sat, Apr 8, 1972</a></th><td class=""left"" csk=""DNR.197204080INA"" data-stat=""visitor_team_name""><a href=""/teams/DNR/1972.html"">Denver Rockets</a></td><td class=""right"" data-stat=""visitor_pts"">79</td><td class=""left"" csk=""INA.197204080INA"" data-stat=""home_team_name""><a href=""/teams/INA/1972.html"">Indiana Pacers</a></td><td class=""right"" data-stat=""home_pts"">91</td><td class=""center"" data-stat=""box_score_text""><a href=""/boxscores/197204080INA.html"">Box Score</a></td><td class=""center iz"" data-stat=""overtimes""></td><td class=""right"" data-stat=""attendance"">9,428</td><td class=""left iz"" data-stat=""game_remarks""></td></tr>"
37,"<tr><th class=""left"" csk=""197204090DNR"" data-stat=""date_game"" scope=""row""><a href=""/boxscores/index.fcgi?month=4&amp;day=9&amp;year=1972"">Sun, Apr 9, 1972</a></th><td class=""left"" csk=""INA.197204090DNR"" data-stat=""visitor_team_name""><a href=""/teams/INA/1972.html"">Indiana Pacers</a></td><td class=""right"" data-stat=""visitor_pts"">99</td><td class=""left"" csk=""DNR.197204090DNR"" data-stat=""home_team_name""><a href=""/teams/DNR/1972.html"">Denver Rockets</a></td><td class=""right"" data-stat=""home_pts"">106</td><td class=""center"" data-stat=""box_score_text""><a href=""/boxscores/197204090DNR.html"">Box Score</a></td><td class=""center iz"" data-stat=""overtimes""></td><td class=""right"" data-stat=""attendance"">5,815</td><td class=""left iz"" data-stat=""game_remarks""></td></tr>"
39,"<tr><th class=""left"" csk=""197204100NYA"" data-stat=""date_game"" scope=""row""><a href=""/boxscores/index.fcgi?month=4&amp;day=10&amp;year=1972"">Mon, Apr 10, 1972</a></th><td class=""left"" csk=""KEN.197204100NYA"" data-stat=""visitor_team_name""><a href=""/teams/KEN/1972.html"">Kentucky Colonels</a></td><td class=""right"" data-stat=""visitor_pts"">96</td><td class=""left"" csk=""NYA.197204100NYA"" data-stat=""home_team_name""><a href=""/teams/NYA/1972.html"">New York Nets</a></td><td class=""right"" data-stat=""home_pts"">101</td><td class=""center"" data-stat=""box_score_text""><a href=""/boxscores/197204100NYA.html"">Box Score</a></td><td class=""center iz"" data-stat=""overtimes""></td><td class=""right"" data-stat=""attendance"">11,533</td><td class=""left iz"" data-stat=""game_remarks""></td></tr>"
41,"<tr><th class=""left"" csk=""197204130VIR"" data-stat=""date_game"" scope=""row""><a href=""/boxscores/index.fcgi?month=4&amp;day=13&amp;year=1972"">Thu, Apr 13, 1972</a></th><td class=""left"" csk=""NYA.197204130VIR"" data-stat=""visitor_team_name""><a href=""/teams/NYA/1972.html"">New York Nets</a></td><td class=""right"" data-stat=""visitor_pts"">91</td><td class=""left"" csk=""VIR.197204130VIR"" data-stat=""home_team_name""><a href=""/teams/VIR/1972.html"">Virginia Squires</a></td><td class=""right"" data-stat=""home_pts"">138</td><td class=""center"" data-stat=""box_score_text""><a href=""/boxscores/197204130VIR.html"">Box Score</a></td><td class=""center iz"" data-stat=""overtimes""></td><td class=""right"" data-stat=""attendance"">5,526</td><td class=""left iz"" data-stat=""game_remarks""></td></tr>"
43,"<tr><th class=""left"" csk=""197204130INA"" data-stat=""date_game"" scope=""row""><a href=""/boxscores/index.fcgi?month=4&amp;day=13&amp;year=1972"">Thu, Apr 13, 1972</a></th><td class=""left"" csk=""DNR.197204130INA"" data-stat=""visitor_team_name""><a href=""/teams/DNR/1972.html"">Denver Rockets</a></td><td class=""right"" data-stat=""visitor_pts"">89</td><td class=""left"" csk=""INA.197204130INA"" data-stat=""home_team_name""><a href=""/teams/INA/1972.html"">Indiana Pacers</a></td><td class=""right"" data-stat=""home_pts"">91</td><td class=""center"" data-stat=""box_score_text""><a href=""/boxscores/197204130INA.html"">Box Score</a></td><td class=""center iz"" data-stat=""overtimes""></td><td class=""right"" data-stat=""attendance"">8,643</td><td class=""left iz"" data-stat=""game_remarks""></td></tr>"
45,"<tr><th class=""left"" csk=""197204150UTS"" data-stat=""date_game"" scope=""row""><a href=""/boxscores/index.fcgi?month=4&amp;day=15&amp;year=1972"">Sat, Apr 15, 1972</a></th><td class=""left"" csk=""INA.197204150UTS"" data-stat=""visitor_team_name""><a href=""/teams/INA/1972.html"">Indiana Pacers</a></td><td class=""right"" data-stat=""visitor_pts"">100</td><td class=""left"" csk=""UTS.197204150UTS"" data-stat=""home_team_name""><a href=""/teams/UTS/1972.html"">Utah Stars</a></td><td class=""right"" data-stat=""home_pts"">108</td><td class=""center"" data-stat=""box_score_text""><a href=""/boxscores/197204150UTS.html"">Box Score</a></td><td class=""center iz"" data-stat=""overtimes""></td><td class=""right"" data-stat=""attendance"">9,854</td><td class=""left iz"" data-stat=""game_remarks""></td></tr>"
47,"<tr><th class=""left"" csk=""197204150VIR"" data-stat=""date_game"" scope=""row""><a href=""/boxscores/index.fcgi?month=4&amp;day=15&amp;year=1972"">Sat, Apr 15, 1972</a></th><td class=""left"" csk=""NYA.197204150VIR"" data-stat=""visitor_team_name""><a href=""/teams/NYA/1972.html"">New York Nets</a></td><td class=""right"" data-stat=""visitor_pts"">106</td><td class=""left"" csk=""VIR.197204150VIR"" data-stat=""home_team_name""><a href=""/teams/VIR/1972.html"">Virginia Squires</a></td><td class=""right"" data-stat=""home_pts"">115</td><td class=""center"" data-stat=""box_score_text""><a href=""/boxscores/197204150VIR.html"">Box Score</a></td><td class=""center iz"" data-stat=""overtimes""></td><td class=""right"" data-stat=""attendance"">10,410</td><td class=""left iz"" data-stat=""game_remarks""></td></tr>"
49,"<tr><th class=""left"" csk=""197204170UTS"" data-stat=""date_game"" scope=""row""><a href=""/boxscores/index.fcgi?month=4&amp;day=17&amp;year=1972"">Mon, Apr 17, 1972</a></th><td class=""left"" csk=""INA.197204170UTS"" data-stat=""visitor_team_name""><a href=""/teams/INA/1972.html"">Indiana Pacers</a></td><td class=""right"" data-stat=""visitor_pts"">109</td><td class=""left"" csk=""UTS.197204170UTS"" data-stat=""home_team_name""><a href=""/teams/UTS/1972.html"">Utah Stars</a></td><td class=""right"" data-stat=""home_pts"">117</td><td class=""center"" data-stat=""box_score_text""><a href=""/boxscores/197204170UTS.html"">Box Score</a></td><td class=""center iz"" data-stat=""overtimes""></td><td class=""right"" data-stat=""attendance"">11,780</td><td class=""left iz"" data-stat=""game_remarks""></td></tr>"
51,"<tr><th class=""left"" csk=""197204190INA"" data-stat=""date_game"" scope=""row""><a href=""/boxscores/index.fcgi?month=4&amp;day=19&amp;year=1972"">Wed, Apr 19, 1972</a></th><td class=""left"" csk=""UTS.197204190INA"" data-stat=""visitor_team_name""><a href=""/teams/UTS/1972.html"">Utah Stars</a></td><td class=""right"" data-stat=""visitor_pts"">111</td><td class=""left"" csk=""INA.197204190INA"" data-stat=""home_team_name""><a href=""/teams/INA/1972.html"">Indiana Pacers</a></td><td class=""right"" data-stat=""home_pts"">116</td><td class=""center"" data-stat=""box_score_text""><a href=""/boxscores/197204190INA.html"">Box Score</a></td><td class=""center iz"" data-stat=""overtimes""></td><td class=""right"" data-stat=""attendance"">7,489</td><td class=""left iz"" data-stat=""game_remarks""></td></tr>"
53,"<tr><th class=""left"" csk=""197204220INA"" data-stat=""date_game"" scope=""row""><a href=""/boxscores/index.fcgi?month=4&amp;day=22&amp;year=1972"">Sat, Apr 22, 1972</a></th><td class=""left"" csk=""UTS.197204220INA"" data-stat=""visitor_team_name""><a href=""/teams/UTS/1972.html"">Utah Stars</a></td><td class=""right"" data-stat=""visitor_pts"">108</td><td class=""left"" csk=""INA.197204220INA"" data-stat=""home_team_name""><a href=""/teams/INA/1972.html"">Indiana Pacers</a></td><td class=""right"" data-stat=""home_pts"">118</td><td class=""center"" data-stat=""box_score_text""><a href=""/boxscores/197204220INA.html"">Box Score</a></td><td class=""center iz"" data-stat=""overtimes""></td><td class=""right"" data-stat=""attendance"">13,007</td><td class=""left iz"" data-stat=""game_remarks""></td></tr>"
55,"<tr><th class=""left"" csk=""197204240NYA"" data-stat=""date_game"" scope=""row""><a href=""/boxscores/index.fcgi?month=4&amp;day=24&amp;year=1972"">Mon, Apr 24, 1972</a></th><td class=""left"" csk=""VIR.197204240NYA"" data-stat=""visitor_team_name""><a href=""/teams/VIR/1972.html"">Virginia Squires</a></td><td class=""right"" data-stat=""visitor_pts"">117</td><td class=""left"" csk=""NYA.197204240NYA"" data-stat=""home_team_name""><a href=""/teams/NYA/1972.html"">New York Nets</a></td><td class=""right"" data-stat=""home_pts"">119</td><td class=""center"" data-stat=""box_score_text""><a href=""/boxscores/197204240NYA.html"">Box Score</a></td><td class=""center iz"" data-stat=""overtimes""></td><td class=""right"" data-stat=""attendance"">11,893</td><td class=""left iz"" data-stat=""game_remarks""></td></tr>"
57,"<tr><th class=""left"" csk=""197204240UTS"" data-stat=""date_game"" scope=""row""><a href=""/boxscores/index.fcgi?month=4&amp;day=24&amp;year=1972"">Mon, Apr 24, 1972</a></th><td class=""left"" csk=""INA.197204240UTS"" data-stat=""visitor_team_name""><a href=""/teams/INA/1972.html"">Indiana Pacers</a></td><td class=""right"" data-stat=""visitor_pts"">130</td><td class=""left"" csk=""UTS.197204240UTS"" data-stat=""home_team_name""><a href=""/teams/UTS/1972.html"">Utah Stars</a></td><td class=""right"" data-stat=""home_pts"">139</td><td class=""center"" data-stat=""box_score_text""><a href=""/boxscores/197204240UTS.html"">Box Score</a></td><td class=""center iz"" data-stat=""overtimes""></td><td class=""right"" data-stat=""attendance"">12,526</td><td class=""left iz"" data-stat=""game_remarks""></td></tr>"
59,"<tr><th class=""left"" csk=""197204260INA"" data-stat=""date_game"" scope=""row""><a href=""/boxscores/index.fcgi?month=4&amp;day=26&amp;year=1972"">Wed, Apr 26, 1972</a></th><td class=""left"" csk=""UTS.197204260INA"" data-stat=""visitor_team_name""><a href=""/teams/UTS/1972.html"">Utah Stars</a></td><td class=""right"" data-stat=""visitor_pts"">99</td><td class=""left"" csk=""INA.197204260INA"" data-stat=""home_team_name""><a href=""/teams/INA/1972.html"">Indiana Pacers</a></td><td class=""right"" data-stat=""home_pts"">105</td><td class=""center"" data-stat=""box_score_text""><a href=""/boxscores/197204260INA.html"">Box Score</a></td><td class=""center iz"" data-stat=""overtimes""></td><td class=""right"" data-stat=""attendance"">8,103</td><td class=""left iz"" data-stat=""game_remarks""></td></tr>"
61,"<tr><th class=""left"" csk=""197204260NYA"" data-stat=""date_game"" scope=""row""><a href=""/boxscores/index.fcgi?month=4&amp;day=26&amp;year=1972"">Wed, Apr 26, 1972</a></th><td class=""left"" csk=""VIR.197204260NYA"" data-stat=""visitor_team_name""><a href=""/teams/VIR/1972.html"">Virginia Squires</a></td><td class=""right"" data-stat=""visitor_pts"">107</td><td class=""left"" csk=""NYA.197204260NYA"" data-stat=""home_team_name""><a href=""/teams/NYA/1972.html"">New York Nets</a></td><td class=""right"" data-stat=""home_pts"">118</td><td class=""center"" data-stat=""box_score_text""><a href=""/boxscores/197204260NYA.html"">Box Score</a></td><td class=""center iz"" data-stat=""overtimes""></td><td class=""right"" data-stat=""attendance"">11,164</td><td class=""left iz"" data-stat=""game_remarks""></td></tr>"
63,"<tr><th class=""left"" csk=""197204290VIR"" data-stat=""date_game"" scope=""row""><a href=""/boxscores/index.fcgi?month=4&amp;day=29&amp;year=1972"">Sat, Apr 29, 1972</a></th><td class=""left"" csk=""NYA.197204290VIR"" data-stat=""visitor_team_name""><a href=""/teams/NYA/1972.html"">New York Nets</a></td><td class=""right"" data-stat=""visitor_pts"">107</td><td class=""left"" csk=""VIR.197204290VIR"" data-stat=""home_team_name""><a href=""/teams/VIR/1972.html"">Virginia Squires</a></td><td class=""right"" data-stat=""home_pts"">116</td><td class=""center"" data-stat=""box_score_text""><a href=""/boxscores/197204290VIR.html"">Box Score</a></td><td class=""center iz"" data-stat=""overtimes""></td><td class=""right"" data-stat=""attendance"">6,309</td><td class=""left iz"" data-stat=""game_remarks""></td></tr>"
65,"<tr><th class=""left"" csk=""197205010NYA"" data-stat=""date_game"" scope=""row""><a href=""/boxscores/index.fcgi?month=5&amp;day=1&amp;year=1972"">Mon, May 1, 1972</a></th><td class=""left"" csk=""VIR.197205010NYA"" data-stat=""visitor_team_name""><a href=""/teams/VIR/1972.html"">Virginia Squires</a></td><td class=""right"" data-stat=""visitor_pts"">136</td><td class=""left"" csk=""NYA.197205010NYA"" data-stat=""home_team_name""><a href=""/teams/NYA/1972.html"">New York Nets</a></td><td class=""right"" data-stat=""home_pts"">146</td><td class=""center"" data-stat=""box_score_text""><a href=""/boxscores/197205010NYA.html"">Box Score</a></td><td class=""center iz"" data-stat=""overtimes""></td><td class=""right"" data-stat=""attendance"">11,152</td><td class=""left iz"" data-stat=""game_remarks""></td></tr>"
67,"<tr><th class=""left"" csk=""197205010UTS"" data-stat=""date_game"" scope=""row""><a href=""/boxscores/index.fcgi?month=5&amp;day=1&amp;year=1972"">Mon, May 1, 1972</a></th><td class=""left"" csk=""INA.197205010UTS"" data-stat=""visitor_team_name""><a href=""/teams/INA/1972.html"">Indiana Pacers</a></td><td class=""right"" data-stat=""visitor_pts"">117</td><td class=""left"" csk=""UTS.197205010UTS"" data-stat=""home_team_name""><a href=""/teams/UTS/1972.html"">Utah Stars</a></td><td class=""right"" data-stat=""home_pts"">113</td><td class=""center"" data-stat=""box_score_text""><a href=""/boxscores/197205010UTS.html"">Box Score</a></td><td class=""center iz"" data-stat=""overtimes""></td><td class=""right"" data-stat=""attendance"">12,724</td><td class=""left iz"" data-stat=""game_remarks""></td></tr>"
69,"<tr><th class=""left"" csk=""197205040VIR"" data-stat=""date_game"" scope=""row""><a href=""/boxscores/index.fcgi?month=5&amp;day=4&amp;year=1972"">Thu, May 4, 1972</a></th><td class=""left"" csk=""NYA.197205040VIR"" data-stat=""visitor_team_name""><a href=""/teams/NYA/1972.html"">New York Nets</a></td><td class=""right"" data-stat=""visitor_pts"">94</td><td class=""left"" csk=""VIR.197205040VIR"" data-stat=""home_team_name""><a href=""/teams/VIR/1972.html"">Virginia Squires</a></td><td class=""right"" data-stat=""home_pts"">88</td><td class=""center"" data-stat=""box_score_text""><a href=""/boxscores/197205040VIR.html"">Box Score</a></td><td class=""center iz"" data-stat=""overtimes""></td><td class=""right"" data-stat=""attendance"">10,410</td><td class=""left iz"" data-stat=""game_remarks""></td></tr>"
71,"<tr><th class=""left"" csk=""197205060INA"" data-stat=""date_game"" scope=""row""><a href=""/boxscores/index.fcgi?month=5&amp;day=6&amp;year=1972"">Sat, May 6, 1972</a></th><td class=""left"" csk=""NYA.197205060INA"" data-stat=""visitor_team_name""><a href=""/teams/NYA/1972.html"">New York Nets</a></td><td class=""right"" data-stat=""visitor_pts"">103</td><td class=""left"" csk=""INA.197205060INA"" data-stat=""home_team_name""><a href=""/teams/INA/1972.html"">Indiana Pacers</a></td><td class=""right"" data-stat=""home_pts"">124</td><td class=""center"" data-stat=""box_score_text""><a href=""/boxscores/197205060INA.html"">Box Score</a></td><td class=""center iz"" data-stat=""overtimes""></td><td class=""right"" data-stat=""attendance"">7,483</td><td class=""left iz"" data-stat=""game_remarks""></td></tr>"
73,"<tr><th class=""left"" csk=""197205090INA"" data-stat=""date_game"" scope=""row""><a href=""/boxscores/index.fcgi?month=5&amp;day=9&amp;year=1972"">Tue, May 9, 1972</a></th><td class=""left"" csk=""NYA.197205090INA"" data-stat=""visitor_team_name""><a href=""/teams/NYA/1972.html"">New York Nets</a></td><td class=""right"" data-stat=""visitor_pts"">117</td><td class=""left"" csk=""INA.197205090INA"" data-stat=""home_team_name""><a href=""/teams/INA/1972.html"">Indiana Pacers</a></td><td class=""right"" data-stat=""home_pts"">115</td><td class=""center"" data-stat=""box_score_text""><a href=""/boxscores/197205090INA.html"">Box Score</a></td><td class=""center iz"" data-stat=""overtimes""></td><td class=""right"" data-stat=""attendance"">10,079</td><td class=""left iz"" data-stat=""game_remarks""></td></tr>"
75,"<tr><th class=""left"" csk=""197205120NYA"" data-stat=""date_game"" scope=""row""><a href=""/boxscores/index.fcgi?month=5&amp;day=12&amp;year=1972"">Fri, May 12, 1972</a></th><td class=""left"" csk=""INA.197205120NYA"" data-stat=""visitor_team_name""><a href=""/teams/INA/1972.html"">Indiana Pacers</a></td><td class=""right"" data-stat=""visitor_pts"">114</td><td class=""left"" csk=""NYA.197205120NYA"" data-stat=""home_team_name""><a href=""/teams/NYA/1972.html"">New York Nets</a></td><td class=""right"" data-stat=""home_pts"">108</td><td class=""center"" data-stat=""box_score_text""><a href=""/boxscores/197205120NYA.html"">Box Score</a></td><td class=""center iz"" data-stat=""overtimes""></td><td class=""right"" data-stat=""attendance"">15,241</td><td class=""left iz"" data-stat=""game_remarks""></td></tr>"
77,"<tr><th class=""left"" csk=""197205150NYA"" data-stat=""date_game"" scope=""row""><a href=""/boxscores/index.fcgi?month=5&amp;day=15&amp;year=1972"">Mon, May 15, 1972</a></th><td class=""left"" csk=""INA.197205150NYA"" data-stat=""visitor_team_name""><a href=""/teams/INA/1972.html"">Indiana Pacers</a></td><td class=""right"" data-stat=""visitor_pts"">105</td><td class=""left"" csk=""NYA.197205150NYA"" data-stat=""home_team_name""><a href=""/teams/NYA/1972.html"">New York Nets</a></td><td class=""right"" data-stat=""home_pts"">110</td><td class=""center"" data-stat=""box_score_text""><a href=""/boxscores/197205150NYA.html"">Box Score</a></td><td class=""center iz"" data-stat=""overtimes""></td><td class=""right"" data-stat=""attendance"">15,870</td><td class=""left iz"" data-stat=""game_remarks""></td></tr>"
79,"<tr><th class=""left"" csk=""197205180INA"" data-stat=""date_game"" scope=""row""><a href=""/boxscores/index.fcgi?month=5&amp;day=18&amp;year=1972"">Thu, May 18, 1972</a></th><td class=""left"" csk=""NYA.197205180INA"" data-stat=""visitor_team_name""><a href=""/teams/NYA/1972.html"">New York Nets</a></td><td class=""right"" data-stat=""visitor_pts"">99</td><td class=""left"" csk=""INA.197205180INA"" data-stat=""home_team_name""><a href=""/teams/INA/1972.html"">Indiana Pacers</a></td><td class=""right"" data-stat=""home_pts"">100</td><td class=""center"" data-stat=""box_score_text""><a href=""/boxscores/197205180INA.html"">Box Score</a></td><td class=""center iz"" data-stat=""overtimes""></td><td class=""right"" data-stat=""attendance"">10,079</td><td class=""left iz"" data-stat=""game_remarks""></td></tr>"
81,"<tr><th class=""left"" csk=""197205200NYA"" data-stat=""date_game"" scope=""row""><a href=""/boxscores/index.fcgi?month=5&amp;day=20&amp;year=1972"">Sat, May 20, 1972</a></th><td class=""left"" csk=""INA.197205200NYA"" data-stat=""visitor_team_name""><a href=""/teams/INA/1972.html"">Indiana Pacers</a></td><td class=""right"" data-stat=""visitor_pts"">108</td><td class=""left"" csk=""NYA.197205200NYA"" data-stat=""home_team_name""><a href=""/teams/NYA/1972.html"">New York Nets</a></td><td class=""right"" data-stat=""home_pts"">105</td><td class=""center"" data-stat=""box_score_text""><a href=""/boxscores/197205200NYA.html"">Box Score</a></td><td class=""center iz"" data-stat=""overtimes""></td><td class=""right"" data-stat=""attendance"">10,434</td><td class=""left iz"" data-stat=""game_remarks""></td></tr>"
