,0
1,"<tr><th class=""left"" csk=""196903010KEN"" data-stat=""date_game"" scope=""row""><a href=""/boxscores/index.fcgi?month=3&amp;day=1&amp;year=1969"">Sat, Mar 1, 1969</a></th><td class=""left"" csk=""MMF.196903010KEN"" data-stat=""visitor_team_name""><a href=""/teams/MMF/1969.html"">Miami Floridians</a></td><td class=""right"" data-stat=""visitor_pts"">116</td><td class=""left"" csk=""KEN.196903010KEN"" data-stat=""home_team_name""><a href=""/teams/KEN/1969.html"">Kentucky Colonels</a></td><td class=""right"" data-stat=""home_pts"">122</td><td class=""center"" data-stat=""box_score_text""><a href=""/boxscores/196903010KEN.html"">Box Score</a></td><td class=""center iz"" data-stat=""overtimes""></td><td class=""right"" data-stat=""attendance"">3,721</td><td class=""left iz"" data-stat=""game_remarks""></td></tr>"
3,"<tr><th class=""left"" csk=""196903010LAS"" data-stat=""date_game"" scope=""row""><a href=""/boxscores/index.fcgi?month=3&amp;day=1&amp;year=1969"">Sat, Mar 1, 1969</a></th><td class=""left"" csk=""NOB.196903010LAS"" data-stat=""visitor_team_name""><a href=""/teams/NOB/1969.html"">New Orleans Buccaneers</a></td><td class=""right"" data-stat=""visitor_pts"">143</td><td class=""left"" csk=""LAS.196903010LAS"" data-stat=""home_team_name""><a href=""/teams/LAS/1969.html"">Los Angeles Stars</a></td><td class=""right"" data-stat=""home_pts"">105</td><td class=""center"" data-stat=""box_score_text""><a href=""/boxscores/196903010LAS.html"">Box Score</a></td><td class=""center iz"" data-stat=""overtimes""></td><td class=""right"" data-stat=""attendance"">3,478</td><td class=""left iz"" data-stat=""game_remarks""></td></tr>"
5,"<tr><th class=""left"" csk=""196903010OAK"" data-stat=""date_game"" scope=""row""><a href=""/boxscores/index.fcgi?month=3&amp;day=1&amp;year=1969"">Sat, Mar 1, 1969</a></th><td class=""left"" csk=""DLC.196903010OAK"" data-stat=""visitor_team_name""><a href=""/teams/DLC/1969.html"">Dallas Chaparrals</a></td><td class=""right"" data-stat=""visitor_pts"">96</td><td class=""left"" csk=""OAK.196903010OAK"" data-stat=""home_team_name""><a href=""/teams/OAK/1969.html"">Oakland Oaks</a></td><td class=""right"" data-stat=""home_pts"">107</td><td class=""center"" data-stat=""box_score_text""><a href=""/boxscores/196903010OAK.html"">Box Score</a></td><td class=""center iz"" data-stat=""overtimes""></td><td class=""right"" data-stat=""attendance"">2,613</td><td class=""left iz"" data-stat=""game_remarks""></td></tr>"
7,"<tr><th class=""left"" csk=""196903020NYA"" data-stat=""date_game"" scope=""row""><a href=""/boxscores/index.fcgi?month=3&amp;day=2&amp;year=1969"">Sun, Mar 2, 1969</a></th><td class=""left"" csk=""KEN.196903020NYA"" data-stat=""visitor_team_name""><a href=""/teams/KEN/1969.html"">Kentucky Colonels</a></td><td class=""right"" data-stat=""visitor_pts"">106</td><td class=""left"" csk=""NYA.196903020NYA"" data-stat=""home_team_name""><a href=""/teams/NYA/1969.html"">New York Nets</a></td><td class=""right"" data-stat=""home_pts"">94</td><td class=""center"" data-stat=""box_score_text""><a href=""/boxscores/196903020NYA.html"">Box Score</a></td><td class=""center iz"" data-stat=""overtimes""></td><td class=""right"" data-stat=""attendance"">1,368</td><td class=""left iz"" data-stat=""game_remarks""></td></tr>"
9,"<tr><th class=""left"" csk=""196903020MNP"" data-stat=""date_game"" scope=""row""><a href=""/boxscores/index.fcgi?month=3&amp;day=2&amp;year=1969"">Sun, Mar 2, 1969</a></th><td class=""left"" csk=""MMF.196903020MNP"" data-stat=""visitor_team_name""><a href=""/teams/MMF/1969.html"">Miami Floridians</a></td><td class=""right"" data-stat=""visitor_pts"">136</td><td class=""left"" csk=""MNP.196903020MNP"" data-stat=""home_team_name""><a href=""/teams/MNP/1969.html"">Minnesota Pipers</a></td><td class=""right"" data-stat=""home_pts"">132</td><td class=""center"" data-stat=""box_score_text""><a href=""/boxscores/196903020MNP.html"">Box Score</a></td><td class=""center"" data-stat=""overtimes"">OT</td><td class=""right"" data-stat=""attendance"">3,920</td><td class=""left iz"" data-stat=""game_remarks""></td></tr>"
11,"<tr><th class=""left"" csk=""196903020LAS"" data-stat=""date_game"" scope=""row""><a href=""/boxscores/index.fcgi?month=3&amp;day=2&amp;year=1969"">Sun, Mar 2, 1969</a></th><td class=""left"" csk=""DLC.196903020LAS"" data-stat=""visitor_team_name""><a href=""/teams/DLC/1969.html"">Dallas Chaparrals</a></td><td class=""right"" data-stat=""visitor_pts"">112</td><td class=""left"" csk=""LAS.196903020LAS"" data-stat=""home_team_name""><a href=""/teams/LAS/1969.html"">Los Angeles Stars</a></td><td class=""right"" data-stat=""home_pts"">95</td><td class=""center"" data-stat=""box_score_text""><a href=""/boxscores/196903020LAS.html"">Box Score</a></td><td class=""center iz"" data-stat=""overtimes""></td><td class=""right"" data-stat=""attendance"">3,350</td><td class=""left iz"" data-stat=""game_remarks""></td></tr>"
13,"<tr><th class=""left"" csk=""196903020INA"" data-stat=""date_game"" scope=""row""><a href=""/boxscores/index.fcgi?month=3&amp;day=2&amp;year=1969"">Sun, Mar 2, 1969</a></th><td class=""left"" csk=""HSM.196903020INA"" data-stat=""visitor_team_name""><a href=""/teams/HSM/1969.html"">Houston Mavericks</a></td><td class=""right"" data-stat=""visitor_pts"">128</td><td class=""left"" csk=""INA.196903020INA"" data-stat=""home_team_name""><a href=""/teams/INA/1969.html"">Indiana Pacers</a></td><td class=""right"" data-stat=""home_pts"">133</td><td class=""center"" data-stat=""box_score_text""><a href=""/boxscores/196903020INA.html"">Box Score</a></td><td class=""center iz"" data-stat=""overtimes""></td><td class=""right"" data-stat=""attendance"">6,389</td><td class=""left iz"" data-stat=""game_remarks""></td></tr>"
15,"<tr><th class=""left"" csk=""196903020DNR"" data-stat=""date_game"" scope=""row""><a href=""/boxscores/index.fcgi?month=3&amp;day=2&amp;year=1969"">Sun, Mar 2, 1969</a></th><td class=""left"" csk=""NOB.196903020DNR"" data-stat=""visitor_team_name""><a href=""/teams/NOB/1969.html"">New Orleans Buccaneers</a></td><td class=""right"" data-stat=""visitor_pts"">120</td><td class=""left"" csk=""DNR.196903020DNR"" data-stat=""home_team_name""><a href=""/teams/DNR/1969.html"">Denver Rockets</a></td><td class=""right"" data-stat=""home_pts"">147</td><td class=""center"" data-stat=""box_score_text""><a href=""/boxscores/196903020DNR.html"">Box Score</a></td><td class=""center iz"" data-stat=""overtimes""></td><td class=""right"" data-stat=""attendance"">4,405</td><td class=""left iz"" data-stat=""game_remarks""></td></tr>"
17,"<tr><th class=""left"" csk=""196903030HSM"" data-stat=""date_game"" scope=""row""><a href=""/boxscores/index.fcgi?month=3&amp;day=3&amp;year=1969"">Mon, Mar 3, 1969</a></th><td class=""left"" csk=""KEN.196903030HSM"" data-stat=""visitor_team_name""><a href=""/teams/KEN/1969.html"">Kentucky Colonels</a></td><td class=""right"" data-stat=""visitor_pts"">127</td><td class=""left"" csk=""HSM.196903030HSM"" data-stat=""home_team_name""><a href=""/teams/HSM/1969.html"">Houston Mavericks</a></td><td class=""right"" data-stat=""home_pts"">118</td><td class=""center"" data-stat=""box_score_text""><a href=""/boxscores/196903030HSM.html"">Box Score</a></td><td class=""center iz"" data-stat=""overtimes""></td><td class=""right"" data-stat=""attendance"">318</td><td class=""left iz"" data-stat=""game_remarks""></td></tr>"
19,"<tr><th class=""left"" csk=""196903040DNR"" data-stat=""date_game"" scope=""row""><a href=""/boxscores/index.fcgi?month=3&amp;day=4&amp;year=1969"">Tue, Mar 4, 1969</a></th><td class=""left"" csk=""MNP.196903040DNR"" data-stat=""visitor_team_name""><a href=""/teams/MNP/1969.html"">Minnesota Pipers</a></td><td class=""right"" data-stat=""visitor_pts"">120</td><td class=""left"" csk=""DNR.196903040DNR"" data-stat=""home_team_name""><a href=""/teams/DNR/1969.html"">Denver Rockets</a></td><td class=""right"" data-stat=""home_pts"">126</td><td class=""center"" data-stat=""box_score_text""><a href=""/boxscores/196903040DNR.html"">Box Score</a></td><td class=""center iz"" data-stat=""overtimes""></td><td class=""right"" data-stat=""attendance"">4,725</td><td class=""left iz"" data-stat=""game_remarks""></td></tr>"
21,"<tr><th class=""left"" csk=""196903040NYA"" data-stat=""date_game"" scope=""row""><a href=""/boxscores/index.fcgi?month=3&amp;day=4&amp;year=1969"">Tue, Mar 4, 1969</a></th><td class=""left"" csk=""DLC.196903040NYA"" data-stat=""visitor_team_name""><a href=""/teams/DLC/1969.html"">Dallas Chaparrals</a></td><td class=""right"" data-stat=""visitor_pts"">122</td><td class=""left"" csk=""NYA.196903040NYA"" data-stat=""home_team_name""><a href=""/teams/NYA/1969.html"">New York Nets</a></td><td class=""right"" data-stat=""home_pts"">119</td><td class=""center"" data-stat=""box_score_text""><a href=""/boxscores/196903040NYA.html"">Box Score</a></td><td class=""center iz"" data-stat=""overtimes""></td><td class=""right"" data-stat=""attendance"">512</td><td class=""left iz"" data-stat=""game_remarks""></td></tr>"
23,"<tr><th class=""left"" csk=""196903050LAS"" data-stat=""date_game"" scope=""row""><a href=""/boxscores/index.fcgi?month=3&amp;day=5&amp;year=1969"">Wed, Mar 5, 1969</a></th><td class=""left"" csk=""MNP.196903050LAS"" data-stat=""visitor_team_name""><a href=""/teams/MNP/1969.html"">Minnesota Pipers</a></td><td class=""right"" data-stat=""visitor_pts"">118</td><td class=""left"" csk=""LAS.196903050LAS"" data-stat=""home_team_name""><a href=""/teams/LAS/1969.html"">Los Angeles Stars</a></td><td class=""right"" data-stat=""home_pts"">123</td><td class=""center"" data-stat=""box_score_text""><a href=""/boxscores/196903050LAS.html"">Box Score</a></td><td class=""center iz"" data-stat=""overtimes""></td><td class=""right"" data-stat=""attendance"">1,163</td><td class=""left iz"" data-stat=""game_remarks""></td></tr>"
25,"<tr><th class=""left"" csk=""196903050KEN"" data-stat=""date_game"" scope=""row""><a href=""/boxscores/index.fcgi?month=3&amp;day=5&amp;year=1969"">Wed, Mar 5, 1969</a></th><td class=""left"" csk=""NYA.196903050KEN"" data-stat=""visitor_team_name""><a href=""/teams/NYA/1969.html"">New York Nets</a></td><td class=""right"" data-stat=""visitor_pts"">103</td><td class=""left"" csk=""KEN.196903050KEN"" data-stat=""home_team_name""><a href=""/teams/KEN/1969.html"">Kentucky Colonels</a></td><td class=""right"" data-stat=""home_pts"">128</td><td class=""center"" data-stat=""box_score_text""><a href=""/boxscores/196903050KEN.html"">Box Score</a></td><td class=""center iz"" data-stat=""overtimes""></td><td class=""right"" data-stat=""attendance"">3,033</td><td class=""left iz"" data-stat=""game_remarks""></td></tr>"
27,"<tr><th class=""left"" csk=""196903050INA"" data-stat=""date_game"" scope=""row""><a href=""/boxscores/index.fcgi?month=3&amp;day=5&amp;year=1969"">Wed, Mar 5, 1969</a></th><td class=""left"" csk=""DLC.196903050INA"" data-stat=""visitor_team_name""><a href=""/teams/DLC/1969.html"">Dallas Chaparrals</a></td><td class=""right"" data-stat=""visitor_pts"">96</td><td class=""left"" csk=""INA.196903050INA"" data-stat=""home_team_name""><a href=""/teams/INA/1969.html"">Indiana Pacers</a></td><td class=""right"" data-stat=""home_pts"">131</td><td class=""center"" data-stat=""box_score_text""><a href=""/boxscores/196903050INA.html"">Box Score</a></td><td class=""center iz"" data-stat=""overtimes""></td><td class=""right"" data-stat=""attendance"">8,362</td><td class=""left iz"" data-stat=""game_remarks""></td></tr>"
29,"<tr><th class=""left"" csk=""196903050HSM"" data-stat=""date_game"" scope=""row""><a href=""/boxscores/index.fcgi?month=3&amp;day=5&amp;year=1969"">Wed, Mar 5, 1969</a></th><td class=""left"" csk=""OAK.196903050HSM"" data-stat=""visitor_team_name""><a href=""/teams/OAK/1969.html"">Oakland Oaks</a></td><td class=""right"" data-stat=""visitor_pts"">140</td><td class=""left"" csk=""HSM.196903050HSM"" data-stat=""home_team_name""><a href=""/teams/HSM/1969.html"">Houston Mavericks</a></td><td class=""right"" data-stat=""home_pts"">134</td><td class=""center"" data-stat=""box_score_text""><a href=""/boxscores/196903050HSM.html"">Box Score</a></td><td class=""center iz"" data-stat=""overtimes""></td><td class=""right"" data-stat=""attendance"">8,362</td><td class=""left"" data-stat=""game_remarks"">at Indianapolis, IN</td></tr>"
31,"<tr><th class=""left"" csk=""196903060DNR"" data-stat=""date_game"" scope=""row""><a href=""/boxscores/index.fcgi?month=3&amp;day=6&amp;year=1969"">Thu, Mar 6, 1969</a></th><td class=""left"" csk=""KEN.196903060DNR"" data-stat=""visitor_team_name""><a href=""/teams/KEN/1969.html"">Kentucky Colonels</a></td><td class=""right"" data-stat=""visitor_pts"">114</td><td class=""left"" csk=""DNR.196903060DNR"" data-stat=""home_team_name""><a href=""/teams/DNR/1969.html"">Denver Rockets</a></td><td class=""right"" data-stat=""home_pts"">123</td><td class=""center"" data-stat=""box_score_text""><a href=""/boxscores/196903060DNR.html"">Box Score</a></td><td class=""center iz"" data-stat=""overtimes""></td><td class=""right"" data-stat=""attendance"">4,927</td><td class=""left iz"" data-stat=""game_remarks""></td></tr>"
33,"<tr><th class=""left"" csk=""196903060HSM"" data-stat=""date_game"" scope=""row""><a href=""/boxscores/index.fcgi?month=3&amp;day=6&amp;year=1969"">Thu, Mar 6, 1969</a></th><td class=""left"" csk=""NOB.196903060HSM"" data-stat=""visitor_team_name""><a href=""/teams/NOB/1969.html"">New Orleans Buccaneers</a></td><td class=""right"" data-stat=""visitor_pts"">126</td><td class=""left"" csk=""HSM.196903060HSM"" data-stat=""home_team_name""><a href=""/teams/HSM/1969.html"">Houston Mavericks</a></td><td class=""right"" data-stat=""home_pts"">119</td><td class=""center"" data-stat=""box_score_text""><a href=""/boxscores/196903060HSM.html"">Box Score</a></td><td class=""center iz"" data-stat=""overtimes""></td><td class=""right"" data-stat=""attendance"">265</td><td class=""left iz"" data-stat=""game_remarks""></td></tr>"
35,"<tr><th class=""left"" csk=""196903060MMF"" data-stat=""date_game"" scope=""row""><a href=""/boxscores/index.fcgi?month=3&amp;day=6&amp;year=1969"">Thu, Mar 6, 1969</a></th><td class=""left"" csk=""OAK.196903060MMF"" data-stat=""visitor_team_name""><a href=""/teams/OAK/1969.html"">Oakland Oaks</a></td><td class=""right"" data-stat=""visitor_pts"">117</td><td class=""left"" csk=""MMF.196903060MMF"" data-stat=""home_team_name""><a href=""/teams/MMF/1969.html"">Miami Floridians</a></td><td class=""right"" data-stat=""home_pts"">113</td><td class=""center"" data-stat=""box_score_text""><a href=""/boxscores/196903060MMF.html"">Box Score</a></td><td class=""center iz"" data-stat=""overtimes""></td><td class=""right"" data-stat=""attendance"">5,586</td><td class=""left"" data-stat=""game_remarks"">at Miami Beach, FL</td></tr>"
37,"<tr><th class=""left"" csk=""196903070INA"" data-stat=""date_game"" scope=""row""><a href=""/boxscores/index.fcgi?month=3&amp;day=7&amp;year=1969"">Fri, Mar 7, 1969</a></th><td class=""left"" csk=""NYA.196903070INA"" data-stat=""visitor_team_name""><a href=""/teams/NYA/1969.html"">New York Nets</a></td><td class=""right"" data-stat=""visitor_pts"">124</td><td class=""left"" csk=""INA.196903070INA"" data-stat=""home_team_name""><a href=""/teams/INA/1969.html"">Indiana Pacers</a></td><td class=""right"" data-stat=""home_pts"">143</td><td class=""center"" data-stat=""box_score_text""><a href=""/boxscores/196903070INA.html"">Box Score</a></td><td class=""center iz"" data-stat=""overtimes""></td><td class=""right"" data-stat=""attendance"">6,065</td><td class=""left iz"" data-stat=""game_remarks""></td></tr>"
39,"<tr><th class=""left"" csk=""196903070KEN"" data-stat=""date_game"" scope=""row""><a href=""/boxscores/index.fcgi?month=3&amp;day=7&amp;year=1969"">Fri, Mar 7, 1969</a></th><td class=""left"" csk=""MMF.196903070KEN"" data-stat=""visitor_team_name""><a href=""/teams/MMF/1969.html"">Miami Floridians</a></td><td class=""right"" data-stat=""visitor_pts"">123</td><td class=""left"" csk=""KEN.196903070KEN"" data-stat=""home_team_name""><a href=""/teams/KEN/1969.html"">Kentucky Colonels</a></td><td class=""right"" data-stat=""home_pts"">141</td><td class=""center"" data-stat=""box_score_text""><a href=""/boxscores/196903070KEN.html"">Box Score</a></td><td class=""center iz"" data-stat=""overtimes""></td><td class=""right"" data-stat=""attendance"">5,216</td><td class=""left iz"" data-stat=""game_remarks""></td></tr>"
41,"<tr><th class=""left"" csk=""196903070NOB"" data-stat=""date_game"" scope=""row""><a href=""/boxscores/index.fcgi?month=3&amp;day=7&amp;year=1969"">Fri, Mar 7, 1969</a></th><td class=""left"" csk=""OAK.196903070NOB"" data-stat=""visitor_team_name""><a href=""/teams/OAK/1969.html"">Oakland Oaks</a></td><td class=""right"" data-stat=""visitor_pts"">123</td><td class=""left"" csk=""NOB.196903070NOB"" data-stat=""home_team_name""><a href=""/teams/NOB/1969.html"">New Orleans Buccaneers</a></td><td class=""right"" data-stat=""home_pts"">121</td><td class=""center"" data-stat=""box_score_text""><a href=""/boxscores/196903070NOB.html"">Box Score</a></td><td class=""center iz"" data-stat=""overtimes""></td><td class=""right"" data-stat=""attendance"">4,250</td><td class=""left iz"" data-stat=""game_remarks""></td></tr>"
43,"<tr><th class=""left"" csk=""196903080MNP"" data-stat=""date_game"" scope=""row""><a href=""/boxscores/index.fcgi?month=3&amp;day=8&amp;year=1969"">Sat, Mar 8, 1969</a></th><td class=""left"" csk=""HSM.196903080MNP"" data-stat=""visitor_team_name""><a href=""/teams/HSM/1969.html"">Houston Mavericks</a></td><td class=""right"" data-stat=""visitor_pts"">129</td><td class=""left"" csk=""MNP.196903080MNP"" data-stat=""home_team_name""><a href=""/teams/MNP/1969.html"">Minnesota Pipers</a></td><td class=""right"" data-stat=""home_pts"">132</td><td class=""center"" data-stat=""box_score_text""><a href=""/boxscores/196903080MNP.html"">Box Score</a></td><td class=""center"" data-stat=""overtimes"">2OT</td><td class=""right"" data-stat=""attendance"">4,155</td><td class=""left iz"" data-stat=""game_remarks""></td></tr>"
45,"<tr><th class=""left"" csk=""196903080LAS"" data-stat=""date_game"" scope=""row""><a href=""/boxscores/index.fcgi?month=3&amp;day=8&amp;year=1969"">Sat, Mar 8, 1969</a></th><td class=""left"" csk=""NYA.196903080LAS"" data-stat=""visitor_team_name""><a href=""/teams/NYA/1969.html"">New York Nets</a></td><td class=""right"" data-stat=""visitor_pts"">120</td><td class=""left"" csk=""LAS.196903080LAS"" data-stat=""home_team_name""><a href=""/teams/LAS/1969.html"">Los Angeles Stars</a></td><td class=""right"" data-stat=""home_pts"">110</td><td class=""center"" data-stat=""box_score_text""><a href=""/boxscores/196903080LAS.html"">Box Score</a></td><td class=""center iz"" data-stat=""overtimes""></td><td class=""right"" data-stat=""attendance"">3,104</td><td class=""left iz"" data-stat=""game_remarks""></td></tr>"
47,"<tr><th class=""left"" csk=""196903080DLC"" data-stat=""date_game"" scope=""row""><a href=""/boxscores/index.fcgi?month=3&amp;day=8&amp;year=1969"">Sat, Mar 8, 1969</a></th><td class=""left"" csk=""DNR.196903080DLC"" data-stat=""visitor_team_name""><a href=""/teams/DNR/1969.html"">Denver Rockets</a></td><td class=""right"" data-stat=""visitor_pts"">111</td><td class=""left"" csk=""DLC.196903080DLC"" data-stat=""home_team_name""><a href=""/teams/DLC/1969.html"">Dallas Chaparrals</a></td><td class=""right"" data-stat=""home_pts"">121</td><td class=""center"" data-stat=""box_score_text""><a href=""/boxscores/196903080DLC.html"">Box Score</a></td><td class=""center iz"" data-stat=""overtimes""></td><td class=""right"" data-stat=""attendance"">3,918</td><td class=""left iz"" data-stat=""game_remarks""></td></tr>"
49,"<tr><th class=""left"" csk=""196903090DNR"" data-stat=""date_game"" scope=""row""><a href=""/boxscores/index.fcgi?month=3&amp;day=9&amp;year=1969"">Sun, Mar 9, 1969</a></th><td class=""left"" csk=""LAS.196903090DNR"" data-stat=""visitor_team_name""><a href=""/teams/LAS/1969.html"">Los Angeles Stars</a></td><td class=""right"" data-stat=""visitor_pts"">103</td><td class=""left"" csk=""DNR.196903090DNR"" data-stat=""home_team_name""><a href=""/teams/DNR/1969.html"">Denver Rockets</a></td><td class=""right"" data-stat=""home_pts"">118</td><td class=""center"" data-stat=""box_score_text""><a href=""/boxscores/196903090DNR.html"">Box Score</a></td><td class=""center iz"" data-stat=""overtimes""></td><td class=""right"" data-stat=""attendance"">5,559</td><td class=""left iz"" data-stat=""game_remarks""></td></tr>"
51,"<tr><th class=""left"" csk=""196903090HSM"" data-stat=""date_game"" scope=""row""><a href=""/boxscores/index.fcgi?month=3&amp;day=9&amp;year=1969"">Sun, Mar 9, 1969</a></th><td class=""left"" csk=""NOB.196903090HSM"" data-stat=""visitor_team_name""><a href=""/teams/NOB/1969.html"">New Orleans Buccaneers</a></td><td class=""right"" data-stat=""visitor_pts"">116</td><td class=""left"" csk=""HSM.196903090HSM"" data-stat=""home_team_name""><a href=""/teams/HSM/1969.html"">Houston Mavericks</a></td><td class=""right"" data-stat=""home_pts"">102</td><td class=""center"" data-stat=""box_score_text""><a href=""/boxscores/196903090HSM.html"">Box Score</a></td><td class=""center iz"" data-stat=""overtimes""></td><td class=""right"" data-stat=""attendance"">167</td><td class=""left iz"" data-stat=""game_remarks""></td></tr>"
53,"<tr><th class=""left"" csk=""196903090INA"" data-stat=""date_game"" scope=""row""><a href=""/boxscores/index.fcgi?month=3&amp;day=9&amp;year=1969"">Sun, Mar 9, 1969</a></th><td class=""left"" csk=""MMF.196903090INA"" data-stat=""visitor_team_name""><a href=""/teams/MMF/1969.html"">Miami Floridians</a></td><td class=""right"" data-stat=""visitor_pts"">123</td><td class=""left"" csk=""INA.196903090INA"" data-stat=""home_team_name""><a href=""/teams/INA/1969.html"">Indiana Pacers</a></td><td class=""right"" data-stat=""home_pts"">128</td><td class=""center"" data-stat=""box_score_text""><a href=""/boxscores/196903090INA.html"">Box Score</a></td><td class=""center iz"" data-stat=""overtimes""></td><td class=""right"" data-stat=""attendance"">10,480</td><td class=""left iz"" data-stat=""game_remarks""></td></tr>"
55,"<tr><th class=""left"" csk=""196903090KEN"" data-stat=""date_game"" scope=""row""><a href=""/boxscores/index.fcgi?month=3&amp;day=9&amp;year=1969"">Sun, Mar 9, 1969</a></th><td class=""left"" csk=""MNP.196903090KEN"" data-stat=""visitor_team_name""><a href=""/teams/MNP/1969.html"">Minnesota Pipers</a></td><td class=""right"" data-stat=""visitor_pts"">104</td><td class=""left"" csk=""KEN.196903090KEN"" data-stat=""home_team_name""><a href=""/teams/KEN/1969.html"">Kentucky Colonels</a></td><td class=""right"" data-stat=""home_pts"">118</td><td class=""center"" data-stat=""box_score_text""><a href=""/boxscores/196903090KEN.html"">Box Score</a></td><td class=""center iz"" data-stat=""overtimes""></td><td class=""right"" data-stat=""attendance"">5,514</td><td class=""left iz"" data-stat=""game_remarks""></td></tr>"
57,"<tr><th class=""left"" csk=""196903090OAK"" data-stat=""date_game"" scope=""row""><a href=""/boxscores/index.fcgi?month=3&amp;day=9&amp;year=1969"">Sun, Mar 9, 1969</a></th><td class=""left"" csk=""NYA.196903090OAK"" data-stat=""visitor_team_name""><a href=""/teams/NYA/1969.html"">New York Nets</a></td><td class=""right"" data-stat=""visitor_pts"">104</td><td class=""left"" csk=""OAK.196903090OAK"" data-stat=""home_team_name""><a href=""/teams/OAK/1969.html"">Oakland Oaks</a></td><td class=""right"" data-stat=""home_pts"">129</td><td class=""center"" data-stat=""box_score_text""><a href=""/boxscores/196903090OAK.html"">Box Score</a></td><td class=""center iz"" data-stat=""overtimes""></td><td class=""right"" data-stat=""attendance"">4,745</td><td class=""left iz"" data-stat=""game_remarks""></td></tr>"
59,"<tr><th class=""left"" csk=""196903100MMF"" data-stat=""date_game"" scope=""row""><a href=""/boxscores/index.fcgi?month=3&amp;day=10&amp;year=1969"">Mon, Mar 10, 1969</a></th><td class=""left"" csk=""DLC.196903100MMF"" data-stat=""visitor_team_name""><a href=""/teams/DLC/1969.html"">Dallas Chaparrals</a></td><td class=""right"" data-stat=""visitor_pts"">109</td><td class=""left"" csk=""MMF.196903100MMF"" data-stat=""home_team_name""><a href=""/teams/MMF/1969.html"">Miami Floridians</a></td><td class=""right"" data-stat=""home_pts"">108</td><td class=""center"" data-stat=""box_score_text""><a href=""/boxscores/196903100MMF.html"">Box Score</a></td><td class=""center iz"" data-stat=""overtimes""></td><td class=""right"" data-stat=""attendance"">3,326</td><td class=""left"" data-stat=""game_remarks"">at Miami Beach, FL</td></tr>"
61,"<tr><th class=""left"" csk=""196903110HSM"" data-stat=""date_game"" scope=""row""><a href=""/boxscores/index.fcgi?month=3&amp;day=11&amp;year=1969"">Tue, Mar 11, 1969</a></th><td class=""left"" csk=""MNP.196903110HSM"" data-stat=""visitor_team_name""><a href=""/teams/MNP/1969.html"">Minnesota Pipers</a></td><td class=""right"" data-stat=""visitor_pts"">130</td><td class=""left"" csk=""HSM.196903110HSM"" data-stat=""home_team_name""><a href=""/teams/HSM/1969.html"">Houston Mavericks</a></td><td class=""right"" data-stat=""home_pts"">128</td><td class=""center"" data-stat=""box_score_text""><a href=""/boxscores/196903110HSM.html"">Box Score</a></td><td class=""center iz"" data-stat=""overtimes""></td><td class=""right"" data-stat=""attendance"">218</td><td class=""left iz"" data-stat=""game_remarks""></td></tr>"
63,"<tr><th class=""left"" csk=""196903110NYA"" data-stat=""date_game"" scope=""row""><a href=""/boxscores/index.fcgi?month=3&amp;day=11&amp;year=1969"">Tue, Mar 11, 1969</a></th><td class=""left"" csk=""INA.196903110NYA"" data-stat=""visitor_team_name""><a href=""/teams/INA/1969.html"">Indiana Pacers</a></td><td class=""right"" data-stat=""visitor_pts"">122</td><td class=""left"" csk=""NYA.196903110NYA"" data-stat=""home_team_name""><a href=""/teams/NYA/1969.html"">New York Nets</a></td><td class=""right"" data-stat=""home_pts"">112</td><td class=""center"" data-stat=""box_score_text""><a href=""/boxscores/196903110NYA.html"">Box Score</a></td><td class=""center iz"" data-stat=""overtimes""></td><td class=""right"" data-stat=""attendance"">517</td><td class=""left iz"" data-stat=""game_remarks""></td></tr>"
65,"<tr><th class=""left"" csk=""196903110OAK"" data-stat=""date_game"" scope=""row""><a href=""/boxscores/index.fcgi?month=3&amp;day=11&amp;year=1969"">Tue, Mar 11, 1969</a></th><td class=""left"" csk=""LAS.196903110OAK"" data-stat=""visitor_team_name""><a href=""/teams/LAS/1969.html"">Los Angeles Stars</a></td><td class=""right"" data-stat=""visitor_pts"">131</td><td class=""left"" csk=""OAK.196903110OAK"" data-stat=""home_team_name""><a href=""/teams/OAK/1969.html"">Oakland Oaks</a></td><td class=""right"" data-stat=""home_pts"">115</td><td class=""center"" data-stat=""box_score_text""><a href=""/boxscores/196903110OAK.html"">Box Score</a></td><td class=""center iz"" data-stat=""overtimes""></td><td class=""right"" data-stat=""attendance"">2,295</td><td class=""left iz"" data-stat=""game_remarks""></td></tr>"
67,"<tr><th class=""left"" csk=""196903120MMF"" data-stat=""date_game"" scope=""row""><a href=""/boxscores/index.fcgi?month=3&amp;day=12&amp;year=1969"">Wed, Mar 12, 1969</a></th><td class=""left"" csk=""NOB.196903120MMF"" data-stat=""visitor_team_name""><a href=""/teams/NOB/1969.html"">New Orleans Buccaneers</a></td><td class=""right"" data-stat=""visitor_pts"">107</td><td class=""left"" csk=""MMF.196903120MMF"" data-stat=""home_team_name""><a href=""/teams/MMF/1969.html"">Miami Floridians</a></td><td class=""right"" data-stat=""home_pts"">102</td><td class=""center"" data-stat=""box_score_text""><a href=""/boxscores/196903120MMF.html"">Box Score</a></td><td class=""center iz"" data-stat=""overtimes""></td><td class=""right"" data-stat=""attendance"">1,923</td><td class=""left"" data-stat=""game_remarks"">at Miami Beach, FL</td></tr>"
69,"<tr><th class=""left"" csk=""196903120LAS"" data-stat=""date_game"" scope=""row""><a href=""/boxscores/index.fcgi?month=3&amp;day=12&amp;year=1969"">Wed, Mar 12, 1969</a></th><td class=""left"" csk=""DNR.196903120LAS"" data-stat=""visitor_team_name""><a href=""/teams/DNR/1969.html"">Denver Rockets</a></td><td class=""right"" data-stat=""visitor_pts"">122</td><td class=""left"" csk=""LAS.196903120LAS"" data-stat=""home_team_name""><a href=""/teams/LAS/1969.html"">Los Angeles Stars</a></td><td class=""right"" data-stat=""home_pts"">125</td><td class=""center"" data-stat=""box_score_text""><a href=""/boxscores/196903120LAS.html"">Box Score</a></td><td class=""center"" data-stat=""overtimes"">OT</td><td class=""right"" data-stat=""attendance"">1,066</td><td class=""left iz"" data-stat=""game_remarks""></td></tr>"
71,"<tr><th class=""left"" csk=""196903120KEN"" data-stat=""date_game"" scope=""row""><a href=""/boxscores/index.fcgi?month=3&amp;day=12&amp;year=1969"">Wed, Mar 12, 1969</a></th><td class=""left"" csk=""NYA.196903120KEN"" data-stat=""visitor_team_name""><a href=""/teams/NYA/1969.html"">New York Nets</a></td><td class=""right"" data-stat=""visitor_pts"">98</td><td class=""left"" csk=""KEN.196903120KEN"" data-stat=""home_team_name""><a href=""/teams/KEN/1969.html"">Kentucky Colonels</a></td><td class=""right"" data-stat=""home_pts"">106</td><td class=""center"" data-stat=""box_score_text""><a href=""/boxscores/196903120KEN.html"">Box Score</a></td><td class=""center iz"" data-stat=""overtimes""></td><td class=""right"" data-stat=""attendance"">3,136</td><td class=""left iz"" data-stat=""game_remarks""></td></tr>"
73,"<tr><th class=""left"" csk=""196903120DLC"" data-stat=""date_game"" scope=""row""><a href=""/boxscores/index.fcgi?month=3&amp;day=12&amp;year=1969"">Wed, Mar 12, 1969</a></th><td class=""left"" csk=""MNP.196903120DLC"" data-stat=""visitor_team_name""><a href=""/teams/MNP/1969.html"">Minnesota Pipers</a></td><td class=""right"" data-stat=""visitor_pts"">100</td><td class=""left"" csk=""DLC.196903120DLC"" data-stat=""home_team_name""><a href=""/teams/DLC/1969.html"">Dallas Chaparrals</a></td><td class=""right"" data-stat=""home_pts"">122</td><td class=""center"" data-stat=""box_score_text""><a href=""/boxscores/196903120DLC.html"">Box Score</a></td><td class=""center iz"" data-stat=""overtimes""></td><td class=""right"" data-stat=""attendance"">2,239</td><td class=""left iz"" data-stat=""game_remarks""></td></tr>"
75,"<tr><th class=""left"" csk=""196903130LAS"" data-stat=""date_game"" scope=""row""><a href=""/boxscores/index.fcgi?month=3&amp;day=13&amp;year=1969"">Thu, Mar 13, 1969</a></th><td class=""left"" csk=""DNR.196903130LAS"" data-stat=""visitor_team_name""><a href=""/teams/DNR/1969.html"">Denver Rockets</a></td><td class=""right"" data-stat=""visitor_pts"">119</td><td class=""left"" csk=""LAS.196903130LAS"" data-stat=""home_team_name""><a href=""/teams/LAS/1969.html"">Los Angeles Stars</a></td><td class=""right"" data-stat=""home_pts"">142</td><td class=""center"" data-stat=""box_score_text""><a href=""/boxscores/196903130LAS.html"">Box Score</a></td><td class=""center iz"" data-stat=""overtimes""></td><td class=""right"" data-stat=""attendance"">968</td><td class=""left iz"" data-stat=""game_remarks""></td></tr>"
77,"<tr><th class=""left"" csk=""196903130INA"" data-stat=""date_game"" scope=""row""><a href=""/boxscores/index.fcgi?month=3&amp;day=13&amp;year=1969"">Thu, Mar 13, 1969</a></th><td class=""left"" csk=""NYA.196903130INA"" data-stat=""visitor_team_name""><a href=""/teams/NYA/1969.html"">New York Nets</a></td><td class=""right"" data-stat=""visitor_pts"">87</td><td class=""left"" csk=""INA.196903130INA"" data-stat=""home_team_name""><a href=""/teams/INA/1969.html"">Indiana Pacers</a></td><td class=""right"" data-stat=""home_pts"">125</td><td class=""center"" data-stat=""box_score_text""><a href=""/boxscores/196903130INA.html"">Box Score</a></td><td class=""center iz"" data-stat=""overtimes""></td><td class=""right"" data-stat=""attendance"">7,063</td><td class=""left iz"" data-stat=""game_remarks""></td></tr>"
79,"<tr><th class=""left"" csk=""196903130HSM"" data-stat=""date_game"" scope=""row""><a href=""/boxscores/index.fcgi?month=3&amp;day=13&amp;year=1969"">Thu, Mar 13, 1969</a></th><td class=""left"" csk=""KEN.196903130HSM"" data-stat=""visitor_team_name""><a href=""/teams/KEN/1969.html"">Kentucky Colonels</a></td><td class=""right"" data-stat=""visitor_pts"">110</td><td class=""left"" csk=""HSM.196903130HSM"" data-stat=""home_team_name""><a href=""/teams/HSM/1969.html"">Houston Mavericks</a></td><td class=""right"" data-stat=""home_pts"">126</td><td class=""center"" data-stat=""box_score_text""><a href=""/boxscores/196903130HSM.html"">Box Score</a></td><td class=""center iz"" data-stat=""overtimes""></td><td class=""right"" data-stat=""attendance"">4,115</td><td class=""left iz"" data-stat=""game_remarks""></td></tr>"
81,"<tr><th class=""left"" csk=""196903130DLC"" data-stat=""date_game"" scope=""row""><a href=""/boxscores/index.fcgi?month=3&amp;day=13&amp;year=1969"">Thu, Mar 13, 1969</a></th><td class=""left"" csk=""MMF.196903130DLC"" data-stat=""visitor_team_name""><a href=""/teams/MMF/1969.html"">Miami Floridians</a></td><td class=""right"" data-stat=""visitor_pts"">124</td><td class=""left"" csk=""DLC.196903130DLC"" data-stat=""home_team_name""><a href=""/teams/DLC/1969.html"">Dallas Chaparrals</a></td><td class=""right"" data-stat=""home_pts"">121</td><td class=""center"" data-stat=""box_score_text""><a href=""/boxscores/196903130DLC.html"">Box Score</a></td><td class=""center"" data-stat=""overtimes"">OT</td><td class=""right"" data-stat=""attendance"">3,751</td><td class=""left"" data-stat=""game_remarks"">at St. Louis, MO</td></tr>"
83,"<tr><th class=""left"" csk=""196903140NOB"" data-stat=""date_game"" scope=""row""><a href=""/boxscores/index.fcgi?month=3&amp;day=14&amp;year=1969"">Fri, Mar 14, 1969</a></th><td class=""left"" csk=""HSM.196903140NOB"" data-stat=""visitor_team_name""><a href=""/teams/HSM/1969.html"">Houston Mavericks</a></td><td class=""right"" data-stat=""visitor_pts"">116</td><td class=""left"" csk=""NOB.196903140NOB"" data-stat=""home_team_name""><a href=""/teams/NOB/1969.html"">New Orleans Buccaneers</a></td><td class=""right"" data-stat=""home_pts"">139</td><td class=""center"" data-stat=""box_score_text""><a href=""/boxscores/196903140NOB.html"">Box Score</a></td><td class=""center iz"" data-stat=""overtimes""></td><td class=""right"" data-stat=""attendance"">5,042</td><td class=""left iz"" data-stat=""game_remarks""></td></tr>"
85,"<tr><th class=""left"" csk=""196903140NYA"" data-stat=""date_game"" scope=""row""><a href=""/boxscores/index.fcgi?month=3&amp;day=14&amp;year=1969"">Fri, Mar 14, 1969</a></th><td class=""left"" csk=""DLC.196903140NYA"" data-stat=""visitor_team_name""><a href=""/teams/DLC/1969.html"">Dallas Chaparrals</a></td><td class=""right"" data-stat=""visitor_pts"">123</td><td class=""left"" csk=""NYA.196903140NYA"" data-stat=""home_team_name""><a href=""/teams/NYA/1969.html"">New York Nets</a></td><td class=""right"" data-stat=""home_pts"">106</td><td class=""center"" data-stat=""box_score_text""><a href=""/boxscores/196903140NYA.html"">Box Score</a></td><td class=""center iz"" data-stat=""overtimes""></td><td class=""right"" data-stat=""attendance"">974</td><td class=""left iz"" data-stat=""game_remarks""></td></tr>"
87,"<tr><th class=""left"" csk=""196903140OAK"" data-stat=""date_game"" scope=""row""><a href=""/boxscores/index.fcgi?month=3&amp;day=14&amp;year=1969"">Fri, Mar 14, 1969</a></th><td class=""left"" csk=""MNP.196903140OAK"" data-stat=""visitor_team_name""><a href=""/teams/MNP/1969.html"">Minnesota Pipers</a></td><td class=""right"" data-stat=""visitor_pts"">122</td><td class=""left"" csk=""OAK.196903140OAK"" data-stat=""home_team_name""><a href=""/teams/OAK/1969.html"">Oakland Oaks</a></td><td class=""right"" data-stat=""home_pts"">138</td><td class=""center"" data-stat=""box_score_text""><a href=""/boxscores/196903140OAK.html"">Box Score</a></td><td class=""center iz"" data-stat=""overtimes""></td><td class=""right"" data-stat=""attendance"">1,009</td><td class=""left"" data-stat=""game_remarks"">at San Jose, CA</td></tr>"
89,"<tr><th class=""left"" csk=""196903150OAK"" data-stat=""date_game"" scope=""row""><a href=""/boxscores/index.fcgi?month=3&amp;day=15&amp;year=1969"">Sat, Mar 15, 1969</a></th><td class=""left"" csk=""MNP.196903150OAK"" data-stat=""visitor_team_name""><a href=""/teams/MNP/1969.html"">Minnesota Pipers</a></td><td class=""right"" data-stat=""visitor_pts"">120</td><td class=""left"" csk=""OAK.196903150OAK"" data-stat=""home_team_name""><a href=""/teams/OAK/1969.html"">Oakland Oaks</a></td><td class=""right"" data-stat=""home_pts"">131</td><td class=""center"" data-stat=""box_score_text""><a href=""/boxscores/196903150OAK.html"">Box Score</a></td><td class=""center iz"" data-stat=""overtimes""></td><td class=""right"" data-stat=""attendance"">3,694</td><td class=""left iz"" data-stat=""game_remarks""></td></tr>"
91,"<tr><th class=""left"" csk=""196903150NOB"" data-stat=""date_game"" scope=""row""><a href=""/boxscores/index.fcgi?month=3&amp;day=15&amp;year=1969"">Sat, Mar 15, 1969</a></th><td class=""left"" csk=""KEN.196903150NOB"" data-stat=""visitor_team_name""><a href=""/teams/KEN/1969.html"">Kentucky Colonels</a></td><td class=""right"" data-stat=""visitor_pts"">112</td><td class=""left"" csk=""NOB.196903150NOB"" data-stat=""home_team_name""><a href=""/teams/NOB/1969.html"">New Orleans Buccaneers</a></td><td class=""right"" data-stat=""home_pts"">144</td><td class=""center"" data-stat=""box_score_text""><a href=""/boxscores/196903150NOB.html"">Box Score</a></td><td class=""center iz"" data-stat=""overtimes""></td><td class=""right"" data-stat=""attendance"">2,143</td><td class=""left iz"" data-stat=""game_remarks""></td></tr>"
93,"<tr><th class=""left"" csk=""196903150HSM"" data-stat=""date_game"" scope=""row""><a href=""/boxscores/index.fcgi?month=3&amp;day=15&amp;year=1969"">Sat, Mar 15, 1969</a></th><td class=""left"" csk=""LAS.196903150HSM"" data-stat=""visitor_team_name""><a href=""/teams/LAS/1969.html"">Los Angeles Stars</a></td><td class=""right"" data-stat=""visitor_pts"">121</td><td class=""left"" csk=""HSM.196903150HSM"" data-stat=""home_team_name""><a href=""/teams/HSM/1969.html"">Houston Mavericks</a></td><td class=""right"" data-stat=""home_pts"">119</td><td class=""center"" data-stat=""box_score_text""><a href=""/boxscores/196903150HSM.html"">Box Score</a></td><td class=""center iz"" data-stat=""overtimes""></td><td class=""right"" data-stat=""attendance"">1,132</td><td class=""left iz"" data-stat=""game_remarks""></td></tr>"
95,"<tr><th class=""left"" csk=""196903160DNR"" data-stat=""date_game"" scope=""row""><a href=""/boxscores/index.fcgi?month=3&amp;day=16&amp;year=1969"">Sun, Mar 16, 1969</a></th><td class=""left"" csk=""OAK.196903160DNR"" data-stat=""visitor_team_name""><a href=""/teams/OAK/1969.html"">Oakland Oaks</a></td><td class=""right"" data-stat=""visitor_pts"">119</td><td class=""left"" csk=""DNR.196903160DNR"" data-stat=""home_team_name""><a href=""/teams/DNR/1969.html"">Denver Rockets</a></td><td class=""right"" data-stat=""home_pts"">131</td><td class=""center"" data-stat=""box_score_text""><a href=""/boxscores/196903160DNR.html"">Box Score</a></td><td class=""center iz"" data-stat=""overtimes""></td><td class=""right"" data-stat=""attendance"">7,068</td><td class=""left iz"" data-stat=""game_remarks""></td></tr>"
97,"<tr><th class=""left"" csk=""196903160INA"" data-stat=""date_game"" scope=""row""><a href=""/boxscores/index.fcgi?month=3&amp;day=16&amp;year=1969"">Sun, Mar 16, 1969</a></th><td class=""left"" csk=""MNP.196903160INA"" data-stat=""visitor_team_name""><a href=""/teams/MNP/1969.html"">Minnesota Pipers</a></td><td class=""right"" data-stat=""visitor_pts"">113</td><td class=""left"" csk=""INA.196903160INA"" data-stat=""home_team_name""><a href=""/teams/INA/1969.html"">Indiana Pacers</a></td><td class=""right"" data-stat=""home_pts"">144</td><td class=""center"" data-stat=""box_score_text""><a href=""/boxscores/196903160INA.html"">Box Score</a></td><td class=""center iz"" data-stat=""overtimes""></td><td class=""right"" data-stat=""attendance"">8,827</td><td class=""left iz"" data-stat=""game_remarks""></td></tr>"
99,"<tr><th class=""left"" csk=""196903160KEN"" data-stat=""date_game"" scope=""row""><a href=""/boxscores/index.fcgi?month=3&amp;day=16&amp;year=1969"">Sun, Mar 16, 1969</a></th><td class=""left"" csk=""DLC.196903160KEN"" data-stat=""visitor_team_name""><a href=""/teams/DLC/1969.html"">Dallas Chaparrals</a></td><td class=""right"" data-stat=""visitor_pts"">104</td><td class=""left"" csk=""KEN.196903160KEN"" data-stat=""home_team_name""><a href=""/teams/KEN/1969.html"">Kentucky Colonels</a></td><td class=""right"" data-stat=""home_pts"">100</td><td class=""center"" data-stat=""box_score_text""><a href=""/boxscores/196903160KEN.html"">Box Score</a></td><td class=""center iz"" data-stat=""overtimes""></td><td class=""right"" data-stat=""attendance"">4,237</td><td class=""left iz"" data-stat=""game_remarks""></td></tr>"
101,"<tr><th class=""left"" csk=""196903160NYA"" data-stat=""date_game"" scope=""row""><a href=""/boxscores/index.fcgi?month=3&amp;day=16&amp;year=1969"">Sun, Mar 16, 1969</a></th><td class=""left"" csk=""MMF.196903160NYA"" data-stat=""visitor_team_name""><a href=""/teams/MMF/1969.html"">Miami Floridians</a></td><td class=""right"" data-stat=""visitor_pts"">116</td><td class=""left"" csk=""NYA.196903160NYA"" data-stat=""home_team_name""><a href=""/teams/NYA/1969.html"">New York Nets</a></td><td class=""right"" data-stat=""home_pts"">103</td><td class=""center"" data-stat=""box_score_text""><a href=""/boxscores/196903160NYA.html"">Box Score</a></td><td class=""center iz"" data-stat=""overtimes""></td><td class=""right"" data-stat=""attendance"">1,323</td><td class=""left iz"" data-stat=""game_remarks""></td></tr>"
103,"<tr><th class=""left"" csk=""196903170LAS"" data-stat=""date_game"" scope=""row""><a href=""/boxscores/index.fcgi?month=3&amp;day=17&amp;year=1969"">Mon, Mar 17, 1969</a></th><td class=""left"" csk=""NOB.196903170LAS"" data-stat=""visitor_team_name""><a href=""/teams/NOB/1969.html"">New Orleans Buccaneers</a></td><td class=""right"" data-stat=""visitor_pts"">118</td><td class=""left"" csk=""LAS.196903170LAS"" data-stat=""home_team_name""><a href=""/teams/LAS/1969.html"">Los Angeles Stars</a></td><td class=""right"" data-stat=""home_pts"">99</td><td class=""center"" data-stat=""box_score_text""><a href=""/boxscores/196903170LAS.html"">Box Score</a></td><td class=""center iz"" data-stat=""overtimes""></td><td class=""right"" data-stat=""attendance"">1,340</td><td class=""left"" data-stat=""game_remarks"">at Jackson, MS</td></tr>"
105,"<tr><th class=""left"" csk=""196903180DLC"" data-stat=""date_game"" scope=""row""><a href=""/boxscores/index.fcgi?month=3&amp;day=18&amp;year=1969"">Tue, Mar 18, 1969</a></th><td class=""left"" csk=""OAK.196903180DLC"" data-stat=""visitor_team_name""><a href=""/teams/OAK/1969.html"">Oakland Oaks</a></td><td class=""right"" data-stat=""visitor_pts"">112</td><td class=""left"" csk=""DLC.196903180DLC"" data-stat=""home_team_name""><a href=""/teams/DLC/1969.html"">Dallas Chaparrals</a></td><td class=""right"" data-stat=""home_pts"">117</td><td class=""center"" data-stat=""box_score_text""><a href=""/boxscores/196903180DLC.html"">Box Score</a></td><td class=""center iz"" data-stat=""overtimes""></td><td class=""right"" data-stat=""attendance"">2,651</td><td class=""left iz"" data-stat=""game_remarks""></td></tr>"
107,"<tr><th class=""left"" csk=""196903180INA"" data-stat=""date_game"" scope=""row""><a href=""/boxscores/index.fcgi?month=3&amp;day=18&amp;year=1969"">Tue, Mar 18, 1969</a></th><td class=""left"" csk=""NYA.196903180INA"" data-stat=""visitor_team_name""><a href=""/teams/NYA/1969.html"">New York Nets</a></td><td class=""right"" data-stat=""visitor_pts"">114</td><td class=""left"" csk=""INA.196903180INA"" data-stat=""home_team_name""><a href=""/teams/INA/1969.html"">Indiana Pacers</a></td><td class=""right"" data-stat=""home_pts"">143</td><td class=""center"" data-stat=""box_score_text""><a href=""/boxscores/196903180INA.html"">Box Score</a></td><td class=""center iz"" data-stat=""overtimes""></td><td class=""right"" data-stat=""attendance"">4,796</td><td class=""left iz"" data-stat=""game_remarks""></td></tr>"
109,"<tr><th class=""left"" csk=""196903180MMF"" data-stat=""date_game"" scope=""row""><a href=""/boxscores/index.fcgi?month=3&amp;day=18&amp;year=1969"">Tue, Mar 18, 1969</a></th><td class=""left"" csk=""DNR.196903180MMF"" data-stat=""visitor_team_name""><a href=""/teams/DNR/1969.html"">Denver Rockets</a></td><td class=""right"" data-stat=""visitor_pts"">123</td><td class=""left"" csk=""MMF.196903180MMF"" data-stat=""home_team_name""><a href=""/teams/MMF/1969.html"">Miami Floridians</a></td><td class=""right"" data-stat=""home_pts"">119</td><td class=""center"" data-stat=""box_score_text""><a href=""/boxscores/196903180MMF.html"">Box Score</a></td><td class=""center iz"" data-stat=""overtimes""></td><td class=""right"" data-stat=""attendance"">3,027</td><td class=""left"" data-stat=""game_remarks"">at West Palm Beach, FL</td></tr>"
111,"<tr><th class=""left"" csk=""196903190MNP"" data-stat=""date_game"" scope=""row""><a href=""/boxscores/index.fcgi?month=3&amp;day=19&amp;year=1969"">Wed, Mar 19, 1969</a></th><td class=""left"" csk=""NOB.196903190MNP"" data-stat=""visitor_team_name""><a href=""/teams/NOB/1969.html"">New Orleans Buccaneers</a></td><td class=""right"" data-stat=""visitor_pts"">134</td><td class=""left"" csk=""MNP.196903190MNP"" data-stat=""home_team_name""><a href=""/teams/MNP/1969.html"">Minnesota Pipers</a></td><td class=""right"" data-stat=""home_pts"">106</td><td class=""center"" data-stat=""box_score_text""><a href=""/boxscores/196903190MNP.html"">Box Score</a></td><td class=""center iz"" data-stat=""overtimes""></td><td class=""right"" data-stat=""attendance"">1,247</td><td class=""left iz"" data-stat=""game_remarks""></td></tr>"
113,"<tr><th class=""left"" csk=""196903190LAS"" data-stat=""date_game"" scope=""row""><a href=""/boxscores/index.fcgi?month=3&amp;day=19&amp;year=1969"">Wed, Mar 19, 1969</a></th><td class=""left"" csk=""OAK.196903190LAS"" data-stat=""visitor_team_name""><a href=""/teams/OAK/1969.html"">Oakland Oaks</a></td><td class=""right"" data-stat=""visitor_pts"">136</td><td class=""left"" csk=""LAS.196903190LAS"" data-stat=""home_team_name""><a href=""/teams/LAS/1969.html"">Los Angeles Stars</a></td><td class=""right"" data-stat=""home_pts"">143</td><td class=""center"" data-stat=""box_score_text""><a href=""/boxscores/196903190LAS.html"">Box Score</a></td><td class=""center iz"" data-stat=""overtimes""></td><td class=""right"" data-stat=""attendance"">2,110</td><td class=""left iz"" data-stat=""game_remarks""></td></tr>"
115,"<tr><th class=""left"" csk=""196903190KEN"" data-stat=""date_game"" scope=""row""><a href=""/boxscores/index.fcgi?month=3&amp;day=19&amp;year=1969"">Wed, Mar 19, 1969</a></th><td class=""left"" csk=""DNR.196903190KEN"" data-stat=""visitor_team_name""><a href=""/teams/DNR/1969.html"">Denver Rockets</a></td><td class=""right"" data-stat=""visitor_pts"">106</td><td class=""left"" csk=""KEN.196903190KEN"" data-stat=""home_team_name""><a href=""/teams/KEN/1969.html"">Kentucky Colonels</a></td><td class=""right"" data-stat=""home_pts"">131</td><td class=""center"" data-stat=""box_score_text""><a href=""/boxscores/196903190KEN.html"">Box Score</a></td><td class=""center iz"" data-stat=""overtimes""></td><td class=""right"" data-stat=""attendance"">2,148</td><td class=""left iz"" data-stat=""game_remarks""></td></tr>"
117,"<tr><th class=""left"" csk=""196903190HSM"" data-stat=""date_game"" scope=""row""><a href=""/boxscores/index.fcgi?month=3&amp;day=19&amp;year=1969"">Wed, Mar 19, 1969</a></th><td class=""left"" csk=""DLC.196903190HSM"" data-stat=""visitor_team_name""><a href=""/teams/DLC/1969.html"">Dallas Chaparrals</a></td><td class=""right"" data-stat=""visitor_pts"">121</td><td class=""left"" csk=""HSM.196903190HSM"" data-stat=""home_team_name""><a href=""/teams/HSM/1969.html"">Houston Mavericks</a></td><td class=""right"" data-stat=""home_pts"">130</td><td class=""center"" data-stat=""box_score_text""><a href=""/boxscores/196903190HSM.html"">Box Score</a></td><td class=""center iz"" data-stat=""overtimes""></td><td class=""right"" data-stat=""attendance"">289</td><td class=""left iz"" data-stat=""game_remarks""></td></tr>"
119,"<tr><th class=""left"" csk=""196903200DLC"" data-stat=""date_game"" scope=""row""><a href=""/boxscores/index.fcgi?month=3&amp;day=20&amp;year=1969"">Thu, Mar 20, 1969</a></th><td class=""left"" csk=""MMF.196903200DLC"" data-stat=""visitor_team_name""><a href=""/teams/MMF/1969.html"">Miami Floridians</a></td><td class=""right"" data-stat=""visitor_pts"">116</td><td class=""left"" csk=""DLC.196903200DLC"" data-stat=""home_team_name""><a href=""/teams/DLC/1969.html"">Dallas Chaparrals</a></td><td class=""right"" data-stat=""home_pts"">108</td><td class=""center"" data-stat=""box_score_text""><a href=""/boxscores/196903200DLC.html"">Box Score</a></td><td class=""center iz"" data-stat=""overtimes""></td><td class=""right"" data-stat=""attendance"">1,812</td><td class=""left iz"" data-stat=""game_remarks""></td></tr>"
121,"<tr><th class=""left"" csk=""196903210OAK"" data-stat=""date_game"" scope=""row""><a href=""/boxscores/index.fcgi?month=3&amp;day=21&amp;year=1969"">Fri, Mar 21, 1969</a></th><td class=""left"" csk=""MMF.196903210OAK"" data-stat=""visitor_team_name""><a href=""/teams/MMF/1969.html"">Miami Floridians</a></td><td class=""right"" data-stat=""visitor_pts"">124</td><td class=""left"" csk=""OAK.196903210OAK"" data-stat=""home_team_name""><a href=""/teams/OAK/1969.html"">Oakland Oaks</a></td><td class=""right"" data-stat=""home_pts"">122</td><td class=""center"" data-stat=""box_score_text""><a href=""/boxscores/196903210OAK.html"">Box Score</a></td><td class=""center iz"" data-stat=""overtimes""></td><td class=""right"" data-stat=""attendance"">1,992</td><td class=""left iz"" data-stat=""game_remarks""></td></tr>"
123,"<tr><th class=""left"" csk=""196903210NYA"" data-stat=""date_game"" scope=""row""><a href=""/boxscores/index.fcgi?month=3&amp;day=21&amp;year=1969"">Fri, Mar 21, 1969</a></th><td class=""left"" csk=""NOB.196903210NYA"" data-stat=""visitor_team_name""><a href=""/teams/NOB/1969.html"">New Orleans Buccaneers</a></td><td class=""right"" data-stat=""visitor_pts"">138</td><td class=""left"" csk=""NYA.196903210NYA"" data-stat=""home_team_name""><a href=""/teams/NYA/1969.html"">New York Nets</a></td><td class=""right"" data-stat=""home_pts"">110</td><td class=""center"" data-stat=""box_score_text""><a href=""/boxscores/196903210NYA.html"">Box Score</a></td><td class=""center iz"" data-stat=""overtimes""></td><td class=""right"" data-stat=""attendance"">1,683</td><td class=""left iz"" data-stat=""game_remarks""></td></tr>"
125,"<tr><th class=""left"" csk=""196903210KEN"" data-stat=""date_game"" scope=""row""><a href=""/boxscores/index.fcgi?month=3&amp;day=21&amp;year=1969"">Fri, Mar 21, 1969</a></th><td class=""left"" csk=""MNP.196903210KEN"" data-stat=""visitor_team_name""><a href=""/teams/MNP/1969.html"">Minnesota Pipers</a></td><td class=""right"" data-stat=""visitor_pts"">104</td><td class=""left"" csk=""KEN.196903210KEN"" data-stat=""home_team_name""><a href=""/teams/KEN/1969.html"">Kentucky Colonels</a></td><td class=""right"" data-stat=""home_pts"">127</td><td class=""center"" data-stat=""box_score_text""><a href=""/boxscores/196903210KEN.html"">Box Score</a></td><td class=""center iz"" data-stat=""overtimes""></td><td class=""right"" data-stat=""attendance"">5,125</td><td class=""left iz"" data-stat=""game_remarks""></td></tr>"
127,"<tr><th class=""left"" csk=""196903210DNR"" data-stat=""date_game"" scope=""row""><a href=""/boxscores/index.fcgi?month=3&amp;day=21&amp;year=1969"">Fri, Mar 21, 1969</a></th><td class=""left"" csk=""HSM.196903210DNR"" data-stat=""visitor_team_name""><a href=""/teams/HSM/1969.html"">Houston Mavericks</a></td><td class=""right"" data-stat=""visitor_pts"">123</td><td class=""left"" csk=""DNR.196903210DNR"" data-stat=""home_team_name""><a href=""/teams/DNR/1969.html"">Denver Rockets</a></td><td class=""right"" data-stat=""home_pts"">133</td><td class=""center"" data-stat=""box_score_text""><a href=""/boxscores/196903210DNR.html"">Box Score</a></td><td class=""center iz"" data-stat=""overtimes""></td><td class=""right"" data-stat=""attendance"">6,201</td><td class=""left iz"" data-stat=""game_remarks""></td></tr>"
129,"<tr><th class=""left"" csk=""196903220DLC"" data-stat=""date_game"" scope=""row""><a href=""/boxscores/index.fcgi?month=3&amp;day=22&amp;year=1969"">Sat, Mar 22, 1969</a></th><td class=""left"" csk=""DNR.196903220DLC"" data-stat=""visitor_team_name""><a href=""/teams/DNR/1969.html"">Denver Rockets</a></td><td class=""right"" data-stat=""visitor_pts"">99</td><td class=""left"" csk=""DLC.196903220DLC"" data-stat=""home_team_name""><a href=""/teams/DLC/1969.html"">Dallas Chaparrals</a></td><td class=""right"" data-stat=""home_pts"">127</td><td class=""center"" data-stat=""box_score_text""><a href=""/boxscores/196903220DLC.html"">Box Score</a></td><td class=""center iz"" data-stat=""overtimes""></td><td class=""right"" data-stat=""attendance"">3,454</td><td class=""left iz"" data-stat=""game_remarks""></td></tr>"
131,"<tr><th class=""left"" csk=""196903220KEN"" data-stat=""date_game"" scope=""row""><a href=""/boxscores/index.fcgi?month=3&amp;day=22&amp;year=1969"">Sat, Mar 22, 1969</a></th><td class=""left"" csk=""NYA.196903220KEN"" data-stat=""visitor_team_name""><a href=""/teams/NYA/1969.html"">New York Nets</a></td><td class=""right"" data-stat=""visitor_pts"">107</td><td class=""left"" csk=""KEN.196903220KEN"" data-stat=""home_team_name""><a href=""/teams/KEN/1969.html"">Kentucky Colonels</a></td><td class=""right"" data-stat=""home_pts"">123</td><td class=""center"" data-stat=""box_score_text""><a href=""/boxscores/196903220KEN.html"">Box Score</a></td><td class=""center iz"" data-stat=""overtimes""></td><td class=""right"" data-stat=""attendance"">1,757</td><td class=""left iz"" data-stat=""game_remarks""></td></tr>"
133,"<tr><th class=""left"" csk=""196903220LAS"" data-stat=""date_game"" scope=""row""><a href=""/boxscores/index.fcgi?month=3&amp;day=22&amp;year=1969"">Sat, Mar 22, 1969</a></th><td class=""left"" csk=""MMF.196903220LAS"" data-stat=""visitor_team_name""><a href=""/teams/MMF/1969.html"">Miami Floridians</a></td><td class=""right"" data-stat=""visitor_pts"">123</td><td class=""left"" csk=""LAS.196903220LAS"" data-stat=""home_team_name""><a href=""/teams/LAS/1969.html"">Los Angeles Stars</a></td><td class=""right"" data-stat=""home_pts"">136</td><td class=""center"" data-stat=""box_score_text""><a href=""/boxscores/196903220LAS.html"">Box Score</a></td><td class=""center iz"" data-stat=""overtimes""></td><td class=""right"" data-stat=""attendance"">7,830</td><td class=""left iz"" data-stat=""game_remarks""></td></tr>"
135,"<tr><th class=""left"" csk=""196903220NOB"" data-stat=""date_game"" scope=""row""><a href=""/boxscores/index.fcgi?month=3&amp;day=22&amp;year=1969"">Sat, Mar 22, 1969</a></th><td class=""left"" csk=""MNP.196903220NOB"" data-stat=""visitor_team_name""><a href=""/teams/MNP/1969.html"">Minnesota Pipers</a></td><td class=""right"" data-stat=""visitor_pts"">114</td><td class=""left"" csk=""NOB.196903220NOB"" data-stat=""home_team_name""><a href=""/teams/NOB/1969.html"">New Orleans Buccaneers</a></td><td class=""right"" data-stat=""home_pts"">115</td><td class=""center"" data-stat=""box_score_text""><a href=""/boxscores/196903220NOB.html"">Box Score</a></td><td class=""center iz"" data-stat=""overtimes""></td><td class=""right"" data-stat=""attendance"">3,395</td><td class=""left iz"" data-stat=""game_remarks""></td></tr>"
137,"<tr><th class=""left"" csk=""196903220OAK"" data-stat=""date_game"" scope=""row""><a href=""/boxscores/index.fcgi?month=3&amp;day=22&amp;year=1969"">Sat, Mar 22, 1969</a></th><td class=""left"" csk=""HSM.196903220OAK"" data-stat=""visitor_team_name""><a href=""/teams/HSM/1969.html"">Houston Mavericks</a></td><td class=""right"" data-stat=""visitor_pts"">115</td><td class=""left"" csk=""OAK.196903220OAK"" data-stat=""home_team_name""><a href=""/teams/OAK/1969.html"">Oakland Oaks</a></td><td class=""right"" data-stat=""home_pts"">147</td><td class=""center"" data-stat=""box_score_text""><a href=""/boxscores/196903220OAK.html"">Box Score</a></td><td class=""center iz"" data-stat=""overtimes""></td><td class=""right"" data-stat=""attendance"">1,803</td><td class=""left iz"" data-stat=""game_remarks""></td></tr>"
139,"<tr><th class=""left"" csk=""196903230NYA"" data-stat=""date_game"" scope=""row""><a href=""/boxscores/index.fcgi?month=3&amp;day=23&amp;year=1969"">Sun, Mar 23, 1969</a></th><td class=""left"" csk=""MMF.196903230NYA"" data-stat=""visitor_team_name""><a href=""/teams/MMF/1969.html"">Miami Floridians</a></td><td class=""right"" data-stat=""visitor_pts"">123</td><td class=""left"" csk=""NYA.196903230NYA"" data-stat=""home_team_name""><a href=""/teams/NYA/1969.html"">New York Nets</a></td><td class=""right"" data-stat=""home_pts"">109</td><td class=""center"" data-stat=""box_score_text""><a href=""/boxscores/196903230NYA.html"">Box Score</a></td><td class=""center iz"" data-stat=""overtimes""></td><td class=""right"" data-stat=""attendance"">525</td><td class=""left iz"" data-stat=""game_remarks""></td></tr>"
141,"<tr><th class=""left"" csk=""196903230INA"" data-stat=""date_game"" scope=""row""><a href=""/boxscores/index.fcgi?month=3&amp;day=23&amp;year=1969"">Sun, Mar 23, 1969</a></th><td class=""left"" csk=""MNP.196903230INA"" data-stat=""visitor_team_name""><a href=""/teams/MNP/1969.html"">Minnesota Pipers</a></td><td class=""right"" data-stat=""visitor_pts"">113</td><td class=""left"" csk=""INA.196903230INA"" data-stat=""home_team_name""><a href=""/teams/INA/1969.html"">Indiana Pacers</a></td><td class=""right"" data-stat=""home_pts"">132</td><td class=""center"" data-stat=""box_score_text""><a href=""/boxscores/196903230INA.html"">Box Score</a></td><td class=""center iz"" data-stat=""overtimes""></td><td class=""right"" data-stat=""attendance"">8,963</td><td class=""left iz"" data-stat=""game_remarks""></td></tr>"
143,"<tr><th class=""left"" csk=""196903240HSM"" data-stat=""date_game"" scope=""row""><a href=""/boxscores/index.fcgi?month=3&amp;day=24&amp;year=1969"">Mon, Mar 24, 1969</a></th><td class=""left"" csk=""DNR.196903240HSM"" data-stat=""visitor_team_name""><a href=""/teams/DNR/1969.html"">Denver Rockets</a></td><td class=""right"" data-stat=""visitor_pts"">115</td><td class=""left"" csk=""HSM.196903240HSM"" data-stat=""home_team_name""><a href=""/teams/HSM/1969.html"">Houston Mavericks</a></td><td class=""right"" data-stat=""home_pts"">124</td><td class=""center"" data-stat=""box_score_text""><a href=""/boxscores/196903240HSM.html"">Box Score</a></td><td class=""center iz"" data-stat=""overtimes""></td><td class=""right"" data-stat=""attendance"">151</td><td class=""left iz"" data-stat=""game_remarks""></td></tr>"
145,"<tr><th class=""left"" csk=""196903250NOB"" data-stat=""date_game"" scope=""row""><a href=""/boxscores/index.fcgi?month=3&amp;day=25&amp;year=1969"">Tue, Mar 25, 1969</a></th><td class=""left"" csk=""DNR.196903250NOB"" data-stat=""visitor_team_name""><a href=""/teams/DNR/1969.html"">Denver Rockets</a></td><td class=""right"" data-stat=""visitor_pts"">100</td><td class=""left"" csk=""NOB.196903250NOB"" data-stat=""home_team_name""><a href=""/teams/NOB/1969.html"">New Orleans Buccaneers</a></td><td class=""right"" data-stat=""home_pts"">112</td><td class=""center"" data-stat=""box_score_text""><a href=""/boxscores/196903250NOB.html"">Box Score</a></td><td class=""center iz"" data-stat=""overtimes""></td><td class=""right"" data-stat=""attendance"">3,234</td><td class=""left iz"" data-stat=""game_remarks""></td></tr>"
147,"<tr><th class=""left"" csk=""196903250MNP"" data-stat=""date_game"" scope=""row""><a href=""/boxscores/index.fcgi?month=3&amp;day=25&amp;year=1969"">Tue, Mar 25, 1969</a></th><td class=""left"" csk=""NYA.196903250MNP"" data-stat=""visitor_team_name""><a href=""/teams/NYA/1969.html"">New York Nets</a></td><td class=""right"" data-stat=""visitor_pts"">104</td><td class=""left"" csk=""MNP.196903250MNP"" data-stat=""home_team_name""><a href=""/teams/MNP/1969.html"">Minnesota Pipers</a></td><td class=""right"" data-stat=""home_pts"">114</td><td class=""center"" data-stat=""box_score_text""><a href=""/boxscores/196903250MNP.html"">Box Score</a></td><td class=""center iz"" data-stat=""overtimes""></td><td class=""right"" data-stat=""attendance"">1,130</td><td class=""left"" data-stat=""game_remarks"">at Saint Paul, MN</td></tr>"
149,"<tr><th class=""left"" csk=""196903250LAS"" data-stat=""date_game"" scope=""row""><a href=""/boxscores/index.fcgi?month=3&amp;day=25&amp;year=1969"">Tue, Mar 25, 1969</a></th><td class=""left"" csk=""INA.196903250LAS"" data-stat=""visitor_team_name""><a href=""/teams/INA/1969.html"">Indiana Pacers</a></td><td class=""right"" data-stat=""visitor_pts"">140</td><td class=""left"" csk=""LAS.196903250LAS"" data-stat=""home_team_name""><a href=""/teams/LAS/1969.html"">Los Angeles Stars</a></td><td class=""right"" data-stat=""home_pts"">124</td><td class=""center"" data-stat=""box_score_text""><a href=""/boxscores/196903250LAS.html"">Box Score</a></td><td class=""center iz"" data-stat=""overtimes""></td><td class=""right"" data-stat=""attendance"">1,594</td><td class=""left iz"" data-stat=""game_remarks""></td></tr>"
151,"<tr><th class=""left"" csk=""196903250KEN"" data-stat=""date_game"" scope=""row""><a href=""/boxscores/index.fcgi?month=3&amp;day=25&amp;year=1969"">Tue, Mar 25, 1969</a></th><td class=""left"" csk=""MMF.196903250KEN"" data-stat=""visitor_team_name""><a href=""/teams/MMF/1969.html"">Miami Floridians</a></td><td class=""right"" data-stat=""visitor_pts"">125</td><td class=""left"" csk=""KEN.196903250KEN"" data-stat=""home_team_name""><a href=""/teams/KEN/1969.html"">Kentucky Colonels</a></td><td class=""right"" data-stat=""home_pts"">106</td><td class=""center"" data-stat=""box_score_text""><a href=""/boxscores/196903250KEN.html"">Box Score</a></td><td class=""center iz"" data-stat=""overtimes""></td><td class=""right"" data-stat=""attendance"">3,608</td><td class=""left iz"" data-stat=""game_remarks""></td></tr>"
153,"<tr><th class=""left"" csk=""196903250DLC"" data-stat=""date_game"" scope=""row""><a href=""/boxscores/index.fcgi?month=3&amp;day=25&amp;year=1969"">Tue, Mar 25, 1969</a></th><td class=""left"" csk=""OAK.196903250DLC"" data-stat=""visitor_team_name""><a href=""/teams/OAK/1969.html"">Oakland Oaks</a></td><td class=""right"" data-stat=""visitor_pts"">120</td><td class=""left"" csk=""DLC.196903250DLC"" data-stat=""home_team_name""><a href=""/teams/DLC/1969.html"">Dallas Chaparrals</a></td><td class=""right"" data-stat=""home_pts"">127</td><td class=""center"" data-stat=""box_score_text""><a href=""/boxscores/196903250DLC.html"">Box Score</a></td><td class=""center iz"" data-stat=""overtimes""></td><td class=""right"" data-stat=""attendance"">2,785</td><td class=""left iz"" data-stat=""game_remarks""></td></tr>"
155,"<tr><th class=""left"" csk=""196903260HSM"" data-stat=""date_game"" scope=""row""><a href=""/boxscores/index.fcgi?month=3&amp;day=26&amp;year=1969"">Wed, Mar 26, 1969</a></th><td class=""left"" csk=""OAK.196903260HSM"" data-stat=""visitor_team_name""><a href=""/teams/OAK/1969.html"">Oakland Oaks</a></td><td class=""right"" data-stat=""visitor_pts"">131</td><td class=""left"" csk=""HSM.196903260HSM"" data-stat=""home_team_name""><a href=""/teams/HSM/1969.html"">Houston Mavericks</a></td><td class=""right"" data-stat=""home_pts"">124</td><td class=""center"" data-stat=""box_score_text""><a href=""/boxscores/196903260HSM.html"">Box Score</a></td><td class=""center iz"" data-stat=""overtimes""></td><td class=""right"" data-stat=""attendance"">200</td><td class=""left iz"" data-stat=""game_remarks""></td></tr>"
157,"<tr><th class=""left"" csk=""196903260LAS"" data-stat=""date_game"" scope=""row""><a href=""/boxscores/index.fcgi?month=3&amp;day=26&amp;year=1969"">Wed, Mar 26, 1969</a></th><td class=""left"" csk=""INA.196903260LAS"" data-stat=""visitor_team_name""><a href=""/teams/INA/1969.html"">Indiana Pacers</a></td><td class=""right"" data-stat=""visitor_pts"">134</td><td class=""left"" csk=""LAS.196903260LAS"" data-stat=""home_team_name""><a href=""/teams/LAS/1969.html"">Los Angeles Stars</a></td><td class=""right"" data-stat=""home_pts"">123</td><td class=""center"" data-stat=""box_score_text""><a href=""/boxscores/196903260LAS.html"">Box Score</a></td><td class=""center iz"" data-stat=""overtimes""></td><td class=""right"" data-stat=""attendance"">1,904</td><td class=""left iz"" data-stat=""game_remarks""></td></tr>"
159,"<tr><th class=""left"" csk=""196903270OAK"" data-stat=""date_game"" scope=""row""><a href=""/boxscores/index.fcgi?month=3&amp;day=27&amp;year=1969"">Thu, Mar 27, 1969</a></th><td class=""left"" csk=""INA.196903270OAK"" data-stat=""visitor_team_name""><a href=""/teams/INA/1969.html"">Indiana Pacers</a></td><td class=""right"" data-stat=""visitor_pts"">110</td><td class=""left"" csk=""OAK.196903270OAK"" data-stat=""home_team_name""><a href=""/teams/OAK/1969.html"">Oakland Oaks</a></td><td class=""right"" data-stat=""home_pts"">122</td><td class=""center"" data-stat=""box_score_text""><a href=""/boxscores/196903270OAK.html"">Box Score</a></td><td class=""center iz"" data-stat=""overtimes""></td><td class=""right"" data-stat=""attendance"">1,049</td><td class=""left iz"" data-stat=""game_remarks""></td></tr>"
161,"<tr><th class=""left"" csk=""196903270NYA"" data-stat=""date_game"" scope=""row""><a href=""/boxscores/index.fcgi?month=3&amp;day=27&amp;year=1969"">Thu, Mar 27, 1969</a></th><td class=""left"" csk=""MNP.196903270NYA"" data-stat=""visitor_team_name""><a href=""/teams/MNP/1969.html"">Minnesota Pipers</a></td><td class=""right"" data-stat=""visitor_pts"">117</td><td class=""left"" csk=""NYA.196903270NYA"" data-stat=""home_team_name""><a href=""/teams/NYA/1969.html"">New York Nets</a></td><td class=""right"" data-stat=""home_pts"">115</td><td class=""center"" data-stat=""box_score_text""><a href=""/boxscores/196903270NYA.html"">Box Score</a></td><td class=""center iz"" data-stat=""overtimes""></td><td class=""right"" data-stat=""attendance"">621</td><td class=""left iz"" data-stat=""game_remarks""></td></tr>"
163,"<tr><th class=""left"" csk=""196903270NOB"" data-stat=""date_game"" scope=""row""><a href=""/boxscores/index.fcgi?month=3&amp;day=27&amp;year=1969"">Thu, Mar 27, 1969</a></th><td class=""left"" csk=""KEN.196903270NOB"" data-stat=""visitor_team_name""><a href=""/teams/KEN/1969.html"">Kentucky Colonels</a></td><td class=""right"" data-stat=""visitor_pts"">106</td><td class=""left"" csk=""NOB.196903270NOB"" data-stat=""home_team_name""><a href=""/teams/NOB/1969.html"">New Orleans Buccaneers</a></td><td class=""right"" data-stat=""home_pts"">137</td><td class=""center"" data-stat=""box_score_text""><a href=""/boxscores/196903270NOB.html"">Box Score</a></td><td class=""center iz"" data-stat=""overtimes""></td><td class=""right"" data-stat=""attendance"">2,310</td><td class=""left iz"" data-stat=""game_remarks""></td></tr>"
165,"<tr><th class=""left"" csk=""196903270HSM"" data-stat=""date_game"" scope=""row""><a href=""/boxscores/index.fcgi?month=3&amp;day=27&amp;year=1969"">Thu, Mar 27, 1969</a></th><td class=""left"" csk=""LAS.196903270HSM"" data-stat=""visitor_team_name""><a href=""/teams/LAS/1969.html"">Los Angeles Stars</a></td><td class=""right"" data-stat=""visitor_pts"">130</td><td class=""left"" csk=""HSM.196903270HSM"" data-stat=""home_team_name""><a href=""/teams/HSM/1969.html"">Houston Mavericks</a></td><td class=""right"" data-stat=""home_pts"">124</td><td class=""center"" data-stat=""box_score_text""><a href=""/boxscores/196903270HSM.html"">Box Score</a></td><td class=""center iz"" data-stat=""overtimes""></td><td class=""right"" data-stat=""attendance"">342</td><td class=""left iz"" data-stat=""game_remarks""></td></tr>"
167,"<tr><th class=""left"" csk=""196903280OAK"" data-stat=""date_game"" scope=""row""><a href=""/boxscores/index.fcgi?month=3&amp;day=28&amp;year=1969"">Fri, Mar 28, 1969</a></th><td class=""left"" csk=""HSM.196903280OAK"" data-stat=""visitor_team_name""><a href=""/teams/HSM/1969.html"">Houston Mavericks</a></td><td class=""right"" data-stat=""visitor_pts"">118</td><td class=""left"" csk=""OAK.196903280OAK"" data-stat=""home_team_name""><a href=""/teams/OAK/1969.html"">Oakland Oaks</a></td><td class=""right"" data-stat=""home_pts"">133</td><td class=""center"" data-stat=""box_score_text""><a href=""/boxscores/196903280OAK.html"">Box Score</a></td><td class=""center iz"" data-stat=""overtimes""></td><td class=""right"" data-stat=""attendance"">2,554</td><td class=""left iz"" data-stat=""game_remarks""></td></tr>"
169,"<tr><th class=""left"" csk=""196903280NOB"" data-stat=""date_game"" scope=""row""><a href=""/boxscores/index.fcgi?month=3&amp;day=28&amp;year=1969"">Fri, Mar 28, 1969</a></th><td class=""left"" csk=""MNP.196903280NOB"" data-stat=""visitor_team_name""><a href=""/teams/MNP/1969.html"">Minnesota Pipers</a></td><td class=""right"" data-stat=""visitor_pts"">104</td><td class=""left"" csk=""NOB.196903280NOB"" data-stat=""home_team_name""><a href=""/teams/NOB/1969.html"">New Orleans Buccaneers</a></td><td class=""right"" data-stat=""home_pts"">106</td><td class=""center"" data-stat=""box_score_text""><a href=""/boxscores/196903280NOB.html"">Box Score</a></td><td class=""center iz"" data-stat=""overtimes""></td><td class=""right"" data-stat=""attendance"">3,402</td><td class=""left iz"" data-stat=""game_remarks""></td></tr>"
171,"<tr><th class=""left"" csk=""196903280MMF"" data-stat=""date_game"" scope=""row""><a href=""/boxscores/index.fcgi?month=3&amp;day=28&amp;year=1969"">Fri, Mar 28, 1969</a></th><td class=""left"" csk=""KEN.196903280MMF"" data-stat=""visitor_team_name""><a href=""/teams/KEN/1969.html"">Kentucky Colonels</a></td><td class=""right"" data-stat=""visitor_pts"">113</td><td class=""left"" csk=""MMF.196903280MMF"" data-stat=""home_team_name""><a href=""/teams/MMF/1969.html"">Miami Floridians</a></td><td class=""right"" data-stat=""home_pts"">112</td><td class=""center"" data-stat=""box_score_text""><a href=""/boxscores/196903280MMF.html"">Box Score</a></td><td class=""center iz"" data-stat=""overtimes""></td><td class=""right"" data-stat=""attendance"">3,141</td><td class=""left iz"" data-stat=""game_remarks""></td></tr>"
173,"<tr><th class=""left"" csk=""196903280DLC"" data-stat=""date_game"" scope=""row""><a href=""/boxscores/index.fcgi?month=3&amp;day=28&amp;year=1969"">Fri, Mar 28, 1969</a></th><td class=""left"" csk=""DNR.196903280DLC"" data-stat=""visitor_team_name""><a href=""/teams/DNR/1969.html"">Denver Rockets</a></td><td class=""right"" data-stat=""visitor_pts"">123</td><td class=""left"" csk=""DLC.196903280DLC"" data-stat=""home_team_name""><a href=""/teams/DLC/1969.html"">Dallas Chaparrals</a></td><td class=""right"" data-stat=""home_pts"">134</td><td class=""center"" data-stat=""box_score_text""><a href=""/boxscores/196903280DLC.html"">Box Score</a></td><td class=""center iz"" data-stat=""overtimes""></td><td class=""right"" data-stat=""attendance"">2,842</td><td class=""left iz"" data-stat=""game_remarks""></td></tr>"
175,"<tr><th class=""left"" csk=""196903290DLC"" data-stat=""date_game"" scope=""row""><a href=""/boxscores/index.fcgi?month=3&amp;day=29&amp;year=1969"">Sat, Mar 29, 1969</a></th><td class=""left"" csk=""LAS.196903290DLC"" data-stat=""visitor_team_name""><a href=""/teams/LAS/1969.html"">Los Angeles Stars</a></td><td class=""right"" data-stat=""visitor_pts"">119</td><td class=""left"" csk=""DLC.196903290DLC"" data-stat=""home_team_name""><a href=""/teams/DLC/1969.html"">Dallas Chaparrals</a></td><td class=""right"" data-stat=""home_pts"">121</td><td class=""center"" data-stat=""box_score_text""><a href=""/boxscores/196903290DLC.html"">Box Score</a></td><td class=""center iz"" data-stat=""overtimes""></td><td class=""right"" data-stat=""attendance"">2,136</td><td class=""left iz"" data-stat=""game_remarks""></td></tr>"
177,"<tr><th class=""left"" csk=""196903290DNR"" data-stat=""date_game"" scope=""row""><a href=""/boxscores/index.fcgi?month=3&amp;day=29&amp;year=1969"">Sat, Mar 29, 1969</a></th><td class=""left"" csk=""HSM.196903290DNR"" data-stat=""visitor_team_name""><a href=""/teams/HSM/1969.html"">Houston Mavericks</a></td><td class=""right"" data-stat=""visitor_pts"">99</td><td class=""left"" csk=""DNR.196903290DNR"" data-stat=""home_team_name""><a href=""/teams/DNR/1969.html"">Denver Rockets</a></td><td class=""right"" data-stat=""home_pts"">121</td><td class=""center"" data-stat=""box_score_text""><a href=""/boxscores/196903290DNR.html"">Box Score</a></td><td class=""center iz"" data-stat=""overtimes""></td><td class=""right"" data-stat=""attendance"">5,773</td><td class=""left iz"" data-stat=""game_remarks""></td></tr>"
179,"<tr><th class=""left"" csk=""196903300MMF"" data-stat=""date_game"" scope=""row""><a href=""/boxscores/index.fcgi?month=3&amp;day=30&amp;year=1969"">Sun, Mar 30, 1969</a></th><td class=""left"" csk=""MNP.196903300MMF"" data-stat=""visitor_team_name""><a href=""/teams/MNP/1969.html"">Minnesota Pipers</a></td><td class=""right"" data-stat=""visitor_pts"">118</td><td class=""left"" csk=""MMF.196903300MMF"" data-stat=""home_team_name""><a href=""/teams/MMF/1969.html"">Miami Floridians</a></td><td class=""right"" data-stat=""home_pts"">126</td><td class=""center"" data-stat=""box_score_text""><a href=""/boxscores/196903300MMF.html"">Box Score</a></td><td class=""center iz"" data-stat=""overtimes""></td><td class=""right"" data-stat=""attendance"">2,893</td><td class=""left iz"" data-stat=""game_remarks""></td></tr>"
181,"<tr><th class=""left"" csk=""196903300NOB"" data-stat=""date_game"" scope=""row""><a href=""/boxscores/index.fcgi?month=3&amp;day=30&amp;year=1969"">Sun, Mar 30, 1969</a></th><td class=""left"" csk=""LAS.196903300NOB"" data-stat=""visitor_team_name""><a href=""/teams/LAS/1969.html"">Los Angeles Stars</a></td><td class=""right"" data-stat=""visitor_pts"">111</td><td class=""left"" csk=""NOB.196903300NOB"" data-stat=""home_team_name""><a href=""/teams/NOB/1969.html"">New Orleans Buccaneers</a></td><td class=""right"" data-stat=""home_pts"">123</td><td class=""center"" data-stat=""box_score_text""><a href=""/boxscores/196903300NOB.html"">Box Score</a></td><td class=""center iz"" data-stat=""overtimes""></td><td class=""right"" data-stat=""attendance"">3,165</td><td class=""left iz"" data-stat=""game_remarks""></td></tr>"
183,"<tr><th class=""left"" csk=""196903300OAK"" data-stat=""date_game"" scope=""row""><a href=""/boxscores/index.fcgi?month=3&amp;day=30&amp;year=1969"">Sun, Mar 30, 1969</a></th><td class=""left"" csk=""KEN.196903300OAK"" data-stat=""visitor_team_name""><a href=""/teams/KEN/1969.html"">Kentucky Colonels</a></td><td class=""right"" data-stat=""visitor_pts"">112</td><td class=""left"" csk=""OAK.196903300OAK"" data-stat=""home_team_name""><a href=""/teams/OAK/1969.html"">Oakland Oaks</a></td><td class=""right"" data-stat=""home_pts"">119</td><td class=""center"" data-stat=""box_score_text""><a href=""/boxscores/196903300OAK.html"">Box Score</a></td><td class=""center iz"" data-stat=""overtimes""></td><td class=""right"" data-stat=""attendance"">1,971</td><td class=""left iz"" data-stat=""game_remarks""></td></tr>"
