,0
1,"<tr><th class=""left"" csk=""197002010DNR"" data-stat=""date_game"" scope=""row""><a href=""/boxscores/index.fcgi?month=2&amp;day=1&amp;year=1970"">Sun, Feb 1, 1970</a></th><td class=""left"" csk=""INA.197002010DNR"" data-stat=""visitor_team_name""><a href=""/teams/INA/1970.html"">Indiana Pacers</a></td><td class=""right"" data-stat=""visitor_pts"">118</td><td class=""left"" csk=""DNR.197002010DNR"" data-stat=""home_team_name""><a href=""/teams/DNR/1970.html"">Denver Rockets</a></td><td class=""right"" data-stat=""home_pts"">105</td><td class=""center"" data-stat=""box_score_text""><a href=""/boxscores/197002010DNR.html"">Box Score</a></td><td class=""center iz"" data-stat=""overtimes""></td><td class=""right"" data-stat=""attendance"">7,068</td><td class=""left iz"" data-stat=""game_remarks""></td></tr>"
3,"<tr><th class=""left"" csk=""197002010KEN"" data-stat=""date_game"" scope=""row""><a href=""/boxscores/index.fcgi?month=2&amp;day=1&amp;year=1970"">Sun, Feb 1, 1970</a></th><td class=""left"" csk=""CAR.197002010KEN"" data-stat=""visitor_team_name""><a href=""/teams/CAR/1970.html"">Carolina Cougars</a></td><td class=""right"" data-stat=""visitor_pts"">109</td><td class=""left"" csk=""KEN.197002010KEN"" data-stat=""home_team_name""><a href=""/teams/KEN/1970.html"">Kentucky Colonels</a></td><td class=""right"" data-stat=""home_pts"">104</td><td class=""center"" data-stat=""box_score_text""><a href=""/boxscores/197002010KEN.html"">Box Score</a></td><td class=""center iz"" data-stat=""overtimes""></td><td class=""right"" data-stat=""attendance"">3,578</td><td class=""left iz"" data-stat=""game_remarks""></td></tr>"
5,"<tr><th class=""left"" csk=""197002010PTP"" data-stat=""date_game"" scope=""row""><a href=""/boxscores/index.fcgi?month=2&amp;day=1&amp;year=1970"">Sun, Feb 1, 1970</a></th><td class=""left"" csk=""MMF.197002010PTP"" data-stat=""visitor_team_name""><a href=""/teams/MMF/1970.html"">Miami Floridians</a></td><td class=""right"" data-stat=""visitor_pts"">107</td><td class=""left"" csk=""PTP.197002010PTP"" data-stat=""home_team_name""><a href=""/teams/PTP/1970.html"">Pittsburgh Pipers</a></td><td class=""right"" data-stat=""home_pts"">122</td><td class=""center"" data-stat=""box_score_text""><a href=""/boxscores/197002010PTP.html"">Box Score</a></td><td class=""center iz"" data-stat=""overtimes""></td><td class=""right iz"" data-stat=""attendance""></td><td class=""left iz"" data-stat=""game_remarks""></td></tr>"
7,"<tr><th class=""left"" csk=""197002020DNR"" data-stat=""date_game"" scope=""row""><a href=""/boxscores/index.fcgi?month=2&amp;day=2&amp;year=1970"">Mon, Feb 2, 1970</a></th><td class=""left"" csk=""LAS.197002020DNR"" data-stat=""visitor_team_name""><a href=""/teams/LAS/1970.html"">Los Angeles Stars</a></td><td class=""right"" data-stat=""visitor_pts"">113</td><td class=""left"" csk=""DNR.197002020DNR"" data-stat=""home_team_name""><a href=""/teams/DNR/1970.html"">Denver Rockets</a></td><td class=""right"" data-stat=""home_pts"">115</td><td class=""center"" data-stat=""box_score_text""><a href=""/boxscores/197002020DNR.html"">Box Score</a></td><td class=""center iz"" data-stat=""overtimes""></td><td class=""right"" data-stat=""attendance"">4,346</td><td class=""left"" data-stat=""game_remarks"">at Wichita, KS</td></tr>"
9,"<tr><th class=""left"" csk=""197002020NOB"" data-stat=""date_game"" scope=""row""><a href=""/boxscores/index.fcgi?month=2&amp;day=2&amp;year=1970"">Mon, Feb 2, 1970</a></th><td class=""left"" csk=""WSA.197002020NOB"" data-stat=""visitor_team_name""><a href=""/teams/WSA/1970.html"">Washington Capitols</a></td><td class=""right"" data-stat=""visitor_pts"">108</td><td class=""left"" csk=""NOB.197002020NOB"" data-stat=""home_team_name""><a href=""/teams/NOB/1970.html"">New Orleans Buccaneers</a></td><td class=""right"" data-stat=""home_pts"">111</td><td class=""center"" data-stat=""box_score_text""><a href=""/boxscores/197002020NOB.html"">Box Score</a></td><td class=""center iz"" data-stat=""overtimes""></td><td class=""right"" data-stat=""attendance"">4,346</td><td class=""left"" data-stat=""game_remarks"">at Wichita, KS</td></tr>"
11,"<tr><th class=""left"" csk=""197002030CAR"" data-stat=""date_game"" scope=""row""><a href=""/boxscores/index.fcgi?month=2&amp;day=3&amp;year=1970"">Tue, Feb 3, 1970</a></th><td class=""left"" csk=""NYA.197002030CAR"" data-stat=""visitor_team_name""><a href=""/teams/NYA/1970.html"">New York Nets</a></td><td class=""right"" data-stat=""visitor_pts"">91</td><td class=""left"" csk=""CAR.197002030CAR"" data-stat=""home_team_name""><a href=""/teams/CAR/1970.html"">Carolina Cougars</a></td><td class=""right"" data-stat=""home_pts"">105</td><td class=""center"" data-stat=""box_score_text""><a href=""/boxscores/197002030CAR.html"">Box Score</a></td><td class=""center iz"" data-stat=""overtimes""></td><td class=""right"" data-stat=""attendance"">5,346</td><td class=""left"" data-stat=""game_remarks"">at Greensboro, NC</td></tr>"
13,"<tr><th class=""left"" csk=""197002030DLC"" data-stat=""date_game"" scope=""row""><a href=""/boxscores/index.fcgi?month=2&amp;day=3&amp;year=1970"">Tue, Feb 3, 1970</a></th><td class=""left"" csk=""INA.197002030DLC"" data-stat=""visitor_team_name""><a href=""/teams/INA/1970.html"">Indiana Pacers</a></td><td class=""right"" data-stat=""visitor_pts"">122</td><td class=""left"" csk=""DLC.197002030DLC"" data-stat=""home_team_name""><a href=""/teams/DLC/1970.html"">Dallas Chaparrals</a></td><td class=""right"" data-stat=""home_pts"">126</td><td class=""center"" data-stat=""box_score_text""><a href=""/boxscores/197002030DLC.html"">Box Score</a></td><td class=""center iz"" data-stat=""overtimes""></td><td class=""right"" data-stat=""attendance"">2,878</td><td class=""left iz"" data-stat=""game_remarks""></td></tr>"
15,"<tr><th class=""left"" csk=""197002030DNR"" data-stat=""date_game"" scope=""row""><a href=""/boxscores/index.fcgi?month=2&amp;day=3&amp;year=1970"">Tue, Feb 3, 1970</a></th><td class=""left"" csk=""WSA.197002030DNR"" data-stat=""visitor_team_name""><a href=""/teams/WSA/1970.html"">Washington Capitols</a></td><td class=""right"" data-stat=""visitor_pts"">142</td><td class=""left"" csk=""DNR.197002030DNR"" data-stat=""home_team_name""><a href=""/teams/DNR/1970.html"">Denver Rockets</a></td><td class=""right"" data-stat=""home_pts"">125</td><td class=""center"" data-stat=""box_score_text""><a href=""/boxscores/197002030DNR.html"">Box Score</a></td><td class=""center iz"" data-stat=""overtimes""></td><td class=""right"" data-stat=""attendance"">5,611</td><td class=""left"" data-stat=""game_remarks"">at Albuquerque, NM</td></tr>"
17,"<tr><th class=""left"" csk=""197002040PTP"" data-stat=""date_game"" scope=""row""><a href=""/boxscores/index.fcgi?month=2&amp;day=4&amp;year=1970"">Wed, Feb 4, 1970</a></th><td class=""left"" csk=""MMF.197002040PTP"" data-stat=""visitor_team_name""><a href=""/teams/MMF/1970.html"">Miami Floridians</a></td><td class=""right"" data-stat=""visitor_pts"">109</td><td class=""left"" csk=""PTP.197002040PTP"" data-stat=""home_team_name""><a href=""/teams/PTP/1970.html"">Pittsburgh Pipers</a></td><td class=""right"" data-stat=""home_pts"">110</td><td class=""center"" data-stat=""box_score_text""><a href=""/boxscores/197002040PTP.html"">Box Score</a></td><td class=""center iz"" data-stat=""overtimes""></td><td class=""right iz"" data-stat=""attendance""></td><td class=""left iz"" data-stat=""game_remarks""></td></tr>"
19,"<tr><th class=""left"" csk=""197002040LAS"" data-stat=""date_game"" scope=""row""><a href=""/boxscores/index.fcgi?month=2&amp;day=4&amp;year=1970"">Wed, Feb 4, 1970</a></th><td class=""left"" csk=""NOB.197002040LAS"" data-stat=""visitor_team_name""><a href=""/teams/NOB/1970.html"">New Orleans Buccaneers</a></td><td class=""right"" data-stat=""visitor_pts"">111</td><td class=""left"" csk=""LAS.197002040LAS"" data-stat=""home_team_name""><a href=""/teams/LAS/1970.html"">Los Angeles Stars</a></td><td class=""right"" data-stat=""home_pts"">109</td><td class=""center"" data-stat=""box_score_text""><a href=""/boxscores/197002040LAS.html"">Box Score</a></td><td class=""center"" data-stat=""overtimes"">OT</td><td class=""right"" data-stat=""attendance"">974</td><td class=""left iz"" data-stat=""game_remarks""></td></tr>"
21,"<tr><th class=""left"" csk=""197002040INA"" data-stat=""date_game"" scope=""row""><a href=""/boxscores/index.fcgi?month=2&amp;day=4&amp;year=1970"">Wed, Feb 4, 1970</a></th><td class=""left"" csk=""NYA.197002040INA"" data-stat=""visitor_team_name""><a href=""/teams/NYA/1970.html"">New York Nets</a></td><td class=""right"" data-stat=""visitor_pts"">102</td><td class=""left"" csk=""INA.197002040INA"" data-stat=""home_team_name""><a href=""/teams/INA/1970.html"">Indiana Pacers</a></td><td class=""right"" data-stat=""home_pts"">92</td><td class=""center"" data-stat=""box_score_text""><a href=""/boxscores/197002040INA.html"">Box Score</a></td><td class=""center iz"" data-stat=""overtimes""></td><td class=""right"" data-stat=""attendance"">5,188</td><td class=""left iz"" data-stat=""game_remarks""></td></tr>"
23,"<tr><th class=""left"" csk=""197002050DNR"" data-stat=""date_game"" scope=""row""><a href=""/boxscores/index.fcgi?month=2&amp;day=5&amp;year=1970"">Thu, Feb 5, 1970</a></th><td class=""left"" csk=""NOB.197002050DNR"" data-stat=""visitor_team_name""><a href=""/teams/NOB/1970.html"">New Orleans Buccaneers</a></td><td class=""right"" data-stat=""visitor_pts"">98</td><td class=""left"" csk=""DNR.197002050DNR"" data-stat=""home_team_name""><a href=""/teams/DNR/1970.html"">Denver Rockets</a></td><td class=""right"" data-stat=""home_pts"">125</td><td class=""center"" data-stat=""box_score_text""><a href=""/boxscores/197002050DNR.html"">Box Score</a></td><td class=""center iz"" data-stat=""overtimes""></td><td class=""right"" data-stat=""attendance"">6,881</td><td class=""left iz"" data-stat=""game_remarks""></td></tr>"
25,"<tr><th class=""left"" csk=""197002050KEN"" data-stat=""date_game"" scope=""row""><a href=""/boxscores/index.fcgi?month=2&amp;day=5&amp;year=1970"">Thu, Feb 5, 1970</a></th><td class=""left"" csk=""PTP.197002050KEN"" data-stat=""visitor_team_name""><a href=""/teams/PTP/1970.html"">Pittsburgh Pipers</a></td><td class=""right"" data-stat=""visitor_pts"">102</td><td class=""left"" csk=""KEN.197002050KEN"" data-stat=""home_team_name""><a href=""/teams/KEN/1970.html"">Kentucky Colonels</a></td><td class=""right"" data-stat=""home_pts"">110</td><td class=""center"" data-stat=""box_score_text""><a href=""/boxscores/197002050KEN.html"">Box Score</a></td><td class=""center iz"" data-stat=""overtimes""></td><td class=""right"" data-stat=""attendance"">9,840</td><td class=""left iz"" data-stat=""game_remarks""></td></tr>"
27,"<tr><th class=""left"" csk=""197002060DLC"" data-stat=""date_game"" scope=""row""><a href=""/boxscores/index.fcgi?month=2&amp;day=6&amp;year=1970"">Fri, Feb 6, 1970</a></th><td class=""left"" csk=""NOB.197002060DLC"" data-stat=""visitor_team_name""><a href=""/teams/NOB/1970.html"">New Orleans Buccaneers</a></td><td class=""right"" data-stat=""visitor_pts"">124</td><td class=""left"" csk=""DLC.197002060DLC"" data-stat=""home_team_name""><a href=""/teams/DLC/1970.html"">Dallas Chaparrals</a></td><td class=""right"" data-stat=""home_pts"">132</td><td class=""center"" data-stat=""box_score_text""><a href=""/boxscores/197002060DLC.html"">Box Score</a></td><td class=""center iz"" data-stat=""overtimes""></td><td class=""right"" data-stat=""attendance"">5,211</td><td class=""left iz"" data-stat=""game_remarks""></td></tr>"
29,"<tr><th class=""left"" csk=""197002060INA"" data-stat=""date_game"" scope=""row""><a href=""/boxscores/index.fcgi?month=2&amp;day=6&amp;year=1970"">Fri, Feb 6, 1970</a></th><td class=""left"" csk=""KEN.197002060INA"" data-stat=""visitor_team_name""><a href=""/teams/KEN/1970.html"">Kentucky Colonels</a></td><td class=""right"" data-stat=""visitor_pts"">100</td><td class=""left"" csk=""INA.197002060INA"" data-stat=""home_team_name""><a href=""/teams/INA/1970.html"">Indiana Pacers</a></td><td class=""right"" data-stat=""home_pts"">102</td><td class=""center"" data-stat=""box_score_text""><a href=""/boxscores/197002060INA.html"">Box Score</a></td><td class=""center iz"" data-stat=""overtimes""></td><td class=""right"" data-stat=""attendance"">8,947</td><td class=""left iz"" data-stat=""game_remarks""></td></tr>"
31,"<tr><th class=""left"" csk=""197002060LAS"" data-stat=""date_game"" scope=""row""><a href=""/boxscores/index.fcgi?month=2&amp;day=6&amp;year=1970"">Fri, Feb 6, 1970</a></th><td class=""left"" csk=""DNR.197002060LAS"" data-stat=""visitor_team_name""><a href=""/teams/DNR/1970.html"">Denver Rockets</a></td><td class=""right"" data-stat=""visitor_pts"">103</td><td class=""left"" csk=""LAS.197002060LAS"" data-stat=""home_team_name""><a href=""/teams/LAS/1970.html"">Los Angeles Stars</a></td><td class=""right"" data-stat=""home_pts"">117</td><td class=""center"" data-stat=""box_score_text""><a href=""/boxscores/197002060LAS.html"">Box Score</a></td><td class=""center iz"" data-stat=""overtimes""></td><td class=""right"" data-stat=""attendance"">1,872</td><td class=""left iz"" data-stat=""game_remarks""></td></tr>"
33,"<tr><th class=""left"" csk=""197002060NYA"" data-stat=""date_game"" scope=""row""><a href=""/boxscores/index.fcgi?month=2&amp;day=6&amp;year=1970"">Fri, Feb 6, 1970</a></th><td class=""left"" csk=""WSA.197002060NYA"" data-stat=""visitor_team_name""><a href=""/teams/WSA/1970.html"">Washington Capitols</a></td><td class=""right"" data-stat=""visitor_pts"">110</td><td class=""left"" csk=""NYA.197002060NYA"" data-stat=""home_team_name""><a href=""/teams/NYA/1970.html"">New York Nets</a></td><td class=""right"" data-stat=""home_pts"">114</td><td class=""center"" data-stat=""box_score_text""><a href=""/boxscores/197002060NYA.html"">Box Score</a></td><td class=""center iz"" data-stat=""overtimes""></td><td class=""right"" data-stat=""attendance"">4,263</td><td class=""left iz"" data-stat=""game_remarks""></td></tr>"
35,"<tr><th class=""left"" csk=""197002070INA"" data-stat=""date_game"" scope=""row""><a href=""/boxscores/index.fcgi?month=2&amp;day=7&amp;year=1970"">Sat, Feb 7, 1970</a></th><td class=""left"" csk=""MMF.197002070INA"" data-stat=""visitor_team_name""><a href=""/teams/MMF/1970.html"">Miami Floridians</a></td><td class=""right"" data-stat=""visitor_pts"">115</td><td class=""left"" csk=""INA.197002070INA"" data-stat=""home_team_name""><a href=""/teams/INA/1970.html"">Indiana Pacers</a></td><td class=""right"" data-stat=""home_pts"">122</td><td class=""center"" data-stat=""box_score_text""><a href=""/boxscores/197002070INA.html"">Box Score</a></td><td class=""center iz"" data-stat=""overtimes""></td><td class=""right"" data-stat=""attendance"">7,368</td><td class=""left"" data-stat=""game_remarks"">at Anderson, IN</td></tr>"
37,"<tr><th class=""left"" csk=""197002070CAR"" data-stat=""date_game"" scope=""row""><a href=""/boxscores/index.fcgi?month=2&amp;day=7&amp;year=1970"">Sat, Feb 7, 1970</a></th><td class=""left"" csk=""WSA.197002070CAR"" data-stat=""visitor_team_name""><a href=""/teams/WSA/1970.html"">Washington Capitols</a></td><td class=""right"" data-stat=""visitor_pts"">118</td><td class=""left"" csk=""CAR.197002070CAR"" data-stat=""home_team_name""><a href=""/teams/CAR/1970.html"">Carolina Cougars</a></td><td class=""right"" data-stat=""home_pts"">117</td><td class=""center"" data-stat=""box_score_text""><a href=""/boxscores/197002070CAR.html"">Box Score</a></td><td class=""center iz"" data-stat=""overtimes""></td><td class=""right"" data-stat=""attendance"">8,319</td><td class=""left"" data-stat=""game_remarks"">at Raleigh, NC</td></tr>"
39,"<tr><th class=""left"" csk=""197002080DNR"" data-stat=""date_game"" scope=""row""><a href=""/boxscores/index.fcgi?month=2&amp;day=8&amp;year=1970"">Sun, Feb 8, 1970</a></th><td class=""left"" csk=""MMF.197002080DNR"" data-stat=""visitor_team_name""><a href=""/teams/MMF/1970.html"">Miami Floridians</a></td><td class=""right"" data-stat=""visitor_pts"">103</td><td class=""left"" csk=""DNR.197002080DNR"" data-stat=""home_team_name""><a href=""/teams/DNR/1970.html"">Denver Rockets</a></td><td class=""right"" data-stat=""home_pts"">115</td><td class=""center"" data-stat=""box_score_text""><a href=""/boxscores/197002080DNR.html"">Box Score</a></td><td class=""center iz"" data-stat=""overtimes""></td><td class=""right"" data-stat=""attendance"">6,586</td><td class=""left iz"" data-stat=""game_remarks""></td></tr>"
41,"<tr><th class=""left"" csk=""197002080KEN"" data-stat=""date_game"" scope=""row""><a href=""/boxscores/index.fcgi?month=2&amp;day=8&amp;year=1970"">Sun, Feb 8, 1970</a></th><td class=""left"" csk=""INA.197002080KEN"" data-stat=""visitor_team_name""><a href=""/teams/INA/1970.html"">Indiana Pacers</a></td><td class=""right"" data-stat=""visitor_pts"">109</td><td class=""left"" csk=""KEN.197002080KEN"" data-stat=""home_team_name""><a href=""/teams/KEN/1970.html"">Kentucky Colonels</a></td><td class=""right"" data-stat=""home_pts"">107</td><td class=""center"" data-stat=""box_score_text""><a href=""/boxscores/197002080KEN.html"">Box Score</a></td><td class=""center"" data-stat=""overtimes"">OT</td><td class=""right"" data-stat=""attendance"">5,160</td><td class=""left iz"" data-stat=""game_remarks""></td></tr>"
43,"<tr><th class=""left"" csk=""197002080NYA"" data-stat=""date_game"" scope=""row""><a href=""/boxscores/index.fcgi?month=2&amp;day=8&amp;year=1970"">Sun, Feb 8, 1970</a></th><td class=""left"" csk=""CAR.197002080NYA"" data-stat=""visitor_team_name""><a href=""/teams/CAR/1970.html"">Carolina Cougars</a></td><td class=""right"" data-stat=""visitor_pts"">88</td><td class=""left"" csk=""NYA.197002080NYA"" data-stat=""home_team_name""><a href=""/teams/NYA/1970.html"">New York Nets</a></td><td class=""right"" data-stat=""home_pts"">95</td><td class=""center"" data-stat=""box_score_text""><a href=""/boxscores/197002080NYA.html"">Box Score</a></td><td class=""center iz"" data-stat=""overtimes""></td><td class=""right"" data-stat=""attendance"">5,263</td><td class=""left iz"" data-stat=""game_remarks""></td></tr>"
45,"<tr><th class=""left"" csk=""197002080PTP"" data-stat=""date_game"" scope=""row""><a href=""/boxscores/index.fcgi?month=2&amp;day=8&amp;year=1970"">Sun, Feb 8, 1970</a></th><td class=""left"" csk=""WSA.197002080PTP"" data-stat=""visitor_team_name""><a href=""/teams/WSA/1970.html"">Washington Capitols</a></td><td class=""right"" data-stat=""visitor_pts"">132</td><td class=""left"" csk=""PTP.197002080PTP"" data-stat=""home_team_name""><a href=""/teams/PTP/1970.html"">Pittsburgh Pipers</a></td><td class=""right"" data-stat=""home_pts"">124</td><td class=""center"" data-stat=""box_score_text""><a href=""/boxscores/197002080PTP.html"">Box Score</a></td><td class=""center iz"" data-stat=""overtimes""></td><td class=""right iz"" data-stat=""attendance""></td><td class=""left iz"" data-stat=""game_remarks""></td></tr>"
47,"<tr><th class=""left"" csk=""197002100CAR"" data-stat=""date_game"" scope=""row""><a href=""/boxscores/index.fcgi?month=2&amp;day=10&amp;year=1970"">Tue, Feb 10, 1970</a></th><td class=""left"" csk=""NOB.197002100CAR"" data-stat=""visitor_team_name""><a href=""/teams/NOB/1970.html"">New Orleans Buccaneers</a></td><td class=""right"" data-stat=""visitor_pts"">97</td><td class=""left"" csk=""CAR.197002100CAR"" data-stat=""home_team_name""><a href=""/teams/CAR/1970.html"">Carolina Cougars</a></td><td class=""right"" data-stat=""home_pts"">84</td><td class=""center"" data-stat=""box_score_text""><a href=""/boxscores/197002100CAR.html"">Box Score</a></td><td class=""center iz"" data-stat=""overtimes""></td><td class=""right"" data-stat=""attendance"">3,781</td><td class=""left"" data-stat=""game_remarks"">at Charlotte, NC</td></tr>"
49,"<tr><th class=""left"" csk=""197002100DLC"" data-stat=""date_game"" scope=""row""><a href=""/boxscores/index.fcgi?month=2&amp;day=10&amp;year=1970"">Tue, Feb 10, 1970</a></th><td class=""left"" csk=""MMF.197002100DLC"" data-stat=""visitor_team_name""><a href=""/teams/MMF/1970.html"">Miami Floridians</a></td><td class=""right"" data-stat=""visitor_pts"">128</td><td class=""left"" csk=""DLC.197002100DLC"" data-stat=""home_team_name""><a href=""/teams/DLC/1970.html"">Dallas Chaparrals</a></td><td class=""right"" data-stat=""home_pts"">151</td><td class=""center"" data-stat=""box_score_text""><a href=""/boxscores/197002100DLC.html"">Box Score</a></td><td class=""center iz"" data-stat=""overtimes""></td><td class=""right"" data-stat=""attendance"">2,678</td><td class=""left iz"" data-stat=""game_remarks""></td></tr>"
51,"<tr><th class=""left"" csk=""197002100WSA"" data-stat=""date_game"" scope=""row""><a href=""/boxscores/index.fcgi?month=2&amp;day=10&amp;year=1970"">Tue, Feb 10, 1970</a></th><td class=""left"" csk=""LAS.197002100WSA"" data-stat=""visitor_team_name""><a href=""/teams/LAS/1970.html"">Los Angeles Stars</a></td><td class=""right"" data-stat=""visitor_pts"">123</td><td class=""left"" csk=""WSA.197002100WSA"" data-stat=""home_team_name""><a href=""/teams/WSA/1970.html"">Washington Capitols</a></td><td class=""right"" data-stat=""home_pts"">137</td><td class=""center"" data-stat=""box_score_text""><a href=""/boxscores/197002100WSA.html"">Box Score</a></td><td class=""center iz"" data-stat=""overtimes""></td><td class=""right"" data-stat=""attendance"">3,986</td><td class=""left iz"" data-stat=""game_remarks""></td></tr>"
53,"<tr><th class=""left"" csk=""197002110MMF"" data-stat=""date_game"" scope=""row""><a href=""/boxscores/index.fcgi?month=2&amp;day=11&amp;year=1970"">Wed, Feb 11, 1970</a></th><td class=""left"" csk=""LAS.197002110MMF"" data-stat=""visitor_team_name""><a href=""/teams/LAS/1970.html"">Los Angeles Stars</a></td><td class=""right"" data-stat=""visitor_pts"">119</td><td class=""left"" csk=""MMF.197002110MMF"" data-stat=""home_team_name""><a href=""/teams/MMF/1970.html"">Miami Floridians</a></td><td class=""right"" data-stat=""home_pts"">127</td><td class=""center"" data-stat=""box_score_text""><a href=""/boxscores/197002110MMF.html"">Box Score</a></td><td class=""center iz"" data-stat=""overtimes""></td><td class=""right"" data-stat=""attendance"">6,242</td><td class=""left iz"" data-stat=""game_remarks""></td></tr>"
55,"<tr><th class=""left"" csk=""197002110INA"" data-stat=""date_game"" scope=""row""><a href=""/boxscores/index.fcgi?month=2&amp;day=11&amp;year=1970"">Wed, Feb 11, 1970</a></th><td class=""left"" csk=""WSA.197002110INA"" data-stat=""visitor_team_name""><a href=""/teams/WSA/1970.html"">Washington Capitols</a></td><td class=""right"" data-stat=""visitor_pts"">132</td><td class=""left"" csk=""INA.197002110INA"" data-stat=""home_team_name""><a href=""/teams/INA/1970.html"">Indiana Pacers</a></td><td class=""right"" data-stat=""home_pts"">142</td><td class=""center"" data-stat=""box_score_text""><a href=""/boxscores/197002110INA.html"">Box Score</a></td><td class=""center iz"" data-stat=""overtimes""></td><td class=""right"" data-stat=""attendance"">7,998</td><td class=""left iz"" data-stat=""game_remarks""></td></tr>"
57,"<tr><th class=""left"" csk=""197002120DNR"" data-stat=""date_game"" scope=""row""><a href=""/boxscores/index.fcgi?month=2&amp;day=12&amp;year=1970"">Thu, Feb 12, 1970</a></th><td class=""left"" csk=""KEN.197002120DNR"" data-stat=""visitor_team_name""><a href=""/teams/KEN/1970.html"">Kentucky Colonels</a></td><td class=""right"" data-stat=""visitor_pts"">111</td><td class=""left"" csk=""DNR.197002120DNR"" data-stat=""home_team_name""><a href=""/teams/DNR/1970.html"">Denver Rockets</a></td><td class=""right"" data-stat=""home_pts"">125</td><td class=""center"" data-stat=""box_score_text""><a href=""/boxscores/197002120DNR.html"">Box Score</a></td><td class=""center iz"" data-stat=""overtimes""></td><td class=""right"" data-stat=""attendance"">6,357</td><td class=""left iz"" data-stat=""game_remarks""></td></tr>"
59,"<tr><th class=""left"" csk=""197002120MMF"" data-stat=""date_game"" scope=""row""><a href=""/boxscores/index.fcgi?month=2&amp;day=12&amp;year=1970"">Thu, Feb 12, 1970</a></th><td class=""left"" csk=""WSA.197002120MMF"" data-stat=""visitor_team_name""><a href=""/teams/WSA/1970.html"">Washington Capitols</a></td><td class=""right"" data-stat=""visitor_pts"">138</td><td class=""left"" csk=""MMF.197002120MMF"" data-stat=""home_team_name""><a href=""/teams/MMF/1970.html"">Miami Floridians</a></td><td class=""right"" data-stat=""home_pts"">122</td><td class=""center"" data-stat=""box_score_text""><a href=""/boxscores/197002120MMF.html"">Box Score</a></td><td class=""center iz"" data-stat=""overtimes""></td><td class=""right"" data-stat=""attendance"">3,202</td><td class=""left iz"" data-stat=""game_remarks""></td></tr>"
61,"<tr><th class=""left"" csk=""197002120PTP"" data-stat=""date_game"" scope=""row""><a href=""/boxscores/index.fcgi?month=2&amp;day=12&amp;year=1970"">Thu, Feb 12, 1970</a></th><td class=""left"" csk=""INA.197002120PTP"" data-stat=""visitor_team_name""><a href=""/teams/INA/1970.html"">Indiana Pacers</a></td><td class=""right"" data-stat=""visitor_pts"">119</td><td class=""left"" csk=""PTP.197002120PTP"" data-stat=""home_team_name""><a href=""/teams/PTP/1970.html"">Pittsburgh Pipers</a></td><td class=""right"" data-stat=""home_pts"">106</td><td class=""center"" data-stat=""box_score_text""><a href=""/boxscores/197002120PTP.html"">Box Score</a></td><td class=""center iz"" data-stat=""overtimes""></td><td class=""right iz"" data-stat=""attendance""></td><td class=""left iz"" data-stat=""game_remarks""></td></tr>"
63,"<tr><th class=""left"" csk=""197002130NOB"" data-stat=""date_game"" scope=""row""><a href=""/boxscores/index.fcgi?month=2&amp;day=13&amp;year=1970"">Fri, Feb 13, 1970</a></th><td class=""left"" csk=""WSA.197002130NOB"" data-stat=""visitor_team_name""><a href=""/teams/WSA/1970.html"">Washington Capitols</a></td><td class=""right"" data-stat=""visitor_pts"">111</td><td class=""left"" csk=""NOB.197002130NOB"" data-stat=""home_team_name""><a href=""/teams/NOB/1970.html"">New Orleans Buccaneers</a></td><td class=""right"" data-stat=""home_pts"">101</td><td class=""center"" data-stat=""box_score_text""><a href=""/boxscores/197002130NOB.html"">Box Score</a></td><td class=""center iz"" data-stat=""overtimes""></td><td class=""right"" data-stat=""attendance"">4,554</td><td class=""left iz"" data-stat=""game_remarks""></td></tr>"
65,"<tr><th class=""left"" csk=""197002130CAR"" data-stat=""date_game"" scope=""row""><a href=""/boxscores/index.fcgi?month=2&amp;day=13&amp;year=1970"">Fri, Feb 13, 1970</a></th><td class=""left"" csk=""LAS.197002130CAR"" data-stat=""visitor_team_name""><a href=""/teams/LAS/1970.html"">Los Angeles Stars</a></td><td class=""right"" data-stat=""visitor_pts"">91</td><td class=""left"" csk=""CAR.197002130CAR"" data-stat=""home_team_name""><a href=""/teams/CAR/1970.html"">Carolina Cougars</a></td><td class=""right"" data-stat=""home_pts"">95</td><td class=""center"" data-stat=""box_score_text""><a href=""/boxscores/197002130CAR.html"">Box Score</a></td><td class=""center iz"" data-stat=""overtimes""></td><td class=""right"" data-stat=""attendance"">5,623</td><td class=""left"" data-stat=""game_remarks"">at Raleigh, NC</td></tr>"
67,"<tr><th class=""left"" csk=""197002140DLC"" data-stat=""date_game"" scope=""row""><a href=""/boxscores/index.fcgi?month=2&amp;day=14&amp;year=1970"">Sat, Feb 14, 1970</a></th><td class=""left"" csk=""NYA.197002140DLC"" data-stat=""visitor_team_name""><a href=""/teams/NYA/1970.html"">New York Nets</a></td><td class=""right"" data-stat=""visitor_pts"">106</td><td class=""left"" csk=""DLC.197002140DLC"" data-stat=""home_team_name""><a href=""/teams/DLC/1970.html"">Dallas Chaparrals</a></td><td class=""right"" data-stat=""home_pts"">112</td><td class=""center"" data-stat=""box_score_text""><a href=""/boxscores/197002140DLC.html"">Box Score</a></td><td class=""center iz"" data-stat=""overtimes""></td><td class=""right"" data-stat=""attendance"">6,038</td><td class=""left iz"" data-stat=""game_remarks""></td></tr>"
69,"<tr><th class=""left"" csk=""197002140INA"" data-stat=""date_game"" scope=""row""><a href=""/boxscores/index.fcgi?month=2&amp;day=14&amp;year=1970"">Sat, Feb 14, 1970</a></th><td class=""left"" csk=""LAS.197002140INA"" data-stat=""visitor_team_name""><a href=""/teams/LAS/1970.html"">Los Angeles Stars</a></td><td class=""right"" data-stat=""visitor_pts"">103</td><td class=""left"" csk=""INA.197002140INA"" data-stat=""home_team_name""><a href=""/teams/INA/1970.html"">Indiana Pacers</a></td><td class=""right"" data-stat=""home_pts"">109</td><td class=""center"" data-stat=""box_score_text""><a href=""/boxscores/197002140INA.html"">Box Score</a></td><td class=""center iz"" data-stat=""overtimes""></td><td class=""right"" data-stat=""attendance"">8,936</td><td class=""left iz"" data-stat=""game_remarks""></td></tr>"
71,"<tr><th class=""left"" csk=""197002150WSA"" data-stat=""date_game"" scope=""row""><a href=""/boxscores/index.fcgi?month=2&amp;day=15&amp;year=1970"">Sun, Feb 15, 1970</a></th><td class=""left"" csk=""INA.197002150WSA"" data-stat=""visitor_team_name""><a href=""/teams/INA/1970.html"">Indiana Pacers</a></td><td class=""right"" data-stat=""visitor_pts"">111</td><td class=""left"" csk=""WSA.197002150WSA"" data-stat=""home_team_name""><a href=""/teams/WSA/1970.html"">Washington Capitols</a></td><td class=""right"" data-stat=""home_pts"">120</td><td class=""center"" data-stat=""box_score_text""><a href=""/boxscores/197002150WSA.html"">Box Score</a></td><td class=""center iz"" data-stat=""overtimes""></td><td class=""right"" data-stat=""attendance"">4,685</td><td class=""left iz"" data-stat=""game_remarks""></td></tr>"
73,"<tr><th class=""left"" csk=""197002150PTP"" data-stat=""date_game"" scope=""row""><a href=""/boxscores/index.fcgi?month=2&amp;day=15&amp;year=1970"">Sun, Feb 15, 1970</a></th><td class=""left"" csk=""CAR.197002150PTP"" data-stat=""visitor_team_name""><a href=""/teams/CAR/1970.html"">Carolina Cougars</a></td><td class=""right"" data-stat=""visitor_pts"">103</td><td class=""left"" csk=""PTP.197002150PTP"" data-stat=""home_team_name""><a href=""/teams/PTP/1970.html"">Pittsburgh Pipers</a></td><td class=""right"" data-stat=""home_pts"">120</td><td class=""center"" data-stat=""box_score_text""><a href=""/boxscores/197002150PTP.html"">Box Score</a></td><td class=""center iz"" data-stat=""overtimes""></td><td class=""right iz"" data-stat=""attendance""></td><td class=""left iz"" data-stat=""game_remarks""></td></tr>"
75,"<tr><th class=""left"" csk=""197002150MMF"" data-stat=""date_game"" scope=""row""><a href=""/boxscores/index.fcgi?month=2&amp;day=15&amp;year=1970"">Sun, Feb 15, 1970</a></th><td class=""left"" csk=""NYA.197002150MMF"" data-stat=""visitor_team_name""><a href=""/teams/NYA/1970.html"">New York Nets</a></td><td class=""right"" data-stat=""visitor_pts"">108</td><td class=""left"" csk=""MMF.197002150MMF"" data-stat=""home_team_name""><a href=""/teams/MMF/1970.html"">Miami Floridians</a></td><td class=""right"" data-stat=""home_pts"">100</td><td class=""center"" data-stat=""box_score_text""><a href=""/boxscores/197002150MMF.html"">Box Score</a></td><td class=""center iz"" data-stat=""overtimes""></td><td class=""right"" data-stat=""attendance"">2,286</td><td class=""left iz"" data-stat=""game_remarks""></td></tr>"
77,"<tr><th class=""left"" csk=""197002150LAS"" data-stat=""date_game"" scope=""row""><a href=""/boxscores/index.fcgi?month=2&amp;day=15&amp;year=1970"">Sun, Feb 15, 1970</a></th><td class=""left"" csk=""KEN.197002150LAS"" data-stat=""visitor_team_name""><a href=""/teams/KEN/1970.html"">Kentucky Colonels</a></td><td class=""right"" data-stat=""visitor_pts"">113</td><td class=""left"" csk=""LAS.197002150LAS"" data-stat=""home_team_name""><a href=""/teams/LAS/1970.html"">Los Angeles Stars</a></td><td class=""right"" data-stat=""home_pts"">121</td><td class=""center"" data-stat=""box_score_text""><a href=""/boxscores/197002150LAS.html"">Box Score</a></td><td class=""center iz"" data-stat=""overtimes""></td><td class=""right"" data-stat=""attendance"">1,751</td><td class=""left iz"" data-stat=""game_remarks""></td></tr>"
79,"<tr><th class=""left"" csk=""197002160NYA"" data-stat=""date_game"" scope=""row""><a href=""/boxscores/index.fcgi?month=2&amp;day=16&amp;year=1970"">Mon, Feb 16, 1970</a></th><td class=""left"" csk=""WSA.197002160NYA"" data-stat=""visitor_team_name""><a href=""/teams/WSA/1970.html"">Washington Capitols</a></td><td class=""right"" data-stat=""visitor_pts"">114</td><td class=""left"" csk=""NYA.197002160NYA"" data-stat=""home_team_name""><a href=""/teams/NYA/1970.html"">New York Nets</a></td><td class=""right"" data-stat=""home_pts"">117</td><td class=""center"" data-stat=""box_score_text""><a href=""/boxscores/197002160NYA.html"">Box Score</a></td><td class=""center iz"" data-stat=""overtimes""></td><td class=""right"" data-stat=""attendance"">4,438</td><td class=""left"" data-stat=""game_remarks"">at Cullohee, NC</td></tr>"
81,"<tr><th class=""left"" csk=""197002170CAR"" data-stat=""date_game"" scope=""row""><a href=""/boxscores/index.fcgi?month=2&amp;day=17&amp;year=1970"">Tue, Feb 17, 1970</a></th><td class=""left"" csk=""NYA.197002170CAR"" data-stat=""visitor_team_name""><a href=""/teams/NYA/1970.html"">New York Nets</a></td><td class=""right"" data-stat=""visitor_pts"">108</td><td class=""left"" csk=""CAR.197002170CAR"" data-stat=""home_team_name""><a href=""/teams/CAR/1970.html"">Carolina Cougars</a></td><td class=""right"" data-stat=""home_pts"">103</td><td class=""center"" data-stat=""box_score_text""><a href=""/boxscores/197002170CAR.html"">Box Score</a></td><td class=""center iz"" data-stat=""overtimes""></td><td class=""right"" data-stat=""attendance"">4,137</td><td class=""left"" data-stat=""game_remarks"">at Greensboro, NC</td></tr>"
83,"<tr><th class=""left"" csk=""197002170NOB"" data-stat=""date_game"" scope=""row""><a href=""/boxscores/index.fcgi?month=2&amp;day=17&amp;year=1970"">Tue, Feb 17, 1970</a></th><td class=""left"" csk=""DLC.197002170NOB"" data-stat=""visitor_team_name""><a href=""/teams/DLC/1970.html"">Dallas Chaparrals</a></td><td class=""right"" data-stat=""visitor_pts"">122</td><td class=""left"" csk=""NOB.197002170NOB"" data-stat=""home_team_name""><a href=""/teams/NOB/1970.html"">New Orleans Buccaneers</a></td><td class=""right"" data-stat=""home_pts"">119</td><td class=""center"" data-stat=""box_score_text""><a href=""/boxscores/197002170NOB.html"">Box Score</a></td><td class=""center iz"" data-stat=""overtimes""></td><td class=""right"" data-stat=""attendance"">3,240</td><td class=""left iz"" data-stat=""game_remarks""></td></tr>"
85,"<tr><th class=""left"" csk=""197002170WSA"" data-stat=""date_game"" scope=""row""><a href=""/boxscores/index.fcgi?month=2&amp;day=17&amp;year=1970"">Tue, Feb 17, 1970</a></th><td class=""left"" csk=""MMF.197002170WSA"" data-stat=""visitor_team_name""><a href=""/teams/MMF/1970.html"">Miami Floridians</a></td><td class=""right"" data-stat=""visitor_pts"">118</td><td class=""left"" csk=""WSA.197002170WSA"" data-stat=""home_team_name""><a href=""/teams/WSA/1970.html"">Washington Capitols</a></td><td class=""right"" data-stat=""home_pts"">134</td><td class=""center"" data-stat=""box_score_text""><a href=""/boxscores/197002170WSA.html"">Box Score</a></td><td class=""center iz"" data-stat=""overtimes""></td><td class=""right"" data-stat=""attendance"">1,747</td><td class=""left iz"" data-stat=""game_remarks""></td></tr>"
87,"<tr><th class=""left"" csk=""197002180LAS"" data-stat=""date_game"" scope=""row""><a href=""/boxscores/index.fcgi?month=2&amp;day=18&amp;year=1970"">Wed, Feb 18, 1970</a></th><td class=""left"" csk=""DNR.197002180LAS"" data-stat=""visitor_team_name""><a href=""/teams/DNR/1970.html"">Denver Rockets</a></td><td class=""right"" data-stat=""visitor_pts"">118</td><td class=""left"" csk=""LAS.197002180LAS"" data-stat=""home_team_name""><a href=""/teams/LAS/1970.html"">Los Angeles Stars</a></td><td class=""right"" data-stat=""home_pts"">107</td><td class=""center"" data-stat=""box_score_text""><a href=""/boxscores/197002180LAS.html"">Box Score</a></td><td class=""center iz"" data-stat=""overtimes""></td><td class=""right"" data-stat=""attendance"">1,045</td><td class=""left iz"" data-stat=""game_remarks""></td></tr>"
89,"<tr><th class=""left"" csk=""197002180PTP"" data-stat=""date_game"" scope=""row""><a href=""/boxscores/index.fcgi?month=2&amp;day=18&amp;year=1970"">Wed, Feb 18, 1970</a></th><td class=""left"" csk=""NYA.197002180PTP"" data-stat=""visitor_team_name""><a href=""/teams/NYA/1970.html"">New York Nets</a></td><td class=""right"" data-stat=""visitor_pts"">116</td><td class=""left"" csk=""PTP.197002180PTP"" data-stat=""home_team_name""><a href=""/teams/PTP/1970.html"">Pittsburgh Pipers</a></td><td class=""right"" data-stat=""home_pts"">110</td><td class=""center"" data-stat=""box_score_text""><a href=""/boxscores/197002180PTP.html"">Box Score</a></td><td class=""center"" data-stat=""overtimes"">OT</td><td class=""right iz"" data-stat=""attendance""></td><td class=""left iz"" data-stat=""game_remarks""></td></tr>"
91,"<tr><th class=""left"" csk=""197002190MMF"" data-stat=""date_game"" scope=""row""><a href=""/boxscores/index.fcgi?month=2&amp;day=19&amp;year=1970"">Thu, Feb 19, 1970</a></th><td class=""left"" csk=""INA.197002190MMF"" data-stat=""visitor_team_name""><a href=""/teams/INA/1970.html"">Indiana Pacers</a></td><td class=""right"" data-stat=""visitor_pts"">102</td><td class=""left"" csk=""MMF.197002190MMF"" data-stat=""home_team_name""><a href=""/teams/MMF/1970.html"">Miami Floridians</a></td><td class=""right"" data-stat=""home_pts"">107</td><td class=""center"" data-stat=""box_score_text""><a href=""/boxscores/197002190MMF.html"">Box Score</a></td><td class=""center iz"" data-stat=""overtimes""></td><td class=""right"" data-stat=""attendance"">2,072</td><td class=""left iz"" data-stat=""game_remarks""></td></tr>"
93,"<tr><th class=""left"" csk=""197002190CAR"" data-stat=""date_game"" scope=""row""><a href=""/boxscores/index.fcgi?month=2&amp;day=19&amp;year=1970"">Thu, Feb 19, 1970</a></th><td class=""left"" csk=""PTP.197002190CAR"" data-stat=""visitor_team_name""><a href=""/teams/PTP/1970.html"">Pittsburgh Pipers</a></td><td class=""right"" data-stat=""visitor_pts"">104</td><td class=""left"" csk=""CAR.197002190CAR"" data-stat=""home_team_name""><a href=""/teams/CAR/1970.html"">Carolina Cougars</a></td><td class=""right"" data-stat=""home_pts"">106</td><td class=""center"" data-stat=""box_score_text""><a href=""/boxscores/197002190CAR.html"">Box Score</a></td><td class=""center"" data-stat=""overtimes"">OT</td><td class=""right"" data-stat=""attendance"">5,192</td><td class=""left"" data-stat=""game_remarks"">at Charlotte, NC</td></tr>"
95,"<tr><th class=""left"" csk=""197002200CAR"" data-stat=""date_game"" scope=""row""><a href=""/boxscores/index.fcgi?month=2&amp;day=20&amp;year=1970"">Fri, Feb 20, 1970</a></th><td class=""left"" csk=""INA.197002200CAR"" data-stat=""visitor_team_name""><a href=""/teams/INA/1970.html"">Indiana Pacers</a></td><td class=""right"" data-stat=""visitor_pts"">90</td><td class=""left"" csk=""CAR.197002200CAR"" data-stat=""home_team_name""><a href=""/teams/CAR/1970.html"">Carolina Cougars</a></td><td class=""right"" data-stat=""home_pts"">101</td><td class=""center"" data-stat=""box_score_text""><a href=""/boxscores/197002200CAR.html"">Box Score</a></td><td class=""center iz"" data-stat=""overtimes""></td><td class=""right"" data-stat=""attendance"">6,630</td><td class=""left"" data-stat=""game_remarks"">at Greensboro, NC</td></tr>"
97,"<tr><th class=""left"" csk=""197002200DLC"" data-stat=""date_game"" scope=""row""><a href=""/boxscores/index.fcgi?month=2&amp;day=20&amp;year=1970"">Fri, Feb 20, 1970</a></th><td class=""left"" csk=""KEN.197002200DLC"" data-stat=""visitor_team_name""><a href=""/teams/KEN/1970.html"">Kentucky Colonels</a></td><td class=""right"" data-stat=""visitor_pts"">138</td><td class=""left"" csk=""DLC.197002200DLC"" data-stat=""home_team_name""><a href=""/teams/DLC/1970.html"">Dallas Chaparrals</a></td><td class=""right"" data-stat=""home_pts"">142</td><td class=""center"" data-stat=""box_score_text""><a href=""/boxscores/197002200DLC.html"">Box Score</a></td><td class=""center iz"" data-stat=""overtimes""></td><td class=""right"" data-stat=""attendance"">2,881</td><td class=""left"" data-stat=""game_remarks"">at Fort Worth, TX</td></tr>"
99,"<tr><th class=""left"" csk=""197002200LAS"" data-stat=""date_game"" scope=""row""><a href=""/boxscores/index.fcgi?month=2&amp;day=20&amp;year=1970"">Fri, Feb 20, 1970</a></th><td class=""left"" csk=""WSA.197002200LAS"" data-stat=""visitor_team_name""><a href=""/teams/WSA/1970.html"">Washington Capitols</a></td><td class=""right"" data-stat=""visitor_pts"">123</td><td class=""left"" csk=""LAS.197002200LAS"" data-stat=""home_team_name""><a href=""/teams/LAS/1970.html"">Los Angeles Stars</a></td><td class=""right"" data-stat=""home_pts"">118</td><td class=""center"" data-stat=""box_score_text""><a href=""/boxscores/197002200LAS.html"">Box Score</a></td><td class=""center iz"" data-stat=""overtimes""></td><td class=""right"" data-stat=""attendance"">1,355</td><td class=""left iz"" data-stat=""game_remarks""></td></tr>"
101,"<tr><th class=""left"" csk=""197002210NOB"" data-stat=""date_game"" scope=""row""><a href=""/boxscores/index.fcgi?month=2&amp;day=21&amp;year=1970"">Sat, Feb 21, 1970</a></th><td class=""left"" csk=""KEN.197002210NOB"" data-stat=""visitor_team_name""><a href=""/teams/KEN/1970.html"">Kentucky Colonels</a></td><td class=""right"" data-stat=""visitor_pts"">100</td><td class=""left"" csk=""NOB.197002210NOB"" data-stat=""home_team_name""><a href=""/teams/NOB/1970.html"">New Orleans Buccaneers</a></td><td class=""right"" data-stat=""home_pts"">117</td><td class=""center"" data-stat=""box_score_text""><a href=""/boxscores/197002210NOB.html"">Box Score</a></td><td class=""center iz"" data-stat=""overtimes""></td><td class=""right"" data-stat=""attendance"">3,715</td><td class=""left iz"" data-stat=""game_remarks""></td></tr>"
103,"<tr><th class=""left"" csk=""197002210PTP"" data-stat=""date_game"" scope=""row""><a href=""/boxscores/index.fcgi?month=2&amp;day=21&amp;year=1970"">Sat, Feb 21, 1970</a></th><td class=""left"" csk=""INA.197002210PTP"" data-stat=""visitor_team_name""><a href=""/teams/INA/1970.html"">Indiana Pacers</a></td><td class=""right"" data-stat=""visitor_pts"">130</td><td class=""left"" csk=""PTP.197002210PTP"" data-stat=""home_team_name""><a href=""/teams/PTP/1970.html"">Pittsburgh Pipers</a></td><td class=""right"" data-stat=""home_pts"">110</td><td class=""center"" data-stat=""box_score_text""><a href=""/boxscores/197002210PTP.html"">Box Score</a></td><td class=""center iz"" data-stat=""overtimes""></td><td class=""right iz"" data-stat=""attendance""></td><td class=""left iz"" data-stat=""game_remarks""></td></tr>"
105,"<tr><th class=""left"" csk=""197002220MMF"" data-stat=""date_game"" scope=""row""><a href=""/boxscores/index.fcgi?month=2&amp;day=22&amp;year=1970"">Sun, Feb 22, 1970</a></th><td class=""left"" csk=""KEN.197002220MMF"" data-stat=""visitor_team_name""><a href=""/teams/KEN/1970.html"">Kentucky Colonels</a></td><td class=""right"" data-stat=""visitor_pts"">151</td><td class=""left"" csk=""MMF.197002220MMF"" data-stat=""home_team_name""><a href=""/teams/MMF/1970.html"">Miami Floridians</a></td><td class=""right"" data-stat=""home_pts"">128</td><td class=""center"" data-stat=""box_score_text""><a href=""/boxscores/197002220MMF.html"">Box Score</a></td><td class=""center iz"" data-stat=""overtimes""></td><td class=""right"" data-stat=""attendance"">2,104</td><td class=""left iz"" data-stat=""game_remarks""></td></tr>"
107,"<tr><th class=""left"" csk=""197002220LAS"" data-stat=""date_game"" scope=""row""><a href=""/boxscores/index.fcgi?month=2&amp;day=22&amp;year=1970"">Sun, Feb 22, 1970</a></th><td class=""left"" csk=""WSA.197002220LAS"" data-stat=""visitor_team_name""><a href=""/teams/WSA/1970.html"">Washington Capitols</a></td><td class=""right"" data-stat=""visitor_pts"">135</td><td class=""left"" csk=""LAS.197002220LAS"" data-stat=""home_team_name""><a href=""/teams/LAS/1970.html"">Los Angeles Stars</a></td><td class=""right"" data-stat=""home_pts"">128</td><td class=""center"" data-stat=""box_score_text""><a href=""/boxscores/197002220LAS.html"">Box Score</a></td><td class=""center iz"" data-stat=""overtimes""></td><td class=""right"" data-stat=""attendance"">1,381</td><td class=""left iz"" data-stat=""game_remarks""></td></tr>"
109,"<tr><th class=""left"" csk=""197002220DNR"" data-stat=""date_game"" scope=""row""><a href=""/boxscores/index.fcgi?month=2&amp;day=22&amp;year=1970"">Sun, Feb 22, 1970</a></th><td class=""left"" csk=""NOB.197002220DNR"" data-stat=""visitor_team_name""><a href=""/teams/NOB/1970.html"">New Orleans Buccaneers</a></td><td class=""right"" data-stat=""visitor_pts"">107</td><td class=""left"" csk=""DNR.197002220DNR"" data-stat=""home_team_name""><a href=""/teams/DNR/1970.html"">Denver Rockets</a></td><td class=""right"" data-stat=""home_pts"">113</td><td class=""center"" data-stat=""box_score_text""><a href=""/boxscores/197002220DNR.html"">Box Score</a></td><td class=""center iz"" data-stat=""overtimes""></td><td class=""right"" data-stat=""attendance"">7,041</td><td class=""left iz"" data-stat=""game_remarks""></td></tr>"
111,"<tr><th class=""left"" csk=""197002220CAR"" data-stat=""date_game"" scope=""row""><a href=""/boxscores/index.fcgi?month=2&amp;day=22&amp;year=1970"">Sun, Feb 22, 1970</a></th><td class=""left"" csk=""NYA.197002220CAR"" data-stat=""visitor_team_name""><a href=""/teams/NYA/1970.html"">New York Nets</a></td><td class=""right"" data-stat=""visitor_pts"">97</td><td class=""left"" csk=""CAR.197002220CAR"" data-stat=""home_team_name""><a href=""/teams/CAR/1970.html"">Carolina Cougars</a></td><td class=""right"" data-stat=""home_pts"">101</td><td class=""center"" data-stat=""box_score_text""><a href=""/boxscores/197002220CAR.html"">Box Score</a></td><td class=""center iz"" data-stat=""overtimes""></td><td class=""right"" data-stat=""attendance"">9,615</td><td class=""left"" data-stat=""game_remarks"">at Charlotte, NC</td></tr>"
113,"<tr><th class=""left"" csk=""197002240CAR"" data-stat=""date_game"" scope=""row""><a href=""/boxscores/index.fcgi?month=2&amp;day=24&amp;year=1970"">Tue, Feb 24, 1970</a></th><td class=""left"" csk=""PTP.197002240CAR"" data-stat=""visitor_team_name""><a href=""/teams/PTP/1970.html"">Pittsburgh Pipers</a></td><td class=""right"" data-stat=""visitor_pts"">96</td><td class=""left"" csk=""CAR.197002240CAR"" data-stat=""home_team_name""><a href=""/teams/CAR/1970.html"">Carolina Cougars</a></td><td class=""right"" data-stat=""home_pts"">111</td><td class=""center"" data-stat=""box_score_text""><a href=""/boxscores/197002240CAR.html"">Box Score</a></td><td class=""center iz"" data-stat=""overtimes""></td><td class=""right"" data-stat=""attendance"">4,206</td><td class=""left"" data-stat=""game_remarks"">at Greensboro, NC</td></tr>"
115,"<tr><th class=""left"" csk=""197002240LAS"" data-stat=""date_game"" scope=""row""><a href=""/boxscores/index.fcgi?month=2&amp;day=24&amp;year=1970"">Tue, Feb 24, 1970</a></th><td class=""left"" csk=""NOB.197002240LAS"" data-stat=""visitor_team_name""><a href=""/teams/NOB/1970.html"">New Orleans Buccaneers</a></td><td class=""right"" data-stat=""visitor_pts"">101</td><td class=""left"" csk=""LAS.197002240LAS"" data-stat=""home_team_name""><a href=""/teams/LAS/1970.html"">Los Angeles Stars</a></td><td class=""right"" data-stat=""home_pts"">107</td><td class=""center"" data-stat=""box_score_text""><a href=""/boxscores/197002240LAS.html"">Box Score</a></td><td class=""center iz"" data-stat=""overtimes""></td><td class=""right"" data-stat=""attendance"">4,026</td><td class=""left"" data-stat=""game_remarks"">at Washington, DC</td></tr>"
117,"<tr><th class=""left"" csk=""197002240WSA"" data-stat=""date_game"" scope=""row""><a href=""/boxscores/index.fcgi?month=2&amp;day=24&amp;year=1970"">Tue, Feb 24, 1970</a></th><td class=""left"" csk=""DLC.197002240WSA"" data-stat=""visitor_team_name""><a href=""/teams/DLC/1970.html"">Dallas Chaparrals</a></td><td class=""right"" data-stat=""visitor_pts"">130</td><td class=""left"" csk=""WSA.197002240WSA"" data-stat=""home_team_name""><a href=""/teams/WSA/1970.html"">Washington Capitols</a></td><td class=""right"" data-stat=""home_pts"">115</td><td class=""center"" data-stat=""box_score_text""><a href=""/boxscores/197002240WSA.html"">Box Score</a></td><td class=""center iz"" data-stat=""overtimes""></td><td class=""right"" data-stat=""attendance"">4,026</td><td class=""left iz"" data-stat=""game_remarks""></td></tr>"
119,"<tr><th class=""left"" csk=""197002250NYA"" data-stat=""date_game"" scope=""row""><a href=""/boxscores/index.fcgi?month=2&amp;day=25&amp;year=1970"">Wed, Feb 25, 1970</a></th><td class=""left"" csk=""KEN.197002250NYA"" data-stat=""visitor_team_name""><a href=""/teams/KEN/1970.html"">Kentucky Colonels</a></td><td class=""right"" data-stat=""visitor_pts"">114</td><td class=""left"" csk=""NYA.197002250NYA"" data-stat=""home_team_name""><a href=""/teams/NYA/1970.html"">New York Nets</a></td><td class=""right"" data-stat=""home_pts"">117</td><td class=""center"" data-stat=""box_score_text""><a href=""/boxscores/197002250NYA.html"">Box Score</a></td><td class=""center iz"" data-stat=""overtimes""></td><td class=""right"" data-stat=""attendance"">3,764</td><td class=""left iz"" data-stat=""game_remarks""></td></tr>"
121,"<tr><th class=""left"" csk=""197002250NOB"" data-stat=""date_game"" scope=""row""><a href=""/boxscores/index.fcgi?month=2&amp;day=25&amp;year=1970"">Wed, Feb 25, 1970</a></th><td class=""left"" csk=""WSA.197002250NOB"" data-stat=""visitor_team_name""><a href=""/teams/WSA/1970.html"">Washington Capitols</a></td><td class=""right"" data-stat=""visitor_pts"">113</td><td class=""left"" csk=""NOB.197002250NOB"" data-stat=""home_team_name""><a href=""/teams/NOB/1970.html"">New Orleans Buccaneers</a></td><td class=""right"" data-stat=""home_pts"">107</td><td class=""center"" data-stat=""box_score_text""><a href=""/boxscores/197002250NOB.html"">Box Score</a></td><td class=""center iz"" data-stat=""overtimes""></td><td class=""right"" data-stat=""attendance"">795</td><td class=""left"" data-stat=""game_remarks"">at Los Angeles, CA</td></tr>"
123,"<tr><th class=""left"" csk=""197002250MMF"" data-stat=""date_game"" scope=""row""><a href=""/boxscores/index.fcgi?month=2&amp;day=25&amp;year=1970"">Wed, Feb 25, 1970</a></th><td class=""left"" csk=""PTP.197002250MMF"" data-stat=""visitor_team_name""><a href=""/teams/PTP/1970.html"">Pittsburgh Pipers</a></td><td class=""right"" data-stat=""visitor_pts"">115</td><td class=""left"" csk=""MMF.197002250MMF"" data-stat=""home_team_name""><a href=""/teams/MMF/1970.html"">Miami Floridians</a></td><td class=""right"" data-stat=""home_pts"">124</td><td class=""center"" data-stat=""box_score_text""><a href=""/boxscores/197002250MMF.html"">Box Score</a></td><td class=""center iz"" data-stat=""overtimes""></td><td class=""right"" data-stat=""attendance"">2,072</td><td class=""left iz"" data-stat=""game_remarks""></td></tr>"
125,"<tr><th class=""left"" csk=""197002250LAS"" data-stat=""date_game"" scope=""row""><a href=""/boxscores/index.fcgi?month=2&amp;day=25&amp;year=1970"">Wed, Feb 25, 1970</a></th><td class=""left"" csk=""DLC.197002250LAS"" data-stat=""visitor_team_name""><a href=""/teams/DLC/1970.html"">Dallas Chaparrals</a></td><td class=""right"" data-stat=""visitor_pts"">147</td><td class=""left"" csk=""LAS.197002250LAS"" data-stat=""home_team_name""><a href=""/teams/LAS/1970.html"">Los Angeles Stars</a></td><td class=""right"" data-stat=""home_pts"">142</td><td class=""center"" data-stat=""box_score_text""><a href=""/boxscores/197002250LAS.html"">Box Score</a></td><td class=""center iz"" data-stat=""overtimes""></td><td class=""right"" data-stat=""attendance"">795</td><td class=""left iz"" data-stat=""game_remarks""></td></tr>"
127,"<tr><th class=""left"" csk=""197002250DNR"" data-stat=""date_game"" scope=""row""><a href=""/boxscores/index.fcgi?month=2&amp;day=25&amp;year=1970"">Wed, Feb 25, 1970</a></th><td class=""left"" csk=""CAR.197002250DNR"" data-stat=""visitor_team_name""><a href=""/teams/CAR/1970.html"">Carolina Cougars</a></td><td class=""right"" data-stat=""visitor_pts"">110</td><td class=""left"" csk=""DNR.197002250DNR"" data-stat=""home_team_name""><a href=""/teams/DNR/1970.html"">Denver Rockets</a></td><td class=""right"" data-stat=""home_pts"">120</td><td class=""center"" data-stat=""box_score_text""><a href=""/boxscores/197002250DNR.html"">Box Score</a></td><td class=""center iz"" data-stat=""overtimes""></td><td class=""right"" data-stat=""attendance"">6,142</td><td class=""left iz"" data-stat=""game_remarks""></td></tr>"
129,"<tr><th class=""left"" csk=""197002260KEN"" data-stat=""date_game"" scope=""row""><a href=""/boxscores/index.fcgi?month=2&amp;day=26&amp;year=1970"">Thu, Feb 26, 1970</a></th><td class=""left"" csk=""PTP.197002260KEN"" data-stat=""visitor_team_name""><a href=""/teams/PTP/1970.html"">Pittsburgh Pipers</a></td><td class=""right"" data-stat=""visitor_pts"">113</td><td class=""left"" csk=""KEN.197002260KEN"" data-stat=""home_team_name""><a href=""/teams/KEN/1970.html"">Kentucky Colonels</a></td><td class=""right"" data-stat=""home_pts"">106</td><td class=""center"" data-stat=""box_score_text""><a href=""/boxscores/197002260KEN.html"">Box Score</a></td><td class=""center iz"" data-stat=""overtimes""></td><td class=""right"" data-stat=""attendance"">4,387</td><td class=""left iz"" data-stat=""game_remarks""></td></tr>"
131,"<tr><th class=""left"" csk=""197002270NYA"" data-stat=""date_game"" scope=""row""><a href=""/boxscores/index.fcgi?month=2&amp;day=27&amp;year=1970"">Fri, Feb 27, 1970</a></th><td class=""left"" csk=""MMF.197002270NYA"" data-stat=""visitor_team_name""><a href=""/teams/MMF/1970.html"">Miami Floridians</a></td><td class=""right"" data-stat=""visitor_pts"">113</td><td class=""left"" csk=""NYA.197002270NYA"" data-stat=""home_team_name""><a href=""/teams/NYA/1970.html"">New York Nets</a></td><td class=""right"" data-stat=""home_pts"">122</td><td class=""center"" data-stat=""box_score_text""><a href=""/boxscores/197002270NYA.html"">Box Score</a></td><td class=""center iz"" data-stat=""overtimes""></td><td class=""right"" data-stat=""attendance"">5,767</td><td class=""left iz"" data-stat=""game_remarks""></td></tr>"
133,"<tr><th class=""left"" csk=""197002270NOB"" data-stat=""date_game"" scope=""row""><a href=""/boxscores/index.fcgi?month=2&amp;day=27&amp;year=1970"">Fri, Feb 27, 1970</a></th><td class=""left"" csk=""LAS.197002270NOB"" data-stat=""visitor_team_name""><a href=""/teams/LAS/1970.html"">Los Angeles Stars</a></td><td class=""right"" data-stat=""visitor_pts"">129</td><td class=""left"" csk=""NOB.197002270NOB"" data-stat=""home_team_name""><a href=""/teams/NOB/1970.html"">New Orleans Buccaneers</a></td><td class=""right"" data-stat=""home_pts"">119</td><td class=""center"" data-stat=""box_score_text""><a href=""/boxscores/197002270NOB.html"">Box Score</a></td><td class=""center iz"" data-stat=""overtimes""></td><td class=""right"" data-stat=""attendance"">3,289</td><td class=""left iz"" data-stat=""game_remarks""></td></tr>"
135,"<tr><th class=""left"" csk=""197002270DNR"" data-stat=""date_game"" scope=""row""><a href=""/boxscores/index.fcgi?month=2&amp;day=27&amp;year=1970"">Fri, Feb 27, 1970</a></th><td class=""left"" csk=""INA.197002270DNR"" data-stat=""visitor_team_name""><a href=""/teams/INA/1970.html"">Indiana Pacers</a></td><td class=""right"" data-stat=""visitor_pts"">100</td><td class=""left"" csk=""DNR.197002270DNR"" data-stat=""home_team_name""><a href=""/teams/DNR/1970.html"">Denver Rockets</a></td><td class=""right"" data-stat=""home_pts"">132</td><td class=""center"" data-stat=""box_score_text""><a href=""/boxscores/197002270DNR.html"">Box Score</a></td><td class=""center iz"" data-stat=""overtimes""></td><td class=""right"" data-stat=""attendance"">7,112</td><td class=""left iz"" data-stat=""game_remarks""></td></tr>"
137,"<tr><th class=""left"" csk=""197002270DLC"" data-stat=""date_game"" scope=""row""><a href=""/boxscores/index.fcgi?month=2&amp;day=27&amp;year=1970"">Fri, Feb 27, 1970</a></th><td class=""left"" csk=""CAR.197002270DLC"" data-stat=""visitor_team_name""><a href=""/teams/CAR/1970.html"">Carolina Cougars</a></td><td class=""right"" data-stat=""visitor_pts"">110</td><td class=""left"" csk=""DLC.197002270DLC"" data-stat=""home_team_name""><a href=""/teams/DLC/1970.html"">Dallas Chaparrals</a></td><td class=""right"" data-stat=""home_pts"">103</td><td class=""center"" data-stat=""box_score_text""><a href=""/boxscores/197002270DLC.html"">Box Score</a></td><td class=""center iz"" data-stat=""overtimes""></td><td class=""right"" data-stat=""attendance"">6,235</td><td class=""left iz"" data-stat=""game_remarks""></td></tr>"
139,"<tr><th class=""left"" csk=""197002280KEN"" data-stat=""date_game"" scope=""row""><a href=""/boxscores/index.fcgi?month=2&amp;day=28&amp;year=1970"">Sat, Feb 28, 1970</a></th><td class=""left"" csk=""MMF.197002280KEN"" data-stat=""visitor_team_name""><a href=""/teams/MMF/1970.html"">Miami Floridians</a></td><td class=""right"" data-stat=""visitor_pts"">111</td><td class=""left"" csk=""KEN.197002280KEN"" data-stat=""home_team_name""><a href=""/teams/KEN/1970.html"">Kentucky Colonels</a></td><td class=""right"" data-stat=""home_pts"">115</td><td class=""center"" data-stat=""box_score_text""><a href=""/boxscores/197002280KEN.html"">Box Score</a></td><td class=""center iz"" data-stat=""overtimes""></td><td class=""right"" data-stat=""attendance"">3,122</td><td class=""left iz"" data-stat=""game_remarks""></td></tr>"
141,"<tr><th class=""left"" csk=""197002280NOB"" data-stat=""date_game"" scope=""row""><a href=""/boxscores/index.fcgi?month=2&amp;day=28&amp;year=1970"">Sat, Feb 28, 1970</a></th><td class=""left"" csk=""LAS.197002280NOB"" data-stat=""visitor_team_name""><a href=""/teams/LAS/1970.html"">Los Angeles Stars</a></td><td class=""right"" data-stat=""visitor_pts"">105</td><td class=""left"" csk=""NOB.197002280NOB"" data-stat=""home_team_name""><a href=""/teams/NOB/1970.html"">New Orleans Buccaneers</a></td><td class=""right"" data-stat=""home_pts"">101</td><td class=""center"" data-stat=""box_score_text""><a href=""/boxscores/197002280NOB.html"">Box Score</a></td><td class=""center iz"" data-stat=""overtimes""></td><td class=""right"" data-stat=""attendance"">3,742</td><td class=""left"" data-stat=""game_remarks"">at Lafayette, LA</td></tr>"
143,"<tr><th class=""left"" csk=""197002280PTP"" data-stat=""date_game"" scope=""row""><a href=""/boxscores/index.fcgi?month=2&amp;day=28&amp;year=1970"">Sat, Feb 28, 1970</a></th><td class=""left"" csk=""DLC.197002280PTP"" data-stat=""visitor_team_name""><a href=""/teams/DLC/1970.html"">Dallas Chaparrals</a></td><td class=""right"" data-stat=""visitor_pts"">128</td><td class=""left"" csk=""PTP.197002280PTP"" data-stat=""home_team_name""><a href=""/teams/PTP/1970.html"">Pittsburgh Pipers</a></td><td class=""right"" data-stat=""home_pts"">123</td><td class=""center"" data-stat=""box_score_text""><a href=""/boxscores/197002280PTP.html"">Box Score</a></td><td class=""center iz"" data-stat=""overtimes""></td><td class=""right iz"" data-stat=""attendance""></td><td class=""left"" data-stat=""game_remarks"">at California, PA</td></tr>"
145,"<tr><th class=""left"" csk=""197002280WSA"" data-stat=""date_game"" scope=""row""><a href=""/boxscores/index.fcgi?month=2&amp;day=28&amp;year=1970"">Sat, Feb 28, 1970</a></th><td class=""left"" csk=""NYA.197002280WSA"" data-stat=""visitor_team_name""><a href=""/teams/NYA/1970.html"">New York Nets</a></td><td class=""right"" data-stat=""visitor_pts"">116</td><td class=""left"" csk=""WSA.197002280WSA"" data-stat=""home_team_name""><a href=""/teams/WSA/1970.html"">Washington Capitols</a></td><td class=""right"" data-stat=""home_pts"">119</td><td class=""center"" data-stat=""box_score_text""><a href=""/boxscores/197002280WSA.html"">Box Score</a></td><td class=""center iz"" data-stat=""overtimes""></td><td class=""right"" data-stat=""attendance"">3,549</td><td class=""left iz"" data-stat=""game_remarks""></td></tr>"
