,0
1,"<tr><th class=""left"" csk=""196711010DNR"" data-stat=""date_game"" scope=""row""><a href=""/boxscores/index.fcgi?month=11&amp;day=1&amp;year=1967"">Wed, Nov 1, 1967</a></th><td class=""left"" csk=""PTP.196711010DNR"" data-stat=""visitor_team_name""><a href=""/teams/PTP/1968.html"">Pittsburgh Pipers</a></td><td class=""right"" data-stat=""visitor_pts"">112</td><td class=""left"" csk=""DNR.196711010DNR"" data-stat=""home_team_name""><a href=""/teams/DNR/1968.html"">Denver Rockets</a></td><td class=""right"" data-stat=""home_pts"">103</td><td class=""center"" data-stat=""box_score_text""><a href=""/boxscores/196711010DNR.html"">Box Score</a></td><td class=""center"" data-stat=""overtimes"">OT</td><td class=""right iz"" data-stat=""attendance""></td><td class=""left iz"" data-stat=""game_remarks""></td></tr>"
3,"<tr><th class=""left"" csk=""196711010INA"" data-stat=""date_game"" scope=""row""><a href=""/boxscores/index.fcgi?month=11&amp;day=1&amp;year=1967"">Wed, Nov 1, 1967</a></th><td class=""left"" csk=""NJA.196711010INA"" data-stat=""visitor_team_name""><a href=""/teams/NJA/1968.html"">New Jersey Americans</a></td><td class=""right"" data-stat=""visitor_pts"">113</td><td class=""left"" csk=""INA.196711010INA"" data-stat=""home_team_name""><a href=""/teams/INA/1968.html"">Indiana Pacers</a></td><td class=""right"" data-stat=""home_pts"">123</td><td class=""center"" data-stat=""box_score_text""><a href=""/boxscores/196711010INA.html"">Box Score</a></td><td class=""center iz"" data-stat=""overtimes""></td><td class=""right iz"" data-stat=""attendance""></td><td class=""left iz"" data-stat=""game_remarks""></td></tr>"
5,"<tr><th class=""left"" csk=""196711020MNM"" data-stat=""date_game"" scope=""row""><a href=""/boxscores/index.fcgi?month=11&amp;day=2&amp;year=1967"">Thu, Nov 2, 1967</a></th><td class=""left"" csk=""INA.196711020MNM"" data-stat=""visitor_team_name""><a href=""/teams/INA/1968.html"">Indiana Pacers</a></td><td class=""right"" data-stat=""visitor_pts"">84</td><td class=""left"" csk=""MNM.196711020MNM"" data-stat=""home_team_name""><a href=""/teams/MNM/1968.html"">Minnesota Muskies</a></td><td class=""right"" data-stat=""home_pts"">109</td><td class=""center"" data-stat=""box_score_text""><a href=""/boxscores/196711020MNM.html"">Box Score</a></td><td class=""center iz"" data-stat=""overtimes""></td><td class=""right iz"" data-stat=""attendance""></td><td class=""left iz"" data-stat=""game_remarks""></td></tr>"
7,"<tr><th class=""left"" csk=""196711020NOB"" data-stat=""date_game"" scope=""row""><a href=""/boxscores/index.fcgi?month=11&amp;day=2&amp;year=1967"">Thu, Nov 2, 1967</a></th><td class=""left"" csk=""NJA.196711020NOB"" data-stat=""visitor_team_name""><a href=""/teams/NJA/1968.html"">New Jersey Americans</a></td><td class=""right"" data-stat=""visitor_pts"">117</td><td class=""left"" csk=""NOB.196711020NOB"" data-stat=""home_team_name""><a href=""/teams/NOB/1968.html"">New Orleans Buccaneers</a></td><td class=""right"" data-stat=""home_pts"">141</td><td class=""center"" data-stat=""box_score_text""><a href=""/boxscores/196711020NOB.html"">Box Score</a></td><td class=""center iz"" data-stat=""overtimes""></td><td class=""right iz"" data-stat=""attendance""></td><td class=""left iz"" data-stat=""game_remarks""></td></tr>"
9,"<tr><th class=""left"" csk=""196711020OAK"" data-stat=""date_game"" scope=""row""><a href=""/boxscores/index.fcgi?month=11&amp;day=2&amp;year=1967"">Thu, Nov 2, 1967</a></th><td class=""left"" csk=""PTP.196711020OAK"" data-stat=""visitor_team_name""><a href=""/teams/PTP/1968.html"">Pittsburgh Pipers</a></td><td class=""right"" data-stat=""visitor_pts"">111</td><td class=""left"" csk=""OAK.196711020OAK"" data-stat=""home_team_name""><a href=""/teams/OAK/1968.html"">Oakland Oaks</a></td><td class=""right"" data-stat=""home_pts"">107</td><td class=""center"" data-stat=""box_score_text""><a href=""/boxscores/196711020OAK.html"">Box Score</a></td><td class=""center iz"" data-stat=""overtimes""></td><td class=""right iz"" data-stat=""attendance""></td><td class=""left iz"" data-stat=""game_remarks""></td></tr>"
11,"<tr><th class=""left"" csk=""196711030ANA"" data-stat=""date_game"" scope=""row""><a href=""/boxscores/index.fcgi?month=11&amp;day=3&amp;year=1967"">Fri, Nov 3, 1967</a></th><td class=""left"" csk=""PTP.196711030ANA"" data-stat=""visitor_team_name""><a href=""/teams/PTP/1968.html"">Pittsburgh Pipers</a></td><td class=""right"" data-stat=""visitor_pts"">94</td><td class=""left"" csk=""ANA.196711030ANA"" data-stat=""home_team_name""><a href=""/teams/ANA/1968.html"">Anaheim Amigos</a></td><td class=""right"" data-stat=""home_pts"">101</td><td class=""center"" data-stat=""box_score_text""><a href=""/boxscores/196711030ANA.html"">Box Score</a></td><td class=""center iz"" data-stat=""overtimes""></td><td class=""right iz"" data-stat=""attendance""></td><td class=""left iz"" data-stat=""game_remarks""></td></tr>"
13,"<tr><th class=""left"" csk=""196711040KEN"" data-stat=""date_game"" scope=""row""><a href=""/boxscores/index.fcgi?month=11&amp;day=4&amp;year=1967"">Sat, Nov 4, 1967</a></th><td class=""left"" csk=""ANA.196711040KEN"" data-stat=""visitor_team_name""><a href=""/teams/ANA/1968.html"">Anaheim Amigos</a></td><td class=""right"" data-stat=""visitor_pts"">103</td><td class=""left"" csk=""KEN.196711040KEN"" data-stat=""home_team_name""><a href=""/teams/KEN/1968.html"">Kentucky Colonels</a></td><td class=""right"" data-stat=""home_pts"">104</td><td class=""center"" data-stat=""box_score_text""><a href=""/boxscores/196711040KEN.html"">Box Score</a></td><td class=""center iz"" data-stat=""overtimes""></td><td class=""right iz"" data-stat=""attendance""></td><td class=""left iz"" data-stat=""game_remarks""></td></tr>"
15,"<tr><th class=""left"" csk=""196711040NOB"" data-stat=""date_game"" scope=""row""><a href=""/boxscores/index.fcgi?month=11&amp;day=4&amp;year=1967"">Sat, Nov 4, 1967</a></th><td class=""left"" csk=""HSM.196711040NOB"" data-stat=""visitor_team_name""><a href=""/teams/HSM/1968.html"">Houston Mavericks</a></td><td class=""right"" data-stat=""visitor_pts"">105</td><td class=""left"" csk=""NOB.196711040NOB"" data-stat=""home_team_name""><a href=""/teams/NOB/1968.html"">New Orleans Buccaneers</a></td><td class=""right"" data-stat=""home_pts"">120</td><td class=""center"" data-stat=""box_score_text""><a href=""/boxscores/196711040NOB.html"">Box Score</a></td><td class=""center iz"" data-stat=""overtimes""></td><td class=""right iz"" data-stat=""attendance""></td><td class=""left iz"" data-stat=""game_remarks""></td></tr>"
17,"<tr><th class=""left"" csk=""196711050MNM"" data-stat=""date_game"" scope=""row""><a href=""/boxscores/index.fcgi?month=11&amp;day=5&amp;year=1967"">Sun, Nov 5, 1967</a></th><td class=""left"" csk=""ANA.196711050MNM"" data-stat=""visitor_team_name""><a href=""/teams/ANA/1968.html"">Anaheim Amigos</a></td><td class=""right"" data-stat=""visitor_pts"">92</td><td class=""left"" csk=""MNM.196711050MNM"" data-stat=""home_team_name""><a href=""/teams/MNM/1968.html"">Minnesota Muskies</a></td><td class=""right"" data-stat=""home_pts"">119</td><td class=""center"" data-stat=""box_score_text""><a href=""/boxscores/196711050MNM.html"">Box Score</a></td><td class=""center iz"" data-stat=""overtimes""></td><td class=""right iz"" data-stat=""attendance""></td><td class=""left iz"" data-stat=""game_remarks""></td></tr>"
19,"<tr><th class=""left"" csk=""196711060NOB"" data-stat=""date_game"" scope=""row""><a href=""/boxscores/index.fcgi?month=11&amp;day=6&amp;year=1967"">Mon, Nov 6, 1967</a></th><td class=""left"" csk=""OAK.196711060NOB"" data-stat=""visitor_team_name""><a href=""/teams/OAK/1968.html"">Oakland Oaks</a></td><td class=""right"" data-stat=""visitor_pts"">125</td><td class=""left"" csk=""NOB.196711060NOB"" data-stat=""home_team_name""><a href=""/teams/NOB/1968.html"">New Orleans Buccaneers</a></td><td class=""right"" data-stat=""home_pts"">136</td><td class=""center"" data-stat=""box_score_text""><a href=""/boxscores/196711060NOB.html"">Box Score</a></td><td class=""center iz"" data-stat=""overtimes""></td><td class=""right iz"" data-stat=""attendance""></td><td class=""left iz"" data-stat=""game_remarks""></td></tr>"
21,"<tr><th class=""left"" csk=""196711060KEN"" data-stat=""date_game"" scope=""row""><a href=""/boxscores/index.fcgi?month=11&amp;day=6&amp;year=1967"">Mon, Nov 6, 1967</a></th><td class=""left"" csk=""INA.196711060KEN"" data-stat=""visitor_team_name""><a href=""/teams/INA/1968.html"">Indiana Pacers</a></td><td class=""right"" data-stat=""visitor_pts"">105</td><td class=""left"" csk=""KEN.196711060KEN"" data-stat=""home_team_name""><a href=""/teams/KEN/1968.html"">Kentucky Colonels</a></td><td class=""right"" data-stat=""home_pts"">95</td><td class=""center"" data-stat=""box_score_text""><a href=""/boxscores/196711060KEN.html"">Box Score</a></td><td class=""center iz"" data-stat=""overtimes""></td><td class=""right iz"" data-stat=""attendance""></td><td class=""left iz"" data-stat=""game_remarks""></td></tr>"
23,"<tr><th class=""left"" csk=""196711060DNR"" data-stat=""date_game"" scope=""row""><a href=""/boxscores/index.fcgi?month=11&amp;day=6&amp;year=1967"">Mon, Nov 6, 1967</a></th><td class=""left"" csk=""ANA.196711060DNR"" data-stat=""visitor_team_name""><a href=""/teams/ANA/1968.html"">Anaheim Amigos</a></td><td class=""right"" data-stat=""visitor_pts"">100</td><td class=""left"" csk=""DNR.196711060DNR"" data-stat=""home_team_name""><a href=""/teams/DNR/1968.html"">Denver Rockets</a></td><td class=""right"" data-stat=""home_pts"">121</td><td class=""center"" data-stat=""box_score_text""><a href=""/boxscores/196711060DNR.html"">Box Score</a></td><td class=""center iz"" data-stat=""overtimes""></td><td class=""right iz"" data-stat=""attendance""></td><td class=""left iz"" data-stat=""game_remarks""></td></tr>"
25,"<tr><th class=""left"" csk=""196711070DLC"" data-stat=""date_game"" scope=""row""><a href=""/boxscores/index.fcgi?month=11&amp;day=7&amp;year=1967"">Tue, Nov 7, 1967</a></th><td class=""left"" csk=""OAK.196711070DLC"" data-stat=""visitor_team_name""><a href=""/teams/OAK/1968.html"">Oakland Oaks</a></td><td class=""right"" data-stat=""visitor_pts"">112</td><td class=""left"" csk=""DLC.196711070DLC"" data-stat=""home_team_name""><a href=""/teams/DLC/1968.html"">Dallas Chaparrals</a></td><td class=""right"" data-stat=""home_pts"">118</td><td class=""center"" data-stat=""box_score_text""><a href=""/boxscores/196711070DLC.html"">Box Score</a></td><td class=""center iz"" data-stat=""overtimes""></td><td class=""right iz"" data-stat=""attendance""></td><td class=""left iz"" data-stat=""game_remarks""></td></tr>"
27,"<tr><th class=""left"" csk=""196711070PTP"" data-stat=""date_game"" scope=""row""><a href=""/boxscores/index.fcgi?month=11&amp;day=7&amp;year=1967"">Tue, Nov 7, 1967</a></th><td class=""left"" csk=""INA.196711070PTP"" data-stat=""visitor_team_name""><a href=""/teams/INA/1968.html"">Indiana Pacers</a></td><td class=""right"" data-stat=""visitor_pts"">100</td><td class=""left"" csk=""PTP.196711070PTP"" data-stat=""home_team_name""><a href=""/teams/PTP/1968.html"">Pittsburgh Pipers</a></td><td class=""right"" data-stat=""home_pts"">83</td><td class=""center"" data-stat=""box_score_text""><a href=""/boxscores/196711070PTP.html"">Box Score</a></td><td class=""center iz"" data-stat=""overtimes""></td><td class=""right iz"" data-stat=""attendance""></td><td class=""left iz"" data-stat=""game_remarks""></td></tr>"
29,"<tr><th class=""left"" csk=""196711080ANA"" data-stat=""date_game"" scope=""row""><a href=""/boxscores/index.fcgi?month=11&amp;day=8&amp;year=1967"">Wed, Nov 8, 1967</a></th><td class=""left"" csk=""HSM.196711080ANA"" data-stat=""visitor_team_name""><a href=""/teams/HSM/1968.html"">Houston Mavericks</a></td><td class=""right"" data-stat=""visitor_pts"">100</td><td class=""left"" csk=""ANA.196711080ANA"" data-stat=""home_team_name""><a href=""/teams/ANA/1968.html"">Anaheim Amigos</a></td><td class=""right"" data-stat=""home_pts"">104</td><td class=""center"" data-stat=""box_score_text""><a href=""/boxscores/196711080ANA.html"">Box Score</a></td><td class=""center iz"" data-stat=""overtimes""></td><td class=""right iz"" data-stat=""attendance""></td><td class=""left iz"" data-stat=""game_remarks""></td></tr>"
31,"<tr><th class=""left"" csk=""196711080DNR"" data-stat=""date_game"" scope=""row""><a href=""/boxscores/index.fcgi?month=11&amp;day=8&amp;year=1967"">Wed, Nov 8, 1967</a></th><td class=""left"" csk=""OAK.196711080DNR"" data-stat=""visitor_team_name""><a href=""/teams/OAK/1968.html"">Oakland Oaks</a></td><td class=""right"" data-stat=""visitor_pts"">97</td><td class=""left"" csk=""DNR.196711080DNR"" data-stat=""home_team_name""><a href=""/teams/DNR/1968.html"">Denver Rockets</a></td><td class=""right"" data-stat=""home_pts"">118</td><td class=""center"" data-stat=""box_score_text""><a href=""/boxscores/196711080DNR.html"">Box Score</a></td><td class=""center iz"" data-stat=""overtimes""></td><td class=""right iz"" data-stat=""attendance""></td><td class=""left iz"" data-stat=""game_remarks""></td></tr>"
33,"<tr><th class=""left"" csk=""196711080INA"" data-stat=""date_game"" scope=""row""><a href=""/boxscores/index.fcgi?month=11&amp;day=8&amp;year=1967"">Wed, Nov 8, 1967</a></th><td class=""left"" csk=""NOB.196711080INA"" data-stat=""visitor_team_name""><a href=""/teams/NOB/1968.html"">New Orleans Buccaneers</a></td><td class=""right"" data-stat=""visitor_pts"">101</td><td class=""left"" csk=""INA.196711080INA"" data-stat=""home_team_name""><a href=""/teams/INA/1968.html"">Indiana Pacers</a></td><td class=""right"" data-stat=""home_pts"">109</td><td class=""center"" data-stat=""box_score_text""><a href=""/boxscores/196711080INA.html"">Box Score</a></td><td class=""center iz"" data-stat=""overtimes""></td><td class=""right iz"" data-stat=""attendance""></td><td class=""left iz"" data-stat=""game_remarks""></td></tr>"
35,"<tr><th class=""left"" csk=""196711080KEN"" data-stat=""date_game"" scope=""row""><a href=""/boxscores/index.fcgi?month=11&amp;day=8&amp;year=1967"">Wed, Nov 8, 1967</a></th><td class=""left"" csk=""MNM.196711080KEN"" data-stat=""visitor_team_name""><a href=""/teams/MNM/1968.html"">Minnesota Muskies</a></td><td class=""right"" data-stat=""visitor_pts"">106</td><td class=""left"" csk=""KEN.196711080KEN"" data-stat=""home_team_name""><a href=""/teams/KEN/1968.html"">Kentucky Colonels</a></td><td class=""right"" data-stat=""home_pts"">92</td><td class=""center"" data-stat=""box_score_text""><a href=""/boxscores/196711080KEN.html"">Box Score</a></td><td class=""center iz"" data-stat=""overtimes""></td><td class=""right iz"" data-stat=""attendance""></td><td class=""left iz"" data-stat=""game_remarks""></td></tr>"
37,"<tr><th class=""left"" csk=""196711080NJA"" data-stat=""date_game"" scope=""row""><a href=""/boxscores/index.fcgi?month=11&amp;day=8&amp;year=1967"">Wed, Nov 8, 1967</a></th><td class=""left"" csk=""PTP.196711080NJA"" data-stat=""visitor_team_name""><a href=""/teams/PTP/1968.html"">Pittsburgh Pipers</a></td><td class=""right"" data-stat=""visitor_pts"">97</td><td class=""left"" csk=""NJA.196711080NJA"" data-stat=""home_team_name""><a href=""/teams/NJA/1968.html"">New Jersey Americans</a></td><td class=""right"" data-stat=""home_pts"">120</td><td class=""center"" data-stat=""box_score_text""><a href=""/boxscores/196711080NJA.html"">Box Score</a></td><td class=""center iz"" data-stat=""overtimes""></td><td class=""right iz"" data-stat=""attendance""></td><td class=""left iz"" data-stat=""game_remarks""></td></tr>"
39,"<tr><th class=""left"" csk=""196711090PTP"" data-stat=""date_game"" scope=""row""><a href=""/boxscores/index.fcgi?month=11&amp;day=9&amp;year=1967"">Thu, Nov 9, 1967</a></th><td class=""left"" csk=""MNM.196711090PTP"" data-stat=""visitor_team_name""><a href=""/teams/MNM/1968.html"">Minnesota Muskies</a></td><td class=""right"" data-stat=""visitor_pts"">86</td><td class=""left"" csk=""PTP.196711090PTP"" data-stat=""home_team_name""><a href=""/teams/PTP/1968.html"">Pittsburgh Pipers</a></td><td class=""right"" data-stat=""home_pts"">97</td><td class=""center"" data-stat=""box_score_text""><a href=""/boxscores/196711090PTP.html"">Box Score</a></td><td class=""center iz"" data-stat=""overtimes""></td><td class=""right iz"" data-stat=""attendance""></td><td class=""left iz"" data-stat=""game_remarks""></td></tr>"
41,"<tr><th class=""left"" csk=""196711090OAK"" data-stat=""date_game"" scope=""row""><a href=""/boxscores/index.fcgi?month=11&amp;day=9&amp;year=1967"">Thu, Nov 9, 1967</a></th><td class=""left"" csk=""HSM.196711090OAK"" data-stat=""visitor_team_name""><a href=""/teams/HSM/1968.html"">Houston Mavericks</a></td><td class=""right"" data-stat=""visitor_pts"">98</td><td class=""left"" csk=""OAK.196711090OAK"" data-stat=""home_team_name""><a href=""/teams/OAK/1968.html"">Oakland Oaks</a></td><td class=""right"" data-stat=""home_pts"">99</td><td class=""center"" data-stat=""box_score_text""><a href=""/boxscores/196711090OAK.html"">Box Score</a></td><td class=""center iz"" data-stat=""overtimes""></td><td class=""right iz"" data-stat=""attendance""></td><td class=""left iz"" data-stat=""game_remarks""></td></tr>"
43,"<tr><th class=""left"" csk=""196711100DNR"" data-stat=""date_game"" scope=""row""><a href=""/boxscores/index.fcgi?month=11&amp;day=10&amp;year=1967"">Fri, Nov 10, 1967</a></th><td class=""left"" csk=""HSM.196711100DNR"" data-stat=""visitor_team_name""><a href=""/teams/HSM/1968.html"">Houston Mavericks</a></td><td class=""right"" data-stat=""visitor_pts"">86</td><td class=""left"" csk=""DNR.196711100DNR"" data-stat=""home_team_name""><a href=""/teams/DNR/1968.html"">Denver Rockets</a></td><td class=""right"" data-stat=""home_pts"">88</td><td class=""center"" data-stat=""box_score_text""><a href=""/boxscores/196711100DNR.html"">Box Score</a></td><td class=""center"" data-stat=""overtimes"">OT</td><td class=""right iz"" data-stat=""attendance""></td><td class=""left iz"" data-stat=""game_remarks""></td></tr>"
45,"<tr><th class=""left"" csk=""196711100KEN"" data-stat=""date_game"" scope=""row""><a href=""/boxscores/index.fcgi?month=11&amp;day=10&amp;year=1967"">Fri, Nov 10, 1967</a></th><td class=""left"" csk=""DLC.196711100KEN"" data-stat=""visitor_team_name""><a href=""/teams/DLC/1968.html"">Dallas Chaparrals</a></td><td class=""right"" data-stat=""visitor_pts"">104</td><td class=""left"" csk=""KEN.196711100KEN"" data-stat=""home_team_name""><a href=""/teams/KEN/1968.html"">Kentucky Colonels</a></td><td class=""right"" data-stat=""home_pts"">102</td><td class=""center"" data-stat=""box_score_text""><a href=""/boxscores/196711100KEN.html"">Box Score</a></td><td class=""center iz"" data-stat=""overtimes""></td><td class=""right iz"" data-stat=""attendance""></td><td class=""left iz"" data-stat=""game_remarks""></td></tr>"
47,"<tr><th class=""left"" csk=""196711100NJA"" data-stat=""date_game"" scope=""row""><a href=""/boxscores/index.fcgi?month=11&amp;day=10&amp;year=1967"">Fri, Nov 10, 1967</a></th><td class=""left"" csk=""MNM.196711100NJA"" data-stat=""visitor_team_name""><a href=""/teams/MNM/1968.html"">Minnesota Muskies</a></td><td class=""right"" data-stat=""visitor_pts"">120</td><td class=""left"" csk=""NJA.196711100NJA"" data-stat=""home_team_name""><a href=""/teams/NJA/1968.html"">New Jersey Americans</a></td><td class=""right"" data-stat=""home_pts"">110</td><td class=""center"" data-stat=""box_score_text""><a href=""/boxscores/196711100NJA.html"">Box Score</a></td><td class=""center iz"" data-stat=""overtimes""></td><td class=""right iz"" data-stat=""attendance""></td><td class=""left iz"" data-stat=""game_remarks""></td></tr>"
49,"<tr><th class=""left"" csk=""196711110NOB"" data-stat=""date_game"" scope=""row""><a href=""/boxscores/index.fcgi?month=11&amp;day=11&amp;year=1967"">Sat, Nov 11, 1967</a></th><td class=""left"" csk=""DNR.196711110NOB"" data-stat=""visitor_team_name""><a href=""/teams/DNR/1968.html"">Denver Rockets</a></td><td class=""right"" data-stat=""visitor_pts"">107</td><td class=""left"" csk=""NOB.196711110NOB"" data-stat=""home_team_name""><a href=""/teams/NOB/1968.html"">New Orleans Buccaneers</a></td><td class=""right"" data-stat=""home_pts"">131</td><td class=""center"" data-stat=""box_score_text""><a href=""/boxscores/196711110NOB.html"">Box Score</a></td><td class=""center iz"" data-stat=""overtimes""></td><td class=""right iz"" data-stat=""attendance""></td><td class=""left iz"" data-stat=""game_remarks""></td></tr>"
51,"<tr><th class=""left"" csk=""196711110INA"" data-stat=""date_game"" scope=""row""><a href=""/boxscores/index.fcgi?month=11&amp;day=11&amp;year=1967"">Sat, Nov 11, 1967</a></th><td class=""left"" csk=""DLC.196711110INA"" data-stat=""visitor_team_name""><a href=""/teams/DLC/1968.html"">Dallas Chaparrals</a></td><td class=""right"" data-stat=""visitor_pts"">103</td><td class=""left"" csk=""INA.196711110INA"" data-stat=""home_team_name""><a href=""/teams/INA/1968.html"">Indiana Pacers</a></td><td class=""right"" data-stat=""home_pts"">126</td><td class=""center"" data-stat=""box_score_text""><a href=""/boxscores/196711110INA.html"">Box Score</a></td><td class=""center iz"" data-stat=""overtimes""></td><td class=""right iz"" data-stat=""attendance""></td><td class=""left iz"" data-stat=""game_remarks""></td></tr>"
53,"<tr><th class=""left"" csk=""196711120DNR"" data-stat=""date_game"" scope=""row""><a href=""/boxscores/index.fcgi?month=11&amp;day=12&amp;year=1967"">Sun, Nov 12, 1967</a></th><td class=""left"" csk=""INA.196711120DNR"" data-stat=""visitor_team_name""><a href=""/teams/INA/1968.html"">Indiana Pacers</a></td><td class=""right"" data-stat=""visitor_pts"">103</td><td class=""left"" csk=""DNR.196711120DNR"" data-stat=""home_team_name""><a href=""/teams/DNR/1968.html"">Denver Rockets</a></td><td class=""right"" data-stat=""home_pts"">110</td><td class=""center"" data-stat=""box_score_text""><a href=""/boxscores/196711120DNR.html"">Box Score</a></td><td class=""center iz"" data-stat=""overtimes""></td><td class=""right iz"" data-stat=""attendance""></td><td class=""left iz"" data-stat=""game_remarks""></td></tr>"
55,"<tr><th class=""left"" csk=""196711120MNM"" data-stat=""date_game"" scope=""row""><a href=""/boxscores/index.fcgi?month=11&amp;day=12&amp;year=1967"">Sun, Nov 12, 1967</a></th><td class=""left"" csk=""OAK.196711120MNM"" data-stat=""visitor_team_name""><a href=""/teams/OAK/1968.html"">Oakland Oaks</a></td><td class=""right"" data-stat=""visitor_pts"">104</td><td class=""left"" csk=""MNM.196711120MNM"" data-stat=""home_team_name""><a href=""/teams/MNM/1968.html"">Minnesota Muskies</a></td><td class=""right"" data-stat=""home_pts"">108</td><td class=""center"" data-stat=""box_score_text""><a href=""/boxscores/196711120MNM.html"">Box Score</a></td><td class=""center iz"" data-stat=""overtimes""></td><td class=""right iz"" data-stat=""attendance""></td><td class=""left iz"" data-stat=""game_remarks""></td></tr>"
57,"<tr><th class=""left"" csk=""196711120PTP"" data-stat=""date_game"" scope=""row""><a href=""/boxscores/index.fcgi?month=11&amp;day=12&amp;year=1967"">Sun, Nov 12, 1967</a></th><td class=""left"" csk=""NJA.196711120PTP"" data-stat=""visitor_team_name""><a href=""/teams/NJA/1968.html"">New Jersey Americans</a></td><td class=""right"" data-stat=""visitor_pts"">96</td><td class=""left"" csk=""PTP.196711120PTP"" data-stat=""home_team_name""><a href=""/teams/PTP/1968.html"">Pittsburgh Pipers</a></td><td class=""right"" data-stat=""home_pts"">100</td><td class=""center"" data-stat=""box_score_text""><a href=""/boxscores/196711120PTP.html"">Box Score</a></td><td class=""center iz"" data-stat=""overtimes""></td><td class=""right iz"" data-stat=""attendance""></td><td class=""left iz"" data-stat=""game_remarks""></td></tr>"
59,"<tr><th class=""left"" csk=""196711130NOB"" data-stat=""date_game"" scope=""row""><a href=""/boxscores/index.fcgi?month=11&amp;day=13&amp;year=1967"">Mon, Nov 13, 1967</a></th><td class=""left"" csk=""ANA.196711130NOB"" data-stat=""visitor_team_name""><a href=""/teams/ANA/1968.html"">Anaheim Amigos</a></td><td class=""right"" data-stat=""visitor_pts"">98</td><td class=""left"" csk=""NOB.196711130NOB"" data-stat=""home_team_name""><a href=""/teams/NOB/1968.html"">New Orleans Buccaneers</a></td><td class=""right"" data-stat=""home_pts"">106</td><td class=""center"" data-stat=""box_score_text""><a href=""/boxscores/196711130NOB.html"">Box Score</a></td><td class=""center iz"" data-stat=""overtimes""></td><td class=""right iz"" data-stat=""attendance""></td><td class=""left iz"" data-stat=""game_remarks""></td></tr>"
61,"<tr><th class=""left"" csk=""196711130DLC"" data-stat=""date_game"" scope=""row""><a href=""/boxscores/index.fcgi?month=11&amp;day=13&amp;year=1967"">Mon, Nov 13, 1967</a></th><td class=""left"" csk=""INA.196711130DLC"" data-stat=""visitor_team_name""><a href=""/teams/INA/1968.html"">Indiana Pacers</a></td><td class=""right"" data-stat=""visitor_pts"">119</td><td class=""left"" csk=""DLC.196711130DLC"" data-stat=""home_team_name""><a href=""/teams/DLC/1968.html"">Dallas Chaparrals</a></td><td class=""right"" data-stat=""home_pts"">118</td><td class=""center"" data-stat=""box_score_text""><a href=""/boxscores/196711130DLC.html"">Box Score</a></td><td class=""center iz"" data-stat=""overtimes""></td><td class=""right iz"" data-stat=""attendance""></td><td class=""left iz"" data-stat=""game_remarks""></td></tr>"
63,"<tr><th class=""left"" csk=""196711140HSM"" data-stat=""date_game"" scope=""row""><a href=""/boxscores/index.fcgi?month=11&amp;day=14&amp;year=1967"">Tue, Nov 14, 1967</a></th><td class=""left"" csk=""ANA.196711140HSM"" data-stat=""visitor_team_name""><a href=""/teams/ANA/1968.html"">Anaheim Amigos</a></td><td class=""right"" data-stat=""visitor_pts"">106</td><td class=""left"" csk=""HSM.196711140HSM"" data-stat=""home_team_name""><a href=""/teams/HSM/1968.html"">Houston Mavericks</a></td><td class=""right"" data-stat=""home_pts"">113</td><td class=""center"" data-stat=""box_score_text""><a href=""/boxscores/196711140HSM.html"">Box Score</a></td><td class=""center iz"" data-stat=""overtimes""></td><td class=""right iz"" data-stat=""attendance""></td><td class=""left iz"" data-stat=""game_remarks""></td></tr>"
65,"<tr><th class=""left"" csk=""196711140MNM"" data-stat=""date_game"" scope=""row""><a href=""/boxscores/index.fcgi?month=11&amp;day=14&amp;year=1967"">Tue, Nov 14, 1967</a></th><td class=""left"" csk=""KEN.196711140MNM"" data-stat=""visitor_team_name""><a href=""/teams/KEN/1968.html"">Kentucky Colonels</a></td><td class=""right"" data-stat=""visitor_pts"">75</td><td class=""left"" csk=""MNM.196711140MNM"" data-stat=""home_team_name""><a href=""/teams/MNM/1968.html"">Minnesota Muskies</a></td><td class=""right"" data-stat=""home_pts"">125</td><td class=""center"" data-stat=""box_score_text""><a href=""/boxscores/196711140MNM.html"">Box Score</a></td><td class=""center iz"" data-stat=""overtimes""></td><td class=""right iz"" data-stat=""attendance""></td><td class=""left iz"" data-stat=""game_remarks""></td></tr>"
67,"<tr><th class=""left"" csk=""196711140PTP"" data-stat=""date_game"" scope=""row""><a href=""/boxscores/index.fcgi?month=11&amp;day=14&amp;year=1967"">Tue, Nov 14, 1967</a></th><td class=""left"" csk=""OAK.196711140PTP"" data-stat=""visitor_team_name""><a href=""/teams/OAK/1968.html"">Oakland Oaks</a></td><td class=""right"" data-stat=""visitor_pts"">98</td><td class=""left"" csk=""PTP.196711140PTP"" data-stat=""home_team_name""><a href=""/teams/PTP/1968.html"">Pittsburgh Pipers</a></td><td class=""right"" data-stat=""home_pts"">128</td><td class=""center"" data-stat=""box_score_text""><a href=""/boxscores/196711140PTP.html"">Box Score</a></td><td class=""center iz"" data-stat=""overtimes""></td><td class=""right iz"" data-stat=""attendance""></td><td class=""left iz"" data-stat=""game_remarks""></td></tr>"
69,"<tr><th class=""left"" csk=""196711150DLC"" data-stat=""date_game"" scope=""row""><a href=""/boxscores/index.fcgi?month=11&amp;day=15&amp;year=1967"">Wed, Nov 15, 1967</a></th><td class=""left"" csk=""ANA.196711150DLC"" data-stat=""visitor_team_name""><a href=""/teams/ANA/1968.html"">Anaheim Amigos</a></td><td class=""right"" data-stat=""visitor_pts"">116</td><td class=""left"" csk=""DLC.196711150DLC"" data-stat=""home_team_name""><a href=""/teams/DLC/1968.html"">Dallas Chaparrals</a></td><td class=""right"" data-stat=""home_pts"">105</td><td class=""center"" data-stat=""box_score_text""><a href=""/boxscores/196711150DLC.html"">Box Score</a></td><td class=""center iz"" data-stat=""overtimes""></td><td class=""right iz"" data-stat=""attendance""></td><td class=""left iz"" data-stat=""game_remarks""></td></tr>"
71,"<tr><th class=""left"" csk=""196711150INA"" data-stat=""date_game"" scope=""row""><a href=""/boxscores/index.fcgi?month=11&amp;day=15&amp;year=1967"">Wed, Nov 15, 1967</a></th><td class=""left"" csk=""OAK.196711150INA"" data-stat=""visitor_team_name""><a href=""/teams/OAK/1968.html"">Oakland Oaks</a></td><td class=""right"" data-stat=""visitor_pts"">110</td><td class=""left"" csk=""INA.196711150INA"" data-stat=""home_team_name""><a href=""/teams/INA/1968.html"">Indiana Pacers</a></td><td class=""right"" data-stat=""home_pts"">119</td><td class=""center"" data-stat=""box_score_text""><a href=""/boxscores/196711150INA.html"">Box Score</a></td><td class=""center iz"" data-stat=""overtimes""></td><td class=""right iz"" data-stat=""attendance""></td><td class=""left iz"" data-stat=""game_remarks""></td></tr>"
73,"<tr><th class=""left"" csk=""196711150NJA"" data-stat=""date_game"" scope=""row""><a href=""/boxscores/index.fcgi?month=11&amp;day=15&amp;year=1967"">Wed, Nov 15, 1967</a></th><td class=""left"" csk=""NOB.196711150NJA"" data-stat=""visitor_team_name""><a href=""/teams/NOB/1968.html"">New Orleans Buccaneers</a></td><td class=""right"" data-stat=""visitor_pts"">114</td><td class=""left"" csk=""NJA.196711150NJA"" data-stat=""home_team_name""><a href=""/teams/NJA/1968.html"">New Jersey Americans</a></td><td class=""right"" data-stat=""home_pts"">123</td><td class=""center"" data-stat=""box_score_text""><a href=""/boxscores/196711150NJA.html"">Box Score</a></td><td class=""center"" data-stat=""overtimes"">OT</td><td class=""right iz"" data-stat=""attendance""></td><td class=""left iz"" data-stat=""game_remarks""></td></tr>"
75,"<tr><th class=""left"" csk=""196711160MNM"" data-stat=""date_game"" scope=""row""><a href=""/boxscores/index.fcgi?month=11&amp;day=16&amp;year=1967"">Thu, Nov 16, 1967</a></th><td class=""left"" csk=""DNR.196711160MNM"" data-stat=""visitor_team_name""><a href=""/teams/DNR/1968.html"">Denver Rockets</a></td><td class=""right"" data-stat=""visitor_pts"">106</td><td class=""left"" csk=""MNM.196711160MNM"" data-stat=""home_team_name""><a href=""/teams/MNM/1968.html"">Minnesota Muskies</a></td><td class=""right"" data-stat=""home_pts"">124</td><td class=""center"" data-stat=""box_score_text""><a href=""/boxscores/196711160MNM.html"">Box Score</a></td><td class=""center iz"" data-stat=""overtimes""></td><td class=""right iz"" data-stat=""attendance""></td><td class=""left iz"" data-stat=""game_remarks""></td></tr>"
77,"<tr><th class=""left"" csk=""196711160KEN"" data-stat=""date_game"" scope=""row""><a href=""/boxscores/index.fcgi?month=11&amp;day=16&amp;year=1967"">Thu, Nov 16, 1967</a></th><td class=""left"" csk=""OAK.196711160KEN"" data-stat=""visitor_team_name""><a href=""/teams/OAK/1968.html"">Oakland Oaks</a></td><td class=""right"" data-stat=""visitor_pts"">104</td><td class=""left"" csk=""KEN.196711160KEN"" data-stat=""home_team_name""><a href=""/teams/KEN/1968.html"">Kentucky Colonels</a></td><td class=""right"" data-stat=""home_pts"">93</td><td class=""center"" data-stat=""box_score_text""><a href=""/boxscores/196711160KEN.html"">Box Score</a></td><td class=""center iz"" data-stat=""overtimes""></td><td class=""right iz"" data-stat=""attendance""></td><td class=""left iz"" data-stat=""game_remarks""></td></tr>"
79,"<tr><th class=""left"" csk=""196711160INA"" data-stat=""date_game"" scope=""row""><a href=""/boxscores/index.fcgi?month=11&amp;day=16&amp;year=1967"">Thu, Nov 16, 1967</a></th><td class=""left"" csk=""PTP.196711160INA"" data-stat=""visitor_team_name""><a href=""/teams/PTP/1968.html"">Pittsburgh Pipers</a></td><td class=""right"" data-stat=""visitor_pts"">116</td><td class=""left"" csk=""INA.196711160INA"" data-stat=""home_team_name""><a href=""/teams/INA/1968.html"">Indiana Pacers</a></td><td class=""right"" data-stat=""home_pts"">90</td><td class=""center"" data-stat=""box_score_text""><a href=""/boxscores/196711160INA.html"">Box Score</a></td><td class=""center iz"" data-stat=""overtimes""></td><td class=""right iz"" data-stat=""attendance""></td><td class=""left iz"" data-stat=""game_remarks""></td></tr>"
81,"<tr><th class=""left"" csk=""196711170DLC"" data-stat=""date_game"" scope=""row""><a href=""/boxscores/index.fcgi?month=11&amp;day=17&amp;year=1967"">Fri, Nov 17, 1967</a></th><td class=""left"" csk=""HSM.196711170DLC"" data-stat=""visitor_team_name""><a href=""/teams/HSM/1968.html"">Houston Mavericks</a></td><td class=""right"" data-stat=""visitor_pts"">107</td><td class=""left"" csk=""DLC.196711170DLC"" data-stat=""home_team_name""><a href=""/teams/DLC/1968.html"">Dallas Chaparrals</a></td><td class=""right"" data-stat=""home_pts"">116</td><td class=""center"" data-stat=""box_score_text""><a href=""/boxscores/196711170DLC.html"">Box Score</a></td><td class=""center iz"" data-stat=""overtimes""></td><td class=""right iz"" data-stat=""attendance""></td><td class=""left iz"" data-stat=""game_remarks""></td></tr>"
83,"<tr><th class=""left"" csk=""196711170NJA"" data-stat=""date_game"" scope=""row""><a href=""/boxscores/index.fcgi?month=11&amp;day=17&amp;year=1967"">Fri, Nov 17, 1967</a></th><td class=""left"" csk=""DNR.196711170NJA"" data-stat=""visitor_team_name""><a href=""/teams/DNR/1968.html"">Denver Rockets</a></td><td class=""right"" data-stat=""visitor_pts"">120</td><td class=""left"" csk=""NJA.196711170NJA"" data-stat=""home_team_name""><a href=""/teams/NJA/1968.html"">New Jersey Americans</a></td><td class=""right"" data-stat=""home_pts"">104</td><td class=""center"" data-stat=""box_score_text""><a href=""/boxscores/196711170NJA.html"">Box Score</a></td><td class=""center iz"" data-stat=""overtimes""></td><td class=""right iz"" data-stat=""attendance""></td><td class=""left iz"" data-stat=""game_remarks""></td></tr>"
85,"<tr><th class=""left"" csk=""196711170PTP"" data-stat=""date_game"" scope=""row""><a href=""/boxscores/index.fcgi?month=11&amp;day=17&amp;year=1967"">Fri, Nov 17, 1967</a></th><td class=""left"" csk=""NOB.196711170PTP"" data-stat=""visitor_team_name""><a href=""/teams/NOB/1968.html"">New Orleans Buccaneers</a></td><td class=""right"" data-stat=""visitor_pts"">94</td><td class=""left"" csk=""PTP.196711170PTP"" data-stat=""home_team_name""><a href=""/teams/PTP/1968.html"">Pittsburgh Pipers</a></td><td class=""right"" data-stat=""home_pts"">95</td><td class=""center"" data-stat=""box_score_text""><a href=""/boxscores/196711170PTP.html"">Box Score</a></td><td class=""center iz"" data-stat=""overtimes""></td><td class=""right iz"" data-stat=""attendance""></td><td class=""left iz"" data-stat=""game_remarks""></td></tr>"
87,"<tr><th class=""left"" csk=""196711190KEN"" data-stat=""date_game"" scope=""row""><a href=""/boxscores/index.fcgi?month=11&amp;day=19&amp;year=1967"">Sun, Nov 19, 1967</a></th><td class=""left"" csk=""PTP.196711190KEN"" data-stat=""visitor_team_name""><a href=""/teams/PTP/1968.html"">Pittsburgh Pipers</a></td><td class=""right"" data-stat=""visitor_pts"">102</td><td class=""left"" csk=""KEN.196711190KEN"" data-stat=""home_team_name""><a href=""/teams/KEN/1968.html"">Kentucky Colonels</a></td><td class=""right"" data-stat=""home_pts"">103</td><td class=""center"" data-stat=""box_score_text""><a href=""/boxscores/196711190KEN.html"">Box Score</a></td><td class=""center iz"" data-stat=""overtimes""></td><td class=""right iz"" data-stat=""attendance""></td><td class=""left iz"" data-stat=""game_remarks""></td></tr>"
89,"<tr><th class=""left"" csk=""196711190HSM"" data-stat=""date_game"" scope=""row""><a href=""/boxscores/index.fcgi?month=11&amp;day=19&amp;year=1967"">Sun, Nov 19, 1967</a></th><td class=""left"" csk=""DLC.196711190HSM"" data-stat=""visitor_team_name""><a href=""/teams/DLC/1968.html"">Dallas Chaparrals</a></td><td class=""right"" data-stat=""visitor_pts"">100</td><td class=""left"" csk=""HSM.196711190HSM"" data-stat=""home_team_name""><a href=""/teams/HSM/1968.html"">Houston Mavericks</a></td><td class=""right"" data-stat=""home_pts"">94</td><td class=""center"" data-stat=""box_score_text""><a href=""/boxscores/196711190HSM.html"">Box Score</a></td><td class=""center iz"" data-stat=""overtimes""></td><td class=""right iz"" data-stat=""attendance""></td><td class=""left iz"" data-stat=""game_remarks""></td></tr>"
91,"<tr><th class=""left"" csk=""196711190DNR"" data-stat=""date_game"" scope=""row""><a href=""/boxscores/index.fcgi?month=11&amp;day=19&amp;year=1967"">Sun, Nov 19, 1967</a></th><td class=""left"" csk=""MNM.196711190DNR"" data-stat=""visitor_team_name""><a href=""/teams/MNM/1968.html"">Minnesota Muskies</a></td><td class=""right"" data-stat=""visitor_pts"">97</td><td class=""left"" csk=""DNR.196711190DNR"" data-stat=""home_team_name""><a href=""/teams/DNR/1968.html"">Denver Rockets</a></td><td class=""right"" data-stat=""home_pts"">96</td><td class=""center"" data-stat=""box_score_text""><a href=""/boxscores/196711190DNR.html"">Box Score</a></td><td class=""center iz"" data-stat=""overtimes""></td><td class=""right iz"" data-stat=""attendance""></td><td class=""left iz"" data-stat=""game_remarks""></td></tr>"
93,"<tr><th class=""left"" csk=""196711190ANA"" data-stat=""date_game"" scope=""row""><a href=""/boxscores/index.fcgi?month=11&amp;day=19&amp;year=1967"">Sun, Nov 19, 1967</a></th><td class=""left"" csk=""OAK.196711190ANA"" data-stat=""visitor_team_name""><a href=""/teams/OAK/1968.html"">Oakland Oaks</a></td><td class=""right"" data-stat=""visitor_pts"">102</td><td class=""left"" csk=""ANA.196711190ANA"" data-stat=""home_team_name""><a href=""/teams/ANA/1968.html"">Anaheim Amigos</a></td><td class=""right"" data-stat=""home_pts"">100</td><td class=""center"" data-stat=""box_score_text""><a href=""/boxscores/196711190ANA.html"">Box Score</a></td><td class=""center iz"" data-stat=""overtimes""></td><td class=""right iz"" data-stat=""attendance""></td><td class=""left iz"" data-stat=""game_remarks""></td></tr>"
95,"<tr><th class=""left"" csk=""196711200HSM"" data-stat=""date_game"" scope=""row""><a href=""/boxscores/index.fcgi?month=11&amp;day=20&amp;year=1967"">Mon, Nov 20, 1967</a></th><td class=""left"" csk=""KEN.196711200HSM"" data-stat=""visitor_team_name""><a href=""/teams/KEN/1968.html"">Kentucky Colonels</a></td><td class=""right"" data-stat=""visitor_pts"">90</td><td class=""left"" csk=""HSM.196711200HSM"" data-stat=""home_team_name""><a href=""/teams/HSM/1968.html"">Houston Mavericks</a></td><td class=""right"" data-stat=""home_pts"">102</td><td class=""center"" data-stat=""box_score_text""><a href=""/boxscores/196711200HSM.html"">Box Score</a></td><td class=""center iz"" data-stat=""overtimes""></td><td class=""right iz"" data-stat=""attendance""></td><td class=""left iz"" data-stat=""game_remarks""></td></tr>"
97,"<tr><th class=""left"" csk=""196711200OAK"" data-stat=""date_game"" scope=""row""><a href=""/boxscores/index.fcgi?month=11&amp;day=20&amp;year=1967"">Mon, Nov 20, 1967</a></th><td class=""left"" csk=""MNM.196711200OAK"" data-stat=""visitor_team_name""><a href=""/teams/MNM/1968.html"">Minnesota Muskies</a></td><td class=""right"" data-stat=""visitor_pts"">110</td><td class=""left"" csk=""OAK.196711200OAK"" data-stat=""home_team_name""><a href=""/teams/OAK/1968.html"">Oakland Oaks</a></td><td class=""right"" data-stat=""home_pts"">116</td><td class=""center"" data-stat=""box_score_text""><a href=""/boxscores/196711200OAK.html"">Box Score</a></td><td class=""center iz"" data-stat=""overtimes""></td><td class=""right iz"" data-stat=""attendance""></td><td class=""left iz"" data-stat=""game_remarks""></td></tr>"
99,"<tr><th class=""left"" csk=""196711210PTP"" data-stat=""date_game"" scope=""row""><a href=""/boxscores/index.fcgi?month=11&amp;day=21&amp;year=1967"">Tue, Nov 21, 1967</a></th><td class=""left"" csk=""NJA.196711210PTP"" data-stat=""visitor_team_name""><a href=""/teams/NJA/1968.html"">New Jersey Americans</a></td><td class=""right"" data-stat=""visitor_pts"">114</td><td class=""left"" csk=""PTP.196711210PTP"" data-stat=""home_team_name""><a href=""/teams/PTP/1968.html"">Pittsburgh Pipers</a></td><td class=""right"" data-stat=""home_pts"">109</td><td class=""center"" data-stat=""box_score_text""><a href=""/boxscores/196711210PTP.html"">Box Score</a></td><td class=""center iz"" data-stat=""overtimes""></td><td class=""right iz"" data-stat=""attendance""></td><td class=""left iz"" data-stat=""game_remarks""></td></tr>"
101,"<tr><th class=""left"" csk=""196711210NOB"" data-stat=""date_game"" scope=""row""><a href=""/boxscores/index.fcgi?month=11&amp;day=21&amp;year=1967"">Tue, Nov 21, 1967</a></th><td class=""left"" csk=""DNR.196711210NOB"" data-stat=""visitor_team_name""><a href=""/teams/DNR/1968.html"">Denver Rockets</a></td><td class=""right"" data-stat=""visitor_pts"">90</td><td class=""left"" csk=""NOB.196711210NOB"" data-stat=""home_team_name""><a href=""/teams/NOB/1968.html"">New Orleans Buccaneers</a></td><td class=""right"" data-stat=""home_pts"">107</td><td class=""center"" data-stat=""box_score_text""><a href=""/boxscores/196711210NOB.html"">Box Score</a></td><td class=""center iz"" data-stat=""overtimes""></td><td class=""right iz"" data-stat=""attendance""></td><td class=""left iz"" data-stat=""game_remarks""></td></tr>"
103,"<tr><th class=""left"" csk=""196711210DLC"" data-stat=""date_game"" scope=""row""><a href=""/boxscores/index.fcgi?month=11&amp;day=21&amp;year=1967"">Tue, Nov 21, 1967</a></th><td class=""left"" csk=""KEN.196711210DLC"" data-stat=""visitor_team_name""><a href=""/teams/KEN/1968.html"">Kentucky Colonels</a></td><td class=""right"" data-stat=""visitor_pts"">103</td><td class=""left"" csk=""DLC.196711210DLC"" data-stat=""home_team_name""><a href=""/teams/DLC/1968.html"">Dallas Chaparrals</a></td><td class=""right"" data-stat=""home_pts"">112</td><td class=""center"" data-stat=""box_score_text""><a href=""/boxscores/196711210DLC.html"">Box Score</a></td><td class=""center iz"" data-stat=""overtimes""></td><td class=""right iz"" data-stat=""attendance""></td><td class=""left iz"" data-stat=""game_remarks""></td></tr>"
105,"<tr><th class=""left"" csk=""196711210ANA"" data-stat=""date_game"" scope=""row""><a href=""/boxscores/index.fcgi?month=11&amp;day=21&amp;year=1967"">Tue, Nov 21, 1967</a></th><td class=""left"" csk=""MNM.196711210ANA"" data-stat=""visitor_team_name""><a href=""/teams/MNM/1968.html"">Minnesota Muskies</a></td><td class=""right"" data-stat=""visitor_pts"">110</td><td class=""left"" csk=""ANA.196711210ANA"" data-stat=""home_team_name""><a href=""/teams/ANA/1968.html"">Anaheim Amigos</a></td><td class=""right"" data-stat=""home_pts"">101</td><td class=""center"" data-stat=""box_score_text""><a href=""/boxscores/196711210ANA.html"">Box Score</a></td><td class=""center iz"" data-stat=""overtimes""></td><td class=""right iz"" data-stat=""attendance""></td><td class=""left iz"" data-stat=""game_remarks""></td></tr>"
107,"<tr><th class=""left"" csk=""196711220HSM"" data-stat=""date_game"" scope=""row""><a href=""/boxscores/index.fcgi?month=11&amp;day=22&amp;year=1967"">Wed, Nov 22, 1967</a></th><td class=""left"" csk=""DNR.196711220HSM"" data-stat=""visitor_team_name""><a href=""/teams/DNR/1968.html"">Denver Rockets</a></td><td class=""right"" data-stat=""visitor_pts"">100</td><td class=""left"" csk=""HSM.196711220HSM"" data-stat=""home_team_name""><a href=""/teams/HSM/1968.html"">Houston Mavericks</a></td><td class=""right"" data-stat=""home_pts"">106</td><td class=""center"" data-stat=""box_score_text""><a href=""/boxscores/196711220HSM.html"">Box Score</a></td><td class=""center iz"" data-stat=""overtimes""></td><td class=""right iz"" data-stat=""attendance""></td><td class=""left iz"" data-stat=""game_remarks""></td></tr>"
109,"<tr><th class=""left"" csk=""196711220INA"" data-stat=""date_game"" scope=""row""><a href=""/boxscores/index.fcgi?month=11&amp;day=22&amp;year=1967"">Wed, Nov 22, 1967</a></th><td class=""left"" csk=""DLC.196711220INA"" data-stat=""visitor_team_name""><a href=""/teams/DLC/1968.html"">Dallas Chaparrals</a></td><td class=""right"" data-stat=""visitor_pts"">112</td><td class=""left"" csk=""INA.196711220INA"" data-stat=""home_team_name""><a href=""/teams/INA/1968.html"">Indiana Pacers</a></td><td class=""right"" data-stat=""home_pts"">111</td><td class=""center"" data-stat=""box_score_text""><a href=""/boxscores/196711220INA.html"">Box Score</a></td><td class=""center iz"" data-stat=""overtimes""></td><td class=""right iz"" data-stat=""attendance""></td><td class=""left iz"" data-stat=""game_remarks""></td></tr>"
111,"<tr><th class=""left"" csk=""196711220NJA"" data-stat=""date_game"" scope=""row""><a href=""/boxscores/index.fcgi?month=11&amp;day=22&amp;year=1967"">Wed, Nov 22, 1967</a></th><td class=""left"" csk=""NOB.196711220NJA"" data-stat=""visitor_team_name""><a href=""/teams/NOB/1968.html"">New Orleans Buccaneers</a></td><td class=""right"" data-stat=""visitor_pts"">106</td><td class=""left"" csk=""NJA.196711220NJA"" data-stat=""home_team_name""><a href=""/teams/NJA/1968.html"">New Jersey Americans</a></td><td class=""right"" data-stat=""home_pts"">109</td><td class=""center"" data-stat=""box_score_text""><a href=""/boxscores/196711220NJA.html"">Box Score</a></td><td class=""center iz"" data-stat=""overtimes""></td><td class=""right iz"" data-stat=""attendance""></td><td class=""left iz"" data-stat=""game_remarks""></td></tr>"
113,"<tr><th class=""left"" csk=""196711230MNM"" data-stat=""date_game"" scope=""row""><a href=""/boxscores/index.fcgi?month=11&amp;day=23&amp;year=1967"">Thu, Nov 23, 1967</a></th><td class=""left"" csk=""PTP.196711230MNM"" data-stat=""visitor_team_name""><a href=""/teams/PTP/1968.html"">Pittsburgh Pipers</a></td><td class=""right"" data-stat=""visitor_pts"">75</td><td class=""left"" csk=""MNM.196711230MNM"" data-stat=""home_team_name""><a href=""/teams/MNM/1968.html"">Minnesota Muskies</a></td><td class=""right"" data-stat=""home_pts"">101</td><td class=""center"" data-stat=""box_score_text""><a href=""/boxscores/196711230MNM.html"">Box Score</a></td><td class=""center iz"" data-stat=""overtimes""></td><td class=""right iz"" data-stat=""attendance""></td><td class=""left iz"" data-stat=""game_remarks""></td></tr>"
115,"<tr><th class=""left"" csk=""196711230OAK"" data-stat=""date_game"" scope=""row""><a href=""/boxscores/index.fcgi?month=11&amp;day=23&amp;year=1967"">Thu, Nov 23, 1967</a></th><td class=""left"" csk=""ANA.196711230OAK"" data-stat=""visitor_team_name""><a href=""/teams/ANA/1968.html"">Anaheim Amigos</a></td><td class=""right"" data-stat=""visitor_pts"">107</td><td class=""left"" csk=""OAK.196711230OAK"" data-stat=""home_team_name""><a href=""/teams/OAK/1968.html"">Oakland Oaks</a></td><td class=""right"" data-stat=""home_pts"">95</td><td class=""center"" data-stat=""box_score_text""><a href=""/boxscores/196711230OAK.html"">Box Score</a></td><td class=""center iz"" data-stat=""overtimes""></td><td class=""right iz"" data-stat=""attendance""></td><td class=""left iz"" data-stat=""game_remarks""></td></tr>"
117,"<tr><th class=""left"" csk=""196711240PTP"" data-stat=""date_game"" scope=""row""><a href=""/boxscores/index.fcgi?month=11&amp;day=24&amp;year=1967"">Fri, Nov 24, 1967</a></th><td class=""left"" csk=""HSM.196711240PTP"" data-stat=""visitor_team_name""><a href=""/teams/HSM/1968.html"">Houston Mavericks</a></td><td class=""right"" data-stat=""visitor_pts"">84</td><td class=""left"" csk=""PTP.196711240PTP"" data-stat=""home_team_name""><a href=""/teams/PTP/1968.html"">Pittsburgh Pipers</a></td><td class=""right"" data-stat=""home_pts"">124</td><td class=""center"" data-stat=""box_score_text""><a href=""/boxscores/196711240PTP.html"">Box Score</a></td><td class=""center iz"" data-stat=""overtimes""></td><td class=""right iz"" data-stat=""attendance""></td><td class=""left iz"" data-stat=""game_remarks""></td></tr>"
119,"<tr><th class=""left"" csk=""196711240KEN"" data-stat=""date_game"" scope=""row""><a href=""/boxscores/index.fcgi?month=11&amp;day=24&amp;year=1967"">Fri, Nov 24, 1967</a></th><td class=""left"" csk=""NOB.196711240KEN"" data-stat=""visitor_team_name""><a href=""/teams/NOB/1968.html"">New Orleans Buccaneers</a></td><td class=""right"" data-stat=""visitor_pts"">126</td><td class=""left"" csk=""KEN.196711240KEN"" data-stat=""home_team_name""><a href=""/teams/KEN/1968.html"">Kentucky Colonels</a></td><td class=""right"" data-stat=""home_pts"">99</td><td class=""center"" data-stat=""box_score_text""><a href=""/boxscores/196711240KEN.html"">Box Score</a></td><td class=""center iz"" data-stat=""overtimes""></td><td class=""right iz"" data-stat=""attendance""></td><td class=""left iz"" data-stat=""game_remarks""></td></tr>"
121,"<tr><th class=""left"" csk=""196711240DNR"" data-stat=""date_game"" scope=""row""><a href=""/boxscores/index.fcgi?month=11&amp;day=24&amp;year=1967"">Fri, Nov 24, 1967</a></th><td class=""left"" csk=""OAK.196711240DNR"" data-stat=""visitor_team_name""><a href=""/teams/OAK/1968.html"">Oakland Oaks</a></td><td class=""right"" data-stat=""visitor_pts"">113</td><td class=""left"" csk=""DNR.196711240DNR"" data-stat=""home_team_name""><a href=""/teams/DNR/1968.html"">Denver Rockets</a></td><td class=""right"" data-stat=""home_pts"">90</td><td class=""center"" data-stat=""box_score_text""><a href=""/boxscores/196711240DNR.html"">Box Score</a></td><td class=""center iz"" data-stat=""overtimes""></td><td class=""right iz"" data-stat=""attendance""></td><td class=""left iz"" data-stat=""game_remarks""></td></tr>"
123,"<tr><th class=""left"" csk=""196711240DLC"" data-stat=""date_game"" scope=""row""><a href=""/boxscores/index.fcgi?month=11&amp;day=24&amp;year=1967"">Fri, Nov 24, 1967</a></th><td class=""left"" csk=""NJA.196711240DLC"" data-stat=""visitor_team_name""><a href=""/teams/NJA/1968.html"">New Jersey Americans</a></td><td class=""right"" data-stat=""visitor_pts"">102</td><td class=""left"" csk=""DLC.196711240DLC"" data-stat=""home_team_name""><a href=""/teams/DLC/1968.html"">Dallas Chaparrals</a></td><td class=""right"" data-stat=""home_pts"">93</td><td class=""center"" data-stat=""box_score_text""><a href=""/boxscores/196711240DLC.html"">Box Score</a></td><td class=""center iz"" data-stat=""overtimes""></td><td class=""right iz"" data-stat=""attendance""></td><td class=""left"" data-stat=""game_remarks"">at Louisville, KY</td></tr>"
125,"<tr><th class=""left"" csk=""196711250ANA"" data-stat=""date_game"" scope=""row""><a href=""/boxscores/index.fcgi?month=11&amp;day=25&amp;year=1967"">Sat, Nov 25, 1967</a></th><td class=""left"" csk=""NOB.196711250ANA"" data-stat=""visitor_team_name""><a href=""/teams/NOB/1968.html"">New Orleans Buccaneers</a></td><td class=""right"" data-stat=""visitor_pts"">118</td><td class=""left"" csk=""ANA.196711250ANA"" data-stat=""home_team_name""><a href=""/teams/ANA/1968.html"">Anaheim Amigos</a></td><td class=""right"" data-stat=""home_pts"">98</td><td class=""center"" data-stat=""box_score_text""><a href=""/boxscores/196711250ANA.html"">Box Score</a></td><td class=""center iz"" data-stat=""overtimes""></td><td class=""right iz"" data-stat=""attendance""></td><td class=""left"" data-stat=""game_remarks"">at Memphis, TN</td></tr>"
127,"<tr><th class=""left"" csk=""196711250DNR"" data-stat=""date_game"" scope=""row""><a href=""/boxscores/index.fcgi?month=11&amp;day=25&amp;year=1967"">Sat, Nov 25, 1967</a></th><td class=""left"" csk=""PTP.196711250DNR"" data-stat=""visitor_team_name""><a href=""/teams/PTP/1968.html"">Pittsburgh Pipers</a></td><td class=""right"" data-stat=""visitor_pts"">99</td><td class=""left"" csk=""DNR.196711250DNR"" data-stat=""home_team_name""><a href=""/teams/DNR/1968.html"">Denver Rockets</a></td><td class=""right"" data-stat=""home_pts"">119</td><td class=""center"" data-stat=""box_score_text""><a href=""/boxscores/196711250DNR.html"">Box Score</a></td><td class=""center iz"" data-stat=""overtimes""></td><td class=""right iz"" data-stat=""attendance""></td><td class=""left iz"" data-stat=""game_remarks""></td></tr>"
129,"<tr><th class=""left"" csk=""196711250INA"" data-stat=""date_game"" scope=""row""><a href=""/boxscores/index.fcgi?month=11&amp;day=25&amp;year=1967"">Sat, Nov 25, 1967</a></th><td class=""left"" csk=""HSM.196711250INA"" data-stat=""visitor_team_name""><a href=""/teams/HSM/1968.html"">Houston Mavericks</a></td><td class=""right"" data-stat=""visitor_pts"">88</td><td class=""left"" csk=""INA.196711250INA"" data-stat=""home_team_name""><a href=""/teams/INA/1968.html"">Indiana Pacers</a></td><td class=""right"" data-stat=""home_pts"">124</td><td class=""center"" data-stat=""box_score_text""><a href=""/boxscores/196711250INA.html"">Box Score</a></td><td class=""center iz"" data-stat=""overtimes""></td><td class=""right iz"" data-stat=""attendance""></td><td class=""left iz"" data-stat=""game_remarks""></td></tr>"
131,"<tr><th class=""left"" csk=""196711260NOB"" data-stat=""date_game"" scope=""row""><a href=""/boxscores/index.fcgi?month=11&amp;day=26&amp;year=1967"">Sun, Nov 26, 1967</a></th><td class=""left"" csk=""NJA.196711260NOB"" data-stat=""visitor_team_name""><a href=""/teams/NJA/1968.html"">New Jersey Americans</a></td><td class=""right"" data-stat=""visitor_pts"">116</td><td class=""left"" csk=""NOB.196711260NOB"" data-stat=""home_team_name""><a href=""/teams/NOB/1968.html"">New Orleans Buccaneers</a></td><td class=""right"" data-stat=""home_pts"">134</td><td class=""center"" data-stat=""box_score_text""><a href=""/boxscores/196711260NOB.html"">Box Score</a></td><td class=""center iz"" data-stat=""overtimes""></td><td class=""right iz"" data-stat=""attendance""></td><td class=""left iz"" data-stat=""game_remarks""></td></tr>"
133,"<tr><th class=""left"" csk=""196711260MNM"" data-stat=""date_game"" scope=""row""><a href=""/boxscores/index.fcgi?month=11&amp;day=26&amp;year=1967"">Sun, Nov 26, 1967</a></th><td class=""left"" csk=""INA.196711260MNM"" data-stat=""visitor_team_name""><a href=""/teams/INA/1968.html"">Indiana Pacers</a></td><td class=""right"" data-stat=""visitor_pts"">99</td><td class=""left"" csk=""MNM.196711260MNM"" data-stat=""home_team_name""><a href=""/teams/MNM/1968.html"">Minnesota Muskies</a></td><td class=""right"" data-stat=""home_pts"">121</td><td class=""center"" data-stat=""box_score_text""><a href=""/boxscores/196711260MNM.html"">Box Score</a></td><td class=""center iz"" data-stat=""overtimes""></td><td class=""right iz"" data-stat=""attendance""></td><td class=""left iz"" data-stat=""game_remarks""></td></tr>"
135,"<tr><th class=""left"" csk=""196711260DNR"" data-stat=""date_game"" scope=""row""><a href=""/boxscores/index.fcgi?month=11&amp;day=26&amp;year=1967"">Sun, Nov 26, 1967</a></th><td class=""left"" csk=""PTP.196711260DNR"" data-stat=""visitor_team_name""><a href=""/teams/PTP/1968.html"">Pittsburgh Pipers</a></td><td class=""right"" data-stat=""visitor_pts"">99</td><td class=""left"" csk=""DNR.196711260DNR"" data-stat=""home_team_name""><a href=""/teams/DNR/1968.html"">Denver Rockets</a></td><td class=""right"" data-stat=""home_pts"">112</td><td class=""center"" data-stat=""box_score_text""><a href=""/boxscores/196711260DNR.html"">Box Score</a></td><td class=""center iz"" data-stat=""overtimes""></td><td class=""right iz"" data-stat=""attendance""></td><td class=""left iz"" data-stat=""game_remarks""></td></tr>"
137,"<tr><th class=""left"" csk=""196711260DLC"" data-stat=""date_game"" scope=""row""><a href=""/boxscores/index.fcgi?month=11&amp;day=26&amp;year=1967"">Sun, Nov 26, 1967</a></th><td class=""left"" csk=""ANA.196711260DLC"" data-stat=""visitor_team_name""><a href=""/teams/ANA/1968.html"">Anaheim Amigos</a></td><td class=""right"" data-stat=""visitor_pts"">102</td><td class=""left"" csk=""DLC.196711260DLC"" data-stat=""home_team_name""><a href=""/teams/DLC/1968.html"">Dallas Chaparrals</a></td><td class=""right"" data-stat=""home_pts"">114</td><td class=""center"" data-stat=""box_score_text""><a href=""/boxscores/196711260DLC.html"">Box Score</a></td><td class=""center iz"" data-stat=""overtimes""></td><td class=""right iz"" data-stat=""attendance""></td><td class=""left iz"" data-stat=""game_remarks""></td></tr>"
139,"<tr><th class=""left"" csk=""196711270KEN"" data-stat=""date_game"" scope=""row""><a href=""/boxscores/index.fcgi?month=11&amp;day=27&amp;year=1967"">Mon, Nov 27, 1967</a></th><td class=""left"" csk=""NJA.196711270KEN"" data-stat=""visitor_team_name""><a href=""/teams/NJA/1968.html"">New Jersey Americans</a></td><td class=""right"" data-stat=""visitor_pts"">100</td><td class=""left"" csk=""KEN.196711270KEN"" data-stat=""home_team_name""><a href=""/teams/KEN/1968.html"">Kentucky Colonels</a></td><td class=""right"" data-stat=""home_pts"">138</td><td class=""center"" data-stat=""box_score_text""><a href=""/boxscores/196711270KEN.html"">Box Score</a></td><td class=""center iz"" data-stat=""overtimes""></td><td class=""right iz"" data-stat=""attendance""></td><td class=""left iz"" data-stat=""game_remarks""></td></tr>"
141,"<tr><th class=""left"" csk=""196711270HSM"" data-stat=""date_game"" scope=""row""><a href=""/boxscores/index.fcgi?month=11&amp;day=27&amp;year=1967"">Mon, Nov 27, 1967</a></th><td class=""left"" csk=""PTP.196711270HSM"" data-stat=""visitor_team_name""><a href=""/teams/PTP/1968.html"">Pittsburgh Pipers</a></td><td class=""right"" data-stat=""visitor_pts"">87</td><td class=""left"" csk=""HSM.196711270HSM"" data-stat=""home_team_name""><a href=""/teams/HSM/1968.html"">Houston Mavericks</a></td><td class=""right"" data-stat=""home_pts"">101</td><td class=""center"" data-stat=""box_score_text""><a href=""/boxscores/196711270HSM.html"">Box Score</a></td><td class=""center iz"" data-stat=""overtimes""></td><td class=""right iz"" data-stat=""attendance""></td><td class=""left iz"" data-stat=""game_remarks""></td></tr>"
143,"<tr><th class=""left"" csk=""196711280DNR"" data-stat=""date_game"" scope=""row""><a href=""/boxscores/index.fcgi?month=11&amp;day=28&amp;year=1967"">Tue, Nov 28, 1967</a></th><td class=""left"" csk=""OAK.196711280DNR"" data-stat=""visitor_team_name""><a href=""/teams/OAK/1968.html"">Oakland Oaks</a></td><td class=""right"" data-stat=""visitor_pts"">108</td><td class=""left"" csk=""DNR.196711280DNR"" data-stat=""home_team_name""><a href=""/teams/DNR/1968.html"">Denver Rockets</a></td><td class=""right"" data-stat=""home_pts"">126</td><td class=""center"" data-stat=""box_score_text""><a href=""/boxscores/196711280DNR.html"">Box Score</a></td><td class=""center iz"" data-stat=""overtimes""></td><td class=""right iz"" data-stat=""attendance""></td><td class=""left iz"" data-stat=""game_remarks""></td></tr>"
145,"<tr><th class=""left"" csk=""196711280NJA"" data-stat=""date_game"" scope=""row""><a href=""/boxscores/index.fcgi?month=11&amp;day=28&amp;year=1967"">Tue, Nov 28, 1967</a></th><td class=""left"" csk=""ANA.196711280NJA"" data-stat=""visitor_team_name""><a href=""/teams/ANA/1968.html"">Anaheim Amigos</a></td><td class=""right"" data-stat=""visitor_pts"">110</td><td class=""left"" csk=""NJA.196711280NJA"" data-stat=""home_team_name""><a href=""/teams/NJA/1968.html"">New Jersey Americans</a></td><td class=""right"" data-stat=""home_pts"">104</td><td class=""center"" data-stat=""box_score_text""><a href=""/boxscores/196711280NJA.html"">Box Score</a></td><td class=""center iz"" data-stat=""overtimes""></td><td class=""right iz"" data-stat=""attendance""></td><td class=""left iz"" data-stat=""game_remarks""></td></tr>"
147,"<tr><th class=""left"" csk=""196711280NOB"" data-stat=""date_game"" scope=""row""><a href=""/boxscores/index.fcgi?month=11&amp;day=28&amp;year=1967"">Tue, Nov 28, 1967</a></th><td class=""left"" csk=""PTP.196711280NOB"" data-stat=""visitor_team_name""><a href=""/teams/PTP/1968.html"">Pittsburgh Pipers</a></td><td class=""right"" data-stat=""visitor_pts"">99</td><td class=""left"" csk=""NOB.196711280NOB"" data-stat=""home_team_name""><a href=""/teams/NOB/1968.html"">New Orleans Buccaneers</a></td><td class=""right"" data-stat=""home_pts"">106</td><td class=""center"" data-stat=""box_score_text""><a href=""/boxscores/196711280NOB.html"">Box Score</a></td><td class=""center iz"" data-stat=""overtimes""></td><td class=""right iz"" data-stat=""attendance""></td><td class=""left iz"" data-stat=""game_remarks""></td></tr>"
149,"<tr><th class=""left"" csk=""196711290HSM"" data-stat=""date_game"" scope=""row""><a href=""/boxscores/index.fcgi?month=11&amp;day=29&amp;year=1967"">Wed, Nov 29, 1967</a></th><td class=""left"" csk=""OAK.196711290HSM"" data-stat=""visitor_team_name""><a href=""/teams/OAK/1968.html"">Oakland Oaks</a></td><td class=""right"" data-stat=""visitor_pts"">91</td><td class=""left"" csk=""HSM.196711290HSM"" data-stat=""home_team_name""><a href=""/teams/HSM/1968.html"">Houston Mavericks</a></td><td class=""right"" data-stat=""home_pts"">102</td><td class=""center"" data-stat=""box_score_text""><a href=""/boxscores/196711290HSM.html"">Box Score</a></td><td class=""center iz"" data-stat=""overtimes""></td><td class=""right iz"" data-stat=""attendance""></td><td class=""left iz"" data-stat=""game_remarks""></td></tr>"
151,"<tr><th class=""left"" csk=""196711290KEN"" data-stat=""date_game"" scope=""row""><a href=""/boxscores/index.fcgi?month=11&amp;day=29&amp;year=1967"">Wed, Nov 29, 1967</a></th><td class=""left"" csk=""DLC.196711290KEN"" data-stat=""visitor_team_name""><a href=""/teams/DLC/1968.html"">Dallas Chaparrals</a></td><td class=""right"" data-stat=""visitor_pts"">85</td><td class=""left"" csk=""KEN.196711290KEN"" data-stat=""home_team_name""><a href=""/teams/KEN/1968.html"">Kentucky Colonels</a></td><td class=""right"" data-stat=""home_pts"">111</td><td class=""center"" data-stat=""box_score_text""><a href=""/boxscores/196711290KEN.html"">Box Score</a></td><td class=""center iz"" data-stat=""overtimes""></td><td class=""right iz"" data-stat=""attendance""></td><td class=""left iz"" data-stat=""game_remarks""></td></tr>"
153,"<tr><th class=""left"" csk=""196711290NJA"" data-stat=""date_game"" scope=""row""><a href=""/boxscores/index.fcgi?month=11&amp;day=29&amp;year=1967"">Wed, Nov 29, 1967</a></th><td class=""left"" csk=""ANA.196711290NJA"" data-stat=""visitor_team_name""><a href=""/teams/ANA/1968.html"">Anaheim Amigos</a></td><td class=""right"" data-stat=""visitor_pts"">101</td><td class=""left"" csk=""NJA.196711290NJA"" data-stat=""home_team_name""><a href=""/teams/NJA/1968.html"">New Jersey Americans</a></td><td class=""right"" data-stat=""home_pts"">106</td><td class=""center"" data-stat=""box_score_text""><a href=""/boxscores/196711290NJA.html"">Box Score</a></td><td class=""center iz"" data-stat=""overtimes""></td><td class=""right iz"" data-stat=""attendance""></td><td class=""left iz"" data-stat=""game_remarks""></td></tr>"
155,"<tr><th class=""left"" csk=""196711300HSM"" data-stat=""date_game"" scope=""row""><a href=""/boxscores/index.fcgi?month=11&amp;day=30&amp;year=1967"">Thu, Nov 30, 1967</a></th><td class=""left"" csk=""DNR.196711300HSM"" data-stat=""visitor_team_name""><a href=""/teams/DNR/1968.html"">Denver Rockets</a></td><td class=""right"" data-stat=""visitor_pts"">98</td><td class=""left"" csk=""HSM.196711300HSM"" data-stat=""home_team_name""><a href=""/teams/HSM/1968.html"">Houston Mavericks</a></td><td class=""right"" data-stat=""home_pts"">92</td><td class=""center"" data-stat=""box_score_text""><a href=""/boxscores/196711300HSM.html"">Box Score</a></td><td class=""center iz"" data-stat=""overtimes""></td><td class=""right iz"" data-stat=""attendance""></td><td class=""left iz"" data-stat=""game_remarks""></td></tr>"
157,"<tr><th class=""left"" csk=""196711300NOB"" data-stat=""date_game"" scope=""row""><a href=""/boxscores/index.fcgi?month=11&amp;day=30&amp;year=1967"">Thu, Nov 30, 1967</a></th><td class=""left"" csk=""OAK.196711300NOB"" data-stat=""visitor_team_name""><a href=""/teams/OAK/1968.html"">Oakland Oaks</a></td><td class=""right"" data-stat=""visitor_pts"">119</td><td class=""left"" csk=""NOB.196711300NOB"" data-stat=""home_team_name""><a href=""/teams/NOB/1968.html"">New Orleans Buccaneers</a></td><td class=""right"" data-stat=""home_pts"">141</td><td class=""center"" data-stat=""box_score_text""><a href=""/boxscores/196711300NOB.html"">Box Score</a></td><td class=""center iz"" data-stat=""overtimes""></td><td class=""right iz"" data-stat=""attendance""></td><td class=""left"" data-stat=""game_remarks"">at Memphis, TN</td></tr>"
