,0
1,"<tr><th class=""left"" csk=""196803010NJA"" data-stat=""date_game"" scope=""row""><a href=""/boxscores/index.fcgi?month=3&amp;day=1&amp;year=1968"">Fri, Mar 1, 1968</a></th><td class=""left"" csk=""PTP.196803010NJA"" data-stat=""visitor_team_name""><a href=""/teams/PTP/1968.html"">Pittsburgh Pipers</a></td><td class=""right"" data-stat=""visitor_pts"">135</td><td class=""left"" csk=""NJA.196803010NJA"" data-stat=""home_team_name""><a href=""/teams/NJA/1968.html"">New Jersey Americans</a></td><td class=""right"" data-stat=""home_pts"">125</td><td class=""center"" data-stat=""box_score_text""><a href=""/boxscores/196803010NJA.html"">Box Score</a></td><td class=""center iz"" data-stat=""overtimes""></td><td class=""right iz"" data-stat=""attendance""></td><td class=""left iz"" data-stat=""game_remarks""></td></tr>"
3,"<tr><th class=""left"" csk=""196803010NOB"" data-stat=""date_game"" scope=""row""><a href=""/boxscores/index.fcgi?month=3&amp;day=1&amp;year=1968"">Fri, Mar 1, 1968</a></th><td class=""left"" csk=""ANA.196803010NOB"" data-stat=""visitor_team_name""><a href=""/teams/ANA/1968.html"">Anaheim Amigos</a></td><td class=""right"" data-stat=""visitor_pts"">114</td><td class=""left"" csk=""NOB.196803010NOB"" data-stat=""home_team_name""><a href=""/teams/NOB/1968.html"">New Orleans Buccaneers</a></td><td class=""right"" data-stat=""home_pts"">118</td><td class=""center"" data-stat=""box_score_text""><a href=""/boxscores/196803010NOB.html"">Box Score</a></td><td class=""center iz"" data-stat=""overtimes""></td><td class=""right iz"" data-stat=""attendance""></td><td class=""left iz"" data-stat=""game_remarks""></td></tr>"
5,"<tr><th class=""left"" csk=""196803020INA"" data-stat=""date_game"" scope=""row""><a href=""/boxscores/index.fcgi?month=3&amp;day=2&amp;year=1968"">Sat, Mar 2, 1968</a></th><td class=""left"" csk=""ANA.196803020INA"" data-stat=""visitor_team_name""><a href=""/teams/ANA/1968.html"">Anaheim Amigos</a></td><td class=""right"" data-stat=""visitor_pts"">119</td><td class=""left"" csk=""INA.196803020INA"" data-stat=""home_team_name""><a href=""/teams/INA/1968.html"">Indiana Pacers</a></td><td class=""right"" data-stat=""home_pts"">124</td><td class=""center"" data-stat=""box_score_text""><a href=""/boxscores/196803020INA.html"">Box Score</a></td><td class=""center iz"" data-stat=""overtimes""></td><td class=""right iz"" data-stat=""attendance""></td><td class=""left iz"" data-stat=""game_remarks""></td></tr>"
7,"<tr><th class=""left"" csk=""196803020NJA"" data-stat=""date_game"" scope=""row""><a href=""/boxscores/index.fcgi?month=3&amp;day=2&amp;year=1968"">Sat, Mar 2, 1968</a></th><td class=""left"" csk=""KEN.196803020NJA"" data-stat=""visitor_team_name""><a href=""/teams/KEN/1968.html"">Kentucky Colonels</a></td><td class=""right"" data-stat=""visitor_pts"">100</td><td class=""left"" csk=""NJA.196803020NJA"" data-stat=""home_team_name""><a href=""/teams/NJA/1968.html"">New Jersey Americans</a></td><td class=""right"" data-stat=""home_pts"">117</td><td class=""center"" data-stat=""box_score_text""><a href=""/boxscores/196803020NJA.html"">Box Score</a></td><td class=""center iz"" data-stat=""overtimes""></td><td class=""right iz"" data-stat=""attendance""></td><td class=""left iz"" data-stat=""game_remarks""></td></tr>"
9,"<tr><th class=""left"" csk=""196803030PTP"" data-stat=""date_game"" scope=""row""><a href=""/boxscores/index.fcgi?month=3&amp;day=3&amp;year=1968"">Sun, Mar 3, 1968</a></th><td class=""left"" csk=""KEN.196803030PTP"" data-stat=""visitor_team_name""><a href=""/teams/KEN/1968.html"">Kentucky Colonels</a></td><td class=""right"" data-stat=""visitor_pts"">99</td><td class=""left"" csk=""PTP.196803030PTP"" data-stat=""home_team_name""><a href=""/teams/PTP/1968.html"">Pittsburgh Pipers</a></td><td class=""right"" data-stat=""home_pts"">110</td><td class=""center"" data-stat=""box_score_text""><a href=""/boxscores/196803030PTP.html"">Box Score</a></td><td class=""center iz"" data-stat=""overtimes""></td><td class=""right iz"" data-stat=""attendance""></td><td class=""left iz"" data-stat=""game_remarks""></td></tr>"
11,"<tr><th class=""left"" csk=""196803030OAK"" data-stat=""date_game"" scope=""row""><a href=""/boxscores/index.fcgi?month=3&amp;day=3&amp;year=1968"">Sun, Mar 3, 1968</a></th><td class=""left"" csk=""DNR.196803030OAK"" data-stat=""visitor_team_name""><a href=""/teams/DNR/1968.html"">Denver Rockets</a></td><td class=""right"" data-stat=""visitor_pts"">115</td><td class=""left"" csk=""OAK.196803030OAK"" data-stat=""home_team_name""><a href=""/teams/OAK/1968.html"">Oakland Oaks</a></td><td class=""right"" data-stat=""home_pts"">95</td><td class=""center"" data-stat=""box_score_text""><a href=""/boxscores/196803030OAK.html"">Box Score</a></td><td class=""center iz"" data-stat=""overtimes""></td><td class=""right iz"" data-stat=""attendance""></td><td class=""left iz"" data-stat=""game_remarks""></td></tr>"
13,"<tr><th class=""left"" csk=""196803030MNM"" data-stat=""date_game"" scope=""row""><a href=""/boxscores/index.fcgi?month=3&amp;day=3&amp;year=1968"">Sun, Mar 3, 1968</a></th><td class=""left"" csk=""NJA.196803030MNM"" data-stat=""visitor_team_name""><a href=""/teams/NJA/1968.html"">New Jersey Americans</a></td><td class=""right"" data-stat=""visitor_pts"">115</td><td class=""left"" csk=""MNM.196803030MNM"" data-stat=""home_team_name""><a href=""/teams/MNM/1968.html"">Minnesota Muskies</a></td><td class=""right"" data-stat=""home_pts"">123</td><td class=""center"" data-stat=""box_score_text""><a href=""/boxscores/196803030MNM.html"">Box Score</a></td><td class=""center iz"" data-stat=""overtimes""></td><td class=""right iz"" data-stat=""attendance""></td><td class=""left iz"" data-stat=""game_remarks""></td></tr>"
15,"<tr><th class=""left"" csk=""196803030HSM"" data-stat=""date_game"" scope=""row""><a href=""/boxscores/index.fcgi?month=3&amp;day=3&amp;year=1968"">Sun, Mar 3, 1968</a></th><td class=""left"" csk=""NOB.196803030HSM"" data-stat=""visitor_team_name""><a href=""/teams/NOB/1968.html"">New Orleans Buccaneers</a></td><td class=""right"" data-stat=""visitor_pts"">103</td><td class=""left"" csk=""HSM.196803030HSM"" data-stat=""home_team_name""><a href=""/teams/HSM/1968.html"">Houston Mavericks</a></td><td class=""right"" data-stat=""home_pts"">89</td><td class=""center"" data-stat=""box_score_text""><a href=""/boxscores/196803030HSM.html"">Box Score</a></td><td class=""center iz"" data-stat=""overtimes""></td><td class=""right iz"" data-stat=""attendance""></td><td class=""left iz"" data-stat=""game_remarks""></td></tr>"
17,"<tr><th class=""left"" csk=""196803030ANA"" data-stat=""date_game"" scope=""row""><a href=""/boxscores/index.fcgi?month=3&amp;day=3&amp;year=1968"">Sun, Mar 3, 1968</a></th><td class=""left"" csk=""DLC.196803030ANA"" data-stat=""visitor_team_name""><a href=""/teams/DLC/1968.html"">Dallas Chaparrals</a></td><td class=""right"" data-stat=""visitor_pts"">126</td><td class=""left"" csk=""ANA.196803030ANA"" data-stat=""home_team_name""><a href=""/teams/ANA/1968.html"">Anaheim Amigos</a></td><td class=""right"" data-stat=""home_pts"">114</td><td class=""center"" data-stat=""box_score_text""><a href=""/boxscores/196803030ANA.html"">Box Score</a></td><td class=""center iz"" data-stat=""overtimes""></td><td class=""right iz"" data-stat=""attendance""></td><td class=""left iz"" data-stat=""game_remarks""></td></tr>"
19,"<tr><th class=""left"" csk=""196803040INA"" data-stat=""date_game"" scope=""row""><a href=""/boxscores/index.fcgi?month=3&amp;day=4&amp;year=1968"">Mon, Mar 4, 1968</a></th><td class=""left"" csk=""NOB.196803040INA"" data-stat=""visitor_team_name""><a href=""/teams/NOB/1968.html"">New Orleans Buccaneers</a></td><td class=""right"" data-stat=""visitor_pts"">128</td><td class=""left"" csk=""INA.196803040INA"" data-stat=""home_team_name""><a href=""/teams/INA/1968.html"">Indiana Pacers</a></td><td class=""right"" data-stat=""home_pts"">118</td><td class=""center"" data-stat=""box_score_text""><a href=""/boxscores/196803040INA.html"">Box Score</a></td><td class=""center iz"" data-stat=""overtimes""></td><td class=""right iz"" data-stat=""attendance""></td><td class=""left"" data-stat=""game_remarks"">at Fort Wayne, IN</td></tr>"
21,"<tr><th class=""left"" csk=""196803040HSM"" data-stat=""date_game"" scope=""row""><a href=""/boxscores/index.fcgi?month=3&amp;day=4&amp;year=1968"">Mon, Mar 4, 1968</a></th><td class=""left"" csk=""OAK.196803040HSM"" data-stat=""visitor_team_name""><a href=""/teams/OAK/1968.html"">Oakland Oaks</a></td><td class=""right"" data-stat=""visitor_pts"">120</td><td class=""left"" csk=""HSM.196803040HSM"" data-stat=""home_team_name""><a href=""/teams/HSM/1968.html"">Houston Mavericks</a></td><td class=""right"" data-stat=""home_pts"">130</td><td class=""center"" data-stat=""box_score_text""><a href=""/boxscores/196803040HSM.html"">Box Score</a></td><td class=""center iz"" data-stat=""overtimes""></td><td class=""right iz"" data-stat=""attendance""></td><td class=""left iz"" data-stat=""game_remarks""></td></tr>"
23,"<tr><th class=""left"" csk=""196803040DNR"" data-stat=""date_game"" scope=""row""><a href=""/boxscores/index.fcgi?month=3&amp;day=4&amp;year=1968"">Mon, Mar 4, 1968</a></th><td class=""left"" csk=""DLC.196803040DNR"" data-stat=""visitor_team_name""><a href=""/teams/DLC/1968.html"">Dallas Chaparrals</a></td><td class=""right"" data-stat=""visitor_pts"">98</td><td class=""left"" csk=""DNR.196803040DNR"" data-stat=""home_team_name""><a href=""/teams/DNR/1968.html"">Denver Rockets</a></td><td class=""right"" data-stat=""home_pts"">108</td><td class=""center"" data-stat=""box_score_text""><a href=""/boxscores/196803040DNR.html"">Box Score</a></td><td class=""center iz"" data-stat=""overtimes""></td><td class=""right iz"" data-stat=""attendance""></td><td class=""left iz"" data-stat=""game_remarks""></td></tr>"
25,"<tr><th class=""left"" csk=""196803050ANA"" data-stat=""date_game"" scope=""row""><a href=""/boxscores/index.fcgi?month=3&amp;day=5&amp;year=1968"">Tue, Mar 5, 1968</a></th><td class=""left"" csk=""PTP.196803050ANA"" data-stat=""visitor_team_name""><a href=""/teams/PTP/1968.html"">Pittsburgh Pipers</a></td><td class=""right"" data-stat=""visitor_pts"">123</td><td class=""left"" csk=""ANA.196803050ANA"" data-stat=""home_team_name""><a href=""/teams/ANA/1968.html"">Anaheim Amigos</a></td><td class=""right"" data-stat=""home_pts"">110</td><td class=""center"" data-stat=""box_score_text""><a href=""/boxscores/196803050ANA.html"">Box Score</a></td><td class=""center iz"" data-stat=""overtimes""></td><td class=""right iz"" data-stat=""attendance""></td><td class=""left iz"" data-stat=""game_remarks""></td></tr>"
27,"<tr><th class=""left"" csk=""196803050DLC"" data-stat=""date_game"" scope=""row""><a href=""/boxscores/index.fcgi?month=3&amp;day=5&amp;year=1968"">Tue, Mar 5, 1968</a></th><td class=""left"" csk=""OAK.196803050DLC"" data-stat=""visitor_team_name""><a href=""/teams/OAK/1968.html"">Oakland Oaks</a></td><td class=""right"" data-stat=""visitor_pts"">117</td><td class=""left"" csk=""DLC.196803050DLC"" data-stat=""home_team_name""><a href=""/teams/DLC/1968.html"">Dallas Chaparrals</a></td><td class=""right"" data-stat=""home_pts"">135</td><td class=""center"" data-stat=""box_score_text""><a href=""/boxscores/196803050DLC.html"">Box Score</a></td><td class=""center iz"" data-stat=""overtimes""></td><td class=""right iz"" data-stat=""attendance""></td><td class=""left iz"" data-stat=""game_remarks""></td></tr>"
29,"<tr><th class=""left"" csk=""196803050KEN"" data-stat=""date_game"" scope=""row""><a href=""/boxscores/index.fcgi?month=3&amp;day=5&amp;year=1968"">Tue, Mar 5, 1968</a></th><td class=""left"" csk=""NOB.196803050KEN"" data-stat=""visitor_team_name""><a href=""/teams/NOB/1968.html"">New Orleans Buccaneers</a></td><td class=""right"" data-stat=""visitor_pts"">105</td><td class=""left"" csk=""KEN.196803050KEN"" data-stat=""home_team_name""><a href=""/teams/KEN/1968.html"">Kentucky Colonels</a></td><td class=""right"" data-stat=""home_pts"">110</td><td class=""center"" data-stat=""box_score_text""><a href=""/boxscores/196803050KEN.html"">Box Score</a></td><td class=""center iz"" data-stat=""overtimes""></td><td class=""right iz"" data-stat=""attendance""></td><td class=""left iz"" data-stat=""game_remarks""></td></tr>"
31,"<tr><th class=""left"" csk=""196803050NJA"" data-stat=""date_game"" scope=""row""><a href=""/boxscores/index.fcgi?month=3&amp;day=5&amp;year=1968"">Tue, Mar 5, 1968</a></th><td class=""left"" csk=""INA.196803050NJA"" data-stat=""visitor_team_name""><a href=""/teams/INA/1968.html"">Indiana Pacers</a></td><td class=""right"" data-stat=""visitor_pts"">111</td><td class=""left"" csk=""NJA.196803050NJA"" data-stat=""home_team_name""><a href=""/teams/NJA/1968.html"">New Jersey Americans</a></td><td class=""right"" data-stat=""home_pts"">121</td><td class=""center"" data-stat=""box_score_text""><a href=""/boxscores/196803050NJA.html"">Box Score</a></td><td class=""center iz"" data-stat=""overtimes""></td><td class=""right iz"" data-stat=""attendance""></td><td class=""left iz"" data-stat=""game_remarks""></td></tr>"
33,"<tr><th class=""left"" csk=""196803060DNR"" data-stat=""date_game"" scope=""row""><a href=""/boxscores/index.fcgi?month=3&amp;day=6&amp;year=1968"">Wed, Mar 6, 1968</a></th><td class=""left"" csk=""MNM.196803060DNR"" data-stat=""visitor_team_name""><a href=""/teams/MNM/1968.html"">Minnesota Muskies</a></td><td class=""right"" data-stat=""visitor_pts"">100</td><td class=""left"" csk=""DNR.196803060DNR"" data-stat=""home_team_name""><a href=""/teams/DNR/1968.html"">Denver Rockets</a></td><td class=""right"" data-stat=""home_pts"">102</td><td class=""center"" data-stat=""box_score_text""><a href=""/boxscores/196803060DNR.html"">Box Score</a></td><td class=""center iz"" data-stat=""overtimes""></td><td class=""right iz"" data-stat=""attendance""></td><td class=""left iz"" data-stat=""game_remarks""></td></tr>"
35,"<tr><th class=""left"" csk=""196803070OAK"" data-stat=""date_game"" scope=""row""><a href=""/boxscores/index.fcgi?month=3&amp;day=7&amp;year=1968"">Thu, Mar 7, 1968</a></th><td class=""left"" csk=""PTP.196803070OAK"" data-stat=""visitor_team_name""><a href=""/teams/PTP/1968.html"">Pittsburgh Pipers</a></td><td class=""right"" data-stat=""visitor_pts"">119</td><td class=""left"" csk=""OAK.196803070OAK"" data-stat=""home_team_name""><a href=""/teams/OAK/1968.html"">Oakland Oaks</a></td><td class=""right"" data-stat=""home_pts"">114</td><td class=""center"" data-stat=""box_score_text""><a href=""/boxscores/196803070OAK.html"">Box Score</a></td><td class=""center iz"" data-stat=""overtimes""></td><td class=""right iz"" data-stat=""attendance""></td><td class=""left iz"" data-stat=""game_remarks""></td></tr>"
37,"<tr><th class=""left"" csk=""196803070HSM"" data-stat=""date_game"" scope=""row""><a href=""/boxscores/index.fcgi?month=3&amp;day=7&amp;year=1968"">Thu, Mar 7, 1968</a></th><td class=""left"" csk=""INA.196803070HSM"" data-stat=""visitor_team_name""><a href=""/teams/INA/1968.html"">Indiana Pacers</a></td><td class=""right"" data-stat=""visitor_pts"">104</td><td class=""left"" csk=""HSM.196803070HSM"" data-stat=""home_team_name""><a href=""/teams/HSM/1968.html"">Houston Mavericks</a></td><td class=""right"" data-stat=""home_pts"">115</td><td class=""center"" data-stat=""box_score_text""><a href=""/boxscores/196803070HSM.html"">Box Score</a></td><td class=""center iz"" data-stat=""overtimes""></td><td class=""right iz"" data-stat=""attendance""></td><td class=""left iz"" data-stat=""game_remarks""></td></tr>"
39,"<tr><th class=""left"" csk=""196803070ANA"" data-stat=""date_game"" scope=""row""><a href=""/boxscores/index.fcgi?month=3&amp;day=7&amp;year=1968"">Thu, Mar 7, 1968</a></th><td class=""left"" csk=""MNM.196803070ANA"" data-stat=""visitor_team_name""><a href=""/teams/MNM/1968.html"">Minnesota Muskies</a></td><td class=""right"" data-stat=""visitor_pts"">124</td><td class=""left"" csk=""ANA.196803070ANA"" data-stat=""home_team_name""><a href=""/teams/ANA/1968.html"">Anaheim Amigos</a></td><td class=""right"" data-stat=""home_pts"">115</td><td class=""center"" data-stat=""box_score_text""><a href=""/boxscores/196803070ANA.html"">Box Score</a></td><td class=""center iz"" data-stat=""overtimes""></td><td class=""right iz"" data-stat=""attendance""></td><td class=""left iz"" data-stat=""game_remarks""></td></tr>"
41,"<tr><th class=""left"" csk=""196803080DLC"" data-stat=""date_game"" scope=""row""><a href=""/boxscores/index.fcgi?month=3&amp;day=8&amp;year=1968"">Fri, Mar 8, 1968</a></th><td class=""left"" csk=""HSM.196803080DLC"" data-stat=""visitor_team_name""><a href=""/teams/HSM/1968.html"">Houston Mavericks</a></td><td class=""right"" data-stat=""visitor_pts"">116</td><td class=""left"" csk=""DLC.196803080DLC"" data-stat=""home_team_name""><a href=""/teams/DLC/1968.html"">Dallas Chaparrals</a></td><td class=""right"" data-stat=""home_pts"">117</td><td class=""center"" data-stat=""box_score_text""><a href=""/boxscores/196803080DLC.html"">Box Score</a></td><td class=""center iz"" data-stat=""overtimes""></td><td class=""right iz"" data-stat=""attendance""></td><td class=""left iz"" data-stat=""game_remarks""></td></tr>"
43,"<tr><th class=""left"" csk=""196803080NJA"" data-stat=""date_game"" scope=""row""><a href=""/boxscores/index.fcgi?month=3&amp;day=8&amp;year=1968"">Fri, Mar 8, 1968</a></th><td class=""left"" csk=""KEN.196803080NJA"" data-stat=""visitor_team_name""><a href=""/teams/KEN/1968.html"">Kentucky Colonels</a></td><td class=""right"" data-stat=""visitor_pts"">109</td><td class=""left"" csk=""NJA.196803080NJA"" data-stat=""home_team_name""><a href=""/teams/NJA/1968.html"">New Jersey Americans</a></td><td class=""right"" data-stat=""home_pts"">100</td><td class=""center"" data-stat=""box_score_text""><a href=""/boxscores/196803080NJA.html"">Box Score</a></td><td class=""center iz"" data-stat=""overtimes""></td><td class=""right iz"" data-stat=""attendance""></td><td class=""left iz"" data-stat=""game_remarks""></td></tr>"
45,"<tr><th class=""left"" csk=""196803080NOB"" data-stat=""date_game"" scope=""row""><a href=""/boxscores/index.fcgi?month=3&amp;day=8&amp;year=1968"">Fri, Mar 8, 1968</a></th><td class=""left"" csk=""PTP.196803080NOB"" data-stat=""visitor_team_name""><a href=""/teams/PTP/1968.html"">Pittsburgh Pipers</a></td><td class=""right"" data-stat=""visitor_pts"">114</td><td class=""left"" csk=""NOB.196803080NOB"" data-stat=""home_team_name""><a href=""/teams/NOB/1968.html"">New Orleans Buccaneers</a></td><td class=""right"" data-stat=""home_pts"">116</td><td class=""center"" data-stat=""box_score_text""><a href=""/boxscores/196803080NOB.html"">Box Score</a></td><td class=""center iz"" data-stat=""overtimes""></td><td class=""right iz"" data-stat=""attendance""></td><td class=""left iz"" data-stat=""game_remarks""></td></tr>"
47,"<tr><th class=""left"" csk=""196803080OAK"" data-stat=""date_game"" scope=""row""><a href=""/boxscores/index.fcgi?month=3&amp;day=8&amp;year=1968"">Fri, Mar 8, 1968</a></th><td class=""left"" csk=""MNM.196803080OAK"" data-stat=""visitor_team_name""><a href=""/teams/MNM/1968.html"">Minnesota Muskies</a></td><td class=""right"" data-stat=""visitor_pts"">109</td><td class=""left"" csk=""OAK.196803080OAK"" data-stat=""home_team_name""><a href=""/teams/OAK/1968.html"">Oakland Oaks</a></td><td class=""right"" data-stat=""home_pts"">101</td><td class=""center"" data-stat=""box_score_text""><a href=""/boxscores/196803080OAK.html"">Box Score</a></td><td class=""center iz"" data-stat=""overtimes""></td><td class=""right iz"" data-stat=""attendance""></td><td class=""left iz"" data-stat=""game_remarks""></td></tr>"
49,"<tr><th class=""left"" csk=""196803090KEN"" data-stat=""date_game"" scope=""row""><a href=""/boxscores/index.fcgi?month=3&amp;day=9&amp;year=1968"">Sat, Mar 9, 1968</a></th><td class=""left"" csk=""DNR.196803090KEN"" data-stat=""visitor_team_name""><a href=""/teams/DNR/1968.html"">Denver Rockets</a></td><td class=""right"" data-stat=""visitor_pts"">102</td><td class=""left"" csk=""KEN.196803090KEN"" data-stat=""home_team_name""><a href=""/teams/KEN/1968.html"">Kentucky Colonels</a></td><td class=""right"" data-stat=""home_pts"">107</td><td class=""center"" data-stat=""box_score_text""><a href=""/boxscores/196803090KEN.html"">Box Score</a></td><td class=""center iz"" data-stat=""overtimes""></td><td class=""right iz"" data-stat=""attendance""></td><td class=""left iz"" data-stat=""game_remarks""></td></tr>"
51,"<tr><th class=""left"" csk=""196803090INA"" data-stat=""date_game"" scope=""row""><a href=""/boxscores/index.fcgi?month=3&amp;day=9&amp;year=1968"">Sat, Mar 9, 1968</a></th><td class=""left"" csk=""NJA.196803090INA"" data-stat=""visitor_team_name""><a href=""/teams/NJA/1968.html"">New Jersey Americans</a></td><td class=""right"" data-stat=""visitor_pts"">99</td><td class=""left"" csk=""INA.196803090INA"" data-stat=""home_team_name""><a href=""/teams/INA/1968.html"">Indiana Pacers</a></td><td class=""right"" data-stat=""home_pts"">120</td><td class=""center"" data-stat=""box_score_text""><a href=""/boxscores/196803090INA.html"">Box Score</a></td><td class=""center iz"" data-stat=""overtimes""></td><td class=""right iz"" data-stat=""attendance""></td><td class=""left iz"" data-stat=""game_remarks""></td></tr>"
53,"<tr><th class=""left"" csk=""196803090DLC"" data-stat=""date_game"" scope=""row""><a href=""/boxscores/index.fcgi?month=3&amp;day=9&amp;year=1968"">Sat, Mar 9, 1968</a></th><td class=""left"" csk=""PTP.196803090DLC"" data-stat=""visitor_team_name""><a href=""/teams/PTP/1968.html"">Pittsburgh Pipers</a></td><td class=""right"" data-stat=""visitor_pts"">109</td><td class=""left"" csk=""DLC.196803090DLC"" data-stat=""home_team_name""><a href=""/teams/DLC/1968.html"">Dallas Chaparrals</a></td><td class=""right"" data-stat=""home_pts"">129</td><td class=""center"" data-stat=""box_score_text""><a href=""/boxscores/196803090DLC.html"">Box Score</a></td><td class=""center iz"" data-stat=""overtimes""></td><td class=""right iz"" data-stat=""attendance""></td><td class=""left iz"" data-stat=""game_remarks""></td></tr>"
55,"<tr><th class=""left"" csk=""196803100PTP"" data-stat=""date_game"" scope=""row""><a href=""/boxscores/index.fcgi?month=3&amp;day=10&amp;year=1968"">Sun, Mar 10, 1968</a></th><td class=""left"" csk=""NJA.196803100PTP"" data-stat=""visitor_team_name""><a href=""/teams/NJA/1968.html"">New Jersey Americans</a></td><td class=""right"" data-stat=""visitor_pts"">106</td><td class=""left"" csk=""PTP.196803100PTP"" data-stat=""home_team_name""><a href=""/teams/PTP/1968.html"">Pittsburgh Pipers</a></td><td class=""right"" data-stat=""home_pts"">122</td><td class=""center"" data-stat=""box_score_text""><a href=""/boxscores/196803100PTP.html"">Box Score</a></td><td class=""center iz"" data-stat=""overtimes""></td><td class=""right iz"" data-stat=""attendance""></td><td class=""left iz"" data-stat=""game_remarks""></td></tr>"
57,"<tr><th class=""left"" csk=""196803100NOB"" data-stat=""date_game"" scope=""row""><a href=""/boxscores/index.fcgi?month=3&amp;day=10&amp;year=1968"">Sun, Mar 10, 1968</a></th><td class=""left"" csk=""INA.196803100NOB"" data-stat=""visitor_team_name""><a href=""/teams/INA/1968.html"">Indiana Pacers</a></td><td class=""right"" data-stat=""visitor_pts"">113</td><td class=""left"" csk=""NOB.196803100NOB"" data-stat=""home_team_name""><a href=""/teams/NOB/1968.html"">New Orleans Buccaneers</a></td><td class=""right"" data-stat=""home_pts"">105</td><td class=""center"" data-stat=""box_score_text""><a href=""/boxscores/196803100NOB.html"">Box Score</a></td><td class=""center iz"" data-stat=""overtimes""></td><td class=""right iz"" data-stat=""attendance""></td><td class=""left iz"" data-stat=""game_remarks""></td></tr>"
59,"<tr><th class=""left"" csk=""196803100HSM"" data-stat=""date_game"" scope=""row""><a href=""/boxscores/index.fcgi?month=3&amp;day=10&amp;year=1968"">Sun, Mar 10, 1968</a></th><td class=""left"" csk=""OAK.196803100HSM"" data-stat=""visitor_team_name""><a href=""/teams/OAK/1968.html"">Oakland Oaks</a></td><td class=""right"" data-stat=""visitor_pts"">94</td><td class=""left"" csk=""HSM.196803100HSM"" data-stat=""home_team_name""><a href=""/teams/HSM/1968.html"">Houston Mavericks</a></td><td class=""right"" data-stat=""home_pts"">122</td><td class=""center"" data-stat=""box_score_text""><a href=""/boxscores/196803100HSM.html"">Box Score</a></td><td class=""center iz"" data-stat=""overtimes""></td><td class=""right iz"" data-stat=""attendance""></td><td class=""left iz"" data-stat=""game_remarks""></td></tr>"
61,"<tr><th class=""left"" csk=""196803100ANA"" data-stat=""date_game"" scope=""row""><a href=""/boxscores/index.fcgi?month=3&amp;day=10&amp;year=1968"">Sun, Mar 10, 1968</a></th><td class=""left"" csk=""DLC.196803100ANA"" data-stat=""visitor_team_name""><a href=""/teams/DLC/1968.html"">Dallas Chaparrals</a></td><td class=""right"" data-stat=""visitor_pts"">112</td><td class=""left"" csk=""ANA.196803100ANA"" data-stat=""home_team_name""><a href=""/teams/ANA/1968.html"">Anaheim Amigos</a></td><td class=""right"" data-stat=""home_pts"">110</td><td class=""center"" data-stat=""box_score_text""><a href=""/boxscores/196803100ANA.html"">Box Score</a></td><td class=""center iz"" data-stat=""overtimes""></td><td class=""right iz"" data-stat=""attendance""></td><td class=""left iz"" data-stat=""game_remarks""></td></tr>"
63,"<tr><th class=""left"" csk=""196803110DNR"" data-stat=""date_game"" scope=""row""><a href=""/boxscores/index.fcgi?month=3&amp;day=11&amp;year=1968"">Mon, Mar 11, 1968</a></th><td class=""left"" csk=""DLC.196803110DNR"" data-stat=""visitor_team_name""><a href=""/teams/DLC/1968.html"">Dallas Chaparrals</a></td><td class=""right"" data-stat=""visitor_pts"">105</td><td class=""left"" csk=""DNR.196803110DNR"" data-stat=""home_team_name""><a href=""/teams/DNR/1968.html"">Denver Rockets</a></td><td class=""right"" data-stat=""home_pts"">119</td><td class=""center"" data-stat=""box_score_text""><a href=""/boxscores/196803110DNR.html"">Box Score</a></td><td class=""center iz"" data-stat=""overtimes""></td><td class=""right iz"" data-stat=""attendance""></td><td class=""left iz"" data-stat=""game_remarks""></td></tr>"
65,"<tr><th class=""left"" csk=""196803110KEN"" data-stat=""date_game"" scope=""row""><a href=""/boxscores/index.fcgi?month=3&amp;day=11&amp;year=1968"">Mon, Mar 11, 1968</a></th><td class=""left"" csk=""OAK.196803110KEN"" data-stat=""visitor_team_name""><a href=""/teams/OAK/1968.html"">Oakland Oaks</a></td><td class=""right"" data-stat=""visitor_pts"">107</td><td class=""left"" csk=""KEN.196803110KEN"" data-stat=""home_team_name""><a href=""/teams/KEN/1968.html"">Kentucky Colonels</a></td><td class=""right"" data-stat=""home_pts"">120</td><td class=""center"" data-stat=""box_score_text""><a href=""/boxscores/196803110KEN.html"">Box Score</a></td><td class=""center iz"" data-stat=""overtimes""></td><td class=""right iz"" data-stat=""attendance""></td><td class=""left iz"" data-stat=""game_remarks""></td></tr>"
67,"<tr><th class=""left"" csk=""196803120NJA"" data-stat=""date_game"" scope=""row""><a href=""/boxscores/index.fcgi?month=3&amp;day=12&amp;year=1968"">Tue, Mar 12, 1968</a></th><td class=""left"" csk=""PTP.196803120NJA"" data-stat=""visitor_team_name""><a href=""/teams/PTP/1968.html"">Pittsburgh Pipers</a></td><td class=""right"" data-stat=""visitor_pts"">112</td><td class=""left"" csk=""NJA.196803120NJA"" data-stat=""home_team_name""><a href=""/teams/NJA/1968.html"">New Jersey Americans</a></td><td class=""right"" data-stat=""home_pts"">126</td><td class=""center"" data-stat=""box_score_text""><a href=""/boxscores/196803120NJA.html"">Box Score</a></td><td class=""center iz"" data-stat=""overtimes""></td><td class=""right iz"" data-stat=""attendance""></td><td class=""left iz"" data-stat=""game_remarks""></td></tr>"
69,"<tr><th class=""left"" csk=""196803120MNM"" data-stat=""date_game"" scope=""row""><a href=""/boxscores/index.fcgi?month=3&amp;day=12&amp;year=1968"">Tue, Mar 12, 1968</a></th><td class=""left"" csk=""DLC.196803120MNM"" data-stat=""visitor_team_name""><a href=""/teams/DLC/1968.html"">Dallas Chaparrals</a></td><td class=""right"" data-stat=""visitor_pts"">122</td><td class=""left"" csk=""MNM.196803120MNM"" data-stat=""home_team_name""><a href=""/teams/MNM/1968.html"">Minnesota Muskies</a></td><td class=""right"" data-stat=""home_pts"">107</td><td class=""center"" data-stat=""box_score_text""><a href=""/boxscores/196803120MNM.html"">Box Score</a></td><td class=""center iz"" data-stat=""overtimes""></td><td class=""right iz"" data-stat=""attendance""></td><td class=""left iz"" data-stat=""game_remarks""></td></tr>"
71,"<tr><th class=""left"" csk=""196803120KEN"" data-stat=""date_game"" scope=""row""><a href=""/boxscores/index.fcgi?month=3&amp;day=12&amp;year=1968"">Tue, Mar 12, 1968</a></th><td class=""left"" csk=""HSM.196803120KEN"" data-stat=""visitor_team_name""><a href=""/teams/HSM/1968.html"">Houston Mavericks</a></td><td class=""right"" data-stat=""visitor_pts"">109</td><td class=""left"" csk=""KEN.196803120KEN"" data-stat=""home_team_name""><a href=""/teams/KEN/1968.html"">Kentucky Colonels</a></td><td class=""right"" data-stat=""home_pts"">130</td><td class=""center"" data-stat=""box_score_text""><a href=""/boxscores/196803120KEN.html"">Box Score</a></td><td class=""center iz"" data-stat=""overtimes""></td><td class=""right iz"" data-stat=""attendance""></td><td class=""left iz"" data-stat=""game_remarks""></td></tr>"
73,"<tr><th class=""left"" csk=""196803120DNR"" data-stat=""date_game"" scope=""row""><a href=""/boxscores/index.fcgi?month=3&amp;day=12&amp;year=1968"">Tue, Mar 12, 1968</a></th><td class=""left"" csk=""OAK.196803120DNR"" data-stat=""visitor_team_name""><a href=""/teams/OAK/1968.html"">Oakland Oaks</a></td><td class=""right"" data-stat=""visitor_pts"">92</td><td class=""left"" csk=""DNR.196803120DNR"" data-stat=""home_team_name""><a href=""/teams/DNR/1968.html"">Denver Rockets</a></td><td class=""right"" data-stat=""home_pts"">112</td><td class=""center"" data-stat=""box_score_text""><a href=""/boxscores/196803120DNR.html"">Box Score</a></td><td class=""center iz"" data-stat=""overtimes""></td><td class=""right iz"" data-stat=""attendance""></td><td class=""left iz"" data-stat=""game_remarks""></td></tr>"
75,"<tr><th class=""left"" csk=""196803130INA"" data-stat=""date_game"" scope=""row""><a href=""/boxscores/index.fcgi?month=3&amp;day=13&amp;year=1968"">Wed, Mar 13, 1968</a></th><td class=""left"" csk=""MNM.196803130INA"" data-stat=""visitor_team_name""><a href=""/teams/MNM/1968.html"">Minnesota Muskies</a></td><td class=""right"" data-stat=""visitor_pts"">106</td><td class=""left"" csk=""INA.196803130INA"" data-stat=""home_team_name""><a href=""/teams/INA/1968.html"">Indiana Pacers</a></td><td class=""right"" data-stat=""home_pts"">116</td><td class=""center"" data-stat=""box_score_text""><a href=""/boxscores/196803130INA.html"">Box Score</a></td><td class=""center iz"" data-stat=""overtimes""></td><td class=""right iz"" data-stat=""attendance""></td><td class=""left iz"" data-stat=""game_remarks""></td></tr>"
77,"<tr><th class=""left"" csk=""196803130NJA"" data-stat=""date_game"" scope=""row""><a href=""/boxscores/index.fcgi?month=3&amp;day=13&amp;year=1968"">Wed, Mar 13, 1968</a></th><td class=""left"" csk=""DNR.196803130NJA"" data-stat=""visitor_team_name""><a href=""/teams/DNR/1968.html"">Denver Rockets</a></td><td class=""right"" data-stat=""visitor_pts"">87</td><td class=""left"" csk=""NJA.196803130NJA"" data-stat=""home_team_name""><a href=""/teams/NJA/1968.html"">New Jersey Americans</a></td><td class=""right"" data-stat=""home_pts"">96</td><td class=""center"" data-stat=""box_score_text""><a href=""/boxscores/196803130NJA.html"">Box Score</a></td><td class=""center iz"" data-stat=""overtimes""></td><td class=""right iz"" data-stat=""attendance""></td><td class=""left iz"" data-stat=""game_remarks""></td></tr>"
79,"<tr><th class=""left"" csk=""196803140DLC"" data-stat=""date_game"" scope=""row""><a href=""/boxscores/index.fcgi?month=3&amp;day=14&amp;year=1968"">Thu, Mar 14, 1968</a></th><td class=""left"" csk=""NOB.196803140DLC"" data-stat=""visitor_team_name""><a href=""/teams/NOB/1968.html"">New Orleans Buccaneers</a></td><td class=""right"" data-stat=""visitor_pts"">87</td><td class=""left"" csk=""DLC.196803140DLC"" data-stat=""home_team_name""><a href=""/teams/DLC/1968.html"">Dallas Chaparrals</a></td><td class=""right"" data-stat=""home_pts"">90</td><td class=""center"" data-stat=""box_score_text""><a href=""/boxscores/196803140DLC.html"">Box Score</a></td><td class=""center iz"" data-stat=""overtimes""></td><td class=""right iz"" data-stat=""attendance""></td><td class=""left iz"" data-stat=""game_remarks""></td></tr>"
81,"<tr><th class=""left"" csk=""196803150INA"" data-stat=""date_game"" scope=""row""><a href=""/boxscores/index.fcgi?month=3&amp;day=15&amp;year=1968"">Fri, Mar 15, 1968</a></th><td class=""left"" csk=""KEN.196803150INA"" data-stat=""visitor_team_name""><a href=""/teams/KEN/1968.html"">Kentucky Colonels</a></td><td class=""right"" data-stat=""visitor_pts"">108</td><td class=""left"" csk=""INA.196803150INA"" data-stat=""home_team_name""><a href=""/teams/INA/1968.html"">Indiana Pacers</a></td><td class=""right"" data-stat=""home_pts"">96</td><td class=""center"" data-stat=""box_score_text""><a href=""/boxscores/196803150INA.html"">Box Score</a></td><td class=""center iz"" data-stat=""overtimes""></td><td class=""right iz"" data-stat=""attendance""></td><td class=""left iz"" data-stat=""game_remarks""></td></tr>"
83,"<tr><th class=""left"" csk=""196803150MNM"" data-stat=""date_game"" scope=""row""><a href=""/boxscores/index.fcgi?month=3&amp;day=15&amp;year=1968"">Fri, Mar 15, 1968</a></th><td class=""left"" csk=""DNR.196803150MNM"" data-stat=""visitor_team_name""><a href=""/teams/DNR/1968.html"">Denver Rockets</a></td><td class=""right"" data-stat=""visitor_pts"">95</td><td class=""left"" csk=""MNM.196803150MNM"" data-stat=""home_team_name""><a href=""/teams/MNM/1968.html"">Minnesota Muskies</a></td><td class=""right"" data-stat=""home_pts"">106</td><td class=""center"" data-stat=""box_score_text""><a href=""/boxscores/196803150MNM.html"">Box Score</a></td><td class=""center iz"" data-stat=""overtimes""></td><td class=""right iz"" data-stat=""attendance""></td><td class=""left iz"" data-stat=""game_remarks""></td></tr>"
85,"<tr><th class=""left"" csk=""196803150NOB"" data-stat=""date_game"" scope=""row""><a href=""/boxscores/index.fcgi?month=3&amp;day=15&amp;year=1968"">Fri, Mar 15, 1968</a></th><td class=""left"" csk=""HSM.196803150NOB"" data-stat=""visitor_team_name""><a href=""/teams/HSM/1968.html"">Houston Mavericks</a></td><td class=""right"" data-stat=""visitor_pts"">99</td><td class=""left"" csk=""NOB.196803150NOB"" data-stat=""home_team_name""><a href=""/teams/NOB/1968.html"">New Orleans Buccaneers</a></td><td class=""right"" data-stat=""home_pts"">108</td><td class=""center"" data-stat=""box_score_text""><a href=""/boxscores/196803150NOB.html"">Box Score</a></td><td class=""center iz"" data-stat=""overtimes""></td><td class=""right iz"" data-stat=""attendance""></td><td class=""left iz"" data-stat=""game_remarks""></td></tr>"
87,"<tr><th class=""left"" csk=""196803150OAK"" data-stat=""date_game"" scope=""row""><a href=""/boxscores/index.fcgi?month=3&amp;day=15&amp;year=1968"">Fri, Mar 15, 1968</a></th><td class=""left"" csk=""ANA.196803150OAK"" data-stat=""visitor_team_name""><a href=""/teams/ANA/1968.html"">Anaheim Amigos</a></td><td class=""right"" data-stat=""visitor_pts"">116</td><td class=""left"" csk=""OAK.196803150OAK"" data-stat=""home_team_name""><a href=""/teams/OAK/1968.html"">Oakland Oaks</a></td><td class=""right"" data-stat=""home_pts"">113</td><td class=""center"" data-stat=""box_score_text""><a href=""/boxscores/196803150OAK.html"">Box Score</a></td><td class=""center iz"" data-stat=""overtimes""></td><td class=""right iz"" data-stat=""attendance""></td><td class=""left iz"" data-stat=""game_remarks""></td></tr>"
89,"<tr><th class=""left"" csk=""196803160DLC"" data-stat=""date_game"" scope=""row""><a href=""/boxscores/index.fcgi?month=3&amp;day=16&amp;year=1968"">Sat, Mar 16, 1968</a></th><td class=""left"" csk=""DNR.196803160DLC"" data-stat=""visitor_team_name""><a href=""/teams/DNR/1968.html"">Denver Rockets</a></td><td class=""right"" data-stat=""visitor_pts"">96</td><td class=""left"" csk=""DLC.196803160DLC"" data-stat=""home_team_name""><a href=""/teams/DLC/1968.html"">Dallas Chaparrals</a></td><td class=""right"" data-stat=""home_pts"">108</td><td class=""center"" data-stat=""box_score_text""><a href=""/boxscores/196803160DLC.html"">Box Score</a></td><td class=""center iz"" data-stat=""overtimes""></td><td class=""right iz"" data-stat=""attendance""></td><td class=""left iz"" data-stat=""game_remarks""></td></tr>"
91,"<tr><th class=""left"" csk=""196803170KEN"" data-stat=""date_game"" scope=""row""><a href=""/boxscores/index.fcgi?month=3&amp;day=17&amp;year=1968"">Sun, Mar 17, 1968</a></th><td class=""left"" csk=""ANA.196803170KEN"" data-stat=""visitor_team_name""><a href=""/teams/ANA/1968.html"">Anaheim Amigos</a></td><td class=""right"" data-stat=""visitor_pts"">107</td><td class=""left"" csk=""KEN.196803170KEN"" data-stat=""home_team_name""><a href=""/teams/KEN/1968.html"">Kentucky Colonels</a></td><td class=""right"" data-stat=""home_pts"">115</td><td class=""center"" data-stat=""box_score_text""><a href=""/boxscores/196803170KEN.html"">Box Score</a></td><td class=""center iz"" data-stat=""overtimes""></td><td class=""right iz"" data-stat=""attendance""></td><td class=""left iz"" data-stat=""game_remarks""></td></tr>"
93,"<tr><th class=""left"" csk=""196803170MNM"" data-stat=""date_game"" scope=""row""><a href=""/boxscores/index.fcgi?month=3&amp;day=17&amp;year=1968"">Sun, Mar 17, 1968</a></th><td class=""left"" csk=""NOB.196803170MNM"" data-stat=""visitor_team_name""><a href=""/teams/NOB/1968.html"">New Orleans Buccaneers</a></td><td class=""right"" data-stat=""visitor_pts"">101</td><td class=""left"" csk=""MNM.196803170MNM"" data-stat=""home_team_name""><a href=""/teams/MNM/1968.html"">Minnesota Muskies</a></td><td class=""right"" data-stat=""home_pts"">104</td><td class=""center"" data-stat=""box_score_text""><a href=""/boxscores/196803170MNM.html"">Box Score</a></td><td class=""center iz"" data-stat=""overtimes""></td><td class=""right iz"" data-stat=""attendance""></td><td class=""left iz"" data-stat=""game_remarks""></td></tr>"
95,"<tr><th class=""left"" csk=""196803170OAK"" data-stat=""date_game"" scope=""row""><a href=""/boxscores/index.fcgi?month=3&amp;day=17&amp;year=1968"">Sun, Mar 17, 1968</a></th><td class=""left"" csk=""DLC.196803170OAK"" data-stat=""visitor_team_name""><a href=""/teams/DLC/1968.html"">Dallas Chaparrals</a></td><td class=""right"" data-stat=""visitor_pts"">115</td><td class=""left"" csk=""OAK.196803170OAK"" data-stat=""home_team_name""><a href=""/teams/OAK/1968.html"">Oakland Oaks</a></td><td class=""right"" data-stat=""home_pts"">93</td><td class=""center"" data-stat=""box_score_text""><a href=""/boxscores/196803170OAK.html"">Box Score</a></td><td class=""center iz"" data-stat=""overtimes""></td><td class=""right iz"" data-stat=""attendance""></td><td class=""left iz"" data-stat=""game_remarks""></td></tr>"
97,"<tr><th class=""left"" csk=""196803180HSM"" data-stat=""date_game"" scope=""row""><a href=""/boxscores/index.fcgi?month=3&amp;day=18&amp;year=1968"">Mon, Mar 18, 1968</a></th><td class=""left"" csk=""NJA.196803180HSM"" data-stat=""visitor_team_name""><a href=""/teams/NJA/1968.html"">New Jersey Americans</a></td><td class=""right"" data-stat=""visitor_pts"">113</td><td class=""left"" csk=""HSM.196803180HSM"" data-stat=""home_team_name""><a href=""/teams/HSM/1968.html"">Houston Mavericks</a></td><td class=""right"" data-stat=""home_pts"">103</td><td class=""center"" data-stat=""box_score_text""><a href=""/boxscores/196803180HSM.html"">Box Score</a></td><td class=""center iz"" data-stat=""overtimes""></td><td class=""right iz"" data-stat=""attendance""></td><td class=""left iz"" data-stat=""game_remarks""></td></tr>"
99,"<tr><th class=""left"" csk=""196803180DNR"" data-stat=""date_game"" scope=""row""><a href=""/boxscores/index.fcgi?month=3&amp;day=18&amp;year=1968"">Mon, Mar 18, 1968</a></th><td class=""left"" csk=""NOB.196803180DNR"" data-stat=""visitor_team_name""><a href=""/teams/NOB/1968.html"">New Orleans Buccaneers</a></td><td class=""right"" data-stat=""visitor_pts"">101</td><td class=""left"" csk=""DNR.196803180DNR"" data-stat=""home_team_name""><a href=""/teams/DNR/1968.html"">Denver Rockets</a></td><td class=""right"" data-stat=""home_pts"">108</td><td class=""center"" data-stat=""box_score_text""><a href=""/boxscores/196803180DNR.html"">Box Score</a></td><td class=""center iz"" data-stat=""overtimes""></td><td class=""right iz"" data-stat=""attendance""></td><td class=""left iz"" data-stat=""game_remarks""></td></tr>"
101,"<tr><th class=""left"" csk=""196803180ANA"" data-stat=""date_game"" scope=""row""><a href=""/boxscores/index.fcgi?month=3&amp;day=18&amp;year=1968"">Mon, Mar 18, 1968</a></th><td class=""left"" csk=""PTP.196803180ANA"" data-stat=""visitor_team_name""><a href=""/teams/PTP/1968.html"">Pittsburgh Pipers</a></td><td class=""right"" data-stat=""visitor_pts"">135</td><td class=""left"" csk=""ANA.196803180ANA"" data-stat=""home_team_name""><a href=""/teams/ANA/1968.html"">Anaheim Amigos</a></td><td class=""right"" data-stat=""home_pts"">118</td><td class=""center"" data-stat=""box_score_text""><a href=""/boxscores/196803180ANA.html"">Box Score</a></td><td class=""center iz"" data-stat=""overtimes""></td><td class=""right iz"" data-stat=""attendance""></td><td class=""left"" data-stat=""game_remarks"">at Steubenville, OH</td></tr>"
103,"<tr><th class=""left"" csk=""196803190KEN"" data-stat=""date_game"" scope=""row""><a href=""/boxscores/index.fcgi?month=3&amp;day=19&amp;year=1968"">Tue, Mar 19, 1968</a></th><td class=""left"" csk=""NJA.196803190KEN"" data-stat=""visitor_team_name""><a href=""/teams/NJA/1968.html"">New Jersey Americans</a></td><td class=""right"" data-stat=""visitor_pts"">98</td><td class=""left"" csk=""KEN.196803190KEN"" data-stat=""home_team_name""><a href=""/teams/KEN/1968.html"">Kentucky Colonels</a></td><td class=""right"" data-stat=""home_pts"">115</td><td class=""center"" data-stat=""box_score_text""><a href=""/boxscores/196803190KEN.html"">Box Score</a></td><td class=""center iz"" data-stat=""overtimes""></td><td class=""right iz"" data-stat=""attendance""></td><td class=""left iz"" data-stat=""game_remarks""></td></tr>"
105,"<tr><th class=""left"" csk=""196803190OAK"" data-stat=""date_game"" scope=""row""><a href=""/boxscores/index.fcgi?month=3&amp;day=19&amp;year=1968"">Tue, Mar 19, 1968</a></th><td class=""left"" csk=""NOB.196803190OAK"" data-stat=""visitor_team_name""><a href=""/teams/NOB/1968.html"">New Orleans Buccaneers</a></td><td class=""right"" data-stat=""visitor_pts"">102</td><td class=""left"" csk=""OAK.196803190OAK"" data-stat=""home_team_name""><a href=""/teams/OAK/1968.html"">Oakland Oaks</a></td><td class=""right"" data-stat=""home_pts"">92</td><td class=""center"" data-stat=""box_score_text""><a href=""/boxscores/196803190OAK.html"">Box Score</a></td><td class=""center iz"" data-stat=""overtimes""></td><td class=""right iz"" data-stat=""attendance""></td><td class=""left iz"" data-stat=""game_remarks""></td></tr>"
107,"<tr><th class=""left"" csk=""196803190PTP"" data-stat=""date_game"" scope=""row""><a href=""/boxscores/index.fcgi?month=3&amp;day=19&amp;year=1968"">Tue, Mar 19, 1968</a></th><td class=""left"" csk=""ANA.196803190PTP"" data-stat=""visitor_team_name""><a href=""/teams/ANA/1968.html"">Anaheim Amigos</a></td><td class=""right"" data-stat=""visitor_pts"">122</td><td class=""left"" csk=""PTP.196803190PTP"" data-stat=""home_team_name""><a href=""/teams/PTP/1968.html"">Pittsburgh Pipers</a></td><td class=""right"" data-stat=""home_pts"">150</td><td class=""center"" data-stat=""box_score_text""><a href=""/boxscores/196803190PTP.html"">Box Score</a></td><td class=""center iz"" data-stat=""overtimes""></td><td class=""right iz"" data-stat=""attendance""></td><td class=""left iz"" data-stat=""game_remarks""></td></tr>"
109,"<tr><th class=""left"" csk=""196803200HSM"" data-stat=""date_game"" scope=""row""><a href=""/boxscores/index.fcgi?month=3&amp;day=20&amp;year=1968"">Wed, Mar 20, 1968</a></th><td class=""left"" csk=""OAK.196803200HSM"" data-stat=""visitor_team_name""><a href=""/teams/OAK/1968.html"">Oakland Oaks</a></td><td class=""right"" data-stat=""visitor_pts"">111</td><td class=""left"" csk=""HSM.196803200HSM"" data-stat=""home_team_name""><a href=""/teams/HSM/1968.html"">Houston Mavericks</a></td><td class=""right"" data-stat=""home_pts"">128</td><td class=""center"" data-stat=""box_score_text""><a href=""/boxscores/196803200HSM.html"">Box Score</a></td><td class=""center iz"" data-stat=""overtimes""></td><td class=""right iz"" data-stat=""attendance""></td><td class=""left iz"" data-stat=""game_remarks""></td></tr>"
111,"<tr><th class=""left"" csk=""196803200DLC"" data-stat=""date_game"" scope=""row""><a href=""/boxscores/index.fcgi?month=3&amp;day=20&amp;year=1968"">Wed, Mar 20, 1968</a></th><td class=""left"" csk=""NJA.196803200DLC"" data-stat=""visitor_team_name""><a href=""/teams/NJA/1968.html"">New Jersey Americans</a></td><td class=""right"" data-stat=""visitor_pts"">97</td><td class=""left"" csk=""DLC.196803200DLC"" data-stat=""home_team_name""><a href=""/teams/DLC/1968.html"">Dallas Chaparrals</a></td><td class=""right"" data-stat=""home_pts"">109</td><td class=""center"" data-stat=""box_score_text""><a href=""/boxscores/196803200DLC.html"">Box Score</a></td><td class=""center iz"" data-stat=""overtimes""></td><td class=""right iz"" data-stat=""attendance""></td><td class=""left iz"" data-stat=""game_remarks""></td></tr>"
113,"<tr><th class=""left"" csk=""196803210ANA"" data-stat=""date_game"" scope=""row""><a href=""/boxscores/index.fcgi?month=3&amp;day=21&amp;year=1968"">Thu, Mar 21, 1968</a></th><td class=""left"" csk=""NOB.196803210ANA"" data-stat=""visitor_team_name""><a href=""/teams/NOB/1968.html"">New Orleans Buccaneers</a></td><td class=""right"" data-stat=""visitor_pts"">105</td><td class=""left"" csk=""ANA.196803210ANA"" data-stat=""home_team_name""><a href=""/teams/ANA/1968.html"">Anaheim Amigos</a></td><td class=""right"" data-stat=""home_pts"">89</td><td class=""center"" data-stat=""box_score_text""><a href=""/boxscores/196803210ANA.html"">Box Score</a></td><td class=""center iz"" data-stat=""overtimes""></td><td class=""right iz"" data-stat=""attendance""></td><td class=""left iz"" data-stat=""game_remarks""></td></tr>"
115,"<tr><th class=""left"" csk=""196803210DLC"" data-stat=""date_game"" scope=""row""><a href=""/boxscores/index.fcgi?month=3&amp;day=21&amp;year=1968"">Thu, Mar 21, 1968</a></th><td class=""left"" csk=""OAK.196803210DLC"" data-stat=""visitor_team_name""><a href=""/teams/OAK/1968.html"">Oakland Oaks</a></td><td class=""right"" data-stat=""visitor_pts"">103</td><td class=""left"" csk=""DLC.196803210DLC"" data-stat=""home_team_name""><a href=""/teams/DLC/1968.html"">Dallas Chaparrals</a></td><td class=""right"" data-stat=""home_pts"">128</td><td class=""center"" data-stat=""box_score_text""><a href=""/boxscores/196803210DLC.html"">Box Score</a></td><td class=""center iz"" data-stat=""overtimes""></td><td class=""right iz"" data-stat=""attendance""></td><td class=""left iz"" data-stat=""game_remarks""></td></tr>"
117,"<tr><th class=""left"" csk=""196803210PTP"" data-stat=""date_game"" scope=""row""><a href=""/boxscores/index.fcgi?month=3&amp;day=21&amp;year=1968"">Thu, Mar 21, 1968</a></th><td class=""left"" csk=""KEN.196803210PTP"" data-stat=""visitor_team_name""><a href=""/teams/KEN/1968.html"">Kentucky Colonels</a></td><td class=""right"" data-stat=""visitor_pts"">104</td><td class=""left"" csk=""PTP.196803210PTP"" data-stat=""home_team_name""><a href=""/teams/PTP/1968.html"">Pittsburgh Pipers</a></td><td class=""right"" data-stat=""home_pts"">108</td><td class=""center"" data-stat=""box_score_text""><a href=""/boxscores/196803210PTP.html"">Box Score</a></td><td class=""center iz"" data-stat=""overtimes""></td><td class=""right iz"" data-stat=""attendance""></td><td class=""left iz"" data-stat=""game_remarks""></td></tr>"
119,"<tr><th class=""left"" csk=""196803220NOB"" data-stat=""date_game"" scope=""row""><a href=""/boxscores/index.fcgi?month=3&amp;day=22&amp;year=1968"">Fri, Mar 22, 1968</a></th><td class=""left"" csk=""HSM.196803220NOB"" data-stat=""visitor_team_name""><a href=""/teams/HSM/1968.html"">Houston Mavericks</a></td><td class=""right"" data-stat=""visitor_pts"">88</td><td class=""left"" csk=""NOB.196803220NOB"" data-stat=""home_team_name""><a href=""/teams/NOB/1968.html"">New Orleans Buccaneers</a></td><td class=""right"" data-stat=""home_pts"">114</td><td class=""center"" data-stat=""box_score_text""><a href=""/boxscores/196803220NOB.html"">Box Score</a></td><td class=""center iz"" data-stat=""overtimes""></td><td class=""right iz"" data-stat=""attendance""></td><td class=""left iz"" data-stat=""game_remarks""></td></tr>"
121,"<tr><th class=""left"" csk=""196803220KEN"" data-stat=""date_game"" scope=""row""><a href=""/boxscores/index.fcgi?month=3&amp;day=22&amp;year=1968"">Fri, Mar 22, 1968</a></th><td class=""left"" csk=""INA.196803220KEN"" data-stat=""visitor_team_name""><a href=""/teams/INA/1968.html"">Indiana Pacers</a></td><td class=""right"" data-stat=""visitor_pts"">106</td><td class=""left"" csk=""KEN.196803220KEN"" data-stat=""home_team_name""><a href=""/teams/KEN/1968.html"">Kentucky Colonels</a></td><td class=""right"" data-stat=""home_pts"">119</td><td class=""center"" data-stat=""box_score_text""><a href=""/boxscores/196803220KEN.html"">Box Score</a></td><td class=""center iz"" data-stat=""overtimes""></td><td class=""right iz"" data-stat=""attendance""></td><td class=""left iz"" data-stat=""game_remarks""></td></tr>"
123,"<tr><th class=""left"" csk=""196803220DNR"" data-stat=""date_game"" scope=""row""><a href=""/boxscores/index.fcgi?month=3&amp;day=22&amp;year=1968"">Fri, Mar 22, 1968</a></th><td class=""left"" csk=""DLC.196803220DNR"" data-stat=""visitor_team_name""><a href=""/teams/DLC/1968.html"">Dallas Chaparrals</a></td><td class=""right"" data-stat=""visitor_pts"">92</td><td class=""left"" csk=""DNR.196803220DNR"" data-stat=""home_team_name""><a href=""/teams/DNR/1968.html"">Denver Rockets</a></td><td class=""right"" data-stat=""home_pts"">110</td><td class=""center"" data-stat=""box_score_text""><a href=""/boxscores/196803220DNR.html"">Box Score</a></td><td class=""center iz"" data-stat=""overtimes""></td><td class=""right iz"" data-stat=""attendance""></td><td class=""left iz"" data-stat=""game_remarks""></td></tr>"
125,"<tr class=""thead""><th colspan=""9"">Playoffs</th></tr>"
127,"<tr><th class=""left"" csk=""196803230DLC"" data-stat=""date_game"" scope=""row""><a href=""/boxscores/index.fcgi?month=3&amp;day=23&amp;year=1968"">Sat, Mar 23, 1968</a></th><td class=""left"" csk=""HSM.196803230DLC"" data-stat=""visitor_team_name""><a href=""/teams/HSM/1968.html"">Houston Mavericks</a></td><td class=""right"" data-stat=""visitor_pts"">110</td><td class=""left"" csk=""DLC.196803230DLC"" data-stat=""home_team_name""><a href=""/teams/DLC/1968.html"">Dallas Chaparrals</a></td><td class=""right"" data-stat=""home_pts"">111</td><td class=""center"" data-stat=""box_score_text""><a href=""/boxscores/196803230DLC.html"">Box Score</a></td><td class=""center iz"" data-stat=""overtimes""></td><td class=""right iz"" data-stat=""attendance""></td><td class=""left iz"" data-stat=""game_remarks""></td></tr>"
129,"<tr><th class=""left"" csk=""196803240ANA"" data-stat=""date_game"" scope=""row""><a href=""/boxscores/index.fcgi?month=3&amp;day=24&amp;year=1968"">Sun, Mar 24, 1968</a></th><td class=""left"" csk=""OAK.196803240ANA"" data-stat=""visitor_team_name""><a href=""/teams/OAK/1968.html"">Oakland Oaks</a></td><td class=""right"" data-stat=""visitor_pts"">135</td><td class=""left"" csk=""ANA.196803240ANA"" data-stat=""home_team_name""><a href=""/teams/ANA/1968.html"">Anaheim Amigos</a></td><td class=""right"" data-stat=""home_pts"">147</td><td class=""center"" data-stat=""box_score_text""><a href=""/boxscores/196803240ANA.html"">Box Score</a></td><td class=""center iz"" data-stat=""overtimes""></td><td class=""right iz"" data-stat=""attendance""></td><td class=""left iz"" data-stat=""game_remarks""></td></tr>"
131,"<tr class=""thead""><th colspan=""9"">Playoffs</th></tr>"
133,"<tr><th class=""left"" csk=""196803240MNM"" data-stat=""date_game"" scope=""row""><a href=""/boxscores/index.fcgi?month=3&amp;day=24&amp;year=1968"">Sun, Mar 24, 1968</a></th><td class=""left"" csk=""KEN.196803240MNM"" data-stat=""visitor_team_name""><a href=""/teams/KEN/1968.html"">Kentucky Colonels</a></td><td class=""right"" data-stat=""visitor_pts"">102</td><td class=""left"" csk=""MNM.196803240MNM"" data-stat=""home_team_name""><a href=""/teams/MNM/1968.html"">Minnesota Muskies</a></td><td class=""right"" data-stat=""home_pts"">115</td><td class=""center"" data-stat=""box_score_text""><a href=""/boxscores/196803240MNM.html"">Box Score</a></td><td class=""center iz"" data-stat=""overtimes""></td><td class=""right iz"" data-stat=""attendance""></td><td class=""left iz"" data-stat=""game_remarks""></td></tr>"
135,"<tr><th class=""left"" csk=""196803250DLC"" data-stat=""date_game"" scope=""row""><a href=""/boxscores/index.fcgi?month=3&amp;day=25&amp;year=1968"">Mon, Mar 25, 1968</a></th><td class=""left"" csk=""HSM.196803250DLC"" data-stat=""visitor_team_name""><a href=""/teams/HSM/1968.html"">Houston Mavericks</a></td><td class=""right"" data-stat=""visitor_pts"">97</td><td class=""left"" csk=""DLC.196803250DLC"" data-stat=""home_team_name""><a href=""/teams/DLC/1968.html"">Dallas Chaparrals</a></td><td class=""right"" data-stat=""home_pts"">115</td><td class=""center"" data-stat=""box_score_text""><a href=""/boxscores/196803250DLC.html"">Box Score</a></td><td class=""center iz"" data-stat=""overtimes""></td><td class=""right iz"" data-stat=""attendance""></td><td class=""left iz"" data-stat=""game_remarks""></td></tr>"
137,"<tr><th class=""left"" csk=""196803250PTP"" data-stat=""date_game"" scope=""row""><a href=""/boxscores/index.fcgi?month=3&amp;day=25&amp;year=1968"">Mon, Mar 25, 1968</a></th><td class=""left"" csk=""INA.196803250PTP"" data-stat=""visitor_team_name""><a href=""/teams/INA/1968.html"">Indiana Pacers</a></td><td class=""right"" data-stat=""visitor_pts"">127</td><td class=""left"" csk=""PTP.196803250PTP"" data-stat=""home_team_name""><a href=""/teams/PTP/1968.html"">Pittsburgh Pipers</a></td><td class=""right"" data-stat=""home_pts"">146</td><td class=""center"" data-stat=""box_score_text""><a href=""/boxscores/196803250PTP.html"">Box Score</a></td><td class=""center iz"" data-stat=""overtimes""></td><td class=""right iz"" data-stat=""attendance""></td><td class=""left iz"" data-stat=""game_remarks""></td></tr>"
139,"<tr><th class=""left"" csk=""196803260PTP"" data-stat=""date_game"" scope=""row""><a href=""/boxscores/index.fcgi?month=3&amp;day=26&amp;year=1968"">Tue, Mar 26, 1968</a></th><td class=""left"" csk=""INA.196803260PTP"" data-stat=""visitor_team_name""><a href=""/teams/INA/1968.html"">Indiana Pacers</a></td><td class=""right"" data-stat=""visitor_pts"">108</td><td class=""left"" csk=""PTP.196803260PTP"" data-stat=""home_team_name""><a href=""/teams/PTP/1968.html"">Pittsburgh Pipers</a></td><td class=""right"" data-stat=""home_pts"">121</td><td class=""center"" data-stat=""box_score_text""><a href=""/boxscores/196803260PTP.html"">Box Score</a></td><td class=""center iz"" data-stat=""overtimes""></td><td class=""right iz"" data-stat=""attendance""></td><td class=""left iz"" data-stat=""game_remarks""></td></tr>"
141,"<tr><th class=""left"" csk=""196803260NOB"" data-stat=""date_game"" scope=""row""><a href=""/boxscores/index.fcgi?month=3&amp;day=26&amp;year=1968"">Tue, Mar 26, 1968</a></th><td class=""left"" csk=""DNR.196803260NOB"" data-stat=""visitor_team_name""><a href=""/teams/DNR/1968.html"">Denver Rockets</a></td><td class=""right"" data-stat=""visitor_pts"">104</td><td class=""left"" csk=""NOB.196803260NOB"" data-stat=""home_team_name""><a href=""/teams/NOB/1968.html"">New Orleans Buccaneers</a></td><td class=""right"" data-stat=""home_pts"">130</td><td class=""center"" data-stat=""box_score_text""><a href=""/boxscores/196803260NOB.html"">Box Score</a></td><td class=""center iz"" data-stat=""overtimes""></td><td class=""right iz"" data-stat=""attendance""></td><td class=""left iz"" data-stat=""game_remarks""></td></tr>"
143,"<tr><th class=""left"" csk=""196803260MNM"" data-stat=""date_game"" scope=""row""><a href=""/boxscores/index.fcgi?month=3&amp;day=26&amp;year=1968"">Tue, Mar 26, 1968</a></th><td class=""left"" csk=""KEN.196803260MNM"" data-stat=""visitor_team_name""><a href=""/teams/KEN/1968.html"">Kentucky Colonels</a></td><td class=""right"" data-stat=""visitor_pts"">100</td><td class=""left"" csk=""MNM.196803260MNM"" data-stat=""home_team_name""><a href=""/teams/MNM/1968.html"">Minnesota Muskies</a></td><td class=""right"" data-stat=""home_pts"">95</td><td class=""center"" data-stat=""box_score_text""><a href=""/boxscores/196803260MNM.html"">Box Score</a></td><td class=""center iz"" data-stat=""overtimes""></td><td class=""right iz"" data-stat=""attendance""></td><td class=""left iz"" data-stat=""game_remarks""></td></tr>"
145,"<tr><th class=""left"" csk=""196803260HSM"" data-stat=""date_game"" scope=""row""><a href=""/boxscores/index.fcgi?month=3&amp;day=26&amp;year=1968"">Tue, Mar 26, 1968</a></th><td class=""left"" csk=""DLC.196803260HSM"" data-stat=""visitor_team_name""><a href=""/teams/DLC/1968.html"">Dallas Chaparrals</a></td><td class=""right"" data-stat=""visitor_pts"">116</td><td class=""left"" csk=""HSM.196803260HSM"" data-stat=""home_team_name""><a href=""/teams/HSM/1968.html"">Houston Mavericks</a></td><td class=""right"" data-stat=""home_pts"">103</td><td class=""center"" data-stat=""box_score_text""><a href=""/boxscores/196803260HSM.html"">Box Score</a></td><td class=""center iz"" data-stat=""overtimes""></td><td class=""right iz"" data-stat=""attendance""></td><td class=""left iz"" data-stat=""game_remarks""></td></tr>"
147,"<tr><th class=""left"" csk=""196803270INA"" data-stat=""date_game"" scope=""row""><a href=""/boxscores/index.fcgi?month=3&amp;day=27&amp;year=1968"">Wed, Mar 27, 1968</a></th><td class=""left"" csk=""PTP.196803270INA"" data-stat=""visitor_team_name""><a href=""/teams/PTP/1968.html"">Pittsburgh Pipers</a></td><td class=""right"" data-stat=""visitor_pts"">133</td><td class=""left"" csk=""INA.196803270INA"" data-stat=""home_team_name""><a href=""/teams/INA/1968.html"">Indiana Pacers</a></td><td class=""right"" data-stat=""home_pts"">114</td><td class=""center"" data-stat=""box_score_text""><a href=""/boxscores/196803270INA.html"">Box Score</a></td><td class=""center iz"" data-stat=""overtimes""></td><td class=""right iz"" data-stat=""attendance""></td><td class=""left iz"" data-stat=""game_remarks""></td></tr>"
149,"<tr><th class=""left"" csk=""196803270KEN"" data-stat=""date_game"" scope=""row""><a href=""/boxscores/index.fcgi?month=3&amp;day=27&amp;year=1968"">Wed, Mar 27, 1968</a></th><td class=""left"" csk=""MNM.196803270KEN"" data-stat=""visitor_team_name""><a href=""/teams/MNM/1968.html"">Minnesota Muskies</a></td><td class=""right"" data-stat=""visitor_pts"">116</td><td class=""left"" csk=""KEN.196803270KEN"" data-stat=""home_team_name""><a href=""/teams/KEN/1968.html"">Kentucky Colonels</a></td><td class=""right"" data-stat=""home_pts"">107</td><td class=""center"" data-stat=""box_score_text""><a href=""/boxscores/196803270KEN.html"">Box Score</a></td><td class=""center iz"" data-stat=""overtimes""></td><td class=""right iz"" data-stat=""attendance""></td><td class=""left iz"" data-stat=""game_remarks""></td></tr>"
151,"<tr><th class=""left"" csk=""196803270NOB"" data-stat=""date_game"" scope=""row""><a href=""/boxscores/index.fcgi?month=3&amp;day=27&amp;year=1968"">Wed, Mar 27, 1968</a></th><td class=""left"" csk=""DNR.196803270NOB"" data-stat=""visitor_team_name""><a href=""/teams/DNR/1968.html"">Denver Rockets</a></td><td class=""right"" data-stat=""visitor_pts"">93</td><td class=""left"" csk=""NOB.196803270NOB"" data-stat=""home_team_name""><a href=""/teams/NOB/1968.html"">New Orleans Buccaneers</a></td><td class=""right"" data-stat=""home_pts"">105</td><td class=""center"" data-stat=""box_score_text""><a href=""/boxscores/196803270NOB.html"">Box Score</a></td><td class=""center iz"" data-stat=""overtimes""></td><td class=""right iz"" data-stat=""attendance""></td><td class=""left iz"" data-stat=""game_remarks""></td></tr>"
153,"<tr><th class=""left"" csk=""196803290KEN"" data-stat=""date_game"" scope=""row""><a href=""/boxscores/index.fcgi?month=3&amp;day=29&amp;year=1968"">Fri, Mar 29, 1968</a></th><td class=""left"" csk=""MNM.196803290KEN"" data-stat=""visitor_team_name""><a href=""/teams/MNM/1968.html"">Minnesota Muskies</a></td><td class=""right"" data-stat=""visitor_pts"">86</td><td class=""left"" csk=""KEN.196803290KEN"" data-stat=""home_team_name""><a href=""/teams/KEN/1968.html"">Kentucky Colonels</a></td><td class=""right"" data-stat=""home_pts"">94</td><td class=""center"" data-stat=""box_score_text""><a href=""/boxscores/196803290KEN.html"">Box Score</a></td><td class=""center iz"" data-stat=""overtimes""></td><td class=""right iz"" data-stat=""attendance""></td><td class=""left iz"" data-stat=""game_remarks""></td></tr>"
155,"<tr><th class=""left"" csk=""196803300DNR"" data-stat=""date_game"" scope=""row""><a href=""/boxscores/index.fcgi?month=3&amp;day=30&amp;year=1968"">Sat, Mar 30, 1968</a></th><td class=""left"" csk=""NOB.196803300DNR"" data-stat=""visitor_team_name""><a href=""/teams/NOB/1968.html"">New Orleans Buccaneers</a></td><td class=""right"" data-stat=""visitor_pts"">98</td><td class=""left"" csk=""DNR.196803300DNR"" data-stat=""home_team_name""><a href=""/teams/DNR/1968.html"">Denver Rockets</a></td><td class=""right"" data-stat=""home_pts"">105</td><td class=""center"" data-stat=""box_score_text""><a href=""/boxscores/196803300DNR.html"">Box Score</a></td><td class=""center iz"" data-stat=""overtimes""></td><td class=""right iz"" data-stat=""attendance""></td><td class=""left iz"" data-stat=""game_remarks""></td></tr>"
157,"<tr><th class=""left"" csk=""196803300MNM"" data-stat=""date_game"" scope=""row""><a href=""/boxscores/index.fcgi?month=3&amp;day=30&amp;year=1968"">Sat, Mar 30, 1968</a></th><td class=""left"" csk=""KEN.196803300MNM"" data-stat=""visitor_team_name""><a href=""/teams/KEN/1968.html"">Kentucky Colonels</a></td><td class=""right"" data-stat=""visitor_pts"">108</td><td class=""left"" csk=""MNM.196803300MNM"" data-stat=""home_team_name""><a href=""/teams/MNM/1968.html"">Minnesota Muskies</a></td><td class=""right"" data-stat=""home_pts"">114</td><td class=""center"" data-stat=""box_score_text""><a href=""/boxscores/196803300MNM.html"">Box Score</a></td><td class=""center iz"" data-stat=""overtimes""></td><td class=""right iz"" data-stat=""attendance""></td><td class=""left iz"" data-stat=""game_remarks""></td></tr>"
159,"<tr><th class=""left"" csk=""196803310DNR"" data-stat=""date_game"" scope=""row""><a href=""/boxscores/index.fcgi?month=3&amp;day=31&amp;year=1968"">Sun, Mar 31, 1968</a></th><td class=""left"" csk=""NOB.196803310DNR"" data-stat=""visitor_team_name""><a href=""/teams/NOB/1968.html"">New Orleans Buccaneers</a></td><td class=""right"" data-stat=""visitor_pts"">100</td><td class=""left"" csk=""DNR.196803310DNR"" data-stat=""home_team_name""><a href=""/teams/DNR/1968.html"">Denver Rockets</a></td><td class=""right"" data-stat=""home_pts"">108</td><td class=""center"" data-stat=""box_score_text""><a href=""/boxscores/196803310DNR.html"">Box Score</a></td><td class=""center iz"" data-stat=""overtimes""></td><td class=""right iz"" data-stat=""attendance""></td><td class=""left iz"" data-stat=""game_remarks""></td></tr>"
