,0
1,"<tr><th class=""left"" csk=""196804030NOB"" data-stat=""date_game"" scope=""row""><a href=""/boxscores/index.fcgi?month=4&amp;day=3&amp;year=1968"">Wed, Apr 3, 1968</a></th><td class=""left"" csk=""DNR.196804030NOB"" data-stat=""visitor_team_name""><a href=""/teams/DNR/1968.html"">Denver Rockets</a></td><td class=""right"" data-stat=""visitor_pts"">97</td><td class=""left"" csk=""NOB.196804030NOB"" data-stat=""home_team_name""><a href=""/teams/NOB/1968.html"">New Orleans Buccaneers</a></td><td class=""right"" data-stat=""home_pts"">102</td><td class=""center"" data-stat=""box_score_text""><a href=""/boxscores/196804030NOB.html"">Box Score</a></td><td class=""center iz"" data-stat=""overtimes""></td><td class=""right iz"" data-stat=""attendance""></td><td class=""left iz"" data-stat=""game_remarks""></td></tr>"
3,"<tr><th class=""left"" csk=""196804040PTP"" data-stat=""date_game"" scope=""row""><a href=""/boxscores/index.fcgi?month=4&amp;day=4&amp;year=1968"">Thu, Apr 4, 1968</a></th><td class=""left"" csk=""MNM.196804040PTP"" data-stat=""visitor_team_name""><a href=""/teams/MNM/1968.html"">Minnesota Muskies</a></td><td class=""right"" data-stat=""visitor_pts"">117</td><td class=""left"" csk=""PTP.196804040PTP"" data-stat=""home_team_name""><a href=""/teams/PTP/1968.html"">Pittsburgh Pipers</a></td><td class=""right"" data-stat=""home_pts"">125</td><td class=""center"" data-stat=""box_score_text""><a href=""/boxscores/196804040PTP.html"">Box Score</a></td><td class=""center iz"" data-stat=""overtimes""></td><td class=""right iz"" data-stat=""attendance""></td><td class=""left iz"" data-stat=""game_remarks""></td></tr>"
5,"<tr><th class=""left"" csk=""196804050NOB"" data-stat=""date_game"" scope=""row""><a href=""/boxscores/index.fcgi?month=4&amp;day=5&amp;year=1968"">Fri, Apr 5, 1968</a></th><td class=""left"" csk=""DLC.196804050NOB"" data-stat=""visitor_team_name""><a href=""/teams/DLC/1968.html"">Dallas Chaparrals</a></td><td class=""right"" data-stat=""visitor_pts"">99</td><td class=""left"" csk=""NOB.196804050NOB"" data-stat=""home_team_name""><a href=""/teams/NOB/1968.html"">New Orleans Buccaneers</a></td><td class=""right"" data-stat=""home_pts"">104</td><td class=""center"" data-stat=""box_score_text""><a href=""/boxscores/196804050NOB.html"">Box Score</a></td><td class=""center iz"" data-stat=""overtimes""></td><td class=""right iz"" data-stat=""attendance""></td><td class=""left iz"" data-stat=""game_remarks""></td></tr>"
7,"<tr><th class=""left"" csk=""196804060PTP"" data-stat=""date_game"" scope=""row""><a href=""/boxscores/index.fcgi?month=4&amp;day=6&amp;year=1968"">Sat, Apr 6, 1968</a></th><td class=""left"" csk=""MNM.196804060PTP"" data-stat=""visitor_team_name""><a href=""/teams/MNM/1968.html"">Minnesota Muskies</a></td><td class=""right"" data-stat=""visitor_pts"">137</td><td class=""left"" csk=""PTP.196804060PTP"" data-stat=""home_team_name""><a href=""/teams/PTP/1968.html"">Pittsburgh Pipers</a></td><td class=""right"" data-stat=""home_pts"">123</td><td class=""center"" data-stat=""box_score_text""><a href=""/boxscores/196804060PTP.html"">Box Score</a></td><td class=""center iz"" data-stat=""overtimes""></td><td class=""right iz"" data-stat=""attendance""></td><td class=""left iz"" data-stat=""game_remarks""></td></tr>"
9,"<tr><th class=""left"" csk=""196804090NOB"" data-stat=""date_game"" scope=""row""><a href=""/boxscores/index.fcgi?month=4&amp;day=9&amp;year=1968"">Tue, Apr 9, 1968</a></th><td class=""left"" csk=""DLC.196804090NOB"" data-stat=""visitor_team_name""><a href=""/teams/DLC/1968.html"">Dallas Chaparrals</a></td><td class=""right"" data-stat=""visitor_pts"">112</td><td class=""left"" csk=""NOB.196804090NOB"" data-stat=""home_team_name""><a href=""/teams/NOB/1968.html"">New Orleans Buccaneers</a></td><td class=""right"" data-stat=""home_pts"">109</td><td class=""center"" data-stat=""box_score_text""><a href=""/boxscores/196804090NOB.html"">Box Score</a></td><td class=""center iz"" data-stat=""overtimes""></td><td class=""right iz"" data-stat=""attendance""></td><td class=""left iz"" data-stat=""game_remarks""></td></tr>"
11,"<tr><th class=""left"" csk=""196804100DLC"" data-stat=""date_game"" scope=""row""><a href=""/boxscores/index.fcgi?month=4&amp;day=10&amp;year=1968"">Wed, Apr 10, 1968</a></th><td class=""left"" csk=""NOB.196804100DLC"" data-stat=""visitor_team_name""><a href=""/teams/NOB/1968.html"">New Orleans Buccaneers</a></td><td class=""right"" data-stat=""visitor_pts"">110</td><td class=""left"" csk=""DLC.196804100DLC"" data-stat=""home_team_name""><a href=""/teams/DLC/1968.html"">Dallas Chaparrals</a></td><td class=""right"" data-stat=""home_pts"">107</td><td class=""center"" data-stat=""box_score_text""><a href=""/boxscores/196804100DLC.html"">Box Score</a></td><td class=""center iz"" data-stat=""overtimes""></td><td class=""right iz"" data-stat=""attendance""></td><td class=""left iz"" data-stat=""game_remarks""></td></tr>"
13,"<tr><th class=""left"" csk=""196804100MNM"" data-stat=""date_game"" scope=""row""><a href=""/boxscores/index.fcgi?month=4&amp;day=10&amp;year=1968"">Wed, Apr 10, 1968</a></th><td class=""left"" csk=""PTP.196804100MNM"" data-stat=""visitor_team_name""><a href=""/teams/PTP/1968.html"">Pittsburgh Pipers</a></td><td class=""right"" data-stat=""visitor_pts"">107</td><td class=""left"" csk=""MNM.196804100MNM"" data-stat=""home_team_name""><a href=""/teams/MNM/1968.html"">Minnesota Muskies</a></td><td class=""right"" data-stat=""home_pts"">99</td><td class=""center"" data-stat=""box_score_text""><a href=""/boxscores/196804100MNM.html"">Box Score</a></td><td class=""center iz"" data-stat=""overtimes""></td><td class=""right iz"" data-stat=""attendance""></td><td class=""left iz"" data-stat=""game_remarks""></td></tr>"
15,"<tr><th class=""left"" csk=""196804110DLC"" data-stat=""date_game"" scope=""row""><a href=""/boxscores/index.fcgi?month=4&amp;day=11&amp;year=1968"">Thu, Apr 11, 1968</a></th><td class=""left"" csk=""NOB.196804110DLC"" data-stat=""visitor_team_name""><a href=""/teams/NOB/1968.html"">New Orleans Buccaneers</a></td><td class=""right"" data-stat=""visitor_pts"">119</td><td class=""left"" csk=""DLC.196804110DLC"" data-stat=""home_team_name""><a href=""/teams/DLC/1968.html"">Dallas Chaparrals</a></td><td class=""right"" data-stat=""home_pts"">103</td><td class=""center"" data-stat=""box_score_text""><a href=""/boxscores/196804110DLC.html"">Box Score</a></td><td class=""center iz"" data-stat=""overtimes""></td><td class=""right iz"" data-stat=""attendance""></td><td class=""left iz"" data-stat=""game_remarks""></td></tr>"
17,"<tr><th class=""left"" csk=""196804130NOB"" data-stat=""date_game"" scope=""row""><a href=""/boxscores/index.fcgi?month=4&amp;day=13&amp;year=1968"">Sat, Apr 13, 1968</a></th><td class=""left"" csk=""DLC.196804130NOB"" data-stat=""visitor_team_name""><a href=""/teams/DLC/1968.html"">Dallas Chaparrals</a></td><td class=""right"" data-stat=""visitor_pts"">107</td><td class=""left"" csk=""NOB.196804130NOB"" data-stat=""home_team_name""><a href=""/teams/NOB/1968.html"">New Orleans Buccaneers</a></td><td class=""right"" data-stat=""home_pts"">108</td><td class=""center"" data-stat=""box_score_text""><a href=""/boxscores/196804130NOB.html"">Box Score</a></td><td class=""center iz"" data-stat=""overtimes""></td><td class=""right iz"" data-stat=""attendance""></td><td class=""left iz"" data-stat=""game_remarks""></td></tr>"
19,"<tr><th class=""left"" csk=""196804130MNM"" data-stat=""date_game"" scope=""row""><a href=""/boxscores/index.fcgi?month=4&amp;day=13&amp;year=1968"">Sat, Apr 13, 1968</a></th><td class=""left"" csk=""PTP.196804130MNM"" data-stat=""visitor_team_name""><a href=""/teams/PTP/1968.html"">Pittsburgh Pipers</a></td><td class=""right"" data-stat=""visitor_pts"">117</td><td class=""left"" csk=""MNM.196804130MNM"" data-stat=""home_team_name""><a href=""/teams/MNM/1968.html"">Minnesota Muskies</a></td><td class=""right"" data-stat=""home_pts"">108</td><td class=""center"" data-stat=""box_score_text""><a href=""/boxscores/196804130MNM.html"">Box Score</a></td><td class=""center iz"" data-stat=""overtimes""></td><td class=""right iz"" data-stat=""attendance""></td><td class=""left iz"" data-stat=""game_remarks""></td></tr>"
21,"<tr><th class=""left"" csk=""196804140PTP"" data-stat=""date_game"" scope=""row""><a href=""/boxscores/index.fcgi?month=4&amp;day=14&amp;year=1968"">Sun, Apr 14, 1968</a></th><td class=""left"" csk=""MNM.196804140PTP"" data-stat=""visitor_team_name""><a href=""/teams/MNM/1968.html"">Minnesota Muskies</a></td><td class=""right"" data-stat=""visitor_pts"">105</td><td class=""left"" csk=""PTP.196804140PTP"" data-stat=""home_team_name""><a href=""/teams/PTP/1968.html"">Pittsburgh Pipers</a></td><td class=""right"" data-stat=""home_pts"">114</td><td class=""center"" data-stat=""box_score_text""><a href=""/boxscores/196804140PTP.html"">Box Score</a></td><td class=""center iz"" data-stat=""overtimes""></td><td class=""right iz"" data-stat=""attendance""></td><td class=""left iz"" data-stat=""game_remarks""></td></tr>"
23,"<tr><th class=""left"" csk=""196804180PTP"" data-stat=""date_game"" scope=""row""><a href=""/boxscores/index.fcgi?month=4&amp;day=18&amp;year=1968"">Thu, Apr 18, 1968</a></th><td class=""left"" csk=""NOB.196804180PTP"" data-stat=""visitor_team_name""><a href=""/teams/NOB/1968.html"">New Orleans Buccaneers</a></td><td class=""right"" data-stat=""visitor_pts"">112</td><td class=""left"" csk=""PTP.196804180PTP"" data-stat=""home_team_name""><a href=""/teams/PTP/1968.html"">Pittsburgh Pipers</a></td><td class=""right"" data-stat=""home_pts"">120</td><td class=""center"" data-stat=""box_score_text""><a href=""/boxscores/196804180PTP.html"">Box Score</a></td><td class=""center iz"" data-stat=""overtimes""></td><td class=""right iz"" data-stat=""attendance""></td><td class=""left iz"" data-stat=""game_remarks""></td></tr>"
25,"<tr><th class=""left"" csk=""196804200PTP"" data-stat=""date_game"" scope=""row""><a href=""/boxscores/index.fcgi?month=4&amp;day=20&amp;year=1968"">Sat, Apr 20, 1968</a></th><td class=""left"" csk=""NOB.196804200PTP"" data-stat=""visitor_team_name""><a href=""/teams/NOB/1968.html"">New Orleans Buccaneers</a></td><td class=""right"" data-stat=""visitor_pts"">109</td><td class=""left"" csk=""PTP.196804200PTP"" data-stat=""home_team_name""><a href=""/teams/PTP/1968.html"">Pittsburgh Pipers</a></td><td class=""right"" data-stat=""home_pts"">100</td><td class=""center"" data-stat=""box_score_text""><a href=""/boxscores/196804200PTP.html"">Box Score</a></td><td class=""center iz"" data-stat=""overtimes""></td><td class=""right iz"" data-stat=""attendance""></td><td class=""left iz"" data-stat=""game_remarks""></td></tr>"
27,"<tr><th class=""left"" csk=""196804240NOB"" data-stat=""date_game"" scope=""row""><a href=""/boxscores/index.fcgi?month=4&amp;day=24&amp;year=1968"">Wed, Apr 24, 1968</a></th><td class=""left"" csk=""PTP.196804240NOB"" data-stat=""visitor_team_name""><a href=""/teams/PTP/1968.html"">Pittsburgh Pipers</a></td><td class=""right"" data-stat=""visitor_pts"">101</td><td class=""left"" csk=""NOB.196804240NOB"" data-stat=""home_team_name""><a href=""/teams/NOB/1968.html"">New Orleans Buccaneers</a></td><td class=""right"" data-stat=""home_pts"">109</td><td class=""center"" data-stat=""box_score_text""><a href=""/boxscores/196804240NOB.html"">Box Score</a></td><td class=""center iz"" data-stat=""overtimes""></td><td class=""right iz"" data-stat=""attendance""></td><td class=""left iz"" data-stat=""game_remarks""></td></tr>"
29,"<tr><th class=""left"" csk=""196804250NOB"" data-stat=""date_game"" scope=""row""><a href=""/boxscores/index.fcgi?month=4&amp;day=25&amp;year=1968"">Thu, Apr 25, 1968</a></th><td class=""left"" csk=""PTP.196804250NOB"" data-stat=""visitor_team_name""><a href=""/teams/PTP/1968.html"">Pittsburgh Pipers</a></td><td class=""right"" data-stat=""visitor_pts"">106</td><td class=""left"" csk=""NOB.196804250NOB"" data-stat=""home_team_name""><a href=""/teams/NOB/1968.html"">New Orleans Buccaneers</a></td><td class=""right"" data-stat=""home_pts"">105</td><td class=""center"" data-stat=""box_score_text""><a href=""/boxscores/196804250NOB.html"">Box Score</a></td><td class=""center"" data-stat=""overtimes"">OT</td><td class=""right iz"" data-stat=""attendance""></td><td class=""left iz"" data-stat=""game_remarks""></td></tr>"
31,"<tr><th class=""left"" csk=""196804270PTP"" data-stat=""date_game"" scope=""row""><a href=""/boxscores/index.fcgi?month=4&amp;day=27&amp;year=1968"">Sat, Apr 27, 1968</a></th><td class=""left"" csk=""NOB.196804270PTP"" data-stat=""visitor_team_name""><a href=""/teams/NOB/1968.html"">New Orleans Buccaneers</a></td><td class=""right"" data-stat=""visitor_pts"">111</td><td class=""left"" csk=""PTP.196804270PTP"" data-stat=""home_team_name""><a href=""/teams/PTP/1968.html"">Pittsburgh Pipers</a></td><td class=""right"" data-stat=""home_pts"">108</td><td class=""center"" data-stat=""box_score_text""><a href=""/boxscores/196804270PTP.html"">Box Score</a></td><td class=""center iz"" data-stat=""overtimes""></td><td class=""right iz"" data-stat=""attendance""></td><td class=""left iz"" data-stat=""game_remarks""></td></tr>"
