,0
1,"<tr><th class=""left"" csk=""197601020DNA"" data-stat=""date_game"" scope=""row""><a href=""/boxscores/index.fcgi?month=1&amp;day=2&amp;year=1976"">Fri, Jan 2, 1976</a></th><td class=""right iz"" data-stat=""game_start_time""></td><td class=""left"" csk=""INA.197601020DNA"" data-stat=""visitor_team_name""><a href=""/teams/INA/1976.html"">Indiana Pacers</a></td><td class=""right"" data-stat=""visitor_pts"">125</td><td class=""left"" csk=""DNA.197601020DNA"" data-stat=""home_team_name""><a href=""/teams/DNA/1976.html"">Denver Nuggets</a></td><td class=""right"" data-stat=""home_pts"">137</td><td class=""center"" data-stat=""box_score_text""><a href=""/boxscores/197601020DNA.html"">Box Score</a></td><td class=""center iz"" data-stat=""overtimes""></td><td class=""right"" data-stat=""attendance"">11,192</td><td class=""left iz"" data-stat=""game_remarks""></td></tr>"
3,"<tr><th class=""left"" csk=""197601020KEN"" data-stat=""date_game"" scope=""row""><a href=""/boxscores/index.fcgi?month=1&amp;day=2&amp;year=1976"">Fri, Jan 2, 1976</a></th><td class=""right iz"" data-stat=""game_start_time""></td><td class=""left"" csk=""VIR.197601020KEN"" data-stat=""visitor_team_name""><a href=""/teams/VIR/1976.html"">Virginia Squires</a></td><td class=""right"" data-stat=""visitor_pts"">104</td><td class=""left"" csk=""KEN.197601020KEN"" data-stat=""home_team_name""><a href=""/teams/KEN/1976.html"">Kentucky Colonels</a></td><td class=""right"" data-stat=""home_pts"">116</td><td class=""center"" data-stat=""box_score_text""><a href=""/boxscores/197601020KEN.html"">Box Score</a></td><td class=""center iz"" data-stat=""overtimes""></td><td class=""right"" data-stat=""attendance"">11,667</td><td class=""left iz"" data-stat=""game_remarks""></td></tr>"
5,"<tr><th class=""left"" csk=""197601020NYA"" data-stat=""date_game"" scope=""row""><a href=""/boxscores/index.fcgi?month=1&amp;day=2&amp;year=1976"">Fri, Jan 2, 1976</a></th><td class=""right iz"" data-stat=""game_start_time""></td><td class=""left"" csk=""SAA.197601020NYA"" data-stat=""visitor_team_name""><a href=""/teams/SAA/1976.html"">San Antonio Spurs</a></td><td class=""right"" data-stat=""visitor_pts"">96</td><td class=""left"" csk=""NYA.197601020NYA"" data-stat=""home_team_name""><a href=""/teams/NYA/1976.html"">New York Nets</a></td><td class=""right"" data-stat=""home_pts"">104</td><td class=""center"" data-stat=""box_score_text""><a href=""/boxscores/197601020NYA.html"">Box Score</a></td><td class=""center iz"" data-stat=""overtimes""></td><td class=""right"" data-stat=""attendance"">8,258</td><td class=""left iz"" data-stat=""game_remarks""></td></tr>"
7,"<tr><th class=""left"" csk=""197601030DNA"" data-stat=""date_game"" scope=""row""><a href=""/boxscores/index.fcgi?month=1&amp;day=3&amp;year=1976"">Sat, Jan 3, 1976</a></th><td class=""right iz"" data-stat=""game_start_time""></td><td class=""left"" csk=""SSL.197601030DNA"" data-stat=""visitor_team_name""><a href=""/teams/SSL/1976.html"">Spirits of St. Louis</a></td><td class=""right"" data-stat=""visitor_pts"">115</td><td class=""left"" csk=""DNA.197601030DNA"" data-stat=""home_team_name""><a href=""/teams/DNA/1976.html"">Denver Nuggets</a></td><td class=""right"" data-stat=""home_pts"">126</td><td class=""center"" data-stat=""box_score_text""><a href=""/boxscores/197601030DNA.html"">Box Score</a></td><td class=""center iz"" data-stat=""overtimes""></td><td class=""right"" data-stat=""attendance"">11,429</td><td class=""left iz"" data-stat=""game_remarks""></td></tr>"
9,"<tr><th class=""left"" csk=""197601030INA"" data-stat=""date_game"" scope=""row""><a href=""/boxscores/index.fcgi?month=1&amp;day=3&amp;year=1976"">Sat, Jan 3, 1976</a></th><td class=""right iz"" data-stat=""game_start_time""></td><td class=""left"" csk=""NYA.197601030INA"" data-stat=""visitor_team_name""><a href=""/teams/NYA/1976.html"">New York Nets</a></td><td class=""right"" data-stat=""visitor_pts"">105</td><td class=""left"" csk=""INA.197601030INA"" data-stat=""home_team_name""><a href=""/teams/INA/1976.html"">Indiana Pacers</a></td><td class=""right"" data-stat=""home_pts"">90</td><td class=""center"" data-stat=""box_score_text""><a href=""/boxscores/197601030INA.html"">Box Score</a></td><td class=""center iz"" data-stat=""overtimes""></td><td class=""right"" data-stat=""attendance"">12,419</td><td class=""left iz"" data-stat=""game_remarks""></td></tr>"
11,"<tr><th class=""left"" csk=""197601030SAA"" data-stat=""date_game"" scope=""row""><a href=""/boxscores/index.fcgi?month=1&amp;day=3&amp;year=1976"">Sat, Jan 3, 1976</a></th><td class=""right iz"" data-stat=""game_start_time""></td><td class=""left"" csk=""KEN.197601030SAA"" data-stat=""visitor_team_name""><a href=""/teams/KEN/1976.html"">Kentucky Colonels</a></td><td class=""right"" data-stat=""visitor_pts"">98</td><td class=""left"" csk=""SAA.197601030SAA"" data-stat=""home_team_name""><a href=""/teams/SAA/1976.html"">San Antonio Spurs</a></td><td class=""right"" data-stat=""home_pts"">88</td><td class=""center"" data-stat=""box_score_text""><a href=""/boxscores/197601030SAA.html"">Box Score</a></td><td class=""center iz"" data-stat=""overtimes""></td><td class=""right"" data-stat=""attendance"">8,323</td><td class=""left iz"" data-stat=""game_remarks""></td></tr>"
13,"<tr><th class=""left"" csk=""197601040NYA"" data-stat=""date_game"" scope=""row""><a href=""/boxscores/index.fcgi?month=1&amp;day=4&amp;year=1976"">Sun, Jan 4, 1976</a></th><td class=""right iz"" data-stat=""game_start_time""></td><td class=""left"" csk=""INA.197601040NYA"" data-stat=""visitor_team_name""><a href=""/teams/INA/1976.html"">Indiana Pacers</a></td><td class=""right"" data-stat=""visitor_pts"">98</td><td class=""left"" csk=""NYA.197601040NYA"" data-stat=""home_team_name""><a href=""/teams/NYA/1976.html"">New York Nets</a></td><td class=""right"" data-stat=""home_pts"">119</td><td class=""center"" data-stat=""box_score_text""><a href=""/boxscores/197601040NYA.html"">Box Score</a></td><td class=""center iz"" data-stat=""overtimes""></td><td class=""right"" data-stat=""attendance"">6,001</td><td class=""left iz"" data-stat=""game_remarks""></td></tr>"
15,"<tr><th class=""left"" csk=""197601050DNA"" data-stat=""date_game"" scope=""row""><a href=""/boxscores/index.fcgi?month=1&amp;day=5&amp;year=1976"">Mon, Jan 5, 1976</a></th><td class=""right iz"" data-stat=""game_start_time""></td><td class=""left"" csk=""KEN.197601050DNA"" data-stat=""visitor_team_name""><a href=""/teams/KEN/1976.html"">Kentucky Colonels</a></td><td class=""right"" data-stat=""visitor_pts"">120</td><td class=""left"" csk=""DNA.197601050DNA"" data-stat=""home_team_name""><a href=""/teams/DNA/1976.html"">Denver Nuggets</a></td><td class=""right"" data-stat=""home_pts"">127</td><td class=""center"" data-stat=""box_score_text""><a href=""/boxscores/197601050DNA.html"">Box Score</a></td><td class=""center iz"" data-stat=""overtimes""></td><td class=""right"" data-stat=""attendance"">10,079</td><td class=""left iz"" data-stat=""game_remarks""></td></tr>"
17,"<tr><th class=""left"" csk=""197601070INA"" data-stat=""date_game"" scope=""row""><a href=""/boxscores/index.fcgi?month=1&amp;day=7&amp;year=1976"">Wed, Jan 7, 1976</a></th><td class=""right iz"" data-stat=""game_start_time""></td><td class=""left"" csk=""SSL.197601070INA"" data-stat=""visitor_team_name""><a href=""/teams/SSL/1976.html"">Spirits of St. Louis</a></td><td class=""right"" data-stat=""visitor_pts"">114</td><td class=""left"" csk=""INA.197601070INA"" data-stat=""home_team_name""><a href=""/teams/INA/1976.html"">Indiana Pacers</a></td><td class=""right"" data-stat=""home_pts"">112</td><td class=""center"" data-stat=""box_score_text""><a href=""/boxscores/197601070INA.html"">Box Score</a></td><td class=""center"" data-stat=""overtimes"">OT</td><td class=""right"" data-stat=""attendance"">11,736</td><td class=""left iz"" data-stat=""game_remarks""></td></tr>"
19,"<tr><th class=""left"" csk=""197601070SAA"" data-stat=""date_game"" scope=""row""><a href=""/boxscores/index.fcgi?month=1&amp;day=7&amp;year=1976"">Wed, Jan 7, 1976</a></th><td class=""right iz"" data-stat=""game_start_time""></td><td class=""left"" csk=""DNA.197601070SAA"" data-stat=""visitor_team_name""><a href=""/teams/DNA/1976.html"">Denver Nuggets</a></td><td class=""right"" data-stat=""visitor_pts"">118</td><td class=""left"" csk=""SAA.197601070SAA"" data-stat=""home_team_name""><a href=""/teams/SAA/1976.html"">San Antonio Spurs</a></td><td class=""right"" data-stat=""home_pts"">121</td><td class=""center"" data-stat=""box_score_text""><a href=""/boxscores/197601070SAA.html"">Box Score</a></td><td class=""center iz"" data-stat=""overtimes""></td><td class=""right"" data-stat=""attendance"">7,214</td><td class=""left iz"" data-stat=""game_remarks""></td></tr>"
21,"<tr><th class=""left"" csk=""197601070VIR"" data-stat=""date_game"" scope=""row""><a href=""/boxscores/index.fcgi?month=1&amp;day=7&amp;year=1976"">Wed, Jan 7, 1976</a></th><td class=""right iz"" data-stat=""game_start_time""></td><td class=""left"" csk=""NYA.197601070VIR"" data-stat=""visitor_team_name""><a href=""/teams/NYA/1976.html"">New York Nets</a></td><td class=""right"" data-stat=""visitor_pts"">100</td><td class=""left"" csk=""VIR.197601070VIR"" data-stat=""home_team_name""><a href=""/teams/VIR/1976.html"">Virginia Squires</a></td><td class=""right"" data-stat=""home_pts"">107</td><td class=""center"" data-stat=""box_score_text""><a href=""/boxscores/197601070VIR.html"">Box Score</a></td><td class=""center iz"" data-stat=""overtimes""></td><td class=""right"" data-stat=""attendance"">8,000</td><td class=""left"" data-stat=""game_remarks"">at Norfolk, VA; game protested and completed on 1976-01-24</td></tr>"
23,"<tr><th class=""left"" csk=""197601090NYA"" data-stat=""date_game"" scope=""row""><a href=""/boxscores/index.fcgi?month=1&amp;day=9&amp;year=1976"">Fri, Jan 9, 1976</a></th><td class=""right iz"" data-stat=""game_start_time""></td><td class=""left"" csk=""KEN.197601090NYA"" data-stat=""visitor_team_name""><a href=""/teams/KEN/1976.html"">Kentucky Colonels</a></td><td class=""right"" data-stat=""visitor_pts"">101</td><td class=""left"" csk=""NYA.197601090NYA"" data-stat=""home_team_name""><a href=""/teams/NYA/1976.html"">New York Nets</a></td><td class=""right"" data-stat=""home_pts"">107</td><td class=""center"" data-stat=""box_score_text""><a href=""/boxscores/197601090NYA.html"">Box Score</a></td><td class=""center iz"" data-stat=""overtimes""></td><td class=""right"" data-stat=""attendance"">8,176</td><td class=""left iz"" data-stat=""game_remarks""></td></tr>"
25,"<tr><th class=""left"" csk=""197601090INA"" data-stat=""date_game"" scope=""row""><a href=""/boxscores/index.fcgi?month=1&amp;day=9&amp;year=1976"">Fri, Jan 9, 1976</a></th><td class=""right iz"" data-stat=""game_start_time""></td><td class=""left"" csk=""SAA.197601090INA"" data-stat=""visitor_team_name""><a href=""/teams/SAA/1976.html"">San Antonio Spurs</a></td><td class=""right"" data-stat=""visitor_pts"">121</td><td class=""left"" csk=""INA.197601090INA"" data-stat=""home_team_name""><a href=""/teams/INA/1976.html"">Indiana Pacers</a></td><td class=""right"" data-stat=""home_pts"">117</td><td class=""center"" data-stat=""box_score_text""><a href=""/boxscores/197601090INA.html"">Box Score</a></td><td class=""center iz"" data-stat=""overtimes""></td><td class=""right"" data-stat=""attendance"">6,473</td><td class=""left iz"" data-stat=""game_remarks""></td></tr>"
27,"<tr><th class=""left"" csk=""197601090DNA"" data-stat=""date_game"" scope=""row""><a href=""/boxscores/index.fcgi?month=1&amp;day=9&amp;year=1976"">Fri, Jan 9, 1976</a></th><td class=""right iz"" data-stat=""game_start_time""></td><td class=""left"" csk=""VIR.197601090DNA"" data-stat=""visitor_team_name""><a href=""/teams/VIR/1976.html"">Virginia Squires</a></td><td class=""right"" data-stat=""visitor_pts"">128</td><td class=""left"" csk=""DNA.197601090DNA"" data-stat=""home_team_name""><a href=""/teams/DNA/1976.html"">Denver Nuggets</a></td><td class=""right"" data-stat=""home_pts"">155</td><td class=""center"" data-stat=""box_score_text""><a href=""/boxscores/197601090DNA.html"">Box Score</a></td><td class=""center iz"" data-stat=""overtimes""></td><td class=""right"" data-stat=""attendance"">10,327</td><td class=""left iz"" data-stat=""game_remarks""></td></tr>"
29,"<tr><th class=""left"" csk=""197601100KEN"" data-stat=""date_game"" scope=""row""><a href=""/boxscores/index.fcgi?month=1&amp;day=10&amp;year=1976"">Sat, Jan 10, 1976</a></th><td class=""right iz"" data-stat=""game_start_time""></td><td class=""left"" csk=""VIR.197601100KEN"" data-stat=""visitor_team_name""><a href=""/teams/VIR/1976.html"">Virginia Squires</a></td><td class=""right"" data-stat=""visitor_pts"">110</td><td class=""left"" csk=""KEN.197601100KEN"" data-stat=""home_team_name""><a href=""/teams/KEN/1976.html"">Kentucky Colonels</a></td><td class=""right"" data-stat=""home_pts"">129</td><td class=""center"" data-stat=""box_score_text""><a href=""/boxscores/197601100KEN.html"">Box Score</a></td><td class=""center iz"" data-stat=""overtimes""></td><td class=""right"" data-stat=""attendance"">2,417</td><td class=""left iz"" data-stat=""game_remarks""></td></tr>"
31,"<tr><th class=""left"" csk=""197601100SAA"" data-stat=""date_game"" scope=""row""><a href=""/boxscores/index.fcgi?month=1&amp;day=10&amp;year=1976"">Sat, Jan 10, 1976</a></th><td class=""right iz"" data-stat=""game_start_time""></td><td class=""left"" csk=""INA.197601100SAA"" data-stat=""visitor_team_name""><a href=""/teams/INA/1976.html"">Indiana Pacers</a></td><td class=""right"" data-stat=""visitor_pts"">125</td><td class=""left"" csk=""SAA.197601100SAA"" data-stat=""home_team_name""><a href=""/teams/SAA/1976.html"">San Antonio Spurs</a></td><td class=""right"" data-stat=""home_pts"">122</td><td class=""center"" data-stat=""box_score_text""><a href=""/boxscores/197601100SAA.html"">Box Score</a></td><td class=""center iz"" data-stat=""overtimes""></td><td class=""right"" data-stat=""attendance"">10,024</td><td class=""left iz"" data-stat=""game_remarks""></td></tr>"
33,"<tr><th class=""left"" csk=""197601100SSL"" data-stat=""date_game"" scope=""row""><a href=""/boxscores/index.fcgi?month=1&amp;day=10&amp;year=1976"">Sat, Jan 10, 1976</a></th><td class=""right iz"" data-stat=""game_start_time""></td><td class=""left"" csk=""NYA.197601100SSL"" data-stat=""visitor_team_name""><a href=""/teams/NYA/1976.html"">New York Nets</a></td><td class=""right"" data-stat=""visitor_pts"">130</td><td class=""left"" csk=""SSL.197601100SSL"" data-stat=""home_team_name""><a href=""/teams/SSL/1976.html"">Spirits of St. Louis</a></td><td class=""right"" data-stat=""home_pts"">141</td><td class=""center"" data-stat=""box_score_text""><a href=""/boxscores/197601100SSL.html"">Box Score</a></td><td class=""center"" data-stat=""overtimes"">2OT</td><td class=""right"" data-stat=""attendance"">10,201</td><td class=""left iz"" data-stat=""game_remarks""></td></tr>"
35,"<tr><th class=""left"" csk=""197601110NYA"" data-stat=""date_game"" scope=""row""><a href=""/boxscores/index.fcgi?month=1&amp;day=11&amp;year=1976"">Sun, Jan 11, 1976</a></th><td class=""right iz"" data-stat=""game_start_time""></td><td class=""left"" csk=""INA.197601110NYA"" data-stat=""visitor_team_name""><a href=""/teams/INA/1976.html"">Indiana Pacers</a></td><td class=""right"" data-stat=""visitor_pts"">102</td><td class=""left"" csk=""NYA.197601110NYA"" data-stat=""home_team_name""><a href=""/teams/NYA/1976.html"">New York Nets</a></td><td class=""right"" data-stat=""home_pts"">112</td><td class=""center"" data-stat=""box_score_text""><a href=""/boxscores/197601110NYA.html"">Box Score</a></td><td class=""center iz"" data-stat=""overtimes""></td><td class=""right"" data-stat=""attendance"">4,935</td><td class=""left iz"" data-stat=""game_remarks""></td></tr>"
37,"<tr><th class=""left"" csk=""197601110SSL"" data-stat=""date_game"" scope=""row""><a href=""/boxscores/index.fcgi?month=1&amp;day=11&amp;year=1976"">Sun, Jan 11, 1976</a></th><td class=""right iz"" data-stat=""game_start_time""></td><td class=""left"" csk=""KEN.197601110SSL"" data-stat=""visitor_team_name""><a href=""/teams/KEN/1976.html"">Kentucky Colonels</a></td><td class=""right"" data-stat=""visitor_pts"">111</td><td class=""left"" csk=""SSL.197601110SSL"" data-stat=""home_team_name""><a href=""/teams/SSL/1976.html"">Spirits of St. Louis</a></td><td class=""right"" data-stat=""home_pts"">113</td><td class=""center"" data-stat=""box_score_text""><a href=""/boxscores/197601110SSL.html"">Box Score</a></td><td class=""center iz"" data-stat=""overtimes""></td><td class=""right"" data-stat=""attendance"">6,860</td><td class=""left iz"" data-stat=""game_remarks""></td></tr>"
39,"<tr><th class=""left"" csk=""197601120DNA"" data-stat=""date_game"" scope=""row""><a href=""/boxscores/index.fcgi?month=1&amp;day=12&amp;year=1976"">Mon, Jan 12, 1976</a></th><td class=""right iz"" data-stat=""game_start_time""></td><td class=""left"" csk=""SAA.197601120DNA"" data-stat=""visitor_team_name""><a href=""/teams/SAA/1976.html"">San Antonio Spurs</a></td><td class=""right"" data-stat=""visitor_pts"">122</td><td class=""left"" csk=""DNA.197601120DNA"" data-stat=""home_team_name""><a href=""/teams/DNA/1976.html"">Denver Nuggets</a></td><td class=""right"" data-stat=""home_pts"">139</td><td class=""center"" data-stat=""box_score_text""><a href=""/boxscores/197601120DNA.html"">Box Score</a></td><td class=""center iz"" data-stat=""overtimes""></td><td class=""right"" data-stat=""attendance"">11,664</td><td class=""left iz"" data-stat=""game_remarks""></td></tr>"
41,"<tr><th class=""left"" csk=""197601130DNA"" data-stat=""date_game"" scope=""row""><a href=""/boxscores/index.fcgi?month=1&amp;day=13&amp;year=1976"">Tue, Jan 13, 1976</a></th><td class=""right iz"" data-stat=""game_start_time""></td><td class=""left"" csk=""NYA.197601130DNA"" data-stat=""visitor_team_name""><a href=""/teams/NYA/1976.html"">New York Nets</a></td><td class=""right"" data-stat=""visitor_pts"">113</td><td class=""left"" csk=""DNA.197601130DNA"" data-stat=""home_team_name""><a href=""/teams/DNA/1976.html"">Denver Nuggets</a></td><td class=""right"" data-stat=""home_pts"">137</td><td class=""center"" data-stat=""box_score_text""><a href=""/boxscores/197601130DNA.html"">Box Score</a></td><td class=""center iz"" data-stat=""overtimes""></td><td class=""right"" data-stat=""attendance"">14,391</td><td class=""left iz"" data-stat=""game_remarks""></td></tr>"
43,"<tr><th class=""left"" csk=""197601140INA"" data-stat=""date_game"" scope=""row""><a href=""/boxscores/index.fcgi?month=1&amp;day=14&amp;year=1976"">Wed, Jan 14, 1976</a></th><td class=""right iz"" data-stat=""game_start_time""></td><td class=""left"" csk=""VIR.197601140INA"" data-stat=""visitor_team_name""><a href=""/teams/VIR/1976.html"">Virginia Squires</a></td><td class=""right"" data-stat=""visitor_pts"">99</td><td class=""left"" csk=""INA.197601140INA"" data-stat=""home_team_name""><a href=""/teams/INA/1976.html"">Indiana Pacers</a></td><td class=""right"" data-stat=""home_pts"">115</td><td class=""center"" data-stat=""box_score_text""><a href=""/boxscores/197601140INA.html"">Box Score</a></td><td class=""center iz"" data-stat=""overtimes""></td><td class=""right"" data-stat=""attendance"">6,623</td><td class=""left iz"" data-stat=""game_remarks""></td></tr>"
45,"<tr><th class=""left"" csk=""197601140SAA"" data-stat=""date_game"" scope=""row""><a href=""/boxscores/index.fcgi?month=1&amp;day=14&amp;year=1976"">Wed, Jan 14, 1976</a></th><td class=""right iz"" data-stat=""game_start_time""></td><td class=""left"" csk=""KEN.197601140SAA"" data-stat=""visitor_team_name""><a href=""/teams/KEN/1976.html"">Kentucky Colonels</a></td><td class=""right"" data-stat=""visitor_pts"">121</td><td class=""left"" csk=""SAA.197601140SAA"" data-stat=""home_team_name""><a href=""/teams/SAA/1976.html"">San Antonio Spurs</a></td><td class=""right"" data-stat=""home_pts"">115</td><td class=""center"" data-stat=""box_score_text""><a href=""/boxscores/197601140SAA.html"">Box Score</a></td><td class=""center iz"" data-stat=""overtimes""></td><td class=""right"" data-stat=""attendance"">6,085</td><td class=""left iz"" data-stat=""game_remarks""></td></tr>"
47,"<tr><th class=""left"" csk=""197601150SSL"" data-stat=""date_game"" scope=""row""><a href=""/boxscores/index.fcgi?month=1&amp;day=15&amp;year=1976"">Thu, Jan 15, 1976</a></th><td class=""right iz"" data-stat=""game_start_time""></td><td class=""left"" csk=""KEN.197601150SSL"" data-stat=""visitor_team_name""><a href=""/teams/KEN/1976.html"">Kentucky Colonels</a></td><td class=""right"" data-stat=""visitor_pts"">123</td><td class=""left"" csk=""SSL.197601150SSL"" data-stat=""home_team_name""><a href=""/teams/SSL/1976.html"">Spirits of St. Louis</a></td><td class=""right"" data-stat=""home_pts"">115</td><td class=""center"" data-stat=""box_score_text""><a href=""/boxscores/197601150SSL.html"">Box Score</a></td><td class=""center iz"" data-stat=""overtimes""></td><td class=""right"" data-stat=""attendance"">4,233</td><td class=""left iz"" data-stat=""game_remarks""></td></tr>"
49,"<tr><th class=""left"" csk=""197601150VIR"" data-stat=""date_game"" scope=""row""><a href=""/boxscores/index.fcgi?month=1&amp;day=15&amp;year=1976"">Thu, Jan 15, 1976</a></th><td class=""right iz"" data-stat=""game_start_time""></td><td class=""left"" csk=""SAA.197601150VIR"" data-stat=""visitor_team_name""><a href=""/teams/SAA/1976.html"">San Antonio Spurs</a></td><td class=""right"" data-stat=""visitor_pts"">129</td><td class=""left"" csk=""VIR.197601150VIR"" data-stat=""home_team_name""><a href=""/teams/VIR/1976.html"">Virginia Squires</a></td><td class=""right"" data-stat=""home_pts"">93</td><td class=""center"" data-stat=""box_score_text""><a href=""/boxscores/197601150VIR.html"">Box Score</a></td><td class=""center iz"" data-stat=""overtimes""></td><td class=""right"" data-stat=""attendance"">1,296</td><td class=""left"" data-stat=""game_remarks"">at Richmond, VA</td></tr>"
51,"<tr><th class=""left"" csk=""197601160NYA"" data-stat=""date_game"" scope=""row""><a href=""/boxscores/index.fcgi?month=1&amp;day=16&amp;year=1976"">Fri, Jan 16, 1976</a></th><td class=""right iz"" data-stat=""game_start_time""></td><td class=""left"" csk=""VIR.197601160NYA"" data-stat=""visitor_team_name""><a href=""/teams/VIR/1976.html"">Virginia Squires</a></td><td class=""right"" data-stat=""visitor_pts"">99</td><td class=""left"" csk=""NYA.197601160NYA"" data-stat=""home_team_name""><a href=""/teams/NYA/1976.html"">New York Nets</a></td><td class=""right"" data-stat=""home_pts"">130</td><td class=""center"" data-stat=""box_score_text""><a href=""/boxscores/197601160NYA.html"">Box Score</a></td><td class=""center iz"" data-stat=""overtimes""></td><td class=""right"" data-stat=""attendance"">6,717</td><td class=""left iz"" data-stat=""game_remarks""></td></tr>"
53,"<tr><th class=""left"" csk=""197601160INA"" data-stat=""date_game"" scope=""row""><a href=""/boxscores/index.fcgi?month=1&amp;day=16&amp;year=1976"">Fri, Jan 16, 1976</a></th><td class=""right iz"" data-stat=""game_start_time""></td><td class=""left"" csk=""DNA.197601160INA"" data-stat=""visitor_team_name""><a href=""/teams/DNA/1976.html"">Denver Nuggets</a></td><td class=""right"" data-stat=""visitor_pts"">124</td><td class=""left"" csk=""INA.197601160INA"" data-stat=""home_team_name""><a href=""/teams/INA/1976.html"">Indiana Pacers</a></td><td class=""right"" data-stat=""home_pts"">118</td><td class=""center"" data-stat=""box_score_text""><a href=""/boxscores/197601160INA.html"">Box Score</a></td><td class=""center iz"" data-stat=""overtimes""></td><td class=""right"" data-stat=""attendance"">7,734</td><td class=""left iz"" data-stat=""game_remarks""></td></tr>"
55,"<tr><th class=""left"" csk=""197601170DNA"" data-stat=""date_game"" scope=""row""><a href=""/boxscores/index.fcgi?month=1&amp;day=17&amp;year=1976"">Sat, Jan 17, 1976</a></th><td class=""right iz"" data-stat=""game_start_time""></td><td class=""left"" csk=""KEN.197601170DNA"" data-stat=""visitor_team_name""><a href=""/teams/KEN/1976.html"">Kentucky Colonels</a></td><td class=""right"" data-stat=""visitor_pts"">113</td><td class=""left"" csk=""DNA.197601170DNA"" data-stat=""home_team_name""><a href=""/teams/DNA/1976.html"">Denver Nuggets</a></td><td class=""right"" data-stat=""home_pts"">137</td><td class=""center"" data-stat=""box_score_text""><a href=""/boxscores/197601170DNA.html"">Box Score</a></td><td class=""center iz"" data-stat=""overtimes""></td><td class=""right"" data-stat=""attendance"">14,321</td><td class=""left iz"" data-stat=""game_remarks""></td></tr>"
57,"<tr><th class=""left"" csk=""197601170SAA"" data-stat=""date_game"" scope=""row""><a href=""/boxscores/index.fcgi?month=1&amp;day=17&amp;year=1976"">Sat, Jan 17, 1976</a></th><td class=""right iz"" data-stat=""game_start_time""></td><td class=""left"" csk=""SSL.197601170SAA"" data-stat=""visitor_team_name""><a href=""/teams/SSL/1976.html"">Spirits of St. Louis</a></td><td class=""right"" data-stat=""visitor_pts"">112</td><td class=""left"" csk=""SAA.197601170SAA"" data-stat=""home_team_name""><a href=""/teams/SAA/1976.html"">San Antonio Spurs</a></td><td class=""right"" data-stat=""home_pts"">119</td><td class=""center"" data-stat=""box_score_text""><a href=""/boxscores/197601170SAA.html"">Box Score</a></td><td class=""center iz"" data-stat=""overtimes""></td><td class=""right"" data-stat=""attendance"">9,764</td><td class=""left iz"" data-stat=""game_remarks""></td></tr>"
59,"<tr><th class=""left"" csk=""197601170VIR"" data-stat=""date_game"" scope=""row""><a href=""/boxscores/index.fcgi?month=1&amp;day=17&amp;year=1976"">Sat, Jan 17, 1976</a></th><td class=""right iz"" data-stat=""game_start_time""></td><td class=""left"" csk=""INA.197601170VIR"" data-stat=""visitor_team_name""><a href=""/teams/INA/1976.html"">Indiana Pacers</a></td><td class=""right"" data-stat=""visitor_pts"">126</td><td class=""left"" csk=""VIR.197601170VIR"" data-stat=""home_team_name""><a href=""/teams/VIR/1976.html"">Virginia Squires</a></td><td class=""right"" data-stat=""home_pts"">115</td><td class=""center"" data-stat=""box_score_text""><a href=""/boxscores/197601170VIR.html"">Box Score</a></td><td class=""center iz"" data-stat=""overtimes""></td><td class=""right"" data-stat=""attendance"">2,557</td><td class=""left"" data-stat=""game_remarks"">at Hampton, VA</td></tr>"
61,"<tr><th class=""left"" csk=""197601180KEN"" data-stat=""date_game"" scope=""row""><a href=""/boxscores/index.fcgi?month=1&amp;day=18&amp;year=1976"">Sun, Jan 18, 1976</a></th><td class=""right iz"" data-stat=""game_start_time""></td><td class=""left"" csk=""DNA.197601180KEN"" data-stat=""visitor_team_name""><a href=""/teams/DNA/1976.html"">Denver Nuggets</a></td><td class=""right"" data-stat=""visitor_pts"">117</td><td class=""left"" csk=""KEN.197601180KEN"" data-stat=""home_team_name""><a href=""/teams/KEN/1976.html"">Kentucky Colonels</a></td><td class=""right"" data-stat=""home_pts"">119</td><td class=""center"" data-stat=""box_score_text""><a href=""/boxscores/197601180KEN.html"">Box Score</a></td><td class=""center iz"" data-stat=""overtimes""></td><td class=""right"" data-stat=""attendance"">9,882</td><td class=""left iz"" data-stat=""game_remarks""></td></tr>"
63,"<tr><th class=""left"" csk=""197601180NYA"" data-stat=""date_game"" scope=""row""><a href=""/boxscores/index.fcgi?month=1&amp;day=18&amp;year=1976"">Sun, Jan 18, 1976</a></th><td class=""right iz"" data-stat=""game_start_time""></td><td class=""left"" csk=""SAA.197601180NYA"" data-stat=""visitor_team_name""><a href=""/teams/SAA/1976.html"">San Antonio Spurs</a></td><td class=""right"" data-stat=""visitor_pts"">130</td><td class=""left"" csk=""NYA.197601180NYA"" data-stat=""home_team_name""><a href=""/teams/NYA/1976.html"">New York Nets</a></td><td class=""right"" data-stat=""home_pts"">134</td><td class=""center"" data-stat=""box_score_text""><a href=""/boxscores/197601180NYA.html"">Box Score</a></td><td class=""center"" data-stat=""overtimes"">OT</td><td class=""right"" data-stat=""attendance"">5,428</td><td class=""left iz"" data-stat=""game_remarks""></td></tr>"
65,"<tr><th class=""left"" csk=""197601200NYA"" data-stat=""date_game"" scope=""row""><a href=""/boxscores/index.fcgi?month=1&amp;day=20&amp;year=1976"">Tue, Jan 20, 1976</a></th><td class=""right iz"" data-stat=""game_start_time""></td><td class=""left"" csk=""DNA.197601200NYA"" data-stat=""visitor_team_name""><a href=""/teams/DNA/1976.html"">Denver Nuggets</a></td><td class=""right"" data-stat=""visitor_pts"">123</td><td class=""left"" csk=""NYA.197601200NYA"" data-stat=""home_team_name""><a href=""/teams/NYA/1976.html"">New York Nets</a></td><td class=""right"" data-stat=""home_pts"">134</td><td class=""center"" data-stat=""box_score_text""><a href=""/boxscores/197601200NYA.html"">Box Score</a></td><td class=""center iz"" data-stat=""overtimes""></td><td class=""right"" data-stat=""attendance"">6,225</td><td class=""left iz"" data-stat=""game_remarks""></td></tr>"
67,"<tr><th class=""left"" csk=""197601200KEN"" data-stat=""date_game"" scope=""row""><a href=""/boxscores/index.fcgi?month=1&amp;day=20&amp;year=1976"">Tue, Jan 20, 1976</a></th><td class=""right iz"" data-stat=""game_start_time""></td><td class=""left"" csk=""SSL.197601200KEN"" data-stat=""visitor_team_name""><a href=""/teams/SSL/1976.html"">Spirits of St. Louis</a></td><td class=""right"" data-stat=""visitor_pts"">100</td><td class=""left"" csk=""KEN.197601200KEN"" data-stat=""home_team_name""><a href=""/teams/KEN/1976.html"">Kentucky Colonels</a></td><td class=""right"" data-stat=""home_pts"">118</td><td class=""center"" data-stat=""box_score_text""><a href=""/boxscores/197601200KEN.html"">Box Score</a></td><td class=""center iz"" data-stat=""overtimes""></td><td class=""right"" data-stat=""attendance"">4,031</td><td class=""left iz"" data-stat=""game_remarks""></td></tr>"
69,"<tr><th class=""left"" csk=""197601210INA"" data-stat=""date_game"" scope=""row""><a href=""/boxscores/index.fcgi?month=1&amp;day=21&amp;year=1976"">Wed, Jan 21, 1976</a></th><td class=""right iz"" data-stat=""game_start_time""></td><td class=""left"" csk=""VIR.197601210INA"" data-stat=""visitor_team_name""><a href=""/teams/VIR/1976.html"">Virginia Squires</a></td><td class=""right"" data-stat=""visitor_pts"">106</td><td class=""left"" csk=""INA.197601210INA"" data-stat=""home_team_name""><a href=""/teams/INA/1976.html"">Indiana Pacers</a></td><td class=""right"" data-stat=""home_pts"">119</td><td class=""center"" data-stat=""box_score_text""><a href=""/boxscores/197601210INA.html"">Box Score</a></td><td class=""center iz"" data-stat=""overtimes""></td><td class=""right"" data-stat=""attendance"">6,092</td><td class=""left iz"" data-stat=""game_remarks""></td></tr>"
71,"<tr><th class=""left"" csk=""197601210KEN"" data-stat=""date_game"" scope=""row""><a href=""/boxscores/index.fcgi?month=1&amp;day=21&amp;year=1976"">Wed, Jan 21, 1976</a></th><td class=""right iz"" data-stat=""game_start_time""></td><td class=""left"" csk=""NYA.197601210KEN"" data-stat=""visitor_team_name""><a href=""/teams/NYA/1976.html"">New York Nets</a></td><td class=""right"" data-stat=""visitor_pts"">91</td><td class=""left"" csk=""KEN.197601210KEN"" data-stat=""home_team_name""><a href=""/teams/KEN/1976.html"">Kentucky Colonels</a></td><td class=""right"" data-stat=""home_pts"">100</td><td class=""center"" data-stat=""box_score_text""><a href=""/boxscores/197601210KEN.html"">Box Score</a></td><td class=""center iz"" data-stat=""overtimes""></td><td class=""right"" data-stat=""attendance"">8,469</td><td class=""left iz"" data-stat=""game_remarks""></td></tr>"
73,"<tr><th class=""left"" csk=""197601220VIR"" data-stat=""date_game"" scope=""row""><a href=""/boxscores/index.fcgi?month=1&amp;day=22&amp;year=1976"">Thu, Jan 22, 1976</a></th><td class=""right iz"" data-stat=""game_start_time""></td><td class=""left"" csk=""SSL.197601220VIR"" data-stat=""visitor_team_name""><a href=""/teams/SSL/1976.html"">Spirits of St. Louis</a></td><td class=""right"" data-stat=""visitor_pts"">117</td><td class=""left"" csk=""VIR.197601220VIR"" data-stat=""home_team_name""><a href=""/teams/VIR/1976.html"">Virginia Squires</a></td><td class=""right"" data-stat=""home_pts"">128</td><td class=""center"" data-stat=""box_score_text""><a href=""/boxscores/197601220VIR.html"">Box Score</a></td><td class=""center iz"" data-stat=""overtimes""></td><td class=""right"" data-stat=""attendance"">4,130</td><td class=""left"" data-stat=""game_remarks"">at Norfolk, VA</td></tr>"
75,"<tr><th class=""left"" csk=""197601230SSL"" data-stat=""date_game"" scope=""row""><a href=""/boxscores/index.fcgi?month=1&amp;day=23&amp;year=1976"">Fri, Jan 23, 1976</a></th><td class=""right iz"" data-stat=""game_start_time""></td><td class=""left"" csk=""INA.197601230SSL"" data-stat=""visitor_team_name""><a href=""/teams/INA/1976.html"">Indiana Pacers</a></td><td class=""right"" data-stat=""visitor_pts"">132</td><td class=""left"" csk=""SSL.197601230SSL"" data-stat=""home_team_name""><a href=""/teams/SSL/1976.html"">Spirits of St. Louis</a></td><td class=""right"" data-stat=""home_pts"">128</td><td class=""center"" data-stat=""box_score_text""><a href=""/boxscores/197601230SSL.html"">Box Score</a></td><td class=""center"" data-stat=""overtimes"">OT</td><td class=""right"" data-stat=""attendance"">6,817</td><td class=""left iz"" data-stat=""game_remarks""></td></tr>"
77,"<tr><th class=""left"" csk=""197601230NYA"" data-stat=""date_game"" scope=""row""><a href=""/boxscores/index.fcgi?month=1&amp;day=23&amp;year=1976"">Fri, Jan 23, 1976</a></th><td class=""right iz"" data-stat=""game_start_time""></td><td class=""left"" csk=""KEN.197601230NYA"" data-stat=""visitor_team_name""><a href=""/teams/KEN/1976.html"">Kentucky Colonels</a></td><td class=""right"" data-stat=""visitor_pts"">111</td><td class=""left"" csk=""NYA.197601230NYA"" data-stat=""home_team_name""><a href=""/teams/NYA/1976.html"">New York Nets</a></td><td class=""right"" data-stat=""home_pts"">115</td><td class=""center"" data-stat=""box_score_text""><a href=""/boxscores/197601230NYA.html"">Box Score</a></td><td class=""center iz"" data-stat=""overtimes""></td><td class=""right"" data-stat=""attendance"">9,379</td><td class=""left iz"" data-stat=""game_remarks""></td></tr>"
79,"<tr><th class=""left"" csk=""197601230DNA"" data-stat=""date_game"" scope=""row""><a href=""/boxscores/index.fcgi?month=1&amp;day=23&amp;year=1976"">Fri, Jan 23, 1976</a></th><td class=""right iz"" data-stat=""game_start_time""></td><td class=""left"" csk=""SAA.197601230DNA"" data-stat=""visitor_team_name""><a href=""/teams/SAA/1976.html"">San Antonio Spurs</a></td><td class=""right"" data-stat=""visitor_pts"">123</td><td class=""left"" csk=""DNA.197601230DNA"" data-stat=""home_team_name""><a href=""/teams/DNA/1976.html"">Denver Nuggets</a></td><td class=""right"" data-stat=""home_pts"">131</td><td class=""center"" data-stat=""box_score_text""><a href=""/boxscores/197601230DNA.html"">Box Score</a></td><td class=""center iz"" data-stat=""overtimes""></td><td class=""right"" data-stat=""attendance"">15,021</td><td class=""left iz"" data-stat=""game_remarks""></td></tr>"
81,"<tr><th class=""left"" csk=""197601240INA"" data-stat=""date_game"" scope=""row""><a href=""/boxscores/index.fcgi?month=1&amp;day=24&amp;year=1976"">Sat, Jan 24, 1976</a></th><td class=""right iz"" data-stat=""game_start_time""></td><td class=""left"" csk=""SSL.197601240INA"" data-stat=""visitor_team_name""><a href=""/teams/SSL/1976.html"">Spirits of St. Louis</a></td><td class=""right"" data-stat=""visitor_pts"">113</td><td class=""left"" csk=""INA.197601240INA"" data-stat=""home_team_name""><a href=""/teams/INA/1976.html"">Indiana Pacers</a></td><td class=""right"" data-stat=""home_pts"">116</td><td class=""center"" data-stat=""box_score_text""><a href=""/boxscores/197601240INA.html"">Box Score</a></td><td class=""center iz"" data-stat=""overtimes""></td><td class=""right"" data-stat=""attendance"">8,994</td><td class=""left iz"" data-stat=""game_remarks""></td></tr>"
83,"<tr><th class=""left"" csk=""197601240SAA"" data-stat=""date_game"" scope=""row""><a href=""/boxscores/index.fcgi?month=1&amp;day=24&amp;year=1976"">Sat, Jan 24, 1976</a></th><td class=""right iz"" data-stat=""game_start_time""></td><td class=""left"" csk=""KEN.197601240SAA"" data-stat=""visitor_team_name""><a href=""/teams/KEN/1976.html"">Kentucky Colonels</a></td><td class=""right"" data-stat=""visitor_pts"">106</td><td class=""left"" csk=""SAA.197601240SAA"" data-stat=""home_team_name""><a href=""/teams/SAA/1976.html"">San Antonio Spurs</a></td><td class=""right"" data-stat=""home_pts"">103</td><td class=""center"" data-stat=""box_score_text""><a href=""/boxscores/197601240SAA.html"">Box Score</a></td><td class=""center iz"" data-stat=""overtimes""></td><td class=""right"" data-stat=""attendance"">8,275</td><td class=""left iz"" data-stat=""game_remarks""></td></tr>"
85,"<tr><th class=""left"" csk=""197601240VIR"" data-stat=""date_game"" scope=""row""><a href=""/boxscores/index.fcgi?month=1&amp;day=24&amp;year=1976"">Sat, Jan 24, 1976</a></th><td class=""right iz"" data-stat=""game_start_time""></td><td class=""left"" csk=""NYA.197601240VIR"" data-stat=""visitor_team_name""><a href=""/teams/NYA/1976.html"">New York Nets</a></td><td class=""right"" data-stat=""visitor_pts"">94</td><td class=""left"" csk=""VIR.197601240VIR"" data-stat=""home_team_name""><a href=""/teams/VIR/1976.html"">Virginia Squires</a></td><td class=""right"" data-stat=""home_pts"">85</td><td class=""center"" data-stat=""box_score_text""><a href=""/boxscores/197601240VIR.html"">Box Score</a></td><td class=""center iz"" data-stat=""overtimes""></td><td class=""right"" data-stat=""attendance"">8,566</td><td class=""left"" data-stat=""game_remarks"">at Norfolk, VA</td></tr>"
87,"<tr><th class=""left"" csk=""197601250KEN"" data-stat=""date_game"" scope=""row""><a href=""/boxscores/index.fcgi?month=1&amp;day=25&amp;year=1976"">Sun, Jan 25, 1976</a></th><td class=""right iz"" data-stat=""game_start_time""></td><td class=""left"" csk=""INA.197601250KEN"" data-stat=""visitor_team_name""><a href=""/teams/INA/1976.html"">Indiana Pacers</a></td><td class=""right"" data-stat=""visitor_pts"">114</td><td class=""left"" csk=""KEN.197601250KEN"" data-stat=""home_team_name""><a href=""/teams/KEN/1976.html"">Kentucky Colonels</a></td><td class=""right"" data-stat=""home_pts"">117</td><td class=""center"" data-stat=""box_score_text""><a href=""/boxscores/197601250KEN.html"">Box Score</a></td><td class=""center iz"" data-stat=""overtimes""></td><td class=""right"" data-stat=""attendance"">4,972</td><td class=""left"" data-stat=""game_remarks"">at Cincinnati, OH</td></tr>"
89,"<tr><th class=""left"" csk=""197601250NYA"" data-stat=""date_game"" scope=""row""><a href=""/boxscores/index.fcgi?month=1&amp;day=25&amp;year=1976"">Sun, Jan 25, 1976</a></th><td class=""right iz"" data-stat=""game_start_time""></td><td class=""left"" csk=""SAA.197601250NYA"" data-stat=""visitor_team_name""><a href=""/teams/SAA/1976.html"">San Antonio Spurs</a></td><td class=""right"" data-stat=""visitor_pts"">128</td><td class=""left"" csk=""NYA.197601250NYA"" data-stat=""home_team_name""><a href=""/teams/NYA/1976.html"">New York Nets</a></td><td class=""right"" data-stat=""home_pts"">104</td><td class=""center"" data-stat=""box_score_text""><a href=""/boxscores/197601250NYA.html"">Box Score</a></td><td class=""center iz"" data-stat=""overtimes""></td><td class=""right"" data-stat=""attendance"">8,614</td><td class=""left iz"" data-stat=""game_remarks""></td></tr>"
91,"<tr><th class=""left"" csk=""197601250SSL"" data-stat=""date_game"" scope=""row""><a href=""/boxscores/index.fcgi?month=1&amp;day=25&amp;year=1976"">Sun, Jan 25, 1976</a></th><td class=""right iz"" data-stat=""game_start_time""></td><td class=""left"" csk=""VIR.197601250SSL"" data-stat=""visitor_team_name""><a href=""/teams/VIR/1976.html"">Virginia Squires</a></td><td class=""right"" data-stat=""visitor_pts"">100</td><td class=""left"" csk=""SSL.197601250SSL"" data-stat=""home_team_name""><a href=""/teams/SSL/1976.html"">Spirits of St. Louis</a></td><td class=""right"" data-stat=""home_pts"">121</td><td class=""center"" data-stat=""box_score_text""><a href=""/boxscores/197601250SSL.html"">Box Score</a></td><td class=""center iz"" data-stat=""overtimes""></td><td class=""right"" data-stat=""attendance"">2,934</td><td class=""left iz"" data-stat=""game_remarks""></td></tr>"
93,"<tr><th class=""left"" csk=""197601290VIR"" data-stat=""date_game"" scope=""row""><a href=""/boxscores/index.fcgi?month=1&amp;day=29&amp;year=1976"">Thu, Jan 29, 1976</a></th><td class=""right iz"" data-stat=""game_start_time""></td><td class=""left"" csk=""KEN.197601290VIR"" data-stat=""visitor_team_name""><a href=""/teams/KEN/1976.html"">Kentucky Colonels</a></td><td class=""right"" data-stat=""visitor_pts"">104</td><td class=""left"" csk=""VIR.197601290VIR"" data-stat=""home_team_name""><a href=""/teams/VIR/1976.html"">Virginia Squires</a></td><td class=""right"" data-stat=""home_pts"">108</td><td class=""center"" data-stat=""box_score_text""><a href=""/boxscores/197601290VIR.html"">Box Score</a></td><td class=""center iz"" data-stat=""overtimes""></td><td class=""right"" data-stat=""attendance"">5,717</td><td class=""left"" data-stat=""game_remarks"">at Norfolk, VA</td></tr>"
95,"<tr><th class=""left"" csk=""197601290SAA"" data-stat=""date_game"" scope=""row""><a href=""/boxscores/index.fcgi?month=1&amp;day=29&amp;year=1976"">Thu, Jan 29, 1976</a></th><td class=""right iz"" data-stat=""game_start_time""></td><td class=""left"" csk=""INA.197601290SAA"" data-stat=""visitor_team_name""><a href=""/teams/INA/1976.html"">Indiana Pacers</a></td><td class=""right"" data-stat=""visitor_pts"">112</td><td class=""left"" csk=""SAA.197601290SAA"" data-stat=""home_team_name""><a href=""/teams/SAA/1976.html"">San Antonio Spurs</a></td><td class=""right"" data-stat=""home_pts"">136</td><td class=""center"" data-stat=""box_score_text""><a href=""/boxscores/197601290SAA.html"">Box Score</a></td><td class=""center iz"" data-stat=""overtimes""></td><td class=""right"" data-stat=""attendance"">6,278</td><td class=""left iz"" data-stat=""game_remarks""></td></tr>"
97,"<tr><th class=""left"" csk=""197601300DNA"" data-stat=""date_game"" scope=""row""><a href=""/boxscores/index.fcgi?month=1&amp;day=30&amp;year=1976"">Fri, Jan 30, 1976</a></th><td class=""right iz"" data-stat=""game_start_time""></td><td class=""left"" csk=""VIR.197601300DNA"" data-stat=""visitor_team_name""><a href=""/teams/VIR/1976.html"">Virginia Squires</a></td><td class=""right"" data-stat=""visitor_pts"">117</td><td class=""left"" csk=""DNA.197601300DNA"" data-stat=""home_team_name""><a href=""/teams/DNA/1976.html"">Denver Nuggets</a></td><td class=""right"" data-stat=""home_pts"">126</td><td class=""center"" data-stat=""box_score_text""><a href=""/boxscores/197601300DNA.html"">Box Score</a></td><td class=""center iz"" data-stat=""overtimes""></td><td class=""right"" data-stat=""attendance"">13,222</td><td class=""left iz"" data-stat=""game_remarks""></td></tr>"
99,"<tr><th class=""left"" csk=""197601300NYA"" data-stat=""date_game"" scope=""row""><a href=""/boxscores/index.fcgi?month=1&amp;day=30&amp;year=1976"">Fri, Jan 30, 1976</a></th><td class=""right iz"" data-stat=""game_start_time""></td><td class=""left"" csk=""INA.197601300NYA"" data-stat=""visitor_team_name""><a href=""/teams/INA/1976.html"">Indiana Pacers</a></td><td class=""right"" data-stat=""visitor_pts"">127</td><td class=""left"" csk=""NYA.197601300NYA"" data-stat=""home_team_name""><a href=""/teams/NYA/1976.html"">New York Nets</a></td><td class=""right"" data-stat=""home_pts"">107</td><td class=""center"" data-stat=""box_score_text""><a href=""/boxscores/197601300NYA.html"">Box Score</a></td><td class=""center iz"" data-stat=""overtimes""></td><td class=""right"" data-stat=""attendance"">6,194</td><td class=""left iz"" data-stat=""game_remarks""></td></tr>"
101,"<tr><th class=""left"" csk=""197601310DNA"" data-stat=""date_game"" scope=""row""><a href=""/boxscores/index.fcgi?month=1&amp;day=31&amp;year=1976"">Sat, Jan 31, 1976</a></th><td class=""right iz"" data-stat=""game_start_time""></td><td class=""left"" csk=""VIR.197601310DNA"" data-stat=""visitor_team_name""><a href=""/teams/VIR/1976.html"">Virginia Squires</a></td><td class=""right"" data-stat=""visitor_pts"">117</td><td class=""left"" csk=""DNA.197601310DNA"" data-stat=""home_team_name""><a href=""/teams/DNA/1976.html"">Denver Nuggets</a></td><td class=""right"" data-stat=""home_pts"">129</td><td class=""center"" data-stat=""box_score_text""><a href=""/boxscores/197601310DNA.html"">Box Score</a></td><td class=""center iz"" data-stat=""overtimes""></td><td class=""right"" data-stat=""attendance"">14,994</td><td class=""left iz"" data-stat=""game_remarks""></td></tr>"
103,"<tr><th class=""left"" csk=""197601310KEN"" data-stat=""date_game"" scope=""row""><a href=""/boxscores/index.fcgi?month=1&amp;day=31&amp;year=1976"">Sat, Jan 31, 1976</a></th><td class=""right iz"" data-stat=""game_start_time""></td><td class=""left"" csk=""NYA.197601310KEN"" data-stat=""visitor_team_name""><a href=""/teams/NYA/1976.html"">New York Nets</a></td><td class=""right"" data-stat=""visitor_pts"">104</td><td class=""left"" csk=""KEN.197601310KEN"" data-stat=""home_team_name""><a href=""/teams/KEN/1976.html"">Kentucky Colonels</a></td><td class=""right"" data-stat=""home_pts"">107</td><td class=""center"" data-stat=""box_score_text""><a href=""/boxscores/197601310KEN.html"">Box Score</a></td><td class=""center iz"" data-stat=""overtimes""></td><td class=""right"" data-stat=""attendance"">10,112</td><td class=""left iz"" data-stat=""game_remarks""></td></tr>"
105,"<tr><th class=""left"" csk=""197601310SAA"" data-stat=""date_game"" scope=""row""><a href=""/boxscores/index.fcgi?month=1&amp;day=31&amp;year=1976"">Sat, Jan 31, 1976</a></th><td class=""right iz"" data-stat=""game_start_time""></td><td class=""left"" csk=""SSL.197601310SAA"" data-stat=""visitor_team_name""><a href=""/teams/SSL/1976.html"">Spirits of St. Louis</a></td><td class=""right"" data-stat=""visitor_pts"">96</td><td class=""left"" csk=""SAA.197601310SAA"" data-stat=""home_team_name""><a href=""/teams/SAA/1976.html"">San Antonio Spurs</a></td><td class=""right"" data-stat=""home_pts"">118</td><td class=""center"" data-stat=""box_score_text""><a href=""/boxscores/197601310SAA.html"">Box Score</a></td><td class=""center iz"" data-stat=""overtimes""></td><td class=""right"" data-stat=""attendance"">8,542</td><td class=""left iz"" data-stat=""game_remarks""></td></tr>"
