,0
1,"<tr><th class=""left"" csk=""197111020DNR"" data-stat=""date_game"" scope=""row""><a href=""/boxscores/index.fcgi?month=11&amp;day=2&amp;year=1971"">Tue, Nov 2, 1971</a></th><td class=""left"" csk=""PTC.197111020DNR"" data-stat=""visitor_team_name""><a href=""/teams/PTC/1972.html"">Pittsburgh Condors</a></td><td class=""right"" data-stat=""visitor_pts"">114</td><td class=""left"" csk=""DNR.197111020DNR"" data-stat=""home_team_name""><a href=""/teams/DNR/1972.html"">Denver Rockets</a></td><td class=""right"" data-stat=""home_pts"">133</td><td class=""center"" data-stat=""box_score_text""><a href=""/boxscores/197111020DNR.html"">Box Score</a></td><td class=""center iz"" data-stat=""overtimes""></td><td class=""right"" data-stat=""attendance"">4,239</td><td class=""left iz"" data-stat=""game_remarks""></td></tr>"
3,"<tr><th class=""left"" csk=""197111020INA"" data-stat=""date_game"" scope=""row""><a href=""/boxscores/index.fcgi?month=11&amp;day=2&amp;year=1971"">Tue, Nov 2, 1971</a></th><td class=""left"" csk=""CAR.197111020INA"" data-stat=""visitor_team_name""><a href=""/teams/CAR/1972.html"">Carolina Cougars</a></td><td class=""right"" data-stat=""visitor_pts"">116</td><td class=""left"" csk=""INA.197111020INA"" data-stat=""home_team_name""><a href=""/teams/INA/1972.html"">Indiana Pacers</a></td><td class=""right"" data-stat=""home_pts"">137</td><td class=""center"" data-stat=""box_score_text""><a href=""/boxscores/197111020INA.html"">Box Score</a></td><td class=""center iz"" data-stat=""overtimes""></td><td class=""right"" data-stat=""attendance"">7,272</td><td class=""left iz"" data-stat=""game_remarks""></td></tr>"
5,"<tr><th class=""left"" csk=""197111020MMP"" data-stat=""date_game"" scope=""row""><a href=""/boxscores/index.fcgi?month=11&amp;day=2&amp;year=1971"">Tue, Nov 2, 1971</a></th><td class=""left"" csk=""KEN.197111020MMP"" data-stat=""visitor_team_name""><a href=""/teams/KEN/1972.html"">Kentucky Colonels</a></td><td class=""right"" data-stat=""visitor_pts"">123</td><td class=""left"" csk=""MMP.197111020MMP"" data-stat=""home_team_name""><a href=""/teams/MMP/1972.html"">Memphis Pros</a></td><td class=""right"" data-stat=""home_pts"">109</td><td class=""center"" data-stat=""box_score_text""><a href=""/boxscores/197111020MMP.html"">Box Score</a></td><td class=""center iz"" data-stat=""overtimes""></td><td class=""right"" data-stat=""attendance"">4,551</td><td class=""left iz"" data-stat=""game_remarks""></td></tr>"
7,"<tr><th class=""left"" csk=""197111020UTS"" data-stat=""date_game"" scope=""row""><a href=""/boxscores/index.fcgi?month=11&amp;day=2&amp;year=1971"">Tue, Nov 2, 1971</a></th><td class=""left"" csk=""VIR.197111020UTS"" data-stat=""visitor_team_name""><a href=""/teams/VIR/1972.html"">Virginia Squires</a></td><td class=""right"" data-stat=""visitor_pts"">122</td><td class=""left"" csk=""UTS.197111020UTS"" data-stat=""home_team_name""><a href=""/teams/UTS/1972.html"">Utah Stars</a></td><td class=""right"" data-stat=""home_pts"">119</td><td class=""center"" data-stat=""box_score_text""><a href=""/boxscores/197111020UTS.html"">Box Score</a></td><td class=""center iz"" data-stat=""overtimes""></td><td class=""right"" data-stat=""attendance"">6,718</td><td class=""left iz"" data-stat=""game_remarks""></td></tr>"
9,"<tr><th class=""left"" csk=""197111030FLO"" data-stat=""date_game"" scope=""row""><a href=""/boxscores/index.fcgi?month=11&amp;day=3&amp;year=1971"">Wed, Nov 3, 1971</a></th><td class=""left"" csk=""KEN.197111030FLO"" data-stat=""visitor_team_name""><a href=""/teams/KEN/1972.html"">Kentucky Colonels</a></td><td class=""right"" data-stat=""visitor_pts"">118</td><td class=""left"" csk=""FLO.197111030FLO"" data-stat=""home_team_name""><a href=""/teams/FLO/1972.html"">The Floridians</a></td><td class=""right"" data-stat=""home_pts"">111</td><td class=""center"" data-stat=""box_score_text""><a href=""/boxscores/197111030FLO.html"">Box Score</a></td><td class=""center iz"" data-stat=""overtimes""></td><td class=""right"" data-stat=""attendance"">3,876</td><td class=""left iz"" data-stat=""game_remarks""></td></tr>"
11,"<tr><th class=""left"" csk=""197111030DLC"" data-stat=""date_game"" scope=""row""><a href=""/boxscores/index.fcgi?month=11&amp;day=3&amp;year=1971"">Wed, Nov 3, 1971</a></th><td class=""left"" csk=""VIR.197111030DLC"" data-stat=""visitor_team_name""><a href=""/teams/VIR/1972.html"">Virginia Squires</a></td><td class=""right"" data-stat=""visitor_pts"">127</td><td class=""left"" csk=""DLC.197111030DLC"" data-stat=""home_team_name""><a href=""/teams/DLC/1972.html"">Dallas Chaparrals</a></td><td class=""right"" data-stat=""home_pts"">117</td><td class=""center"" data-stat=""box_score_text""><a href=""/boxscores/197111030DLC.html"">Box Score</a></td><td class=""center iz"" data-stat=""overtimes""></td><td class=""right"" data-stat=""attendance"">2,033</td><td class=""left iz"" data-stat=""game_remarks""></td></tr>"
13,"<tr><th class=""left"" csk=""197111040MMP"" data-stat=""date_game"" scope=""row""><a href=""/boxscores/index.fcgi?month=11&amp;day=4&amp;year=1971"">Thu, Nov 4, 1971</a></th><td class=""left"" csk=""INA.197111040MMP"" data-stat=""visitor_team_name""><a href=""/teams/INA/1972.html"">Indiana Pacers</a></td><td class=""right"" data-stat=""visitor_pts"">94</td><td class=""left"" csk=""MMP.197111040MMP"" data-stat=""home_team_name""><a href=""/teams/MMP/1972.html"">Memphis Pros</a></td><td class=""right"" data-stat=""home_pts"">105</td><td class=""center"" data-stat=""box_score_text""><a href=""/boxscores/197111040MMP.html"">Box Score</a></td><td class=""center iz"" data-stat=""overtimes""></td><td class=""right"" data-stat=""attendance"">4,062</td><td class=""left iz"" data-stat=""game_remarks""></td></tr>"
15,"<tr><th class=""left"" csk=""197111040UTS"" data-stat=""date_game"" scope=""row""><a href=""/boxscores/index.fcgi?month=11&amp;day=4&amp;year=1971"">Thu, Nov 4, 1971</a></th><td class=""left"" csk=""PTC.197111040UTS"" data-stat=""visitor_team_name""><a href=""/teams/PTC/1972.html"">Pittsburgh Condors</a></td><td class=""right"" data-stat=""visitor_pts"">135</td><td class=""left"" csk=""UTS.197111040UTS"" data-stat=""home_team_name""><a href=""/teams/UTS/1972.html"">Utah Stars</a></td><td class=""right"" data-stat=""home_pts"">129</td><td class=""center"" data-stat=""box_score_text""><a href=""/boxscores/197111040UTS.html"">Box Score</a></td><td class=""center iz"" data-stat=""overtimes""></td><td class=""right"" data-stat=""attendance"">5,916</td><td class=""left iz"" data-stat=""game_remarks""></td></tr>"
17,"<tr><th class=""left"" csk=""197111050NYA"" data-stat=""date_game"" scope=""row""><a href=""/boxscores/index.fcgi?month=11&amp;day=5&amp;year=1971"">Fri, Nov 5, 1971</a></th><td class=""left"" csk=""MMP.197111050NYA"" data-stat=""visitor_team_name""><a href=""/teams/MMP/1972.html"">Memphis Pros</a></td><td class=""right"" data-stat=""visitor_pts"">117</td><td class=""left"" csk=""NYA.197111050NYA"" data-stat=""home_team_name""><a href=""/teams/NYA/1972.html"">New York Nets</a></td><td class=""right"" data-stat=""home_pts"">129</td><td class=""center"" data-stat=""box_score_text""><a href=""/boxscores/197111050NYA.html"">Box Score</a></td><td class=""center"" data-stat=""overtimes"">OT</td><td class=""right"" data-stat=""attendance"">5,902</td><td class=""left iz"" data-stat=""game_remarks""></td></tr>"
19,"<tr><th class=""left"" csk=""197111050KEN"" data-stat=""date_game"" scope=""row""><a href=""/boxscores/index.fcgi?month=11&amp;day=5&amp;year=1971"">Fri, Nov 5, 1971</a></th><td class=""left"" csk=""INA.197111050KEN"" data-stat=""visitor_team_name""><a href=""/teams/INA/1972.html"">Indiana Pacers</a></td><td class=""right"" data-stat=""visitor_pts"">110</td><td class=""left"" csk=""KEN.197111050KEN"" data-stat=""home_team_name""><a href=""/teams/KEN/1972.html"">Kentucky Colonels</a></td><td class=""right"" data-stat=""home_pts"">115</td><td class=""center"" data-stat=""box_score_text""><a href=""/boxscores/197111050KEN.html"">Box Score</a></td><td class=""center iz"" data-stat=""overtimes""></td><td class=""right"" data-stat=""attendance"">11,551</td><td class=""left iz"" data-stat=""game_remarks""></td></tr>"
21,"<tr><th class=""left"" csk=""197111050DLC"" data-stat=""date_game"" scope=""row""><a href=""/boxscores/index.fcgi?month=11&amp;day=5&amp;year=1971"">Fri, Nov 5, 1971</a></th><td class=""left"" csk=""PTC.197111050DLC"" data-stat=""visitor_team_name""><a href=""/teams/PTC/1972.html"">Pittsburgh Condors</a></td><td class=""right"" data-stat=""visitor_pts"">98</td><td class=""left"" csk=""DLC.197111050DLC"" data-stat=""home_team_name""><a href=""/teams/DLC/1972.html"">Dallas Chaparrals</a></td><td class=""right"" data-stat=""home_pts"">96</td><td class=""center"" data-stat=""box_score_text""><a href=""/boxscores/197111050DLC.html"">Box Score</a></td><td class=""center iz"" data-stat=""overtimes""></td><td class=""right"" data-stat=""attendance"">1,704</td><td class=""left iz"" data-stat=""game_remarks""></td></tr>"
23,"<tr><th class=""left"" csk=""197111050CAR"" data-stat=""date_game"" scope=""row""><a href=""/boxscores/index.fcgi?month=11&amp;day=5&amp;year=1971"">Fri, Nov 5, 1971</a></th><td class=""left"" csk=""FLO.197111050CAR"" data-stat=""visitor_team_name""><a href=""/teams/FLO/1972.html"">The Floridians</a></td><td class=""right"" data-stat=""visitor_pts"">106</td><td class=""left"" csk=""CAR.197111050CAR"" data-stat=""home_team_name""><a href=""/teams/CAR/1972.html"">Carolina Cougars</a></td><td class=""right"" data-stat=""home_pts"">109</td><td class=""center"" data-stat=""box_score_text""><a href=""/boxscores/197111050CAR.html"">Box Score</a></td><td class=""center iz"" data-stat=""overtimes""></td><td class=""right"" data-stat=""attendance"">5,109</td><td class=""left"" data-stat=""game_remarks"">at Greensboro, NC</td></tr>"
25,"<tr><th class=""left"" csk=""197111060CAR"" data-stat=""date_game"" scope=""row""><a href=""/boxscores/index.fcgi?month=11&amp;day=6&amp;year=1971"">Sat, Nov 6, 1971</a></th><td class=""left"" csk=""DLC.197111060CAR"" data-stat=""visitor_team_name""><a href=""/teams/DLC/1972.html"">Dallas Chaparrals</a></td><td class=""right"" data-stat=""visitor_pts"">97</td><td class=""left"" csk=""CAR.197111060CAR"" data-stat=""home_team_name""><a href=""/teams/CAR/1972.html"">Carolina Cougars</a></td><td class=""right"" data-stat=""home_pts"">92</td><td class=""center"" data-stat=""box_score_text""><a href=""/boxscores/197111060CAR.html"">Box Score</a></td><td class=""center iz"" data-stat=""overtimes""></td><td class=""right"" data-stat=""attendance"">3,055</td><td class=""left"" data-stat=""game_remarks"">at Charlotte, NC</td></tr>"
27,"<tr><th class=""left"" csk=""197111060FLO"" data-stat=""date_game"" scope=""row""><a href=""/boxscores/index.fcgi?month=11&amp;day=6&amp;year=1971"">Sat, Nov 6, 1971</a></th><td class=""left"" csk=""PTC.197111060FLO"" data-stat=""visitor_team_name""><a href=""/teams/PTC/1972.html"">Pittsburgh Condors</a></td><td class=""right"" data-stat=""visitor_pts"">121</td><td class=""left"" csk=""FLO.197111060FLO"" data-stat=""home_team_name""><a href=""/teams/FLO/1972.html"">The Floridians</a></td><td class=""right"" data-stat=""home_pts"">136</td><td class=""center"" data-stat=""box_score_text""><a href=""/boxscores/197111060FLO.html"">Box Score</a></td><td class=""center iz"" data-stat=""overtimes""></td><td class=""right"" data-stat=""attendance"">1,657</td><td class=""left iz"" data-stat=""game_remarks""></td></tr>"
29,"<tr><th class=""left"" csk=""197111060INA"" data-stat=""date_game"" scope=""row""><a href=""/boxscores/index.fcgi?month=11&amp;day=6&amp;year=1971"">Sat, Nov 6, 1971</a></th><td class=""left"" csk=""UTS.197111060INA"" data-stat=""visitor_team_name""><a href=""/teams/UTS/1972.html"">Utah Stars</a></td><td class=""right"" data-stat=""visitor_pts"">108</td><td class=""left"" csk=""INA.197111060INA"" data-stat=""home_team_name""><a href=""/teams/INA/1972.html"">Indiana Pacers</a></td><td class=""right"" data-stat=""home_pts"">107</td><td class=""center"" data-stat=""box_score_text""><a href=""/boxscores/197111060INA.html"">Box Score</a></td><td class=""center"" data-stat=""overtimes"">OT</td><td class=""right"" data-stat=""attendance"">9,479</td><td class=""left iz"" data-stat=""game_remarks""></td></tr>"
31,"<tr><th class=""left"" csk=""197111060KEN"" data-stat=""date_game"" scope=""row""><a href=""/boxscores/index.fcgi?month=11&amp;day=6&amp;year=1971"">Sat, Nov 6, 1971</a></th><td class=""left"" csk=""NYA.197111060KEN"" data-stat=""visitor_team_name""><a href=""/teams/NYA/1972.html"">New York Nets</a></td><td class=""right"" data-stat=""visitor_pts"">97</td><td class=""left"" csk=""KEN.197111060KEN"" data-stat=""home_team_name""><a href=""/teams/KEN/1972.html"">Kentucky Colonels</a></td><td class=""right"" data-stat=""home_pts"">102</td><td class=""center"" data-stat=""box_score_text""><a href=""/boxscores/197111060KEN.html"">Box Score</a></td><td class=""center iz"" data-stat=""overtimes""></td><td class=""right"" data-stat=""attendance"">11,984</td><td class=""left iz"" data-stat=""game_remarks""></td></tr>"
33,"<tr><th class=""left"" csk=""197111060VIR"" data-stat=""date_game"" scope=""row""><a href=""/boxscores/index.fcgi?month=11&amp;day=6&amp;year=1971"">Sat, Nov 6, 1971</a></th><td class=""left"" csk=""MMP.197111060VIR"" data-stat=""visitor_team_name""><a href=""/teams/MMP/1972.html"">Memphis Pros</a></td><td class=""right"" data-stat=""visitor_pts"">122</td><td class=""left"" csk=""VIR.197111060VIR"" data-stat=""home_team_name""><a href=""/teams/VIR/1972.html"">Virginia Squires</a></td><td class=""right"" data-stat=""home_pts"">121</td><td class=""center"" data-stat=""box_score_text""><a href=""/boxscores/197111060VIR.html"">Box Score</a></td><td class=""center"" data-stat=""overtimes"">OT</td><td class=""right"" data-stat=""attendance"">5,483</td><td class=""left"" data-stat=""game_remarks"">at Richmond, VA</td></tr>"
35,"<tr><th class=""left"" csk=""197111090PTC"" data-stat=""date_game"" scope=""row""><a href=""/boxscores/index.fcgi?month=11&amp;day=9&amp;year=1971"">Tue, Nov 9, 1971</a></th><td class=""left"" csk=""INA.197111090PTC"" data-stat=""visitor_team_name""><a href=""/teams/INA/1972.html"">Indiana Pacers</a></td><td class=""right"" data-stat=""visitor_pts"">123</td><td class=""left"" csk=""PTC.197111090PTC"" data-stat=""home_team_name""><a href=""/teams/PTC/1972.html"">Pittsburgh Condors</a></td><td class=""right"" data-stat=""home_pts"">133</td><td class=""center"" data-stat=""box_score_text""><a href=""/boxscores/197111090PTC.html"">Box Score</a></td><td class=""center iz"" data-stat=""overtimes""></td><td class=""right"" data-stat=""attendance"">3,627</td><td class=""left iz"" data-stat=""game_remarks""></td></tr>"
37,"<tr><th class=""left"" csk=""197111090MMP"" data-stat=""date_game"" scope=""row""><a href=""/boxscores/index.fcgi?month=11&amp;day=9&amp;year=1971"">Tue, Nov 9, 1971</a></th><td class=""left"" csk=""UTS.197111090MMP"" data-stat=""visitor_team_name""><a href=""/teams/UTS/1972.html"">Utah Stars</a></td><td class=""right"" data-stat=""visitor_pts"">93</td><td class=""left"" csk=""MMP.197111090MMP"" data-stat=""home_team_name""><a href=""/teams/MMP/1972.html"">Memphis Pros</a></td><td class=""right"" data-stat=""home_pts"">90</td><td class=""center"" data-stat=""box_score_text""><a href=""/boxscores/197111090MMP.html"">Box Score</a></td><td class=""center iz"" data-stat=""overtimes""></td><td class=""right"" data-stat=""attendance"">5,676</td><td class=""left iz"" data-stat=""game_remarks""></td></tr>"
39,"<tr><th class=""left"" csk=""197111090DNR"" data-stat=""date_game"" scope=""row""><a href=""/boxscores/index.fcgi?month=11&amp;day=9&amp;year=1971"">Tue, Nov 9, 1971</a></th><td class=""left"" csk=""KEN.197111090DNR"" data-stat=""visitor_team_name""><a href=""/teams/KEN/1972.html"">Kentucky Colonels</a></td><td class=""right"" data-stat=""visitor_pts"">106</td><td class=""left"" csk=""DNR.197111090DNR"" data-stat=""home_team_name""><a href=""/teams/DNR/1972.html"">Denver Rockets</a></td><td class=""right"" data-stat=""home_pts"">96</td><td class=""center"" data-stat=""box_score_text""><a href=""/boxscores/197111090DNR.html"">Box Score</a></td><td class=""center iz"" data-stat=""overtimes""></td><td class=""right"" data-stat=""attendance"">5,676</td><td class=""left"" data-stat=""game_remarks"">at Memphis, TN</td></tr>"
41,"<tr><th class=""left"" csk=""197111090DLC"" data-stat=""date_game"" scope=""row""><a href=""/boxscores/index.fcgi?month=11&amp;day=9&amp;year=1971"">Tue, Nov 9, 1971</a></th><td class=""left"" csk=""NYA.197111090DLC"" data-stat=""visitor_team_name""><a href=""/teams/NYA/1972.html"">New York Nets</a></td><td class=""right"" data-stat=""visitor_pts"">86</td><td class=""left"" csk=""DLC.197111090DLC"" data-stat=""home_team_name""><a href=""/teams/DLC/1972.html"">Dallas Chaparrals</a></td><td class=""right"" data-stat=""home_pts"">90</td><td class=""center"" data-stat=""box_score_text""><a href=""/boxscores/197111090DLC.html"">Box Score</a></td><td class=""center iz"" data-stat=""overtimes""></td><td class=""right"" data-stat=""attendance"">1,814</td><td class=""left iz"" data-stat=""game_remarks""></td></tr>"
43,"<tr><th class=""left"" csk=""197111100FLO"" data-stat=""date_game"" scope=""row""><a href=""/boxscores/index.fcgi?month=11&amp;day=10&amp;year=1971"">Wed, Nov 10, 1971</a></th><td class=""left"" csk=""VIR.197111100FLO"" data-stat=""visitor_team_name""><a href=""/teams/VIR/1972.html"">Virginia Squires</a></td><td class=""right"" data-stat=""visitor_pts"">119</td><td class=""left"" csk=""FLO.197111100FLO"" data-stat=""home_team_name""><a href=""/teams/FLO/1972.html"">The Floridians</a></td><td class=""right"" data-stat=""home_pts"">116</td><td class=""center"" data-stat=""box_score_text""><a href=""/boxscores/197111100FLO.html"">Box Score</a></td><td class=""center iz"" data-stat=""overtimes""></td><td class=""right"" data-stat=""attendance"">2,048</td><td class=""left"" data-stat=""game_remarks"">at St. Petersburg, FL</td></tr>"
45,"<tr><th class=""left"" csk=""197111100INA"" data-stat=""date_game"" scope=""row""><a href=""/boxscores/index.fcgi?month=11&amp;day=10&amp;year=1971"">Wed, Nov 10, 1971</a></th><td class=""left"" csk=""PTC.197111100INA"" data-stat=""visitor_team_name""><a href=""/teams/PTC/1972.html"">Pittsburgh Condors</a></td><td class=""right"" data-stat=""visitor_pts"">125</td><td class=""left"" csk=""INA.197111100INA"" data-stat=""home_team_name""><a href=""/teams/INA/1972.html"">Indiana Pacers</a></td><td class=""right"" data-stat=""home_pts"">154</td><td class=""center"" data-stat=""box_score_text""><a href=""/boxscores/197111100INA.html"">Box Score</a></td><td class=""center iz"" data-stat=""overtimes""></td><td class=""right"" data-stat=""attendance"">7,813</td><td class=""left iz"" data-stat=""game_remarks""></td></tr>"
47,"<tr><th class=""left"" csk=""197111100KEN"" data-stat=""date_game"" scope=""row""><a href=""/boxscores/index.fcgi?month=11&amp;day=10&amp;year=1971"">Wed, Nov 10, 1971</a></th><td class=""left"" csk=""DLC.197111100KEN"" data-stat=""visitor_team_name""><a href=""/teams/DLC/1972.html"">Dallas Chaparrals</a></td><td class=""right"" data-stat=""visitor_pts"">89</td><td class=""left"" csk=""KEN.197111100KEN"" data-stat=""home_team_name""><a href=""/teams/KEN/1972.html"">Kentucky Colonels</a></td><td class=""right"" data-stat=""home_pts"">115</td><td class=""center"" data-stat=""box_score_text""><a href=""/boxscores/197111100KEN.html"">Box Score</a></td><td class=""center iz"" data-stat=""overtimes""></td><td class=""right"" data-stat=""attendance"">5,992</td><td class=""left iz"" data-stat=""game_remarks""></td></tr>"
49,"<tr><th class=""left"" csk=""197111100UTS"" data-stat=""date_game"" scope=""row""><a href=""/boxscores/index.fcgi?month=11&amp;day=10&amp;year=1971"">Wed, Nov 10, 1971</a></th><td class=""left"" csk=""NYA.197111100UTS"" data-stat=""visitor_team_name""><a href=""/teams/NYA/1972.html"">New York Nets</a></td><td class=""right"" data-stat=""visitor_pts"">110</td><td class=""left"" csk=""UTS.197111100UTS"" data-stat=""home_team_name""><a href=""/teams/UTS/1972.html"">Utah Stars</a></td><td class=""right"" data-stat=""home_pts"">127</td><td class=""center"" data-stat=""box_score_text""><a href=""/boxscores/197111100UTS.html"">Box Score</a></td><td class=""center iz"" data-stat=""overtimes""></td><td class=""right"" data-stat=""attendance"">6,736</td><td class=""left iz"" data-stat=""game_remarks""></td></tr>"
51,"<tr><th class=""left"" csk=""197111110PTC"" data-stat=""date_game"" scope=""row""><a href=""/boxscores/index.fcgi?month=11&amp;day=11&amp;year=1971"">Thu, Nov 11, 1971</a></th><td class=""left"" csk=""CAR.197111110PTC"" data-stat=""visitor_team_name""><a href=""/teams/CAR/1972.html"">Carolina Cougars</a></td><td class=""right"" data-stat=""visitor_pts"">127</td><td class=""left"" csk=""PTC.197111110PTC"" data-stat=""home_team_name""><a href=""/teams/PTC/1972.html"">Pittsburgh Condors</a></td><td class=""right"" data-stat=""home_pts"">109</td><td class=""center"" data-stat=""box_score_text""><a href=""/boxscores/197111110PTC.html"">Box Score</a></td><td class=""center iz"" data-stat=""overtimes""></td><td class=""right"" data-stat=""attendance"">2,552</td><td class=""left iz"" data-stat=""game_remarks""></td></tr>"
53,"<tr><th class=""left"" csk=""197111110DNR"" data-stat=""date_game"" scope=""row""><a href=""/boxscores/index.fcgi?month=11&amp;day=11&amp;year=1971"">Thu, Nov 11, 1971</a></th><td class=""left"" csk=""UTS.197111110DNR"" data-stat=""visitor_team_name""><a href=""/teams/UTS/1972.html"">Utah Stars</a></td><td class=""right"" data-stat=""visitor_pts"">112</td><td class=""left"" csk=""DNR.197111110DNR"" data-stat=""home_team_name""><a href=""/teams/DNR/1972.html"">Denver Rockets</a></td><td class=""right"" data-stat=""home_pts"">106</td><td class=""center"" data-stat=""box_score_text""><a href=""/boxscores/197111110DNR.html"">Box Score</a></td><td class=""center iz"" data-stat=""overtimes""></td><td class=""right"" data-stat=""attendance"">3,984</td><td class=""left iz"" data-stat=""game_remarks""></td></tr>"
55,"<tr><th class=""left"" csk=""197111120DLC"" data-stat=""date_game"" scope=""row""><a href=""/boxscores/index.fcgi?month=11&amp;day=12&amp;year=1971"">Fri, Nov 12, 1971</a></th><td class=""left"" csk=""MMP.197111120DLC"" data-stat=""visitor_team_name""><a href=""/teams/MMP/1972.html"">Memphis Pros</a></td><td class=""right"" data-stat=""visitor_pts"">107</td><td class=""left"" csk=""DLC.197111120DLC"" data-stat=""home_team_name""><a href=""/teams/DLC/1972.html"">Dallas Chaparrals</a></td><td class=""right"" data-stat=""home_pts"">103</td><td class=""center"" data-stat=""box_score_text""><a href=""/boxscores/197111120DLC.html"">Box Score</a></td><td class=""center iz"" data-stat=""overtimes""></td><td class=""right"" data-stat=""attendance"">1,803</td><td class=""left iz"" data-stat=""game_remarks""></td></tr>"
57,"<tr><th class=""left"" csk=""197111120NYA"" data-stat=""date_game"" scope=""row""><a href=""/boxscores/index.fcgi?month=11&amp;day=12&amp;year=1971"">Fri, Nov 12, 1971</a></th><td class=""left"" csk=""VIR.197111120NYA"" data-stat=""visitor_team_name""><a href=""/teams/VIR/1972.html"">Virginia Squires</a></td><td class=""right"" data-stat=""visitor_pts"">127</td><td class=""left"" csk=""NYA.197111120NYA"" data-stat=""home_team_name""><a href=""/teams/NYA/1972.html"">New York Nets</a></td><td class=""right"" data-stat=""home_pts"">123</td><td class=""center"" data-stat=""box_score_text""><a href=""/boxscores/197111120NYA.html"">Box Score</a></td><td class=""center"" data-stat=""overtimes"">OT</td><td class=""right"" data-stat=""attendance"">6,602</td><td class=""left iz"" data-stat=""game_remarks""></td></tr>"
59,"<tr><th class=""left"" csk=""197111130UTS"" data-stat=""date_game"" scope=""row""><a href=""/boxscores/index.fcgi?month=11&amp;day=13&amp;year=1971"">Sat, Nov 13, 1971</a></th><td class=""left"" csk=""MMP.197111130UTS"" data-stat=""visitor_team_name""><a href=""/teams/MMP/1972.html"">Memphis Pros</a></td><td class=""right"" data-stat=""visitor_pts"">125</td><td class=""left"" csk=""UTS.197111130UTS"" data-stat=""home_team_name""><a href=""/teams/UTS/1972.html"">Utah Stars</a></td><td class=""right"" data-stat=""home_pts"">116</td><td class=""center"" data-stat=""box_score_text""><a href=""/boxscores/197111130UTS.html"">Box Score</a></td><td class=""center iz"" data-stat=""overtimes""></td><td class=""right"" data-stat=""attendance"">7,665</td><td class=""left iz"" data-stat=""game_remarks""></td></tr>"
61,"<tr><th class=""left"" csk=""197111130KEN"" data-stat=""date_game"" scope=""row""><a href=""/boxscores/index.fcgi?month=11&amp;day=13&amp;year=1971"">Sat, Nov 13, 1971</a></th><td class=""left"" csk=""INA.197111130KEN"" data-stat=""visitor_team_name""><a href=""/teams/INA/1972.html"">Indiana Pacers</a></td><td class=""right"" data-stat=""visitor_pts"">116</td><td class=""left"" csk=""KEN.197111130KEN"" data-stat=""home_team_name""><a href=""/teams/KEN/1972.html"">Kentucky Colonels</a></td><td class=""right"" data-stat=""home_pts"">111</td><td class=""center"" data-stat=""box_score_text""><a href=""/boxscores/197111130KEN.html"">Box Score</a></td><td class=""center iz"" data-stat=""overtimes""></td><td class=""right"" data-stat=""attendance"">16,621</td><td class=""left iz"" data-stat=""game_remarks""></td></tr>"
63,"<tr><th class=""left"" csk=""197111130FLO"" data-stat=""date_game"" scope=""row""><a href=""/boxscores/index.fcgi?month=11&amp;day=13&amp;year=1971"">Sat, Nov 13, 1971</a></th><td class=""left"" csk=""NYA.197111130FLO"" data-stat=""visitor_team_name""><a href=""/teams/NYA/1972.html"">New York Nets</a></td><td class=""right"" data-stat=""visitor_pts"">117</td><td class=""left"" csk=""FLO.197111130FLO"" data-stat=""home_team_name""><a href=""/teams/FLO/1972.html"">The Floridians</a></td><td class=""right"" data-stat=""home_pts"">113</td><td class=""center"" data-stat=""box_score_text""><a href=""/boxscores/197111130FLO.html"">Box Score</a></td><td class=""center iz"" data-stat=""overtimes""></td><td class=""right"" data-stat=""attendance"">3,237</td><td class=""left iz"" data-stat=""game_remarks""></td></tr>"
65,"<tr><th class=""left"" csk=""197111130DNR"" data-stat=""date_game"" scope=""row""><a href=""/boxscores/index.fcgi?month=11&amp;day=13&amp;year=1971"">Sat, Nov 13, 1971</a></th><td class=""left"" csk=""DLC.197111130DNR"" data-stat=""visitor_team_name""><a href=""/teams/DLC/1972.html"">Dallas Chaparrals</a></td><td class=""right"" data-stat=""visitor_pts"">97</td><td class=""left"" csk=""DNR.197111130DNR"" data-stat=""home_team_name""><a href=""/teams/DNR/1972.html"">Denver Rockets</a></td><td class=""right"" data-stat=""home_pts"">92</td><td class=""center"" data-stat=""box_score_text""><a href=""/boxscores/197111130DNR.html"">Box Score</a></td><td class=""center iz"" data-stat=""overtimes""></td><td class=""right"" data-stat=""attendance"">4,717</td><td class=""left iz"" data-stat=""game_remarks""></td></tr>"
67,"<tr><th class=""left"" csk=""197111130CAR"" data-stat=""date_game"" scope=""row""><a href=""/boxscores/index.fcgi?month=11&amp;day=13&amp;year=1971"">Sat, Nov 13, 1971</a></th><td class=""left"" csk=""VIR.197111130CAR"" data-stat=""visitor_team_name""><a href=""/teams/VIR/1972.html"">Virginia Squires</a></td><td class=""right"" data-stat=""visitor_pts"">109</td><td class=""left"" csk=""CAR.197111130CAR"" data-stat=""home_team_name""><a href=""/teams/CAR/1972.html"">Carolina Cougars</a></td><td class=""right"" data-stat=""home_pts"">129</td><td class=""center"" data-stat=""box_score_text""><a href=""/boxscores/197111130CAR.html"">Box Score</a></td><td class=""center iz"" data-stat=""overtimes""></td><td class=""right"" data-stat=""attendance"">6,003</td><td class=""left"" data-stat=""game_remarks"">at Charlotte, NC</td></tr>"
69,"<tr><th class=""left"" csk=""197111140PTC"" data-stat=""date_game"" scope=""row""><a href=""/boxscores/index.fcgi?month=11&amp;day=14&amp;year=1971"">Sun, Nov 14, 1971</a></th><td class=""left"" csk=""NYA.197111140PTC"" data-stat=""visitor_team_name""><a href=""/teams/NYA/1972.html"">New York Nets</a></td><td class=""right"" data-stat=""visitor_pts"">130</td><td class=""left"" csk=""PTC.197111140PTC"" data-stat=""home_team_name""><a href=""/teams/PTC/1972.html"">Pittsburgh Condors</a></td><td class=""right"" data-stat=""home_pts"">125</td><td class=""center"" data-stat=""box_score_text""><a href=""/boxscores/197111140PTC.html"">Box Score</a></td><td class=""center iz"" data-stat=""overtimes""></td><td class=""right"" data-stat=""attendance"">4,204</td><td class=""left iz"" data-stat=""game_remarks""></td></tr>"
71,"<tr><th class=""left"" csk=""197111160DNR"" data-stat=""date_game"" scope=""row""><a href=""/boxscores/index.fcgi?month=11&amp;day=16&amp;year=1971"">Tue, Nov 16, 1971</a></th><td class=""left"" csk=""INA.197111160DNR"" data-stat=""visitor_team_name""><a href=""/teams/INA/1972.html"">Indiana Pacers</a></td><td class=""right"" data-stat=""visitor_pts"">108</td><td class=""left"" csk=""DNR.197111160DNR"" data-stat=""home_team_name""><a href=""/teams/DNR/1972.html"">Denver Rockets</a></td><td class=""right"" data-stat=""home_pts"">111</td><td class=""center"" data-stat=""box_score_text""><a href=""/boxscores/197111160DNR.html"">Box Score</a></td><td class=""center iz"" data-stat=""overtimes""></td><td class=""right"" data-stat=""attendance"">3,437</td><td class=""left iz"" data-stat=""game_remarks""></td></tr>"
73,"<tr><th class=""left"" csk=""197111160FLO"" data-stat=""date_game"" scope=""row""><a href=""/boxscores/index.fcgi?month=11&amp;day=16&amp;year=1971"">Tue, Nov 16, 1971</a></th><td class=""left"" csk=""MMP.197111160FLO"" data-stat=""visitor_team_name""><a href=""/teams/MMP/1972.html"">Memphis Pros</a></td><td class=""right"" data-stat=""visitor_pts"">119</td><td class=""left"" csk=""FLO.197111160FLO"" data-stat=""home_team_name""><a href=""/teams/FLO/1972.html"">The Floridians</a></td><td class=""right"" data-stat=""home_pts"">109</td><td class=""center"" data-stat=""box_score_text""><a href=""/boxscores/197111160FLO.html"">Box Score</a></td><td class=""center iz"" data-stat=""overtimes""></td><td class=""right"" data-stat=""attendance"">1,419</td><td class=""left iz"" data-stat=""game_remarks""></td></tr>"
75,"<tr><th class=""left"" csk=""197111170UTS"" data-stat=""date_game"" scope=""row""><a href=""/boxscores/index.fcgi?month=11&amp;day=17&amp;year=1971"">Wed, Nov 17, 1971</a></th><td class=""left"" csk=""INA.197111170UTS"" data-stat=""visitor_team_name""><a href=""/teams/INA/1972.html"">Indiana Pacers</a></td><td class=""right"" data-stat=""visitor_pts"">111</td><td class=""left"" csk=""UTS.197111170UTS"" data-stat=""home_team_name""><a href=""/teams/UTS/1972.html"">Utah Stars</a></td><td class=""right"" data-stat=""home_pts"">113</td><td class=""center"" data-stat=""box_score_text""><a href=""/boxscores/197111170UTS.html"">Box Score</a></td><td class=""center iz"" data-stat=""overtimes""></td><td class=""right"" data-stat=""attendance"">10,367</td><td class=""left iz"" data-stat=""game_remarks""></td></tr>"
77,"<tr><th class=""left"" csk=""197111170NYA"" data-stat=""date_game"" scope=""row""><a href=""/boxscores/index.fcgi?month=11&amp;day=17&amp;year=1971"">Wed, Nov 17, 1971</a></th><td class=""left"" csk=""PTC.197111170NYA"" data-stat=""visitor_team_name""><a href=""/teams/PTC/1972.html"">Pittsburgh Condors</a></td><td class=""right"" data-stat=""visitor_pts"">122</td><td class=""left"" csk=""NYA.197111170NYA"" data-stat=""home_team_name""><a href=""/teams/NYA/1972.html"">New York Nets</a></td><td class=""right"" data-stat=""home_pts"">121</td><td class=""center"" data-stat=""box_score_text""><a href=""/boxscores/197111170NYA.html"">Box Score</a></td><td class=""center iz"" data-stat=""overtimes""></td><td class=""right"" data-stat=""attendance"">4,964</td><td class=""left iz"" data-stat=""game_remarks""></td></tr>"
79,"<tr><th class=""left"" csk=""197111170KEN"" data-stat=""date_game"" scope=""row""><a href=""/boxscores/index.fcgi?month=11&amp;day=17&amp;year=1971"">Wed, Nov 17, 1971</a></th><td class=""left"" csk=""VIR.197111170KEN"" data-stat=""visitor_team_name""><a href=""/teams/VIR/1972.html"">Virginia Squires</a></td><td class=""right"" data-stat=""visitor_pts"">112</td><td class=""left"" csk=""KEN.197111170KEN"" data-stat=""home_team_name""><a href=""/teams/KEN/1972.html"">Kentucky Colonels</a></td><td class=""right"" data-stat=""home_pts"">117</td><td class=""center"" data-stat=""box_score_text""><a href=""/boxscores/197111170KEN.html"">Box Score</a></td><td class=""center iz"" data-stat=""overtimes""></td><td class=""right"" data-stat=""attendance"">6,793</td><td class=""left iz"" data-stat=""game_remarks""></td></tr>"
81,"<tr><th class=""left"" csk=""197111170CAR"" data-stat=""date_game"" scope=""row""><a href=""/boxscores/index.fcgi?month=11&amp;day=17&amp;year=1971"">Wed, Nov 17, 1971</a></th><td class=""left"" csk=""DNR.197111170CAR"" data-stat=""visitor_team_name""><a href=""/teams/DNR/1972.html"">Denver Rockets</a></td><td class=""right"" data-stat=""visitor_pts"">101</td><td class=""left"" csk=""CAR.197111170CAR"" data-stat=""home_team_name""><a href=""/teams/CAR/1972.html"">Carolina Cougars</a></td><td class=""right"" data-stat=""home_pts"">113</td><td class=""center"" data-stat=""box_score_text""><a href=""/boxscores/197111170CAR.html"">Box Score</a></td><td class=""center iz"" data-stat=""overtimes""></td><td class=""right"" data-stat=""attendance"">2,765</td><td class=""left"" data-stat=""game_remarks"">at Charlotte, NC</td></tr>"
83,"<tr><th class=""left"" csk=""197111190CAR"" data-stat=""date_game"" scope=""row""><a href=""/boxscores/index.fcgi?month=11&amp;day=19&amp;year=1971"">Fri, Nov 19, 1971</a></th><td class=""left"" csk=""NYA.197111190CAR"" data-stat=""visitor_team_name""><a href=""/teams/NYA/1972.html"">New York Nets</a></td><td class=""right"" data-stat=""visitor_pts"">129</td><td class=""left"" csk=""CAR.197111190CAR"" data-stat=""home_team_name""><a href=""/teams/CAR/1972.html"">Carolina Cougars</a></td><td class=""right"" data-stat=""home_pts"">127</td><td class=""center"" data-stat=""box_score_text""><a href=""/boxscores/197111190CAR.html"">Box Score</a></td><td class=""center iz"" data-stat=""overtimes""></td><td class=""right"" data-stat=""attendance"">6,089</td><td class=""left"" data-stat=""game_remarks"">at Greensboro, NC</td></tr>"
85,"<tr><th class=""left"" csk=""197111190KEN"" data-stat=""date_game"" scope=""row""><a href=""/boxscores/index.fcgi?month=11&amp;day=19&amp;year=1971"">Fri, Nov 19, 1971</a></th><td class=""left"" csk=""FLO.197111190KEN"" data-stat=""visitor_team_name""><a href=""/teams/FLO/1972.html"">The Floridians</a></td><td class=""right"" data-stat=""visitor_pts"">102</td><td class=""left"" csk=""KEN.197111190KEN"" data-stat=""home_team_name""><a href=""/teams/KEN/1972.html"">Kentucky Colonels</a></td><td class=""right"" data-stat=""home_pts"">114</td><td class=""center"" data-stat=""box_score_text""><a href=""/boxscores/197111190KEN.html"">Box Score</a></td><td class=""center iz"" data-stat=""overtimes""></td><td class=""right"" data-stat=""attendance"">6,662</td><td class=""left iz"" data-stat=""game_remarks""></td></tr>"
87,"<tr><th class=""left"" csk=""197111190PTC"" data-stat=""date_game"" scope=""row""><a href=""/boxscores/index.fcgi?month=11&amp;day=19&amp;year=1971"">Fri, Nov 19, 1971</a></th><td class=""left"" csk=""INA.197111190PTC"" data-stat=""visitor_team_name""><a href=""/teams/INA/1972.html"">Indiana Pacers</a></td><td class=""right"" data-stat=""visitor_pts"">123</td><td class=""left"" csk=""PTC.197111190PTC"" data-stat=""home_team_name""><a href=""/teams/PTC/1972.html"">Pittsburgh Condors</a></td><td class=""right"" data-stat=""home_pts"">124</td><td class=""center"" data-stat=""box_score_text""><a href=""/boxscores/197111190PTC.html"">Box Score</a></td><td class=""center iz"" data-stat=""overtimes""></td><td class=""right"" data-stat=""attendance"">3,642</td><td class=""left iz"" data-stat=""game_remarks""></td></tr>"
89,"<tr><th class=""left"" csk=""197111190VIR"" data-stat=""date_game"" scope=""row""><a href=""/boxscores/index.fcgi?month=11&amp;day=19&amp;year=1971"">Fri, Nov 19, 1971</a></th><td class=""left"" csk=""DNR.197111190VIR"" data-stat=""visitor_team_name""><a href=""/teams/DNR/1972.html"">Denver Rockets</a></td><td class=""right"" data-stat=""visitor_pts"">115</td><td class=""left"" csk=""VIR.197111190VIR"" data-stat=""home_team_name""><a href=""/teams/VIR/1972.html"">Virginia Squires</a></td><td class=""right"" data-stat=""home_pts"">113</td><td class=""center"" data-stat=""box_score_text""><a href=""/boxscores/197111190VIR.html"">Box Score</a></td><td class=""center iz"" data-stat=""overtimes""></td><td class=""right"" data-stat=""attendance"">5,112</td><td class=""left"" data-stat=""game_remarks"">at Hampton, VA</td></tr>"
91,"<tr><th class=""left"" csk=""197111200UTS"" data-stat=""date_game"" scope=""row""><a href=""/boxscores/index.fcgi?month=11&amp;day=20&amp;year=1971"">Sat, Nov 20, 1971</a></th><td class=""left"" csk=""DLC.197111200UTS"" data-stat=""visitor_team_name""><a href=""/teams/DLC/1972.html"">Dallas Chaparrals</a></td><td class=""right"" data-stat=""visitor_pts"">99</td><td class=""left"" csk=""UTS.197111200UTS"" data-stat=""home_team_name""><a href=""/teams/UTS/1972.html"">Utah Stars</a></td><td class=""right"" data-stat=""home_pts"">103</td><td class=""center"" data-stat=""box_score_text""><a href=""/boxscores/197111200UTS.html"">Box Score</a></td><td class=""center iz"" data-stat=""overtimes""></td><td class=""right"" data-stat=""attendance"">7,911</td><td class=""left iz"" data-stat=""game_remarks""></td></tr>"
93,"<tr><th class=""left"" csk=""197111200MMP"" data-stat=""date_game"" scope=""row""><a href=""/boxscores/index.fcgi?month=11&amp;day=20&amp;year=1971"">Sat, Nov 20, 1971</a></th><td class=""left"" csk=""PTC.197111200MMP"" data-stat=""visitor_team_name""><a href=""/teams/PTC/1972.html"">Pittsburgh Condors</a></td><td class=""right"" data-stat=""visitor_pts"">113</td><td class=""left"" csk=""MMP.197111200MMP"" data-stat=""home_team_name""><a href=""/teams/MMP/1972.html"">Memphis Pros</a></td><td class=""right"" data-stat=""home_pts"">103</td><td class=""center"" data-stat=""box_score_text""><a href=""/boxscores/197111200MMP.html"">Box Score</a></td><td class=""center iz"" data-stat=""overtimes""></td><td class=""right"" data-stat=""attendance"">1,233</td><td class=""left"" data-stat=""game_remarks"">at Jackson, TN</td></tr>"
95,"<tr><th class=""left"" csk=""197111200KEN"" data-stat=""date_game"" scope=""row""><a href=""/boxscores/index.fcgi?month=11&amp;day=20&amp;year=1971"">Sat, Nov 20, 1971</a></th><td class=""left"" csk=""CAR.197111200KEN"" data-stat=""visitor_team_name""><a href=""/teams/CAR/1972.html"">Carolina Cougars</a></td><td class=""right"" data-stat=""visitor_pts"">107</td><td class=""left"" csk=""KEN.197111200KEN"" data-stat=""home_team_name""><a href=""/teams/KEN/1972.html"">Kentucky Colonels</a></td><td class=""right"" data-stat=""home_pts"">120</td><td class=""center"" data-stat=""box_score_text""><a href=""/boxscores/197111200KEN.html"">Box Score</a></td><td class=""center iz"" data-stat=""overtimes""></td><td class=""right"" data-stat=""attendance"">13,403</td><td class=""left iz"" data-stat=""game_remarks""></td></tr>"
97,"<tr><th class=""left"" csk=""197111200DNR"" data-stat=""date_game"" scope=""row""><a href=""/boxscores/index.fcgi?month=11&amp;day=20&amp;year=1971"">Sat, Nov 20, 1971</a></th><td class=""left"" csk=""FLO.197111200DNR"" data-stat=""visitor_team_name""><a href=""/teams/FLO/1972.html"">The Floridians</a></td><td class=""right"" data-stat=""visitor_pts"">97</td><td class=""left"" csk=""DNR.197111200DNR"" data-stat=""home_team_name""><a href=""/teams/DNR/1972.html"">Denver Rockets</a></td><td class=""right"" data-stat=""home_pts"">117</td><td class=""center"" data-stat=""box_score_text""><a href=""/boxscores/197111200DNR.html"">Box Score</a></td><td class=""center iz"" data-stat=""overtimes""></td><td class=""right"" data-stat=""attendance"">4,845</td><td class=""left iz"" data-stat=""game_remarks""></td></tr>"
99,"<tr><th class=""left"" csk=""197111210MMP"" data-stat=""date_game"" scope=""row""><a href=""/boxscores/index.fcgi?month=11&amp;day=21&amp;year=1971"">Sun, Nov 21, 1971</a></th><td class=""left"" csk=""FLO.197111210MMP"" data-stat=""visitor_team_name""><a href=""/teams/FLO/1972.html"">The Floridians</a></td><td class=""right"" data-stat=""visitor_pts"">103</td><td class=""left"" csk=""MMP.197111210MMP"" data-stat=""home_team_name""><a href=""/teams/MMP/1972.html"">Memphis Pros</a></td><td class=""right"" data-stat=""home_pts"">86</td><td class=""center"" data-stat=""box_score_text""><a href=""/boxscores/197111210MMP.html"">Box Score</a></td><td class=""center iz"" data-stat=""overtimes""></td><td class=""right"" data-stat=""attendance"">4,122</td><td class=""left iz"" data-stat=""game_remarks""></td></tr>"
101,"<tr><th class=""left"" csk=""197111230DLC"" data-stat=""date_game"" scope=""row""><a href=""/boxscores/index.fcgi?month=11&amp;day=23&amp;year=1971"">Tue, Nov 23, 1971</a></th><td class=""left"" csk=""DNR.197111230DLC"" data-stat=""visitor_team_name""><a href=""/teams/DNR/1972.html"">Denver Rockets</a></td><td class=""right"" data-stat=""visitor_pts"">101</td><td class=""left"" csk=""DLC.197111230DLC"" data-stat=""home_team_name""><a href=""/teams/DLC/1972.html"">Dallas Chaparrals</a></td><td class=""right"" data-stat=""home_pts"">104</td><td class=""center"" data-stat=""box_score_text""><a href=""/boxscores/197111230DLC.html"">Box Score</a></td><td class=""center iz"" data-stat=""overtimes""></td><td class=""right"" data-stat=""attendance"">1,933</td><td class=""left iz"" data-stat=""game_remarks""></td></tr>"
103,"<tr><th class=""left"" csk=""197111230PTC"" data-stat=""date_game"" scope=""row""><a href=""/boxscores/index.fcgi?month=11&amp;day=23&amp;year=1971"">Tue, Nov 23, 1971</a></th><td class=""left"" csk=""UTS.197111230PTC"" data-stat=""visitor_team_name""><a href=""/teams/UTS/1972.html"">Utah Stars</a></td><td class=""right"" data-stat=""visitor_pts"">114</td><td class=""left"" csk=""PTC.197111230PTC"" data-stat=""home_team_name""><a href=""/teams/PTC/1972.html"">Pittsburgh Condors</a></td><td class=""right"" data-stat=""home_pts"">112</td><td class=""center"" data-stat=""box_score_text""><a href=""/boxscores/197111230PTC.html"">Box Score</a></td><td class=""center iz"" data-stat=""overtimes""></td><td class=""right"" data-stat=""attendance"">1,838</td><td class=""left iz"" data-stat=""game_remarks""></td></tr>"
105,"<tr><th class=""left"" csk=""197111230VIR"" data-stat=""date_game"" scope=""row""><a href=""/boxscores/index.fcgi?month=11&amp;day=23&amp;year=1971"">Tue, Nov 23, 1971</a></th><td class=""left"" csk=""CAR.197111230VIR"" data-stat=""visitor_team_name""><a href=""/teams/CAR/1972.html"">Carolina Cougars</a></td><td class=""right"" data-stat=""visitor_pts"">102</td><td class=""left"" csk=""VIR.197111230VIR"" data-stat=""home_team_name""><a href=""/teams/VIR/1972.html"">Virginia Squires</a></td><td class=""right"" data-stat=""home_pts"">98</td><td class=""center"" data-stat=""box_score_text""><a href=""/boxscores/197111230VIR.html"">Box Score</a></td><td class=""center iz"" data-stat=""overtimes""></td><td class=""right"" data-stat=""attendance"">10,015</td><td class=""left"" data-stat=""game_remarks"">at Hampton, VA</td></tr>"
107,"<tr><th class=""left"" csk=""197111240VIR"" data-stat=""date_game"" scope=""row""><a href=""/boxscores/index.fcgi?month=11&amp;day=24&amp;year=1971"">Wed, Nov 24, 1971</a></th><td class=""left"" csk=""UTS.197111240VIR"" data-stat=""visitor_team_name""><a href=""/teams/UTS/1972.html"">Utah Stars</a></td><td class=""right"" data-stat=""visitor_pts"">120</td><td class=""left"" csk=""VIR.197111240VIR"" data-stat=""home_team_name""><a href=""/teams/VIR/1972.html"">Virginia Squires</a></td><td class=""right"" data-stat=""home_pts"">113</td><td class=""center"" data-stat=""box_score_text""><a href=""/boxscores/197111240VIR.html"">Box Score</a></td><td class=""center iz"" data-stat=""overtimes""></td><td class=""right"" data-stat=""attendance"">6,118</td><td class=""left"" data-stat=""game_remarks"">at Richmond, VA</td></tr>"
109,"<tr><th class=""left"" csk=""197111240MMP"" data-stat=""date_game"" scope=""row""><a href=""/boxscores/index.fcgi?month=11&amp;day=24&amp;year=1971"">Wed, Nov 24, 1971</a></th><td class=""left"" csk=""PTC.197111240MMP"" data-stat=""visitor_team_name""><a href=""/teams/PTC/1972.html"">Pittsburgh Condors</a></td><td class=""right"" data-stat=""visitor_pts"">110</td><td class=""left"" csk=""MMP.197111240MMP"" data-stat=""home_team_name""><a href=""/teams/MMP/1972.html"">Memphis Pros</a></td><td class=""right"" data-stat=""home_pts"">126</td><td class=""center"" data-stat=""box_score_text""><a href=""/boxscores/197111240MMP.html"">Box Score</a></td><td class=""center iz"" data-stat=""overtimes""></td><td class=""right"" data-stat=""attendance"">3,125</td><td class=""left iz"" data-stat=""game_remarks""></td></tr>"
111,"<tr><th class=""left"" csk=""197111240INA"" data-stat=""date_game"" scope=""row""><a href=""/boxscores/index.fcgi?month=11&amp;day=24&amp;year=1971"">Wed, Nov 24, 1971</a></th><td class=""left"" csk=""NYA.197111240INA"" data-stat=""visitor_team_name""><a href=""/teams/NYA/1972.html"">New York Nets</a></td><td class=""right"" data-stat=""visitor_pts"">101</td><td class=""left"" csk=""INA.197111240INA"" data-stat=""home_team_name""><a href=""/teams/INA/1972.html"">Indiana Pacers</a></td><td class=""right"" data-stat=""home_pts"">112</td><td class=""center"" data-stat=""box_score_text""><a href=""/boxscores/197111240INA.html"">Box Score</a></td><td class=""center iz"" data-stat=""overtimes""></td><td class=""right"" data-stat=""attendance"">9,479</td><td class=""left iz"" data-stat=""game_remarks""></td></tr>"
113,"<tr><th class=""left"" csk=""197111240FLO"" data-stat=""date_game"" scope=""row""><a href=""/boxscores/index.fcgi?month=11&amp;day=24&amp;year=1971"">Wed, Nov 24, 1971</a></th><td class=""left"" csk=""DNR.197111240FLO"" data-stat=""visitor_team_name""><a href=""/teams/DNR/1972.html"">Denver Rockets</a></td><td class=""right"" data-stat=""visitor_pts"">129</td><td class=""left"" csk=""FLO.197111240FLO"" data-stat=""home_team_name""><a href=""/teams/FLO/1972.html"">The Floridians</a></td><td class=""right"" data-stat=""home_pts"">133</td><td class=""center"" data-stat=""box_score_text""><a href=""/boxscores/197111240FLO.html"">Box Score</a></td><td class=""center"" data-stat=""overtimes"">2OT</td><td class=""right"" data-stat=""attendance"">1,567</td><td class=""left iz"" data-stat=""game_remarks""></td></tr>"
115,"<tr><th class=""left"" csk=""197111240CAR"" data-stat=""date_game"" scope=""row""><a href=""/boxscores/index.fcgi?month=11&amp;day=24&amp;year=1971"">Wed, Nov 24, 1971</a></th><td class=""left"" csk=""DLC.197111240CAR"" data-stat=""visitor_team_name""><a href=""/teams/DLC/1972.html"">Dallas Chaparrals</a></td><td class=""right"" data-stat=""visitor_pts"">106</td><td class=""left"" csk=""CAR.197111240CAR"" data-stat=""home_team_name""><a href=""/teams/CAR/1972.html"">Carolina Cougars</a></td><td class=""right"" data-stat=""home_pts"">120</td><td class=""center"" data-stat=""box_score_text""><a href=""/boxscores/197111240CAR.html"">Box Score</a></td><td class=""center iz"" data-stat=""overtimes""></td><td class=""right"" data-stat=""attendance"">4,741</td><td class=""left"" data-stat=""game_remarks"">at Raleigh, NC</td></tr>"
117,"<tr><th class=""left"" csk=""197111250KEN"" data-stat=""date_game"" scope=""row""><a href=""/boxscores/index.fcgi?month=11&amp;day=25&amp;year=1971"">Thu, Nov 25, 1971</a></th><td class=""left"" csk=""NYA.197111250KEN"" data-stat=""visitor_team_name""><a href=""/teams/NYA/1972.html"">New York Nets</a></td><td class=""right"" data-stat=""visitor_pts"">117</td><td class=""left"" csk=""KEN.197111250KEN"" data-stat=""home_team_name""><a href=""/teams/KEN/1972.html"">Kentucky Colonels</a></td><td class=""right"" data-stat=""home_pts"">133</td><td class=""center"" data-stat=""box_score_text""><a href=""/boxscores/197111250KEN.html"">Box Score</a></td><td class=""center iz"" data-stat=""overtimes""></td><td class=""right"" data-stat=""attendance"">5,661</td><td class=""left iz"" data-stat=""game_remarks""></td></tr>"
119,"<tr><th class=""left"" csk=""197111250PTC"" data-stat=""date_game"" scope=""row""><a href=""/boxscores/index.fcgi?month=11&amp;day=25&amp;year=1971"">Thu, Nov 25, 1971</a></th><td class=""left"" csk=""VIR.197111250PTC"" data-stat=""visitor_team_name""><a href=""/teams/VIR/1972.html"">Virginia Squires</a></td><td class=""right"" data-stat=""visitor_pts"">131</td><td class=""left"" csk=""PTC.197111250PTC"" data-stat=""home_team_name""><a href=""/teams/PTC/1972.html"">Pittsburgh Condors</a></td><td class=""right"" data-stat=""home_pts"">118</td><td class=""center"" data-stat=""box_score_text""><a href=""/boxscores/197111250PTC.html"">Box Score</a></td><td class=""center iz"" data-stat=""overtimes""></td><td class=""right"" data-stat=""attendance"">1,186</td><td class=""left iz"" data-stat=""game_remarks""></td></tr>"
121,"<tr><th class=""left"" csk=""197111260NYA"" data-stat=""date_game"" scope=""row""><a href=""/boxscores/index.fcgi?month=11&amp;day=26&amp;year=1971"">Fri, Nov 26, 1971</a></th><td class=""left"" csk=""DLC.197111260NYA"" data-stat=""visitor_team_name""><a href=""/teams/DLC/1972.html"">Dallas Chaparrals</a></td><td class=""right"" data-stat=""visitor_pts"">106</td><td class=""left"" csk=""NYA.197111260NYA"" data-stat=""home_team_name""><a href=""/teams/NYA/1972.html"">New York Nets</a></td><td class=""right"" data-stat=""home_pts"">101</td><td class=""center"" data-stat=""box_score_text""><a href=""/boxscores/197111260NYA.html"">Box Score</a></td><td class=""center iz"" data-stat=""overtimes""></td><td class=""right"" data-stat=""attendance"">6,434</td><td class=""left iz"" data-stat=""game_remarks""></td></tr>"
123,"<tr><th class=""left"" csk=""197111260MMP"" data-stat=""date_game"" scope=""row""><a href=""/boxscores/index.fcgi?month=11&amp;day=26&amp;year=1971"">Fri, Nov 26, 1971</a></th><td class=""left"" csk=""FLO.197111260MMP"" data-stat=""visitor_team_name""><a href=""/teams/FLO/1972.html"">The Floridians</a></td><td class=""right"" data-stat=""visitor_pts"">106</td><td class=""left"" csk=""MMP.197111260MMP"" data-stat=""home_team_name""><a href=""/teams/MMP/1972.html"">Memphis Pros</a></td><td class=""right"" data-stat=""home_pts"">104</td><td class=""center"" data-stat=""box_score_text""><a href=""/boxscores/197111260MMP.html"">Box Score</a></td><td class=""center iz"" data-stat=""overtimes""></td><td class=""right"" data-stat=""attendance"">4,119</td><td class=""left iz"" data-stat=""game_remarks""></td></tr>"
125,"<tr><th class=""left"" csk=""197111260INA"" data-stat=""date_game"" scope=""row""><a href=""/boxscores/index.fcgi?month=11&amp;day=26&amp;year=1971"">Fri, Nov 26, 1971</a></th><td class=""left"" csk=""DNR.197111260INA"" data-stat=""visitor_team_name""><a href=""/teams/DNR/1972.html"">Denver Rockets</a></td><td class=""right"" data-stat=""visitor_pts"">96</td><td class=""left"" csk=""INA.197111260INA"" data-stat=""home_team_name""><a href=""/teams/INA/1972.html"">Indiana Pacers</a></td><td class=""right"" data-stat=""home_pts"">110</td><td class=""center"" data-stat=""box_score_text""><a href=""/boxscores/197111260INA.html"">Box Score</a></td><td class=""center iz"" data-stat=""overtimes""></td><td class=""right"" data-stat=""attendance"">9,479</td><td class=""left iz"" data-stat=""game_remarks""></td></tr>"
127,"<tr><th class=""left"" csk=""197111260CAR"" data-stat=""date_game"" scope=""row""><a href=""/boxscores/index.fcgi?month=11&amp;day=26&amp;year=1971"">Fri, Nov 26, 1971</a></th><td class=""left"" csk=""UTS.197111260CAR"" data-stat=""visitor_team_name""><a href=""/teams/UTS/1972.html"">Utah Stars</a></td><td class=""right"" data-stat=""visitor_pts"">124</td><td class=""left"" csk=""CAR.197111260CAR"" data-stat=""home_team_name""><a href=""/teams/CAR/1972.html"">Carolina Cougars</a></td><td class=""right"" data-stat=""home_pts"">115</td><td class=""center"" data-stat=""box_score_text""><a href=""/boxscores/197111260CAR.html"">Box Score</a></td><td class=""center iz"" data-stat=""overtimes""></td><td class=""right"" data-stat=""attendance"">7,087</td><td class=""left"" data-stat=""game_remarks"">at Greensboro, NC</td></tr>"
129,"<tr><th class=""left"" csk=""197111270VIR"" data-stat=""date_game"" scope=""row""><a href=""/boxscores/index.fcgi?month=11&amp;day=27&amp;year=1971"">Sat, Nov 27, 1971</a></th><td class=""left"" csk=""DLC.197111270VIR"" data-stat=""visitor_team_name""><a href=""/teams/DLC/1972.html"">Dallas Chaparrals</a></td><td class=""right"" data-stat=""visitor_pts"">100</td><td class=""left"" csk=""VIR.197111270VIR"" data-stat=""home_team_name""><a href=""/teams/VIR/1972.html"">Virginia Squires</a></td><td class=""right"" data-stat=""home_pts"">111</td><td class=""center"" data-stat=""box_score_text""><a href=""/boxscores/197111270VIR.html"">Box Score</a></td><td class=""center iz"" data-stat=""overtimes""></td><td class=""right"" data-stat=""attendance"">7,377</td><td class=""left"" data-stat=""game_remarks"">at Norfolk, VA</td></tr>"
131,"<tr><th class=""left"" csk=""197111270PTC"" data-stat=""date_game"" scope=""row""><a href=""/boxscores/index.fcgi?month=11&amp;day=27&amp;year=1971"">Sat, Nov 27, 1971</a></th><td class=""left"" csk=""FLO.197111270PTC"" data-stat=""visitor_team_name""><a href=""/teams/FLO/1972.html"">The Floridians</a></td><td class=""right"" data-stat=""visitor_pts"">106</td><td class=""left"" csk=""PTC.197111270PTC"" data-stat=""home_team_name""><a href=""/teams/PTC/1972.html"">Pittsburgh Condors</a></td><td class=""right"" data-stat=""home_pts"">110</td><td class=""center"" data-stat=""box_score_text""><a href=""/boxscores/197111270PTC.html"">Box Score</a></td><td class=""center iz"" data-stat=""overtimes""></td><td class=""right"" data-stat=""attendance"">1,749</td><td class=""left iz"" data-stat=""game_remarks""></td></tr>"
133,"<tr><th class=""left"" csk=""197111270KEN"" data-stat=""date_game"" scope=""row""><a href=""/boxscores/index.fcgi?month=11&amp;day=27&amp;year=1971"">Sat, Nov 27, 1971</a></th><td class=""left"" csk=""UTS.197111270KEN"" data-stat=""visitor_team_name""><a href=""/teams/UTS/1972.html"">Utah Stars</a></td><td class=""right"" data-stat=""visitor_pts"">111</td><td class=""left"" csk=""KEN.197111270KEN"" data-stat=""home_team_name""><a href=""/teams/KEN/1972.html"">Kentucky Colonels</a></td><td class=""right"" data-stat=""home_pts"">106</td><td class=""center"" data-stat=""box_score_text""><a href=""/boxscores/197111270KEN.html"">Box Score</a></td><td class=""center iz"" data-stat=""overtimes""></td><td class=""right"" data-stat=""attendance"">5,833</td><td class=""left iz"" data-stat=""game_remarks""></td></tr>"
135,"<tr><th class=""left"" csk=""197111270DNR"" data-stat=""date_game"" scope=""row""><a href=""/boxscores/index.fcgi?month=11&amp;day=27&amp;year=1971"">Sat, Nov 27, 1971</a></th><td class=""left"" csk=""MMP.197111270DNR"" data-stat=""visitor_team_name""><a href=""/teams/MMP/1972.html"">Memphis Pros</a></td><td class=""right"" data-stat=""visitor_pts"">109</td><td class=""left"" csk=""DNR.197111270DNR"" data-stat=""home_team_name""><a href=""/teams/DNR/1972.html"">Denver Rockets</a></td><td class=""right"" data-stat=""home_pts"">128</td><td class=""center"" data-stat=""box_score_text""><a href=""/boxscores/197111270DNR.html"">Box Score</a></td><td class=""center iz"" data-stat=""overtimes""></td><td class=""right"" data-stat=""attendance"">4,669</td><td class=""left iz"" data-stat=""game_remarks""></td></tr>"
137,"<tr><th class=""left"" csk=""197111270CAR"" data-stat=""date_game"" scope=""row""><a href=""/boxscores/index.fcgi?month=11&amp;day=27&amp;year=1971"">Sat, Nov 27, 1971</a></th><td class=""left"" csk=""INA.197111270CAR"" data-stat=""visitor_team_name""><a href=""/teams/INA/1972.html"">Indiana Pacers</a></td><td class=""right"" data-stat=""visitor_pts"">116</td><td class=""left"" csk=""CAR.197111270CAR"" data-stat=""home_team_name""><a href=""/teams/CAR/1972.html"">Carolina Cougars</a></td><td class=""right"" data-stat=""home_pts"">110</td><td class=""center"" data-stat=""box_score_text""><a href=""/boxscores/197111270CAR.html"">Box Score</a></td><td class=""center iz"" data-stat=""overtimes""></td><td class=""right"" data-stat=""attendance"">5,107</td><td class=""left"" data-stat=""game_remarks"">at Charlotte, NC</td></tr>"
139,"<tr><th class=""left"" csk=""197111280FLO"" data-stat=""date_game"" scope=""row""><a href=""/boxscores/index.fcgi?month=11&amp;day=28&amp;year=1971"">Sun, Nov 28, 1971</a></th><td class=""left"" csk=""DLC.197111280FLO"" data-stat=""visitor_team_name""><a href=""/teams/DLC/1972.html"">Dallas Chaparrals</a></td><td class=""right"" data-stat=""visitor_pts"">106</td><td class=""left"" csk=""FLO.197111280FLO"" data-stat=""home_team_name""><a href=""/teams/FLO/1972.html"">The Floridians</a></td><td class=""right"" data-stat=""home_pts"">98</td><td class=""center"" data-stat=""box_score_text""><a href=""/boxscores/197111280FLO.html"">Box Score</a></td><td class=""center iz"" data-stat=""overtimes""></td><td class=""right"" data-stat=""attendance"">1,422</td><td class=""left iz"" data-stat=""game_remarks""></td></tr>"
141,"<tr><th class=""left"" csk=""197111280NYA"" data-stat=""date_game"" scope=""row""><a href=""/boxscores/index.fcgi?month=11&amp;day=28&amp;year=1971"">Sun, Nov 28, 1971</a></th><td class=""left"" csk=""KEN.197111280NYA"" data-stat=""visitor_team_name""><a href=""/teams/KEN/1972.html"">Kentucky Colonels</a></td><td class=""right"" data-stat=""visitor_pts"">108</td><td class=""left"" csk=""NYA.197111280NYA"" data-stat=""home_team_name""><a href=""/teams/NYA/1972.html"">New York Nets</a></td><td class=""right"" data-stat=""home_pts"">106</td><td class=""center"" data-stat=""box_score_text""><a href=""/boxscores/197111280NYA.html"">Box Score</a></td><td class=""center"" data-stat=""overtimes"">OT</td><td class=""right"" data-stat=""attendance"">6,541</td><td class=""left iz"" data-stat=""game_remarks""></td></tr>"
143,"<tr><th class=""left"" csk=""197111300DNR"" data-stat=""date_game"" scope=""row""><a href=""/boxscores/index.fcgi?month=11&amp;day=30&amp;year=1971"">Tue, Nov 30, 1971</a></th><td class=""left"" csk=""DLC.197111300DNR"" data-stat=""visitor_team_name""><a href=""/teams/DLC/1972.html"">Dallas Chaparrals</a></td><td class=""right"" data-stat=""visitor_pts"">91</td><td class=""left"" csk=""DNR.197111300DNR"" data-stat=""home_team_name""><a href=""/teams/DNR/1972.html"">Denver Rockets</a></td><td class=""right"" data-stat=""home_pts"">106</td><td class=""center"" data-stat=""box_score_text""><a href=""/boxscores/197111300DNR.html"">Box Score</a></td><td class=""center iz"" data-stat=""overtimes""></td><td class=""right"" data-stat=""attendance"">3,793</td><td class=""left iz"" data-stat=""game_remarks""></td></tr>"
145,"<tr><th class=""left"" csk=""197111300MMP"" data-stat=""date_game"" scope=""row""><a href=""/boxscores/index.fcgi?month=11&amp;day=30&amp;year=1971"">Tue, Nov 30, 1971</a></th><td class=""left"" csk=""INA.197111300MMP"" data-stat=""visitor_team_name""><a href=""/teams/INA/1972.html"">Indiana Pacers</a></td><td class=""right"" data-stat=""visitor_pts"">114</td><td class=""left"" csk=""MMP.197111300MMP"" data-stat=""home_team_name""><a href=""/teams/MMP/1972.html"">Memphis Pros</a></td><td class=""right"" data-stat=""home_pts"">88</td><td class=""center"" data-stat=""box_score_text""><a href=""/boxscores/197111300MMP.html"">Box Score</a></td><td class=""center iz"" data-stat=""overtimes""></td><td class=""right"" data-stat=""attendance"">3,304</td><td class=""left iz"" data-stat=""game_remarks""></td></tr>"
147,"<tr><th class=""left"" csk=""197111300PTC"" data-stat=""date_game"" scope=""row""><a href=""/boxscores/index.fcgi?month=11&amp;day=30&amp;year=1971"">Tue, Nov 30, 1971</a></th><td class=""left"" csk=""VIR.197111300PTC"" data-stat=""visitor_team_name""><a href=""/teams/VIR/1972.html"">Virginia Squires</a></td><td class=""right"" data-stat=""visitor_pts"">134</td><td class=""left"" csk=""PTC.197111300PTC"" data-stat=""home_team_name""><a href=""/teams/PTC/1972.html"">Pittsburgh Condors</a></td><td class=""right"" data-stat=""home_pts"">129</td><td class=""center"" data-stat=""box_score_text""><a href=""/boxscores/197111300PTC.html"">Box Score</a></td><td class=""center iz"" data-stat=""overtimes""></td><td class=""right"" data-stat=""attendance"">1,057</td><td class=""left iz"" data-stat=""game_remarks""></td></tr>"
149,"<tr><th class=""left"" csk=""197111300UTS"" data-stat=""date_game"" scope=""row""><a href=""/boxscores/index.fcgi?month=11&amp;day=30&amp;year=1971"">Tue, Nov 30, 1971</a></th><td class=""left"" csk=""FLO.197111300UTS"" data-stat=""visitor_team_name""><a href=""/teams/FLO/1972.html"">The Floridians</a></td><td class=""right"" data-stat=""visitor_pts"">114</td><td class=""left"" csk=""UTS.197111300UTS"" data-stat=""home_team_name""><a href=""/teams/UTS/1972.html"">Utah Stars</a></td><td class=""right"" data-stat=""home_pts"">127</td><td class=""center"" data-stat=""box_score_text""><a href=""/boxscores/197111300UTS.html"">Box Score</a></td><td class=""center iz"" data-stat=""overtimes""></td><td class=""right"" data-stat=""attendance"">9,067</td><td class=""left iz"" data-stat=""game_remarks""></td></tr>"
