,0
1,"<tr><th class=""left"" csk=""197604080KEN"" data-stat=""date_game"" scope=""row""><a href=""/boxscores/index.fcgi?month=4&amp;day=8&amp;year=1976"">Thu, Apr 8, 1976</a></th><td class=""right iz"" data-stat=""game_start_time""></td><td class=""left"" csk=""INA.197604080KEN"" data-stat=""visitor_team_name""><a href=""/teams/INA/1976.html"">Indiana Pacers</a></td><td class=""right"" data-stat=""visitor_pts"">109</td><td class=""left"" csk=""KEN.197604080KEN"" data-stat=""home_team_name""><a href=""/teams/KEN/1976.html"">Kentucky Colonels</a></td><td class=""right"" data-stat=""home_pts"">120</td><td class=""center"" data-stat=""box_score_text""><a href=""/boxscores/197604080KEN.html"">Box Score</a></td><td class=""center iz"" data-stat=""overtimes""></td><td class=""right"" data-stat=""attendance"">3,288</td><td class=""left iz"" data-stat=""game_remarks""></td></tr>"
3,"<tr><th class=""left"" csk=""197604090NYA"" data-stat=""date_game"" scope=""row""><a href=""/boxscores/index.fcgi?month=4&amp;day=9&amp;year=1976"">Fri, Apr 9, 1976</a></th><td class=""right iz"" data-stat=""game_start_time""></td><td class=""left"" csk=""SAA.197604090NYA"" data-stat=""visitor_team_name""><a href=""/teams/SAA/1976.html"">San Antonio Spurs</a></td><td class=""right"" data-stat=""visitor_pts"">101</td><td class=""left"" csk=""NYA.197604090NYA"" data-stat=""home_team_name""><a href=""/teams/NYA/1976.html"">New York Nets</a></td><td class=""right"" data-stat=""home_pts"">116</td><td class=""center"" data-stat=""box_score_text""><a href=""/boxscores/197604090NYA.html"">Box Score</a></td><td class=""center iz"" data-stat=""overtimes""></td><td class=""right"" data-stat=""attendance"">8,221</td><td class=""left iz"" data-stat=""game_remarks""></td></tr>"
5,"<tr><th class=""left"" csk=""197604100INA"" data-stat=""date_game"" scope=""row""><a href=""/boxscores/index.fcgi?month=4&amp;day=10&amp;year=1976"">Sat, Apr 10, 1976</a></th><td class=""right iz"" data-stat=""game_start_time""></td><td class=""left"" csk=""KEN.197604100INA"" data-stat=""visitor_team_name""><a href=""/teams/KEN/1976.html"">Kentucky Colonels</a></td><td class=""right"" data-stat=""visitor_pts"">95</td><td class=""left"" csk=""INA.197604100INA"" data-stat=""home_team_name""><a href=""/teams/INA/1976.html"">Indiana Pacers</a></td><td class=""right"" data-stat=""home_pts"">109</td><td class=""center"" data-stat=""box_score_text""><a href=""/boxscores/197604100INA.html"">Box Score</a></td><td class=""center iz"" data-stat=""overtimes""></td><td class=""right"" data-stat=""attendance"">5,850</td><td class=""left iz"" data-stat=""game_remarks""></td></tr>"
7,"<tr><th class=""left"" csk=""197604110NYA"" data-stat=""date_game"" scope=""row""><a href=""/boxscores/index.fcgi?month=4&amp;day=11&amp;year=1976"">Sun, Apr 11, 1976</a></th><td class=""right iz"" data-stat=""game_start_time""></td><td class=""left"" csk=""SAA.197604110NYA"" data-stat=""visitor_team_name""><a href=""/teams/SAA/1976.html"">San Antonio Spurs</a></td><td class=""right"" data-stat=""visitor_pts"">105</td><td class=""left"" csk=""NYA.197604110NYA"" data-stat=""home_team_name""><a href=""/teams/NYA/1976.html"">New York Nets</a></td><td class=""right"" data-stat=""home_pts"">79</td><td class=""center"" data-stat=""box_score_text""><a href=""/boxscores/197604110NYA.html"">Box Score</a></td><td class=""center iz"" data-stat=""overtimes""></td><td class=""right"" data-stat=""attendance"">5,769</td><td class=""left iz"" data-stat=""game_remarks""></td></tr>"
9,"<tr><th class=""left"" csk=""197604120KEN"" data-stat=""date_game"" scope=""row""><a href=""/boxscores/index.fcgi?month=4&amp;day=12&amp;year=1976"">Mon, Apr 12, 1976</a></th><td class=""right iz"" data-stat=""game_start_time""></td><td class=""left"" csk=""INA.197604120KEN"" data-stat=""visitor_team_name""><a href=""/teams/INA/1976.html"">Indiana Pacers</a></td><td class=""right"" data-stat=""visitor_pts"">99</td><td class=""left"" csk=""KEN.197604120KEN"" data-stat=""home_team_name""><a href=""/teams/KEN/1976.html"">Kentucky Colonels</a></td><td class=""right"" data-stat=""home_pts"">100</td><td class=""center"" data-stat=""box_score_text""><a href=""/boxscores/197604120KEN.html"">Box Score</a></td><td class=""center iz"" data-stat=""overtimes""></td><td class=""right"" data-stat=""attendance"">5,267</td><td class=""left iz"" data-stat=""game_remarks""></td></tr>"
11,"<tr><th class=""left"" csk=""197604140SAA"" data-stat=""date_game"" scope=""row""><a href=""/boxscores/index.fcgi?month=4&amp;day=14&amp;year=1976"">Wed, Apr 14, 1976</a></th><td class=""right iz"" data-stat=""game_start_time""></td><td class=""left"" csk=""NYA.197604140SAA"" data-stat=""visitor_team_name""><a href=""/teams/NYA/1976.html"">New York Nets</a></td><td class=""right"" data-stat=""visitor_pts"">103</td><td class=""left"" csk=""SAA.197604140SAA"" data-stat=""home_team_name""><a href=""/teams/SAA/1976.html"">San Antonio Spurs</a></td><td class=""right"" data-stat=""home_pts"">111</td><td class=""center"" data-stat=""box_score_text""><a href=""/boxscores/197604140SAA.html"">Box Score</a></td><td class=""center iz"" data-stat=""overtimes""></td><td class=""right"" data-stat=""attendance"">10,009</td><td class=""left iz"" data-stat=""game_remarks""></td></tr>"
13,"<tr><th class=""left"" csk=""197604150DNA"" data-stat=""date_game"" scope=""row""><a href=""/boxscores/index.fcgi?month=4&amp;day=15&amp;year=1976"">Thu, Apr 15, 1976</a></th><td class=""right iz"" data-stat=""game_start_time""></td><td class=""left"" csk=""KEN.197604150DNA"" data-stat=""visitor_team_name""><a href=""/teams/KEN/1976.html"">Kentucky Colonels</a></td><td class=""right"" data-stat=""visitor_pts"">107</td><td class=""left"" csk=""DNA.197604150DNA"" data-stat=""home_team_name""><a href=""/teams/DNA/1976.html"">Denver Nuggets</a></td><td class=""right"" data-stat=""home_pts"">110</td><td class=""center"" data-stat=""box_score_text""><a href=""/boxscores/197604150DNA.html"">Box Score</a></td><td class=""center iz"" data-stat=""overtimes""></td><td class=""right"" data-stat=""attendance"">15,234</td><td class=""left iz"" data-stat=""game_remarks""></td></tr>"
15,"<tr><th class=""left"" csk=""197604170DNA"" data-stat=""date_game"" scope=""row""><a href=""/boxscores/index.fcgi?month=4&amp;day=17&amp;year=1976"">Sat, Apr 17, 1976</a></th><td class=""right iz"" data-stat=""game_start_time""></td><td class=""left"" csk=""KEN.197604170DNA"" data-stat=""visitor_team_name""><a href=""/teams/KEN/1976.html"">Kentucky Colonels</a></td><td class=""right"" data-stat=""visitor_pts"">138</td><td class=""left"" csk=""DNA.197604170DNA"" data-stat=""home_team_name""><a href=""/teams/DNA/1976.html"">Denver Nuggets</a></td><td class=""right"" data-stat=""home_pts"">110</td><td class=""center"" data-stat=""box_score_text""><a href=""/boxscores/197604170DNA.html"">Box Score</a></td><td class=""center iz"" data-stat=""overtimes""></td><td class=""right"" data-stat=""attendance"">16,384</td><td class=""left iz"" data-stat=""game_remarks""></td></tr>"
17,"<tr><th class=""left"" csk=""197604180SAA"" data-stat=""date_game"" scope=""row""><a href=""/boxscores/index.fcgi?month=4&amp;day=18&amp;year=1976"">Sun, Apr 18, 1976</a></th><td class=""right iz"" data-stat=""game_start_time""></td><td class=""left"" csk=""NYA.197604180SAA"" data-stat=""visitor_team_name""><a href=""/teams/NYA/1976.html"">New York Nets</a></td><td class=""right"" data-stat=""visitor_pts"">110</td><td class=""left"" csk=""SAA.197604180SAA"" data-stat=""home_team_name""><a href=""/teams/SAA/1976.html"">San Antonio Spurs</a></td><td class=""right"" data-stat=""home_pts"">108</td><td class=""center"" data-stat=""box_score_text""><a href=""/boxscores/197604180SAA.html"">Box Score</a></td><td class=""center iz"" data-stat=""overtimes""></td><td class=""right"" data-stat=""attendance"">9,277</td><td class=""left iz"" data-stat=""game_remarks""></td></tr>"
19,"<tr><th class=""left"" csk=""197604190KEN"" data-stat=""date_game"" scope=""row""><a href=""/boxscores/index.fcgi?month=4&amp;day=19&amp;year=1976"">Mon, Apr 19, 1976</a></th><td class=""right iz"" data-stat=""game_start_time""></td><td class=""left"" csk=""DNA.197604190KEN"" data-stat=""visitor_team_name""><a href=""/teams/DNA/1976.html"">Denver Nuggets</a></td><td class=""right"" data-stat=""visitor_pts"">114</td><td class=""left"" csk=""KEN.197604190KEN"" data-stat=""home_team_name""><a href=""/teams/KEN/1976.html"">Kentucky Colonels</a></td><td class=""right"" data-stat=""home_pts"">126</td><td class=""center"" data-stat=""box_score_text""><a href=""/boxscores/197604190KEN.html"">Box Score</a></td><td class=""center iz"" data-stat=""overtimes""></td><td class=""right"" data-stat=""attendance"">9,644</td><td class=""left iz"" data-stat=""game_remarks""></td></tr>"
21,"<tr><th class=""left"" csk=""197604190NYA"" data-stat=""date_game"" scope=""row""><a href=""/boxscores/index.fcgi?month=4&amp;day=19&amp;year=1976"">Mon, Apr 19, 1976</a></th><td class=""right iz"" data-stat=""game_start_time""></td><td class=""left"" csk=""SAA.197604190NYA"" data-stat=""visitor_team_name""><a href=""/teams/SAA/1976.html"">San Antonio Spurs</a></td><td class=""right"" data-stat=""visitor_pts"">108</td><td class=""left"" csk=""NYA.197604190NYA"" data-stat=""home_team_name""><a href=""/teams/NYA/1976.html"">New York Nets</a></td><td class=""right"" data-stat=""home_pts"">110</td><td class=""center"" data-stat=""box_score_text""><a href=""/boxscores/197604190NYA.html"">Box Score</a></td><td class=""center iz"" data-stat=""overtimes""></td><td class=""right"" data-stat=""attendance"">11,321</td><td class=""left iz"" data-stat=""game_remarks""></td></tr>"
23,"<tr><th class=""left"" csk=""197604210SAA"" data-stat=""date_game"" scope=""row""><a href=""/boxscores/index.fcgi?month=4&amp;day=21&amp;year=1976"">Wed, Apr 21, 1976</a></th><td class=""right iz"" data-stat=""game_start_time""></td><td class=""left"" csk=""NYA.197604210SAA"" data-stat=""visitor_team_name""><a href=""/teams/NYA/1976.html"">New York Nets</a></td><td class=""right"" data-stat=""visitor_pts"">105</td><td class=""left"" csk=""SAA.197604210SAA"" data-stat=""home_team_name""><a href=""/teams/SAA/1976.html"">San Antonio Spurs</a></td><td class=""right"" data-stat=""home_pts"">106</td><td class=""center"" data-stat=""box_score_text""><a href=""/boxscores/197604210SAA.html"">Box Score</a></td><td class=""center iz"" data-stat=""overtimes""></td><td class=""right"" data-stat=""attendance"">10,484</td><td class=""left iz"" data-stat=""game_remarks""></td></tr>"
25,"<tr><th class=""left"" csk=""197604210KEN"" data-stat=""date_game"" scope=""row""><a href=""/boxscores/index.fcgi?month=4&amp;day=21&amp;year=1976"">Wed, Apr 21, 1976</a></th><td class=""right iz"" data-stat=""game_start_time""></td><td class=""left"" csk=""DNA.197604210KEN"" data-stat=""visitor_team_name""><a href=""/teams/DNA/1976.html"">Denver Nuggets</a></td><td class=""right"" data-stat=""visitor_pts"">108</td><td class=""left"" csk=""KEN.197604210KEN"" data-stat=""home_team_name""><a href=""/teams/KEN/1976.html"">Kentucky Colonels</a></td><td class=""right"" data-stat=""home_pts"">106</td><td class=""center"" data-stat=""box_score_text""><a href=""/boxscores/197604210KEN.html"">Box Score</a></td><td class=""center iz"" data-stat=""overtimes""></td><td class=""right"" data-stat=""attendance"">11,444</td><td class=""left iz"" data-stat=""game_remarks""></td></tr>"
27,"<tr><th class=""left"" csk=""197604220DNA"" data-stat=""date_game"" scope=""row""><a href=""/boxscores/index.fcgi?month=4&amp;day=22&amp;year=1976"">Thu, Apr 22, 1976</a></th><td class=""right iz"" data-stat=""game_start_time""></td><td class=""left"" csk=""KEN.197604220DNA"" data-stat=""visitor_team_name""><a href=""/teams/KEN/1976.html"">Kentucky Colonels</a></td><td class=""right"" data-stat=""visitor_pts"">117</td><td class=""left"" csk=""DNA.197604220DNA"" data-stat=""home_team_name""><a href=""/teams/DNA/1976.html"">Denver Nuggets</a></td><td class=""right"" data-stat=""home_pts"">127</td><td class=""center"" data-stat=""box_score_text""><a href=""/boxscores/197604220DNA.html"">Box Score</a></td><td class=""center iz"" data-stat=""overtimes""></td><td class=""right"" data-stat=""attendance"">17,068</td><td class=""left iz"" data-stat=""game_remarks""></td></tr>"
29,"<tr><th class=""left"" csk=""197604240NYA"" data-stat=""date_game"" scope=""row""><a href=""/boxscores/index.fcgi?month=4&amp;day=24&amp;year=1976"">Sat, Apr 24, 1976</a></th><td class=""right iz"" data-stat=""game_start_time""></td><td class=""left"" csk=""SAA.197604240NYA"" data-stat=""visitor_team_name""><a href=""/teams/SAA/1976.html"">San Antonio Spurs</a></td><td class=""right"" data-stat=""visitor_pts"">114</td><td class=""left"" csk=""NYA.197604240NYA"" data-stat=""home_team_name""><a href=""/teams/NYA/1976.html"">New York Nets</a></td><td class=""right"" data-stat=""home_pts"">121</td><td class=""center"" data-stat=""box_score_text""><a href=""/boxscores/197604240NYA.html"">Box Score</a></td><td class=""center iz"" data-stat=""overtimes""></td><td class=""right"" data-stat=""attendance"">15,934</td><td class=""left iz"" data-stat=""game_remarks""></td></tr>"
31,"<tr><th class=""left"" csk=""197604250KEN"" data-stat=""date_game"" scope=""row""><a href=""/boxscores/index.fcgi?month=4&amp;day=25&amp;year=1976"">Sun, Apr 25, 1976</a></th><td class=""right iz"" data-stat=""game_start_time""></td><td class=""left"" csk=""DNA.197604250KEN"" data-stat=""visitor_team_name""><a href=""/teams/DNA/1976.html"">Denver Nuggets</a></td><td class=""right"" data-stat=""visitor_pts"">115</td><td class=""left"" csk=""KEN.197604250KEN"" data-stat=""home_team_name""><a href=""/teams/KEN/1976.html"">Kentucky Colonels</a></td><td class=""right"" data-stat=""home_pts"">119</td><td class=""center"" data-stat=""box_score_text""><a href=""/boxscores/197604250KEN.html"">Box Score</a></td><td class=""center"" data-stat=""overtimes"">2OT</td><td class=""right"" data-stat=""attendance"">6,312</td><td class=""left iz"" data-stat=""game_remarks""></td></tr>"
33,"<tr><th class=""left"" csk=""197604280DNA"" data-stat=""date_game"" scope=""row""><a href=""/boxscores/index.fcgi?month=4&amp;day=28&amp;year=1976"">Wed, Apr 28, 1976</a></th><td class=""right iz"" data-stat=""game_start_time""></td><td class=""left"" csk=""KEN.197604280DNA"" data-stat=""visitor_team_name""><a href=""/teams/KEN/1976.html"">Kentucky Colonels</a></td><td class=""right"" data-stat=""visitor_pts"">110</td><td class=""left"" csk=""DNA.197604280DNA"" data-stat=""home_team_name""><a href=""/teams/DNA/1976.html"">Denver Nuggets</a></td><td class=""right"" data-stat=""home_pts"">133</td><td class=""center"" data-stat=""box_score_text""><a href=""/boxscores/197604280DNA.html"">Box Score</a></td><td class=""center iz"" data-stat=""overtimes""></td><td class=""right"" data-stat=""attendance"">18,821</td><td class=""left iz"" data-stat=""game_remarks""></td></tr>"
35,"<tr><th class=""left"" csk=""197605010DNA"" data-stat=""date_game"" scope=""row""><a href=""/boxscores/index.fcgi?month=5&amp;day=1&amp;year=1976"">Sat, May 1, 1976</a></th><td class=""right iz"" data-stat=""game_start_time""></td><td class=""left"" csk=""NYA.197605010DNA"" data-stat=""visitor_team_name""><a href=""/teams/NYA/1976.html"">New York Nets</a></td><td class=""right"" data-stat=""visitor_pts"">120</td><td class=""left"" csk=""DNA.197605010DNA"" data-stat=""home_team_name""><a href=""/teams/DNA/1976.html"">Denver Nuggets</a></td><td class=""right"" data-stat=""home_pts"">118</td><td class=""center"" data-stat=""box_score_text""><a href=""/boxscores/197605010DNA.html"">Box Score</a></td><td class=""center iz"" data-stat=""overtimes""></td><td class=""right"" data-stat=""attendance"">19,034</td><td class=""left iz"" data-stat=""game_remarks""></td></tr>"
37,"<tr><th class=""left"" csk=""197605040DNA"" data-stat=""date_game"" scope=""row""><a href=""/boxscores/index.fcgi?month=5&amp;day=4&amp;year=1976"">Tue, May 4, 1976</a></th><td class=""right iz"" data-stat=""game_start_time""></td><td class=""left"" csk=""NYA.197605040DNA"" data-stat=""visitor_team_name""><a href=""/teams/NYA/1976.html"">New York Nets</a></td><td class=""right"" data-stat=""visitor_pts"">121</td><td class=""left"" csk=""DNA.197605040DNA"" data-stat=""home_team_name""><a href=""/teams/DNA/1976.html"">Denver Nuggets</a></td><td class=""right"" data-stat=""home_pts"">127</td><td class=""center"" data-stat=""box_score_text""><a href=""/boxscores/197605040DNA.html"">Box Score</a></td><td class=""center iz"" data-stat=""overtimes""></td><td class=""right"" data-stat=""attendance"">19,107</td><td class=""left iz"" data-stat=""game_remarks""></td></tr>"
39,"<tr><th class=""left"" csk=""197605060NYA"" data-stat=""date_game"" scope=""row""><a href=""/boxscores/index.fcgi?month=5&amp;day=6&amp;year=1976"">Thu, May 6, 1976</a></th><td class=""right iz"" data-stat=""game_start_time""></td><td class=""left"" csk=""DNA.197605060NYA"" data-stat=""visitor_team_name""><a href=""/teams/DNA/1976.html"">Denver Nuggets</a></td><td class=""right"" data-stat=""visitor_pts"">111</td><td class=""left"" csk=""NYA.197605060NYA"" data-stat=""home_team_name""><a href=""/teams/NYA/1976.html"">New York Nets</a></td><td class=""right"" data-stat=""home_pts"">117</td><td class=""center"" data-stat=""box_score_text""><a href=""/boxscores/197605060NYA.html"">Box Score</a></td><td class=""center iz"" data-stat=""overtimes""></td><td class=""right"" data-stat=""attendance"">12,243</td><td class=""left iz"" data-stat=""game_remarks""></td></tr>"
41,"<tr><th class=""left"" csk=""197605080NYA"" data-stat=""date_game"" scope=""row""><a href=""/boxscores/index.fcgi?month=5&amp;day=8&amp;year=1976"">Sat, May 8, 1976</a></th><td class=""right iz"" data-stat=""game_start_time""></td><td class=""left"" csk=""DNA.197605080NYA"" data-stat=""visitor_team_name""><a href=""/teams/DNA/1976.html"">Denver Nuggets</a></td><td class=""right"" data-stat=""visitor_pts"">112</td><td class=""left"" csk=""NYA.197605080NYA"" data-stat=""home_team_name""><a href=""/teams/NYA/1976.html"">New York Nets</a></td><td class=""right"" data-stat=""home_pts"">121</td><td class=""center"" data-stat=""box_score_text""><a href=""/boxscores/197605080NYA.html"">Box Score</a></td><td class=""center iz"" data-stat=""overtimes""></td><td class=""right"" data-stat=""attendance"">8,197</td><td class=""left iz"" data-stat=""game_remarks""></td></tr>"
43,"<tr><th class=""left"" csk=""197605110DNA"" data-stat=""date_game"" scope=""row""><a href=""/boxscores/index.fcgi?month=5&amp;day=11&amp;year=1976"">Tue, May 11, 1976</a></th><td class=""right iz"" data-stat=""game_start_time""></td><td class=""left"" csk=""NYA.197605110DNA"" data-stat=""visitor_team_name""><a href=""/teams/NYA/1976.html"">New York Nets</a></td><td class=""right"" data-stat=""visitor_pts"">110</td><td class=""left"" csk=""DNA.197605110DNA"" data-stat=""home_team_name""><a href=""/teams/DNA/1976.html"">Denver Nuggets</a></td><td class=""right"" data-stat=""home_pts"">118</td><td class=""center"" data-stat=""box_score_text""><a href=""/boxscores/197605110DNA.html"">Box Score</a></td><td class=""center iz"" data-stat=""overtimes""></td><td class=""right"" data-stat=""attendance"">18,881</td><td class=""left iz"" data-stat=""game_remarks""></td></tr>"
45,"<tr><th class=""left"" csk=""197605130NYA"" data-stat=""date_game"" scope=""row""><a href=""/boxscores/index.fcgi?month=5&amp;day=13&amp;year=1976"">Thu, May 13, 1976</a></th><td class=""right iz"" data-stat=""game_start_time""></td><td class=""left"" csk=""DNA.197605130NYA"" data-stat=""visitor_team_name""><a href=""/teams/DNA/1976.html"">Denver Nuggets</a></td><td class=""right"" data-stat=""visitor_pts"">106</td><td class=""left"" csk=""NYA.197605130NYA"" data-stat=""home_team_name""><a href=""/teams/NYA/1976.html"">New York Nets</a></td><td class=""right"" data-stat=""home_pts"">112</td><td class=""center"" data-stat=""box_score_text""><a href=""/boxscores/197605130NYA.html"">Box Score</a></td><td class=""center iz"" data-stat=""overtimes""></td><td class=""right"" data-stat=""attendance"">15,434</td><td class=""left iz"" data-stat=""game_remarks""></td></tr>"
