,0
1,"<tr><th class=""left"" csk=""197502010DNA"" data-stat=""date_game"" scope=""row""><a href=""/boxscores/index.fcgi?month=2&amp;day=1&amp;year=1975"">Sat, Feb 1, 1975</a></th><td class=""left"" csk=""SDA.197502010DNA"" data-stat=""visitor_team_name""><a href=""/teams/SDA/1975.html"">San Diego Conquistadors</a></td><td class=""right"" data-stat=""visitor_pts"">111</td><td class=""left"" csk=""DNA.197502010DNA"" data-stat=""home_team_name""><a href=""/teams/DNA/1975.html"">Denver Nuggets</a></td><td class=""right"" data-stat=""home_pts"">128</td><td class=""center"" data-stat=""box_score_text""><a href=""/boxscores/197502010DNA.html"">Box Score</a></td><td class=""center iz"" data-stat=""overtimes""></td><td class=""right"" data-stat=""attendance"">6,998</td><td class=""left iz"" data-stat=""game_remarks""></td></tr>"
3,"<tr><th class=""left"" csk=""197502020SSL"" data-stat=""date_game"" scope=""row""><a href=""/boxscores/index.fcgi?month=2&amp;day=2&amp;year=1975"">Sun, Feb 2, 1975</a></th><td class=""left"" csk=""VIR.197502020SSL"" data-stat=""visitor_team_name""><a href=""/teams/VIR/1975.html"">Virginia Squires</a></td><td class=""right"" data-stat=""visitor_pts"">109</td><td class=""left"" csk=""SSL.197502020SSL"" data-stat=""home_team_name""><a href=""/teams/SSL/1975.html"">Spirits of St. Louis</a></td><td class=""right"" data-stat=""home_pts"">101</td><td class=""center"" data-stat=""box_score_text""><a href=""/boxscores/197502020SSL.html"">Box Score</a></td><td class=""center iz"" data-stat=""overtimes""></td><td class=""right"" data-stat=""attendance"">9,677</td><td class=""left iz"" data-stat=""game_remarks""></td></tr>"
5,"<tr><th class=""left"" csk=""197502020NYA"" data-stat=""date_game"" scope=""row""><a href=""/boxscores/index.fcgi?month=2&amp;day=2&amp;year=1975"">Sun, Feb 2, 1975</a></th><td class=""left"" csk=""SDA.197502020NYA"" data-stat=""visitor_team_name""><a href=""/teams/SDA/1975.html"">San Diego Conquistadors</a></td><td class=""right"" data-stat=""visitor_pts"">90</td><td class=""left"" csk=""NYA.197502020NYA"" data-stat=""home_team_name""><a href=""/teams/NYA/1975.html"">New York Nets</a></td><td class=""right"" data-stat=""home_pts"">126</td><td class=""center"" data-stat=""box_score_text""><a href=""/boxscores/197502020NYA.html"">Box Score</a></td><td class=""center iz"" data-stat=""overtimes""></td><td class=""right"" data-stat=""attendance"">8,822</td><td class=""left iz"" data-stat=""game_remarks""></td></tr>"
7,"<tr><th class=""left"" csk=""197502020MMS"" data-stat=""date_game"" scope=""row""><a href=""/boxscores/index.fcgi?month=2&amp;day=2&amp;year=1975"">Sun, Feb 2, 1975</a></th><td class=""left"" csk=""DNA.197502020MMS"" data-stat=""visitor_team_name""><a href=""/teams/DNA/1975.html"">Denver Nuggets</a></td><td class=""right"" data-stat=""visitor_pts"">103</td><td class=""left"" csk=""MMS.197502020MMS"" data-stat=""home_team_name""><a href=""/teams/MMS/1975.html"">Memphis Sounds</a></td><td class=""right"" data-stat=""home_pts"">120</td><td class=""center"" data-stat=""box_score_text""><a href=""/boxscores/197502020MMS.html"">Box Score</a></td><td class=""center iz"" data-stat=""overtimes""></td><td class=""right"" data-stat=""attendance"">2,803</td><td class=""left iz"" data-stat=""game_remarks""></td></tr>"
9,"<tr><th class=""left"" csk=""197502020KEN"" data-stat=""date_game"" scope=""row""><a href=""/boxscores/index.fcgi?month=2&amp;day=2&amp;year=1975"">Sun, Feb 2, 1975</a></th><td class=""left"" csk=""UTS.197502020KEN"" data-stat=""visitor_team_name""><a href=""/teams/UTS/1975.html"">Utah Stars</a></td><td class=""right"" data-stat=""visitor_pts"">86</td><td class=""left"" csk=""KEN.197502020KEN"" data-stat=""home_team_name""><a href=""/teams/KEN/1975.html"">Kentucky Colonels</a></td><td class=""right"" data-stat=""home_pts"">96</td><td class=""center"" data-stat=""box_score_text""><a href=""/boxscores/197502020KEN.html"">Box Score</a></td><td class=""center iz"" data-stat=""overtimes""></td><td class=""right"" data-stat=""attendance"">8,374</td><td class=""left iz"" data-stat=""game_remarks""></td></tr>"
11,"<tr><th class=""left"" csk=""197502020INA"" data-stat=""date_game"" scope=""row""><a href=""/boxscores/index.fcgi?month=2&amp;day=2&amp;year=1975"">Sun, Feb 2, 1975</a></th><td class=""left"" csk=""SAA.197502020INA"" data-stat=""visitor_team_name""><a href=""/teams/SAA/1975.html"">San Antonio Spurs</a></td><td class=""right"" data-stat=""visitor_pts"">119</td><td class=""left"" csk=""INA.197502020INA"" data-stat=""home_team_name""><a href=""/teams/INA/1975.html"">Indiana Pacers</a></td><td class=""right"" data-stat=""home_pts"">100</td><td class=""center"" data-stat=""box_score_text""><a href=""/boxscores/197502020INA.html"">Box Score</a></td><td class=""center iz"" data-stat=""overtimes""></td><td class=""right"" data-stat=""attendance"">8,007</td><td class=""left iz"" data-stat=""game_remarks""></td></tr>"
13,"<tr><th class=""left"" csk=""197502030UTS"" data-stat=""date_game"" scope=""row""><a href=""/boxscores/index.fcgi?month=2&amp;day=3&amp;year=1975"">Mon, Feb 3, 1975</a></th><td class=""left"" csk=""NYA.197502030UTS"" data-stat=""visitor_team_name""><a href=""/teams/NYA/1975.html"">New York Nets</a></td><td class=""right"" data-stat=""visitor_pts"">106</td><td class=""left"" csk=""UTS.197502030UTS"" data-stat=""home_team_name""><a href=""/teams/UTS/1975.html"">Utah Stars</a></td><td class=""right"" data-stat=""home_pts"">111</td><td class=""center"" data-stat=""box_score_text""><a href=""/boxscores/197502030UTS.html"">Box Score</a></td><td class=""center iz"" data-stat=""overtimes""></td><td class=""right"" data-stat=""attendance"">8,879</td><td class=""left iz"" data-stat=""game_remarks""></td></tr>"
15,"<tr><th class=""left"" csk=""197502030VIR"" data-stat=""date_game"" scope=""row""><a href=""/boxscores/index.fcgi?month=2&amp;day=3&amp;year=1975"">Mon, Feb 3, 1975</a></th><td class=""left"" csk=""SDA.197502030VIR"" data-stat=""visitor_team_name""><a href=""/teams/SDA/1975.html"">San Diego Conquistadors</a></td><td class=""right"" data-stat=""visitor_pts"">92</td><td class=""left"" csk=""VIR.197502030VIR"" data-stat=""home_team_name""><a href=""/teams/VIR/1975.html"">Virginia Squires</a></td><td class=""right"" data-stat=""home_pts"">107</td><td class=""center"" data-stat=""box_score_text""><a href=""/boxscores/197502030VIR.html"">Box Score</a></td><td class=""center iz"" data-stat=""overtimes""></td><td class=""right"" data-stat=""attendance"">3,011</td><td class=""left"" data-stat=""game_remarks"">at Hampton, VA</td></tr>"
17,"<tr><th class=""left"" csk=""197502050SDA"" data-stat=""date_game"" scope=""row""><a href=""/boxscores/index.fcgi?month=2&amp;day=5&amp;year=1975"">Wed, Feb 5, 1975</a></th><td class=""left"" csk=""NYA.197502050SDA"" data-stat=""visitor_team_name""><a href=""/teams/NYA/1975.html"">New York Nets</a></td><td class=""right"" data-stat=""visitor_pts"">108</td><td class=""left"" csk=""SDA.197502050SDA"" data-stat=""home_team_name""><a href=""/teams/SDA/1975.html"">San Diego Conquistadors</a></td><td class=""right"" data-stat=""home_pts"">104</td><td class=""center"" data-stat=""box_score_text""><a href=""/boxscores/197502050SDA.html"">Box Score</a></td><td class=""center iz"" data-stat=""overtimes""></td><td class=""right"" data-stat=""attendance"">4,418</td><td class=""left iz"" data-stat=""game_remarks""></td></tr>"
19,"<tr><th class=""left"" csk=""197502050SAA"" data-stat=""date_game"" scope=""row""><a href=""/boxscores/index.fcgi?month=2&amp;day=5&amp;year=1975"">Wed, Feb 5, 1975</a></th><td class=""left"" csk=""MMS.197502050SAA"" data-stat=""visitor_team_name""><a href=""/teams/MMS/1975.html"">Memphis Sounds</a></td><td class=""right"" data-stat=""visitor_pts"">119</td><td class=""left"" csk=""SAA.197502050SAA"" data-stat=""home_team_name""><a href=""/teams/SAA/1975.html"">San Antonio Spurs</a></td><td class=""right"" data-stat=""home_pts"">143</td><td class=""center"" data-stat=""box_score_text""><a href=""/boxscores/197502050SAA.html"">Box Score</a></td><td class=""center iz"" data-stat=""overtimes""></td><td class=""right"" data-stat=""attendance"">5,781</td><td class=""left iz"" data-stat=""game_remarks""></td></tr>"
21,"<tr><th class=""left"" csk=""197502050KEN"" data-stat=""date_game"" scope=""row""><a href=""/boxscores/index.fcgi?month=2&amp;day=5&amp;year=1975"">Wed, Feb 5, 1975</a></th><td class=""left"" csk=""SSL.197502050KEN"" data-stat=""visitor_team_name""><a href=""/teams/SSL/1975.html"">Spirits of St. Louis</a></td><td class=""right"" data-stat=""visitor_pts"">97</td><td class=""left"" csk=""KEN.197502050KEN"" data-stat=""home_team_name""><a href=""/teams/KEN/1975.html"">Kentucky Colonels</a></td><td class=""right"" data-stat=""home_pts"">118</td><td class=""center"" data-stat=""box_score_text""><a href=""/boxscores/197502050KEN.html"">Box Score</a></td><td class=""center iz"" data-stat=""overtimes""></td><td class=""right"" data-stat=""attendance"">8,122</td><td class=""left iz"" data-stat=""game_remarks""></td></tr>"
23,"<tr><th class=""left"" csk=""197502050INA"" data-stat=""date_game"" scope=""row""><a href=""/boxscores/index.fcgi?month=2&amp;day=5&amp;year=1975"">Wed, Feb 5, 1975</a></th><td class=""left"" csk=""DNA.197502050INA"" data-stat=""visitor_team_name""><a href=""/teams/DNA/1975.html"">Denver Nuggets</a></td><td class=""right"" data-stat=""visitor_pts"">123</td><td class=""left"" csk=""INA.197502050INA"" data-stat=""home_team_name""><a href=""/teams/INA/1975.html"">Indiana Pacers</a></td><td class=""right"" data-stat=""home_pts"">113</td><td class=""center"" data-stat=""box_score_text""><a href=""/boxscores/197502050INA.html"">Box Score</a></td><td class=""center iz"" data-stat=""overtimes""></td><td class=""right"" data-stat=""attendance"">6,019</td><td class=""left iz"" data-stat=""game_remarks""></td></tr>"
25,"<tr><th class=""left"" csk=""197502060SSL"" data-stat=""date_game"" scope=""row""><a href=""/boxscores/index.fcgi?month=2&amp;day=6&amp;year=1975"">Thu, Feb 6, 1975</a></th><td class=""left"" csk=""NYA.197502060SSL"" data-stat=""visitor_team_name""><a href=""/teams/NYA/1975.html"">New York Nets</a></td><td class=""right"" data-stat=""visitor_pts"">113</td><td class=""left"" csk=""SSL.197502060SSL"" data-stat=""home_team_name""><a href=""/teams/SSL/1975.html"">Spirits of St. Louis</a></td><td class=""right"" data-stat=""home_pts"">92</td><td class=""center"" data-stat=""box_score_text""><a href=""/boxscores/197502060SSL.html"">Box Score</a></td><td class=""center iz"" data-stat=""overtimes""></td><td class=""right"" data-stat=""attendance"">6,138</td><td class=""left iz"" data-stat=""game_remarks""></td></tr>"
27,"<tr><th class=""left"" csk=""197502070INA"" data-stat=""date_game"" scope=""row""><a href=""/boxscores/index.fcgi?month=2&amp;day=7&amp;year=1975"">Fri, Feb 7, 1975</a></th><td class=""left"" csk=""VIR.197502070INA"" data-stat=""visitor_team_name""><a href=""/teams/VIR/1975.html"">Virginia Squires</a></td><td class=""right"" data-stat=""visitor_pts"">106</td><td class=""left"" csk=""INA.197502070INA"" data-stat=""home_team_name""><a href=""/teams/INA/1975.html"">Indiana Pacers</a></td><td class=""right"" data-stat=""home_pts"">111</td><td class=""center"" data-stat=""box_score_text""><a href=""/boxscores/197502070INA.html"">Box Score</a></td><td class=""center iz"" data-stat=""overtimes""></td><td class=""right"" data-stat=""attendance"">6,008</td><td class=""left iz"" data-stat=""game_remarks""></td></tr>"
29,"<tr><th class=""left"" csk=""197502070NYA"" data-stat=""date_game"" scope=""row""><a href=""/boxscores/index.fcgi?month=2&amp;day=7&amp;year=1975"">Fri, Feb 7, 1975</a></th><td class=""left"" csk=""MMS.197502070NYA"" data-stat=""visitor_team_name""><a href=""/teams/MMS/1975.html"">Memphis Sounds</a></td><td class=""right"" data-stat=""visitor_pts"">110</td><td class=""left"" csk=""NYA.197502070NYA"" data-stat=""home_team_name""><a href=""/teams/NYA/1975.html"">New York Nets</a></td><td class=""right"" data-stat=""home_pts"">114</td><td class=""center"" data-stat=""box_score_text""><a href=""/boxscores/197502070NYA.html"">Box Score</a></td><td class=""center iz"" data-stat=""overtimes""></td><td class=""right"" data-stat=""attendance"">8,049</td><td class=""left iz"" data-stat=""game_remarks""></td></tr>"
31,"<tr><th class=""left"" csk=""197502070SAA"" data-stat=""date_game"" scope=""row""><a href=""/boxscores/index.fcgi?month=2&amp;day=7&amp;year=1975"">Fri, Feb 7, 1975</a></th><td class=""left"" csk=""DNA.197502070SAA"" data-stat=""visitor_team_name""><a href=""/teams/DNA/1975.html"">Denver Nuggets</a></td><td class=""right"" data-stat=""visitor_pts"">96</td><td class=""left"" csk=""SAA.197502070SAA"" data-stat=""home_team_name""><a href=""/teams/SAA/1975.html"">San Antonio Spurs</a></td><td class=""right"" data-stat=""home_pts"">101</td><td class=""center"" data-stat=""box_score_text""><a href=""/boxscores/197502070SAA.html"">Box Score</a></td><td class=""center iz"" data-stat=""overtimes""></td><td class=""right"" data-stat=""attendance"">10,055</td><td class=""left iz"" data-stat=""game_remarks""></td></tr>"
33,"<tr><th class=""left"" csk=""197502070SDA"" data-stat=""date_game"" scope=""row""><a href=""/boxscores/index.fcgi?month=2&amp;day=7&amp;year=1975"">Fri, Feb 7, 1975</a></th><td class=""left"" csk=""KEN.197502070SDA"" data-stat=""visitor_team_name""><a href=""/teams/KEN/1975.html"">Kentucky Colonels</a></td><td class=""right"" data-stat=""visitor_pts"">115</td><td class=""left"" csk=""SDA.197502070SDA"" data-stat=""home_team_name""><a href=""/teams/SDA/1975.html"">San Diego Conquistadors</a></td><td class=""right"" data-stat=""home_pts"">114</td><td class=""center"" data-stat=""box_score_text""><a href=""/boxscores/197502070SDA.html"">Box Score</a></td><td class=""center iz"" data-stat=""overtimes""></td><td class=""right"" data-stat=""attendance"">2,836</td><td class=""left iz"" data-stat=""game_remarks""></td></tr>"
35,"<tr><th class=""left"" csk=""197502080VIR"" data-stat=""date_game"" scope=""row""><a href=""/boxscores/index.fcgi?month=2&amp;day=8&amp;year=1975"">Sat, Feb 8, 1975</a></th><td class=""left"" csk=""MMS.197502080VIR"" data-stat=""visitor_team_name""><a href=""/teams/MMS/1975.html"">Memphis Sounds</a></td><td class=""right"" data-stat=""visitor_pts"">100</td><td class=""left"" csk=""VIR.197502080VIR"" data-stat=""home_team_name""><a href=""/teams/VIR/1975.html"">Virginia Squires</a></td><td class=""right"" data-stat=""home_pts"">96</td><td class=""center"" data-stat=""box_score_text""><a href=""/boxscores/197502080VIR.html"">Box Score</a></td><td class=""center iz"" data-stat=""overtimes""></td><td class=""right"" data-stat=""attendance"">6,906</td><td class=""left"" data-stat=""game_remarks"">at Hampton, VA</td></tr>"
37,"<tr><th class=""left"" csk=""197502080UTS"" data-stat=""date_game"" scope=""row""><a href=""/boxscores/index.fcgi?month=2&amp;day=8&amp;year=1975"">Sat, Feb 8, 1975</a></th><td class=""left"" csk=""KEN.197502080UTS"" data-stat=""visitor_team_name""><a href=""/teams/KEN/1975.html"">Kentucky Colonels</a></td><td class=""right"" data-stat=""visitor_pts"">90</td><td class=""left"" csk=""UTS.197502080UTS"" data-stat=""home_team_name""><a href=""/teams/UTS/1975.html"">Utah Stars</a></td><td class=""right"" data-stat=""home_pts"">87</td><td class=""center"" data-stat=""box_score_text""><a href=""/boxscores/197502080UTS.html"">Box Score</a></td><td class=""center iz"" data-stat=""overtimes""></td><td class=""right"" data-stat=""attendance"">12,441</td><td class=""left iz"" data-stat=""game_remarks""></td></tr>"
39,"<tr><th class=""left"" csk=""197502080INA"" data-stat=""date_game"" scope=""row""><a href=""/boxscores/index.fcgi?month=2&amp;day=8&amp;year=1975"">Sat, Feb 8, 1975</a></th><td class=""left"" csk=""SSL.197502080INA"" data-stat=""visitor_team_name""><a href=""/teams/SSL/1975.html"">Spirits of St. Louis</a></td><td class=""right"" data-stat=""visitor_pts"">92</td><td class=""left"" csk=""INA.197502080INA"" data-stat=""home_team_name""><a href=""/teams/INA/1975.html"">Indiana Pacers</a></td><td class=""right"" data-stat=""home_pts"">103</td><td class=""center"" data-stat=""box_score_text""><a href=""/boxscores/197502080INA.html"">Box Score</a></td><td class=""center iz"" data-stat=""overtimes""></td><td class=""right"" data-stat=""attendance"">8,142</td><td class=""left iz"" data-stat=""game_remarks""></td></tr>"
41,"<tr><th class=""left"" csk=""197502080DNA"" data-stat=""date_game"" scope=""row""><a href=""/boxscores/index.fcgi?month=2&amp;day=8&amp;year=1975"">Sat, Feb 8, 1975</a></th><td class=""left"" csk=""SAA.197502080DNA"" data-stat=""visitor_team_name""><a href=""/teams/SAA/1975.html"">San Antonio Spurs</a></td><td class=""right"" data-stat=""visitor_pts"">120</td><td class=""left"" csk=""DNA.197502080DNA"" data-stat=""home_team_name""><a href=""/teams/DNA/1975.html"">Denver Nuggets</a></td><td class=""right"" data-stat=""home_pts"">115</td><td class=""center"" data-stat=""box_score_text""><a href=""/boxscores/197502080DNA.html"">Box Score</a></td><td class=""center iz"" data-stat=""overtimes""></td><td class=""right"" data-stat=""attendance"">7,391</td><td class=""left iz"" data-stat=""game_remarks""></td></tr>"
43,"<tr><th class=""left"" csk=""197502090KEN"" data-stat=""date_game"" scope=""row""><a href=""/boxscores/index.fcgi?month=2&amp;day=9&amp;year=1975"">Sun, Feb 9, 1975</a></th><td class=""left"" csk=""UTS.197502090KEN"" data-stat=""visitor_team_name""><a href=""/teams/UTS/1975.html"">Utah Stars</a></td><td class=""right"" data-stat=""visitor_pts"">95</td><td class=""left"" csk=""KEN.197502090KEN"" data-stat=""home_team_name""><a href=""/teams/KEN/1975.html"">Kentucky Colonels</a></td><td class=""right"" data-stat=""home_pts"">112</td><td class=""center"" data-stat=""box_score_text""><a href=""/boxscores/197502090KEN.html"">Box Score</a></td><td class=""center iz"" data-stat=""overtimes""></td><td class=""right"" data-stat=""attendance"">7,988</td><td class=""left iz"" data-stat=""game_remarks""></td></tr>"
45,"<tr><th class=""left"" csk=""197502090NYA"" data-stat=""date_game"" scope=""row""><a href=""/boxscores/index.fcgi?month=2&amp;day=9&amp;year=1975"">Sun, Feb 9, 1975</a></th><td class=""left"" csk=""VIR.197502090NYA"" data-stat=""visitor_team_name""><a href=""/teams/VIR/1975.html"">Virginia Squires</a></td><td class=""right"" data-stat=""visitor_pts"">90</td><td class=""left"" csk=""NYA.197502090NYA"" data-stat=""home_team_name""><a href=""/teams/NYA/1975.html"">New York Nets</a></td><td class=""right"" data-stat=""home_pts"">117</td><td class=""center"" data-stat=""box_score_text""><a href=""/boxscores/197502090NYA.html"">Box Score</a></td><td class=""center iz"" data-stat=""overtimes""></td><td class=""right"" data-stat=""attendance"">11,070</td><td class=""left iz"" data-stat=""game_remarks""></td></tr>"
47,"<tr><th class=""left"" csk=""197502090SDA"" data-stat=""date_game"" scope=""row""><a href=""/boxscores/index.fcgi?month=2&amp;day=9&amp;year=1975"">Sun, Feb 9, 1975</a></th><td class=""left"" csk=""SAA.197502090SDA"" data-stat=""visitor_team_name""><a href=""/teams/SAA/1975.html"">San Antonio Spurs</a></td><td class=""right"" data-stat=""visitor_pts"">126</td><td class=""left"" csk=""SDA.197502090SDA"" data-stat=""home_team_name""><a href=""/teams/SDA/1975.html"">San Diego Conquistadors</a></td><td class=""right"" data-stat=""home_pts"">123</td><td class=""center"" data-stat=""box_score_text""><a href=""/boxscores/197502090SDA.html"">Box Score</a></td><td class=""center iz"" data-stat=""overtimes""></td><td class=""right"" data-stat=""attendance"">1,903</td><td class=""left iz"" data-stat=""game_remarks""></td></tr>"
49,"<tr><th class=""left"" csk=""197502090SSL"" data-stat=""date_game"" scope=""row""><a href=""/boxscores/index.fcgi?month=2&amp;day=9&amp;year=1975"">Sun, Feb 9, 1975</a></th><td class=""left"" csk=""INA.197502090SSL"" data-stat=""visitor_team_name""><a href=""/teams/INA/1975.html"">Indiana Pacers</a></td><td class=""right"" data-stat=""visitor_pts"">108</td><td class=""left"" csk=""SSL.197502090SSL"" data-stat=""home_team_name""><a href=""/teams/SSL/1975.html"">Spirits of St. Louis</a></td><td class=""right"" data-stat=""home_pts"">120</td><td class=""center"" data-stat=""box_score_text""><a href=""/boxscores/197502090SSL.html"">Box Score</a></td><td class=""center iz"" data-stat=""overtimes""></td><td class=""right"" data-stat=""attendance"">6,123</td><td class=""left iz"" data-stat=""game_remarks""></td></tr>"
51,"<tr><th class=""left"" csk=""197502100VIR"" data-stat=""date_game"" scope=""row""><a href=""/boxscores/index.fcgi?month=2&amp;day=10&amp;year=1975"">Mon, Feb 10, 1975</a></th><td class=""left"" csk=""UTS.197502100VIR"" data-stat=""visitor_team_name""><a href=""/teams/UTS/1975.html"">Utah Stars</a></td><td class=""right"" data-stat=""visitor_pts"">97</td><td class=""left"" csk=""VIR.197502100VIR"" data-stat=""home_team_name""><a href=""/teams/VIR/1975.html"">Virginia Squires</a></td><td class=""right"" data-stat=""home_pts"">90</td><td class=""center"" data-stat=""box_score_text""><a href=""/boxscores/197502100VIR.html"">Box Score</a></td><td class=""center iz"" data-stat=""overtimes""></td><td class=""right"" data-stat=""attendance"">5,067</td><td class=""left"" data-stat=""game_remarks"">at Norfolk, VA</td></tr>"
53,"<tr><th class=""left"" csk=""197502120SSL"" data-stat=""date_game"" scope=""row""><a href=""/boxscores/index.fcgi?month=2&amp;day=12&amp;year=1975"">Wed, Feb 12, 1975</a></th><td class=""left"" csk=""VIR.197502120SSL"" data-stat=""visitor_team_name""><a href=""/teams/VIR/1975.html"">Virginia Squires</a></td><td class=""right"" data-stat=""visitor_pts"">111</td><td class=""left"" csk=""SSL.197502120SSL"" data-stat=""home_team_name""><a href=""/teams/SSL/1975.html"">Spirits of St. Louis</a></td><td class=""right"" data-stat=""home_pts"">123</td><td class=""center"" data-stat=""box_score_text""><a href=""/boxscores/197502120SSL.html"">Box Score</a></td><td class=""center iz"" data-stat=""overtimes""></td><td class=""right"" data-stat=""attendance"">2,168</td><td class=""left iz"" data-stat=""game_remarks""></td></tr>"
55,"<tr><th class=""left"" csk=""197502120SDA"" data-stat=""date_game"" scope=""row""><a href=""/boxscores/index.fcgi?month=2&amp;day=12&amp;year=1975"">Wed, Feb 12, 1975</a></th><td class=""left"" csk=""DNA.197502120SDA"" data-stat=""visitor_team_name""><a href=""/teams/DNA/1975.html"">Denver Nuggets</a></td><td class=""right"" data-stat=""visitor_pts"">115</td><td class=""left"" csk=""SDA.197502120SDA"" data-stat=""home_team_name""><a href=""/teams/SDA/1975.html"">San Diego Conquistadors</a></td><td class=""right"" data-stat=""home_pts"">109</td><td class=""center"" data-stat=""box_score_text""><a href=""/boxscores/197502120SDA.html"">Box Score</a></td><td class=""center iz"" data-stat=""overtimes""></td><td class=""right"" data-stat=""attendance"">2,641</td><td class=""left iz"" data-stat=""game_remarks""></td></tr>"
57,"<tr><th class=""left"" csk=""197502120SAA"" data-stat=""date_game"" scope=""row""><a href=""/boxscores/index.fcgi?month=2&amp;day=12&amp;year=1975"">Wed, Feb 12, 1975</a></th><td class=""left"" csk=""KEN.197502120SAA"" data-stat=""visitor_team_name""><a href=""/teams/KEN/1975.html"">Kentucky Colonels</a></td><td class=""right"" data-stat=""visitor_pts"">112</td><td class=""left"" csk=""SAA.197502120SAA"" data-stat=""home_team_name""><a href=""/teams/SAA/1975.html"">San Antonio Spurs</a></td><td class=""right"" data-stat=""home_pts"">100</td><td class=""center"" data-stat=""box_score_text""><a href=""/boxscores/197502120SAA.html"">Box Score</a></td><td class=""center iz"" data-stat=""overtimes""></td><td class=""right"" data-stat=""attendance"">7,739</td><td class=""left iz"" data-stat=""game_remarks""></td></tr>"
59,"<tr><th class=""left"" csk=""197502120MMS"" data-stat=""date_game"" scope=""row""><a href=""/boxscores/index.fcgi?month=2&amp;day=12&amp;year=1975"">Wed, Feb 12, 1975</a></th><td class=""left"" csk=""UTS.197502120MMS"" data-stat=""visitor_team_name""><a href=""/teams/UTS/1975.html"">Utah Stars</a></td><td class=""right"" data-stat=""visitor_pts"">101</td><td class=""left"" csk=""MMS.197502120MMS"" data-stat=""home_team_name""><a href=""/teams/MMS/1975.html"">Memphis Sounds</a></td><td class=""right"" data-stat=""home_pts"">96</td><td class=""center"" data-stat=""box_score_text""><a href=""/boxscores/197502120MMS.html"">Box Score</a></td><td class=""center iz"" data-stat=""overtimes""></td><td class=""right"" data-stat=""attendance"">4,719</td><td class=""left iz"" data-stat=""game_remarks""></td></tr>"
61,"<tr><th class=""left"" csk=""197502130INA"" data-stat=""date_game"" scope=""row""><a href=""/boxscores/index.fcgi?month=2&amp;day=13&amp;year=1975"">Thu, Feb 13, 1975</a></th><td class=""left"" csk=""VIR.197502130INA"" data-stat=""visitor_team_name""><a href=""/teams/VIR/1975.html"">Virginia Squires</a></td><td class=""right"" data-stat=""visitor_pts"">105</td><td class=""left"" csk=""INA.197502130INA"" data-stat=""home_team_name""><a href=""/teams/INA/1975.html"">Indiana Pacers</a></td><td class=""right"" data-stat=""home_pts"">107</td><td class=""center"" data-stat=""box_score_text""><a href=""/boxscores/197502130INA.html"">Box Score</a></td><td class=""center iz"" data-stat=""overtimes""></td><td class=""right"" data-stat=""attendance"">5,750</td><td class=""left iz"" data-stat=""game_remarks""></td></tr>"
63,"<tr><th class=""left"" csk=""197502130SSL"" data-stat=""date_game"" scope=""row""><a href=""/boxscores/index.fcgi?month=2&amp;day=13&amp;year=1975"">Thu, Feb 13, 1975</a></th><td class=""left"" csk=""MMS.197502130SSL"" data-stat=""visitor_team_name""><a href=""/teams/MMS/1975.html"">Memphis Sounds</a></td><td class=""right"" data-stat=""visitor_pts"">120</td><td class=""left"" csk=""SSL.197502130SSL"" data-stat=""home_team_name""><a href=""/teams/SSL/1975.html"">Spirits of St. Louis</a></td><td class=""right"" data-stat=""home_pts"">114</td><td class=""center"" data-stat=""box_score_text""><a href=""/boxscores/197502130SSL.html"">Box Score</a></td><td class=""center iz"" data-stat=""overtimes""></td><td class=""right"" data-stat=""attendance"">13,194</td><td class=""left iz"" data-stat=""game_remarks""></td></tr>"
65,"<tr><th class=""left"" csk=""197502130UTS"" data-stat=""date_game"" scope=""row""><a href=""/boxscores/index.fcgi?month=2&amp;day=13&amp;year=1975"">Thu, Feb 13, 1975</a></th><td class=""left"" csk=""DNA.197502130UTS"" data-stat=""visitor_team_name""><a href=""/teams/DNA/1975.html"">Denver Nuggets</a></td><td class=""right"" data-stat=""visitor_pts"">116</td><td class=""left"" csk=""UTS.197502130UTS"" data-stat=""home_team_name""><a href=""/teams/UTS/1975.html"">Utah Stars</a></td><td class=""right"" data-stat=""home_pts"">112</td><td class=""center"" data-stat=""box_score_text""><a href=""/boxscores/197502130UTS.html"">Box Score</a></td><td class=""center iz"" data-stat=""overtimes""></td><td class=""right"" data-stat=""attendance"">6,542</td><td class=""left iz"" data-stat=""game_remarks""></td></tr>"
67,"<tr><th class=""left"" csk=""197502140MMS"" data-stat=""date_game"" scope=""row""><a href=""/boxscores/index.fcgi?month=2&amp;day=14&amp;year=1975"">Fri, Feb 14, 1975</a></th><td class=""left"" csk=""VIR.197502140MMS"" data-stat=""visitor_team_name""><a href=""/teams/VIR/1975.html"">Virginia Squires</a></td><td class=""right"" data-stat=""visitor_pts"">96</td><td class=""left"" csk=""MMS.197502140MMS"" data-stat=""home_team_name""><a href=""/teams/MMS/1975.html"">Memphis Sounds</a></td><td class=""right"" data-stat=""home_pts"">82</td><td class=""center"" data-stat=""box_score_text""><a href=""/boxscores/197502140MMS.html"">Box Score</a></td><td class=""center iz"" data-stat=""overtimes""></td><td class=""right"" data-stat=""attendance"">8,323</td><td class=""left iz"" data-stat=""game_remarks""></td></tr>"
69,"<tr><th class=""left"" csk=""197502140SDA"" data-stat=""date_game"" scope=""row""><a href=""/boxscores/index.fcgi?month=2&amp;day=14&amp;year=1975"">Fri, Feb 14, 1975</a></th><td class=""left"" csk=""NYA.197502140SDA"" data-stat=""visitor_team_name""><a href=""/teams/NYA/1975.html"">New York Nets</a></td><td class=""right"" data-stat=""visitor_pts"">166</td><td class=""left"" csk=""SDA.197502140SDA"" data-stat=""home_team_name""><a href=""/teams/SDA/1975.html"">San Diego Conquistadors</a></td><td class=""right"" data-stat=""home_pts"">176</td><td class=""center"" data-stat=""box_score_text""><a href=""/boxscores/197502140SDA.html"">Box Score</a></td><td class=""center"" data-stat=""overtimes"">4OT</td><td class=""right"" data-stat=""attendance"">2,916</td><td class=""left iz"" data-stat=""game_remarks""></td></tr>"
71,"<tr><th class=""left"" csk=""197502150UTS"" data-stat=""date_game"" scope=""row""><a href=""/boxscores/index.fcgi?month=2&amp;day=15&amp;year=1975"">Sat, Feb 15, 1975</a></th><td class=""left"" csk=""SSL.197502150UTS"" data-stat=""visitor_team_name""><a href=""/teams/SSL/1975.html"">Spirits of St. Louis</a></td><td class=""right"" data-stat=""visitor_pts"">104</td><td class=""left"" csk=""UTS.197502150UTS"" data-stat=""home_team_name""><a href=""/teams/UTS/1975.html"">Utah Stars</a></td><td class=""right"" data-stat=""home_pts"">119</td><td class=""center"" data-stat=""box_score_text""><a href=""/boxscores/197502150UTS.html"">Box Score</a></td><td class=""center iz"" data-stat=""overtimes""></td><td class=""right"" data-stat=""attendance"">6,675</td><td class=""left iz"" data-stat=""game_remarks""></td></tr>"
73,"<tr><th class=""left"" csk=""197502150INA"" data-stat=""date_game"" scope=""row""><a href=""/boxscores/index.fcgi?month=2&amp;day=15&amp;year=1975"">Sat, Feb 15, 1975</a></th><td class=""left"" csk=""MMS.197502150INA"" data-stat=""visitor_team_name""><a href=""/teams/MMS/1975.html"">Memphis Sounds</a></td><td class=""right"" data-stat=""visitor_pts"">113</td><td class=""left"" csk=""INA.197502150INA"" data-stat=""home_team_name""><a href=""/teams/INA/1975.html"">Indiana Pacers</a></td><td class=""right"" data-stat=""home_pts"">115</td><td class=""center"" data-stat=""box_score_text""><a href=""/boxscores/197502150INA.html"">Box Score</a></td><td class=""center"" data-stat=""overtimes"">OT</td><td class=""right"" data-stat=""attendance"">9,496</td><td class=""left iz"" data-stat=""game_remarks""></td></tr>"
75,"<tr><th class=""left"" csk=""197502150DNA"" data-stat=""date_game"" scope=""row""><a href=""/boxscores/index.fcgi?month=2&amp;day=15&amp;year=1975"">Sat, Feb 15, 1975</a></th><td class=""left"" csk=""KEN.197502150DNA"" data-stat=""visitor_team_name""><a href=""/teams/KEN/1975.html"">Kentucky Colonels</a></td><td class=""right"" data-stat=""visitor_pts"">107</td><td class=""left"" csk=""DNA.197502150DNA"" data-stat=""home_team_name""><a href=""/teams/DNA/1975.html"">Denver Nuggets</a></td><td class=""right"" data-stat=""home_pts"">109</td><td class=""center"" data-stat=""box_score_text""><a href=""/boxscores/197502150DNA.html"">Box Score</a></td><td class=""center iz"" data-stat=""overtimes""></td><td class=""right"" data-stat=""attendance"">7,494</td><td class=""left iz"" data-stat=""game_remarks""></td></tr>"
77,"<tr><th class=""left"" csk=""197502160DNA"" data-stat=""date_game"" scope=""row""><a href=""/boxscores/index.fcgi?month=2&amp;day=16&amp;year=1975"">Sun, Feb 16, 1975</a></th><td class=""left"" csk=""NYA.197502160DNA"" data-stat=""visitor_team_name""><a href=""/teams/NYA/1975.html"">New York Nets</a></td><td class=""right"" data-stat=""visitor_pts"">115</td><td class=""left"" csk=""DNA.197502160DNA"" data-stat=""home_team_name""><a href=""/teams/DNA/1975.html"">Denver Nuggets</a></td><td class=""right"" data-stat=""home_pts"">117</td><td class=""center"" data-stat=""box_score_text""><a href=""/boxscores/197502160DNA.html"">Box Score</a></td><td class=""center"" data-stat=""overtimes"">OT</td><td class=""right"" data-stat=""attendance"">7,509</td><td class=""left iz"" data-stat=""game_remarks""></td></tr>"
79,"<tr><th class=""left"" csk=""197502160SAA"" data-stat=""date_game"" scope=""row""><a href=""/boxscores/index.fcgi?month=2&amp;day=16&amp;year=1975"">Sun, Feb 16, 1975</a></th><td class=""left"" csk=""SSL.197502160SAA"" data-stat=""visitor_team_name""><a href=""/teams/SSL/1975.html"">Spirits of St. Louis</a></td><td class=""right"" data-stat=""visitor_pts"">101</td><td class=""left"" csk=""SAA.197502160SAA"" data-stat=""home_team_name""><a href=""/teams/SAA/1975.html"">San Antonio Spurs</a></td><td class=""right"" data-stat=""home_pts"">99</td><td class=""center"" data-stat=""box_score_text""><a href=""/boxscores/197502160SAA.html"">Box Score</a></td><td class=""center iz"" data-stat=""overtimes""></td><td class=""right"" data-stat=""attendance"">8,119</td><td class=""left iz"" data-stat=""game_remarks""></td></tr>"
81,"<tr><th class=""left"" csk=""197502160SDA"" data-stat=""date_game"" scope=""row""><a href=""/boxscores/index.fcgi?month=2&amp;day=16&amp;year=1975"">Sun, Feb 16, 1975</a></th><td class=""left"" csk=""KEN.197502160SDA"" data-stat=""visitor_team_name""><a href=""/teams/KEN/1975.html"">Kentucky Colonels</a></td><td class=""right"" data-stat=""visitor_pts"">128</td><td class=""left"" csk=""SDA.197502160SDA"" data-stat=""home_team_name""><a href=""/teams/SDA/1975.html"">San Diego Conquistadors</a></td><td class=""right"" data-stat=""home_pts"">133</td><td class=""center"" data-stat=""box_score_text""><a href=""/boxscores/197502160SDA.html"">Box Score</a></td><td class=""center"" data-stat=""overtimes"">OT</td><td class=""right"" data-stat=""attendance"">2,759</td><td class=""left iz"" data-stat=""game_remarks""></td></tr>"
83,"<tr><th class=""left"" csk=""197502170UTS"" data-stat=""date_game"" scope=""row""><a href=""/boxscores/index.fcgi?month=2&amp;day=17&amp;year=1975"">Mon, Feb 17, 1975</a></th><td class=""left"" csk=""MMS.197502170UTS"" data-stat=""visitor_team_name""><a href=""/teams/MMS/1975.html"">Memphis Sounds</a></td><td class=""right"" data-stat=""visitor_pts"">100</td><td class=""left"" csk=""UTS.197502170UTS"" data-stat=""home_team_name""><a href=""/teams/UTS/1975.html"">Utah Stars</a></td><td class=""right"" data-stat=""home_pts"">114</td><td class=""center"" data-stat=""box_score_text""><a href=""/boxscores/197502170UTS.html"">Box Score</a></td><td class=""center iz"" data-stat=""overtimes""></td><td class=""right"" data-stat=""attendance"">6,532</td><td class=""left iz"" data-stat=""game_remarks""></td></tr>"
85,"<tr><th class=""left"" csk=""197502170SSL"" data-stat=""date_game"" scope=""row""><a href=""/boxscores/index.fcgi?month=2&amp;day=17&amp;year=1975"">Mon, Feb 17, 1975</a></th><td class=""left"" csk=""INA.197502170SSL"" data-stat=""visitor_team_name""><a href=""/teams/INA/1975.html"">Indiana Pacers</a></td><td class=""right"" data-stat=""visitor_pts"">100</td><td class=""left"" csk=""SSL.197502170SSL"" data-stat=""home_team_name""><a href=""/teams/SSL/1975.html"">Spirits of St. Louis</a></td><td class=""right"" data-stat=""home_pts"">99</td><td class=""center"" data-stat=""box_score_text""><a href=""/boxscores/197502170SSL.html"">Box Score</a></td><td class=""center iz"" data-stat=""overtimes""></td><td class=""right"" data-stat=""attendance"">4,555</td><td class=""left iz"" data-stat=""game_remarks""></td></tr>"
87,"<tr><th class=""left"" csk=""197502170NYA"" data-stat=""date_game"" scope=""row""><a href=""/boxscores/index.fcgi?month=2&amp;day=17&amp;year=1975"">Mon, Feb 17, 1975</a></th><td class=""left"" csk=""VIR.197502170NYA"" data-stat=""visitor_team_name""><a href=""/teams/VIR/1975.html"">Virginia Squires</a></td><td class=""right"" data-stat=""visitor_pts"">104</td><td class=""left"" csk=""NYA.197502170NYA"" data-stat=""home_team_name""><a href=""/teams/NYA/1975.html"">New York Nets</a></td><td class=""right"" data-stat=""home_pts"">120</td><td class=""center"" data-stat=""box_score_text""><a href=""/boxscores/197502170NYA.html"">Box Score</a></td><td class=""center iz"" data-stat=""overtimes""></td><td class=""right"" data-stat=""attendance"">8,050</td><td class=""left iz"" data-stat=""game_remarks""></td></tr>"
89,"<tr><th class=""left"" csk=""197502180VIR"" data-stat=""date_game"" scope=""row""><a href=""/boxscores/index.fcgi?month=2&amp;day=18&amp;year=1975"">Tue, Feb 18, 1975</a></th><td class=""left"" csk=""KEN.197502180VIR"" data-stat=""visitor_team_name""><a href=""/teams/KEN/1975.html"">Kentucky Colonels</a></td><td class=""right"" data-stat=""visitor_pts"">121</td><td class=""left"" csk=""VIR.197502180VIR"" data-stat=""home_team_name""><a href=""/teams/VIR/1975.html"">Virginia Squires</a></td><td class=""right"" data-stat=""home_pts"">104</td><td class=""center"" data-stat=""box_score_text""><a href=""/boxscores/197502180VIR.html"">Box Score</a></td><td class=""center iz"" data-stat=""overtimes""></td><td class=""right"" data-stat=""attendance"">4,297</td><td class=""left"" data-stat=""game_remarks"">at Norfolk, VA</td></tr>"
91,"<tr><th class=""left"" csk=""197502190UTS"" data-stat=""date_game"" scope=""row""><a href=""/boxscores/index.fcgi?month=2&amp;day=19&amp;year=1975"">Wed, Feb 19, 1975</a></th><td class=""left"" csk=""DNA.197502190UTS"" data-stat=""visitor_team_name""><a href=""/teams/DNA/1975.html"">Denver Nuggets</a></td><td class=""right"" data-stat=""visitor_pts"">80</td><td class=""left"" csk=""UTS.197502190UTS"" data-stat=""home_team_name""><a href=""/teams/UTS/1975.html"">Utah Stars</a></td><td class=""right"" data-stat=""home_pts"">99</td><td class=""center"" data-stat=""box_score_text""><a href=""/boxscores/197502190UTS.html"">Box Score</a></td><td class=""center iz"" data-stat=""overtimes""></td><td class=""right"" data-stat=""attendance"">7,460</td><td class=""left iz"" data-stat=""game_remarks""></td></tr>"
93,"<tr><th class=""left"" csk=""197502190SDA"" data-stat=""date_game"" scope=""row""><a href=""/boxscores/index.fcgi?month=2&amp;day=19&amp;year=1975"">Wed, Feb 19, 1975</a></th><td class=""left"" csk=""MMS.197502190SDA"" data-stat=""visitor_team_name""><a href=""/teams/MMS/1975.html"">Memphis Sounds</a></td><td class=""right"" data-stat=""visitor_pts"">109</td><td class=""left"" csk=""SDA.197502190SDA"" data-stat=""home_team_name""><a href=""/teams/SDA/1975.html"">San Diego Conquistadors</a></td><td class=""right"" data-stat=""home_pts"">127</td><td class=""center"" data-stat=""box_score_text""><a href=""/boxscores/197502190SDA.html"">Box Score</a></td><td class=""center iz"" data-stat=""overtimes""></td><td class=""right"" data-stat=""attendance"">2,525</td><td class=""left iz"" data-stat=""game_remarks""></td></tr>"
95,"<tr><th class=""left"" csk=""197502190SAA"" data-stat=""date_game"" scope=""row""><a href=""/boxscores/index.fcgi?month=2&amp;day=19&amp;year=1975"">Wed, Feb 19, 1975</a></th><td class=""left"" csk=""NYA.197502190SAA"" data-stat=""visitor_team_name""><a href=""/teams/NYA/1975.html"">New York Nets</a></td><td class=""right"" data-stat=""visitor_pts"">113</td><td class=""left"" csk=""SAA.197502190SAA"" data-stat=""home_team_name""><a href=""/teams/SAA/1975.html"">San Antonio Spurs</a></td><td class=""right"" data-stat=""home_pts"">91</td><td class=""center"" data-stat=""box_score_text""><a href=""/boxscores/197502190SAA.html"">Box Score</a></td><td class=""center iz"" data-stat=""overtimes""></td><td class=""right"" data-stat=""attendance"">9,008</td><td class=""left iz"" data-stat=""game_remarks""></td></tr>"
97,"<tr><th class=""left"" csk=""197502190KEN"" data-stat=""date_game"" scope=""row""><a href=""/boxscores/index.fcgi?month=2&amp;day=19&amp;year=1975"">Wed, Feb 19, 1975</a></th><td class=""left"" csk=""SSL.197502190KEN"" data-stat=""visitor_team_name""><a href=""/teams/SSL/1975.html"">Spirits of St. Louis</a></td><td class=""right"" data-stat=""visitor_pts"">107</td><td class=""left"" csk=""KEN.197502190KEN"" data-stat=""home_team_name""><a href=""/teams/KEN/1975.html"">Kentucky Colonels</a></td><td class=""right"" data-stat=""home_pts"">114</td><td class=""center"" data-stat=""box_score_text""><a href=""/boxscores/197502190KEN.html"">Box Score</a></td><td class=""center iz"" data-stat=""overtimes""></td><td class=""right"" data-stat=""attendance"">7,623</td><td class=""left iz"" data-stat=""game_remarks""></td></tr>"
99,"<tr><th class=""left"" csk=""197502190INA"" data-stat=""date_game"" scope=""row""><a href=""/boxscores/index.fcgi?month=2&amp;day=19&amp;year=1975"">Wed, Feb 19, 1975</a></th><td class=""left"" csk=""VIR.197502190INA"" data-stat=""visitor_team_name""><a href=""/teams/VIR/1975.html"">Virginia Squires</a></td><td class=""right"" data-stat=""visitor_pts"">107</td><td class=""left"" csk=""INA.197502190INA"" data-stat=""home_team_name""><a href=""/teams/INA/1975.html"">Indiana Pacers</a></td><td class=""right"" data-stat=""home_pts"">120</td><td class=""center"" data-stat=""box_score_text""><a href=""/boxscores/197502190INA.html"">Box Score</a></td><td class=""center iz"" data-stat=""overtimes""></td><td class=""right"" data-stat=""attendance"">6,633</td><td class=""left iz"" data-stat=""game_remarks""></td></tr>"
101,"<tr><th class=""left"" csk=""197502210KEN"" data-stat=""date_game"" scope=""row""><a href=""/boxscores/index.fcgi?month=2&amp;day=21&amp;year=1975"">Fri, Feb 21, 1975</a></th><td class=""left"" csk=""SDA.197502210KEN"" data-stat=""visitor_team_name""><a href=""/teams/SDA/1975.html"">San Diego Conquistadors</a></td><td class=""right"" data-stat=""visitor_pts"">110</td><td class=""left"" csk=""KEN.197502210KEN"" data-stat=""home_team_name""><a href=""/teams/KEN/1975.html"">Kentucky Colonels</a></td><td class=""right"" data-stat=""home_pts"">108</td><td class=""center"" data-stat=""box_score_text""><a href=""/boxscores/197502210KEN.html"">Box Score</a></td><td class=""center iz"" data-stat=""overtimes""></td><td class=""right"" data-stat=""attendance"">8,411</td><td class=""left iz"" data-stat=""game_remarks""></td></tr>"
103,"<tr><th class=""left"" csk=""197502220VIR"" data-stat=""date_game"" scope=""row""><a href=""/boxscores/index.fcgi?month=2&amp;day=22&amp;year=1975"">Sat, Feb 22, 1975</a></th><td class=""left"" csk=""MMS.197502220VIR"" data-stat=""visitor_team_name""><a href=""/teams/MMS/1975.html"">Memphis Sounds</a></td><td class=""right"" data-stat=""visitor_pts"">94</td><td class=""left"" csk=""VIR.197502220VIR"" data-stat=""home_team_name""><a href=""/teams/VIR/1975.html"">Virginia Squires</a></td><td class=""right"" data-stat=""home_pts"">89</td><td class=""center"" data-stat=""box_score_text""><a href=""/boxscores/197502220VIR.html"">Box Score</a></td><td class=""center iz"" data-stat=""overtimes""></td><td class=""right"" data-stat=""attendance"">4,621</td><td class=""left"" data-stat=""game_remarks"">at Norfolk, VA</td></tr>"
105,"<tr><th class=""left"" csk=""197502220SAA"" data-stat=""date_game"" scope=""row""><a href=""/boxscores/index.fcgi?month=2&amp;day=22&amp;year=1975"">Sat, Feb 22, 1975</a></th><td class=""left"" csk=""KEN.197502220SAA"" data-stat=""visitor_team_name""><a href=""/teams/KEN/1975.html"">Kentucky Colonels</a></td><td class=""right"" data-stat=""visitor_pts"">108</td><td class=""left"" csk=""SAA.197502220SAA"" data-stat=""home_team_name""><a href=""/teams/SAA/1975.html"">San Antonio Spurs</a></td><td class=""right"" data-stat=""home_pts"">110</td><td class=""center"" data-stat=""box_score_text""><a href=""/boxscores/197502220SAA.html"">Box Score</a></td><td class=""center iz"" data-stat=""overtimes""></td><td class=""right"" data-stat=""attendance"">7,764</td><td class=""left iz"" data-stat=""game_remarks""></td></tr>"
107,"<tr><th class=""left"" csk=""197502220NYA"" data-stat=""date_game"" scope=""row""><a href=""/boxscores/index.fcgi?month=2&amp;day=22&amp;year=1975"">Sat, Feb 22, 1975</a></th><td class=""left"" csk=""SDA.197502220NYA"" data-stat=""visitor_team_name""><a href=""/teams/SDA/1975.html"">San Diego Conquistadors</a></td><td class=""right"" data-stat=""visitor_pts"">93</td><td class=""left"" csk=""NYA.197502220NYA"" data-stat=""home_team_name""><a href=""/teams/NYA/1975.html"">New York Nets</a></td><td class=""right"" data-stat=""home_pts"">126</td><td class=""center"" data-stat=""box_score_text""><a href=""/boxscores/197502220NYA.html"">Box Score</a></td><td class=""center iz"" data-stat=""overtimes""></td><td class=""right"" data-stat=""attendance"">9,216</td><td class=""left iz"" data-stat=""game_remarks""></td></tr>"
109,"<tr><th class=""left"" csk=""197502220INA"" data-stat=""date_game"" scope=""row""><a href=""/boxscores/index.fcgi?month=2&amp;day=22&amp;year=1975"">Sat, Feb 22, 1975</a></th><td class=""left"" csk=""SSL.197502220INA"" data-stat=""visitor_team_name""><a href=""/teams/SSL/1975.html"">Spirits of St. Louis</a></td><td class=""right"" data-stat=""visitor_pts"">115</td><td class=""left"" csk=""INA.197502220INA"" data-stat=""home_team_name""><a href=""/teams/INA/1975.html"">Indiana Pacers</a></td><td class=""right"" data-stat=""home_pts"">125</td><td class=""center"" data-stat=""box_score_text""><a href=""/boxscores/197502220INA.html"">Box Score</a></td><td class=""center iz"" data-stat=""overtimes""></td><td class=""right"" data-stat=""attendance"">11,493</td><td class=""left iz"" data-stat=""game_remarks""></td></tr>"
111,"<tr><th class=""left"" csk=""197502230DNA"" data-stat=""date_game"" scope=""row""><a href=""/boxscores/index.fcgi?month=2&amp;day=23&amp;year=1975"">Sun, Feb 23, 1975</a></th><td class=""left"" csk=""KEN.197502230DNA"" data-stat=""visitor_team_name""><a href=""/teams/KEN/1975.html"">Kentucky Colonels</a></td><td class=""right"" data-stat=""visitor_pts"">107</td><td class=""left"" csk=""DNA.197502230DNA"" data-stat=""home_team_name""><a href=""/teams/DNA/1975.html"">Denver Nuggets</a></td><td class=""right"" data-stat=""home_pts"">109</td><td class=""center"" data-stat=""box_score_text""><a href=""/boxscores/197502230DNA.html"">Box Score</a></td><td class=""center iz"" data-stat=""overtimes""></td><td class=""right"" data-stat=""attendance"">7,429</td><td class=""left iz"" data-stat=""game_remarks""></td></tr>"
113,"<tr><th class=""left"" csk=""197502230NYA"" data-stat=""date_game"" scope=""row""><a href=""/boxscores/index.fcgi?month=2&amp;day=23&amp;year=1975"">Sun, Feb 23, 1975</a></th><td class=""left"" csk=""MMS.197502230NYA"" data-stat=""visitor_team_name""><a href=""/teams/MMS/1975.html"">Memphis Sounds</a></td><td class=""right"" data-stat=""visitor_pts"">93</td><td class=""left"" csk=""NYA.197502230NYA"" data-stat=""home_team_name""><a href=""/teams/NYA/1975.html"">New York Nets</a></td><td class=""right"" data-stat=""home_pts"">116</td><td class=""center"" data-stat=""box_score_text""><a href=""/boxscores/197502230NYA.html"">Box Score</a></td><td class=""center iz"" data-stat=""overtimes""></td><td class=""right"" data-stat=""attendance"">7,542</td><td class=""left iz"" data-stat=""game_remarks""></td></tr>"
115,"<tr><th class=""left"" csk=""197502230VIR"" data-stat=""date_game"" scope=""row""><a href=""/boxscores/index.fcgi?month=2&amp;day=23&amp;year=1975"">Sun, Feb 23, 1975</a></th><td class=""left"" csk=""SDA.197502230VIR"" data-stat=""visitor_team_name""><a href=""/teams/SDA/1975.html"">San Diego Conquistadors</a></td><td class=""right"" data-stat=""visitor_pts"">98</td><td class=""left"" csk=""VIR.197502230VIR"" data-stat=""home_team_name""><a href=""/teams/VIR/1975.html"">Virginia Squires</a></td><td class=""right"" data-stat=""home_pts"">105</td><td class=""center"" data-stat=""box_score_text""><a href=""/boxscores/197502230VIR.html"">Box Score</a></td><td class=""center iz"" data-stat=""overtimes""></td><td class=""right"" data-stat=""attendance"">2,959</td><td class=""left"" data-stat=""game_remarks"">at Hampton, VA</td></tr>"
117,"<tr><th class=""left"" csk=""197502240UTS"" data-stat=""date_game"" scope=""row""><a href=""/boxscores/index.fcgi?month=2&amp;day=24&amp;year=1975"">Mon, Feb 24, 1975</a></th><td class=""left"" csk=""NYA.197502240UTS"" data-stat=""visitor_team_name""><a href=""/teams/NYA/1975.html"">New York Nets</a></td><td class=""right"" data-stat=""visitor_pts"">113</td><td class=""left"" csk=""UTS.197502240UTS"" data-stat=""home_team_name""><a href=""/teams/UTS/1975.html"">Utah Stars</a></td><td class=""right"" data-stat=""home_pts"">117</td><td class=""center"" data-stat=""box_score_text""><a href=""/boxscores/197502240UTS.html"">Box Score</a></td><td class=""center iz"" data-stat=""overtimes""></td><td class=""right"" data-stat=""attendance"">11,117</td><td class=""left iz"" data-stat=""game_remarks""></td></tr>"
119,"<tr><th class=""left"" csk=""197502240KEN"" data-stat=""date_game"" scope=""row""><a href=""/boxscores/index.fcgi?month=2&amp;day=24&amp;year=1975"">Mon, Feb 24, 1975</a></th><td class=""left"" csk=""MMS.197502240KEN"" data-stat=""visitor_team_name""><a href=""/teams/MMS/1975.html"">Memphis Sounds</a></td><td class=""right"" data-stat=""visitor_pts"">87</td><td class=""left"" csk=""KEN.197502240KEN"" data-stat=""home_team_name""><a href=""/teams/KEN/1975.html"">Kentucky Colonels</a></td><td class=""right"" data-stat=""home_pts"">109</td><td class=""center"" data-stat=""box_score_text""><a href=""/boxscores/197502240KEN.html"">Box Score</a></td><td class=""center iz"" data-stat=""overtimes""></td><td class=""right"" data-stat=""attendance"">5,284</td><td class=""left iz"" data-stat=""game_remarks""></td></tr>"
121,"<tr><th class=""left"" csk=""197502240INA"" data-stat=""date_game"" scope=""row""><a href=""/boxscores/index.fcgi?month=2&amp;day=24&amp;year=1975"">Mon, Feb 24, 1975</a></th><td class=""left"" csk=""SDA.197502240INA"" data-stat=""visitor_team_name""><a href=""/teams/SDA/1975.html"">San Diego Conquistadors</a></td><td class=""right"" data-stat=""visitor_pts"">108</td><td class=""left"" csk=""INA.197502240INA"" data-stat=""home_team_name""><a href=""/teams/INA/1975.html"">Indiana Pacers</a></td><td class=""right"" data-stat=""home_pts"">120</td><td class=""center"" data-stat=""box_score_text""><a href=""/boxscores/197502240INA.html"">Box Score</a></td><td class=""center iz"" data-stat=""overtimes""></td><td class=""right"" data-stat=""attendance"">7,510</td><td class=""left iz"" data-stat=""game_remarks""></td></tr>"
123,"<tr><th class=""left"" csk=""197502260SDA"" data-stat=""date_game"" scope=""row""><a href=""/boxscores/index.fcgi?month=2&amp;day=26&amp;year=1975"">Wed, Feb 26, 1975</a></th><td class=""left"" csk=""UTS.197502260SDA"" data-stat=""visitor_team_name""><a href=""/teams/UTS/1975.html"">Utah Stars</a></td><td class=""right"" data-stat=""visitor_pts"">108</td><td class=""left"" csk=""SDA.197502260SDA"" data-stat=""home_team_name""><a href=""/teams/SDA/1975.html"">San Diego Conquistadors</a></td><td class=""right"" data-stat=""home_pts"">115</td><td class=""center"" data-stat=""box_score_text""><a href=""/boxscores/197502260SDA.html"">Box Score</a></td><td class=""center"" data-stat=""overtimes"">OT</td><td class=""right"" data-stat=""attendance"">2,009</td><td class=""left iz"" data-stat=""game_remarks""></td></tr>"
125,"<tr><th class=""left"" csk=""197502260MMS"" data-stat=""date_game"" scope=""row""><a href=""/boxscores/index.fcgi?month=2&amp;day=26&amp;year=1975"">Wed, Feb 26, 1975</a></th><td class=""left"" csk=""SSL.197502260MMS"" data-stat=""visitor_team_name""><a href=""/teams/SSL/1975.html"">Spirits of St. Louis</a></td><td class=""right"" data-stat=""visitor_pts"">107</td><td class=""left"" csk=""MMS.197502260MMS"" data-stat=""home_team_name""><a href=""/teams/MMS/1975.html"">Memphis Sounds</a></td><td class=""right"" data-stat=""home_pts"">114</td><td class=""center"" data-stat=""box_score_text""><a href=""/boxscores/197502260MMS.html"">Box Score</a></td><td class=""center iz"" data-stat=""overtimes""></td><td class=""right"" data-stat=""attendance"">2,704</td><td class=""left iz"" data-stat=""game_remarks""></td></tr>"
127,"<tr><th class=""left"" csk=""197502260KEN"" data-stat=""date_game"" scope=""row""><a href=""/boxscores/index.fcgi?month=2&amp;day=26&amp;year=1975"">Wed, Feb 26, 1975</a></th><td class=""left"" csk=""INA.197502260KEN"" data-stat=""visitor_team_name""><a href=""/teams/INA/1975.html"">Indiana Pacers</a></td><td class=""right"" data-stat=""visitor_pts"">99</td><td class=""left"" csk=""KEN.197502260KEN"" data-stat=""home_team_name""><a href=""/teams/KEN/1975.html"">Kentucky Colonels</a></td><td class=""right"" data-stat=""home_pts"">101</td><td class=""center"" data-stat=""box_score_text""><a href=""/boxscores/197502260KEN.html"">Box Score</a></td><td class=""center iz"" data-stat=""overtimes""></td><td class=""right"" data-stat=""attendance"">9,884</td><td class=""left iz"" data-stat=""game_remarks""></td></tr>"
129,"<tr><th class=""left"" csk=""197502260DNA"" data-stat=""date_game"" scope=""row""><a href=""/boxscores/index.fcgi?month=2&amp;day=26&amp;year=1975"">Wed, Feb 26, 1975</a></th><td class=""left"" csk=""NYA.197502260DNA"" data-stat=""visitor_team_name""><a href=""/teams/NYA/1975.html"">New York Nets</a></td><td class=""right"" data-stat=""visitor_pts"">114</td><td class=""left"" csk=""DNA.197502260DNA"" data-stat=""home_team_name""><a href=""/teams/DNA/1975.html"">Denver Nuggets</a></td><td class=""right"" data-stat=""home_pts"">148</td><td class=""center"" data-stat=""box_score_text""><a href=""/boxscores/197502260DNA.html"">Box Score</a></td><td class=""center iz"" data-stat=""overtimes""></td><td class=""right"" data-stat=""attendance"">7,622</td><td class=""left iz"" data-stat=""game_remarks""></td></tr>"
131,"<tr><th class=""left"" csk=""197502270VIR"" data-stat=""date_game"" scope=""row""><a href=""/boxscores/index.fcgi?month=2&amp;day=27&amp;year=1975"">Thu, Feb 27, 1975</a></th><td class=""left"" csk=""SSL.197502270VIR"" data-stat=""visitor_team_name""><a href=""/teams/SSL/1975.html"">Spirits of St. Louis</a></td><td class=""right"" data-stat=""visitor_pts"">111</td><td class=""left"" csk=""VIR.197502270VIR"" data-stat=""home_team_name""><a href=""/teams/VIR/1975.html"">Virginia Squires</a></td><td class=""right"" data-stat=""home_pts"">100</td><td class=""center"" data-stat=""box_score_text""><a href=""/boxscores/197502270VIR.html"">Box Score</a></td><td class=""center iz"" data-stat=""overtimes""></td><td class=""right"" data-stat=""attendance"">4,451</td><td class=""left"" data-stat=""game_remarks"">at Norfolk, VA</td></tr>"
133,"<tr><th class=""left"" csk=""197502280MMS"" data-stat=""date_game"" scope=""row""><a href=""/boxscores/index.fcgi?month=2&amp;day=28&amp;year=1975"">Fri, Feb 28, 1975</a></th><td class=""left"" csk=""DNA.197502280MMS"" data-stat=""visitor_team_name""><a href=""/teams/DNA/1975.html"">Denver Nuggets</a></td><td class=""right"" data-stat=""visitor_pts"">105</td><td class=""left"" csk=""MMS.197502280MMS"" data-stat=""home_team_name""><a href=""/teams/MMS/1975.html"">Memphis Sounds</a></td><td class=""right"" data-stat=""home_pts"">109</td><td class=""center"" data-stat=""box_score_text""><a href=""/boxscores/197502280MMS.html"">Box Score</a></td><td class=""center iz"" data-stat=""overtimes""></td><td class=""right"" data-stat=""attendance"">5,910</td><td class=""left iz"" data-stat=""game_remarks""></td></tr>"
135,"<tr><th class=""left"" csk=""197502280NYA"" data-stat=""date_game"" scope=""row""><a href=""/boxscores/index.fcgi?month=2&amp;day=28&amp;year=1975"">Fri, Feb 28, 1975</a></th><td class=""left"" csk=""SSL.197502280NYA"" data-stat=""visitor_team_name""><a href=""/teams/SSL/1975.html"">Spirits of St. Louis</a></td><td class=""right"" data-stat=""visitor_pts"">110</td><td class=""left"" csk=""NYA.197502280NYA"" data-stat=""home_team_name""><a href=""/teams/NYA/1975.html"">New York Nets</a></td><td class=""right"" data-stat=""home_pts"">117</td><td class=""center"" data-stat=""box_score_text""><a href=""/boxscores/197502280NYA.html"">Box Score</a></td><td class=""center iz"" data-stat=""overtimes""></td><td class=""right"" data-stat=""attendance"">9,029</td><td class=""left iz"" data-stat=""game_remarks""></td></tr>"
137,"<tr><th class=""left"" csk=""197502280SAA"" data-stat=""date_game"" scope=""row""><a href=""/boxscores/index.fcgi?month=2&amp;day=28&amp;year=1975"">Fri, Feb 28, 1975</a></th><td class=""left"" csk=""UTS.197502280SAA"" data-stat=""visitor_team_name""><a href=""/teams/UTS/1975.html"">Utah Stars</a></td><td class=""right"" data-stat=""visitor_pts"">100</td><td class=""left"" csk=""SAA.197502280SAA"" data-stat=""home_team_name""><a href=""/teams/SAA/1975.html"">San Antonio Spurs</a></td><td class=""right"" data-stat=""home_pts"">110</td><td class=""center"" data-stat=""box_score_text""><a href=""/boxscores/197502280SAA.html"">Box Score</a></td><td class=""center iz"" data-stat=""overtimes""></td><td class=""right"" data-stat=""attendance"">9,173</td><td class=""left iz"" data-stat=""game_remarks""></td></tr>"
139,"<tr><th class=""left"" csk=""197502280SDA"" data-stat=""date_game"" scope=""row""><a href=""/boxscores/index.fcgi?month=2&amp;day=28&amp;year=1975"">Fri, Feb 28, 1975</a></th><td class=""left"" csk=""INA.197502280SDA"" data-stat=""visitor_team_name""><a href=""/teams/INA/1975.html"">Indiana Pacers</a></td><td class=""right"" data-stat=""visitor_pts"">102</td><td class=""left"" csk=""SDA.197502280SDA"" data-stat=""home_team_name""><a href=""/teams/SDA/1975.html"">San Diego Conquistadors</a></td><td class=""right"" data-stat=""home_pts"">115</td><td class=""center"" data-stat=""box_score_text""><a href=""/boxscores/197502280SDA.html"">Box Score</a></td><td class=""center iz"" data-stat=""overtimes""></td><td class=""right"" data-stat=""attendance"">3,640</td><td class=""left iz"" data-stat=""game_remarks""></td></tr>"
