,0
1,"<tr><th class=""left"" csk=""196910170DLC"" data-stat=""date_game"" scope=""row""><a href=""/boxscores/index.fcgi?month=10&amp;day=17&amp;year=1969"">Fri, Oct 17, 1969</a></th><td class=""left"" csk=""NOB.196910170DLC"" data-stat=""visitor_team_name""><a href=""/teams/NOB/1970.html"">New Orleans Buccaneers</a></td><td class=""right"" data-stat=""visitor_pts"">109</td><td class=""left"" csk=""DLC.196910170DLC"" data-stat=""home_team_name""><a href=""/teams/DLC/1970.html"">Dallas Chaparrals</a></td><td class=""right"" data-stat=""home_pts"">117</td><td class=""center"" data-stat=""box_score_text""><a href=""/boxscores/196910170DLC.html"">Box Score</a></td><td class=""center iz"" data-stat=""overtimes""></td><td class=""right"" data-stat=""attendance"">3,723</td><td class=""left iz"" data-stat=""game_remarks""></td></tr>"
3,"<tr><th class=""left"" csk=""196910170INA"" data-stat=""date_game"" scope=""row""><a href=""/boxscores/index.fcgi?month=10&amp;day=17&amp;year=1969"">Fri, Oct 17, 1969</a></th><td class=""left"" csk=""MMF.196910170INA"" data-stat=""visitor_team_name""><a href=""/teams/MMF/1970.html"">Miami Floridians</a></td><td class=""right"" data-stat=""visitor_pts"">116</td><td class=""left"" csk=""INA.196910170INA"" data-stat=""home_team_name""><a href=""/teams/INA/1970.html"">Indiana Pacers</a></td><td class=""right"" data-stat=""home_pts"">126</td><td class=""center"" data-stat=""box_score_text""><a href=""/boxscores/196910170INA.html"">Box Score</a></td><td class=""center iz"" data-stat=""overtimes""></td><td class=""right"" data-stat=""attendance"">8,421</td><td class=""left iz"" data-stat=""game_remarks""></td></tr>"
5,"<tr><th class=""left"" csk=""196910170NYA"" data-stat=""date_game"" scope=""row""><a href=""/boxscores/index.fcgi?month=10&amp;day=17&amp;year=1969"">Fri, Oct 17, 1969</a></th><td class=""left"" csk=""LAS.196910170NYA"" data-stat=""visitor_team_name""><a href=""/teams/LAS/1970.html"">Los Angeles Stars</a></td><td class=""right"" data-stat=""visitor_pts"">109</td><td class=""left"" csk=""NYA.196910170NYA"" data-stat=""home_team_name""><a href=""/teams/NYA/1970.html"">New York Nets</a></td><td class=""right"" data-stat=""home_pts"">95</td><td class=""center"" data-stat=""box_score_text""><a href=""/boxscores/196910170NYA.html"">Box Score</a></td><td class=""center iz"" data-stat=""overtimes""></td><td class=""right"" data-stat=""attendance"">2,706</td><td class=""left iz"" data-stat=""game_remarks""></td></tr>"
7,"<tr><th class=""left"" csk=""196910180WSA"" data-stat=""date_game"" scope=""row""><a href=""/boxscores/index.fcgi?month=10&amp;day=18&amp;year=1969"">Sat, Oct 18, 1969</a></th><td class=""left"" csk=""NOB.196910180WSA"" data-stat=""visitor_team_name""><a href=""/teams/NOB/1970.html"">New Orleans Buccaneers</a></td><td class=""right"" data-stat=""visitor_pts"">104</td><td class=""left"" csk=""WSA.196910180WSA"" data-stat=""home_team_name""><a href=""/teams/WSA/1970.html"">Washington Capitols</a></td><td class=""right"" data-stat=""home_pts"">110</td><td class=""center"" data-stat=""box_score_text""><a href=""/boxscores/196910180WSA.html"">Box Score</a></td><td class=""center iz"" data-stat=""overtimes""></td><td class=""right"" data-stat=""attendance"">3,362</td><td class=""left iz"" data-stat=""game_remarks""></td></tr>"
9,"<tr><th class=""left"" csk=""196910180KEN"" data-stat=""date_game"" scope=""row""><a href=""/boxscores/index.fcgi?month=10&amp;day=18&amp;year=1969"">Sat, Oct 18, 1969</a></th><td class=""left"" csk=""MMF.196910180KEN"" data-stat=""visitor_team_name""><a href=""/teams/MMF/1970.html"">Miami Floridians</a></td><td class=""right"" data-stat=""visitor_pts"">110</td><td class=""left"" csk=""KEN.196910180KEN"" data-stat=""home_team_name""><a href=""/teams/KEN/1970.html"">Kentucky Colonels</a></td><td class=""right"" data-stat=""home_pts"">106</td><td class=""center"" data-stat=""box_score_text""><a href=""/boxscores/196910180KEN.html"">Box Score</a></td><td class=""center iz"" data-stat=""overtimes""></td><td class=""right"" data-stat=""attendance"">4,265</td><td class=""left iz"" data-stat=""game_remarks""></td></tr>"
11,"<tr><th class=""left"" csk=""196910180INA"" data-stat=""date_game"" scope=""row""><a href=""/boxscores/index.fcgi?month=10&amp;day=18&amp;year=1969"">Sat, Oct 18, 1969</a></th><td class=""left"" csk=""LAS.196910180INA"" data-stat=""visitor_team_name""><a href=""/teams/LAS/1970.html"">Los Angeles Stars</a></td><td class=""right"" data-stat=""visitor_pts"">126</td><td class=""left"" csk=""INA.196910180INA"" data-stat=""home_team_name""><a href=""/teams/INA/1970.html"">Indiana Pacers</a></td><td class=""right"" data-stat=""home_pts"">123</td><td class=""center"" data-stat=""box_score_text""><a href=""/boxscores/196910180INA.html"">Box Score</a></td><td class=""center iz"" data-stat=""overtimes""></td><td class=""right"" data-stat=""attendance"">3,809</td><td class=""left iz"" data-stat=""game_remarks""></td></tr>"
13,"<tr><th class=""left"" csk=""196910180CAR"" data-stat=""date_game"" scope=""row""><a href=""/boxscores/index.fcgi?month=10&amp;day=18&amp;year=1969"">Sat, Oct 18, 1969</a></th><td class=""left"" csk=""DLC.196910180CAR"" data-stat=""visitor_team_name""><a href=""/teams/DLC/1970.html"">Dallas Chaparrals</a></td><td class=""right"" data-stat=""visitor_pts"">97</td><td class=""left"" csk=""CAR.196910180CAR"" data-stat=""home_team_name""><a href=""/teams/CAR/1970.html"">Carolina Cougars</a></td><td class=""right"" data-stat=""home_pts"">108</td><td class=""center"" data-stat=""box_score_text""><a href=""/boxscores/196910180CAR.html"">Box Score</a></td><td class=""center iz"" data-stat=""overtimes""></td><td class=""right iz"" data-stat=""attendance""></td><td class=""left"" data-stat=""game_remarks"">at Greensboro, NC</td></tr>"
15,"<tr><th class=""left"" csk=""196910190DNR"" data-stat=""date_game"" scope=""row""><a href=""/boxscores/index.fcgi?month=10&amp;day=19&amp;year=1969"">Sun, Oct 19, 1969</a></th><td class=""left"" csk=""NOB.196910190DNR"" data-stat=""visitor_team_name""><a href=""/teams/NOB/1970.html"">New Orleans Buccaneers</a></td><td class=""right"" data-stat=""visitor_pts"">109</td><td class=""left"" csk=""DNR.196910190DNR"" data-stat=""home_team_name""><a href=""/teams/DNR/1970.html"">Denver Rockets</a></td><td class=""right"" data-stat=""home_pts"">103</td><td class=""center"" data-stat=""box_score_text""><a href=""/boxscores/196910190DNR.html"">Box Score</a></td><td class=""center iz"" data-stat=""overtimes""></td><td class=""right"" data-stat=""attendance"">5,092</td><td class=""left iz"" data-stat=""game_remarks""></td></tr>"
17,"<tr><th class=""left"" csk=""196910190NYA"" data-stat=""date_game"" scope=""row""><a href=""/boxscores/index.fcgi?month=10&amp;day=19&amp;year=1969"">Sun, Oct 19, 1969</a></th><td class=""left"" csk=""DLC.196910190NYA"" data-stat=""visitor_team_name""><a href=""/teams/DLC/1970.html"">Dallas Chaparrals</a></td><td class=""right"" data-stat=""visitor_pts"">102</td><td class=""left"" csk=""NYA.196910190NYA"" data-stat=""home_team_name""><a href=""/teams/NYA/1970.html"">New York Nets</a></td><td class=""right"" data-stat=""home_pts"">92</td><td class=""center"" data-stat=""box_score_text""><a href=""/boxscores/196910190NYA.html"">Box Score</a></td><td class=""center iz"" data-stat=""overtimes""></td><td class=""right"" data-stat=""attendance"">1,048</td><td class=""left iz"" data-stat=""game_remarks""></td></tr>"
19,"<tr><th class=""left"" csk=""196910190PTP"" data-stat=""date_game"" scope=""row""><a href=""/boxscores/index.fcgi?month=10&amp;day=19&amp;year=1969"">Sun, Oct 19, 1969</a></th><td class=""left"" csk=""LAS.196910190PTP"" data-stat=""visitor_team_name""><a href=""/teams/LAS/1970.html"">Los Angeles Stars</a></td><td class=""right"" data-stat=""visitor_pts"">101</td><td class=""left"" csk=""PTP.196910190PTP"" data-stat=""home_team_name""><a href=""/teams/PTP/1970.html"">Pittsburgh Pipers</a></td><td class=""right"" data-stat=""home_pts"">105</td><td class=""center"" data-stat=""box_score_text""><a href=""/boxscores/196910190PTP.html"">Box Score</a></td><td class=""center iz"" data-stat=""overtimes""></td><td class=""right iz"" data-stat=""attendance""></td><td class=""left iz"" data-stat=""game_remarks""></td></tr>"
21,"<tr><th class=""left"" csk=""196910210NOB"" data-stat=""date_game"" scope=""row""><a href=""/boxscores/index.fcgi?month=10&amp;day=21&amp;year=1969"">Tue, Oct 21, 1969</a></th><td class=""left"" csk=""LAS.196910210NOB"" data-stat=""visitor_team_name""><a href=""/teams/LAS/1970.html"">Los Angeles Stars</a></td><td class=""right"" data-stat=""visitor_pts"">119</td><td class=""left"" csk=""NOB.196910210NOB"" data-stat=""home_team_name""><a href=""/teams/NOB/1970.html"">New Orleans Buccaneers</a></td><td class=""right"" data-stat=""home_pts"">99</td><td class=""center"" data-stat=""box_score_text""><a href=""/boxscores/196910210NOB.html"">Box Score</a></td><td class=""center iz"" data-stat=""overtimes""></td><td class=""right"" data-stat=""attendance"">1,862</td><td class=""left iz"" data-stat=""game_remarks""></td></tr>"
23,"<tr><th class=""left"" csk=""196910210KEN"" data-stat=""date_game"" scope=""row""><a href=""/boxscores/index.fcgi?month=10&amp;day=21&amp;year=1969"">Tue, Oct 21, 1969</a></th><td class=""left"" csk=""WSA.196910210KEN"" data-stat=""visitor_team_name""><a href=""/teams/WSA/1970.html"">Washington Capitols</a></td><td class=""right"" data-stat=""visitor_pts"">115</td><td class=""left"" csk=""KEN.196910210KEN"" data-stat=""home_team_name""><a href=""/teams/KEN/1970.html"">Kentucky Colonels</a></td><td class=""right"" data-stat=""home_pts"">127</td><td class=""center"" data-stat=""box_score_text""><a href=""/boxscores/196910210KEN.html"">Box Score</a></td><td class=""center iz"" data-stat=""overtimes""></td><td class=""right"" data-stat=""attendance"">3,145</td><td class=""left iz"" data-stat=""game_remarks""></td></tr>"
25,"<tr><th class=""left"" csk=""196910210DLC"" data-stat=""date_game"" scope=""row""><a href=""/boxscores/index.fcgi?month=10&amp;day=21&amp;year=1969"">Tue, Oct 21, 1969</a></th><td class=""left"" csk=""DNR.196910210DLC"" data-stat=""visitor_team_name""><a href=""/teams/DNR/1970.html"">Denver Rockets</a></td><td class=""right"" data-stat=""visitor_pts"">108</td><td class=""left"" csk=""DLC.196910210DLC"" data-stat=""home_team_name""><a href=""/teams/DLC/1970.html"">Dallas Chaparrals</a></td><td class=""right"" data-stat=""home_pts"">120</td><td class=""center"" data-stat=""box_score_text""><a href=""/boxscores/196910210DLC.html"">Box Score</a></td><td class=""center iz"" data-stat=""overtimes""></td><td class=""right"" data-stat=""attendance"">2,651</td><td class=""left iz"" data-stat=""game_remarks""></td></tr>"
27,"<tr><th class=""left"" csk=""196910220CAR"" data-stat=""date_game"" scope=""row""><a href=""/boxscores/index.fcgi?month=10&amp;day=22&amp;year=1969"">Wed, Oct 22, 1969</a></th><td class=""left"" csk=""WSA.196910220CAR"" data-stat=""visitor_team_name""><a href=""/teams/WSA/1970.html"">Washington Capitols</a></td><td class=""right"" data-stat=""visitor_pts"">91</td><td class=""left"" csk=""CAR.196910220CAR"" data-stat=""home_team_name""><a href=""/teams/CAR/1970.html"">Carolina Cougars</a></td><td class=""right"" data-stat=""home_pts"">122</td><td class=""center"" data-stat=""box_score_text""><a href=""/boxscores/196910220CAR.html"">Box Score</a></td><td class=""center iz"" data-stat=""overtimes""></td><td class=""right"" data-stat=""attendance"">5,410</td><td class=""left"" data-stat=""game_remarks"">at Charlotte, NC</td></tr>"
29,"<tr><th class=""left"" csk=""196910220INA"" data-stat=""date_game"" scope=""row""><a href=""/boxscores/index.fcgi?month=10&amp;day=22&amp;year=1969"">Wed, Oct 22, 1969</a></th><td class=""left"" csk=""DNR.196910220INA"" data-stat=""visitor_team_name""><a href=""/teams/DNR/1970.html"">Denver Rockets</a></td><td class=""right"" data-stat=""visitor_pts"">107</td><td class=""left"" csk=""INA.196910220INA"" data-stat=""home_team_name""><a href=""/teams/INA/1970.html"">Indiana Pacers</a></td><td class=""right"" data-stat=""home_pts"">117</td><td class=""center"" data-stat=""box_score_text""><a href=""/boxscores/196910220INA.html"">Box Score</a></td><td class=""center iz"" data-stat=""overtimes""></td><td class=""right"" data-stat=""attendance"">8,781</td><td class=""left iz"" data-stat=""game_remarks""></td></tr>"
31,"<tr><th class=""left"" csk=""196910220MMF"" data-stat=""date_game"" scope=""row""><a href=""/boxscores/index.fcgi?month=10&amp;day=22&amp;year=1969"">Wed, Oct 22, 1969</a></th><td class=""left"" csk=""LAS.196910220MMF"" data-stat=""visitor_team_name""><a href=""/teams/LAS/1970.html"">Los Angeles Stars</a></td><td class=""right"" data-stat=""visitor_pts"">98</td><td class=""left"" csk=""MMF.196910220MMF"" data-stat=""home_team_name""><a href=""/teams/MMF/1970.html"">Miami Floridians</a></td><td class=""right"" data-stat=""home_pts"">119</td><td class=""center"" data-stat=""box_score_text""><a href=""/boxscores/196910220MMF.html"">Box Score</a></td><td class=""center iz"" data-stat=""overtimes""></td><td class=""right"" data-stat=""attendance"">3,547</td><td class=""left iz"" data-stat=""game_remarks""></td></tr>"
33,"<tr><th class=""left"" csk=""196910230MMF"" data-stat=""date_game"" scope=""row""><a href=""/boxscores/index.fcgi?month=10&amp;day=23&amp;year=1969"">Thu, Oct 23, 1969</a></th><td class=""left"" csk=""WSA.196910230MMF"" data-stat=""visitor_team_name""><a href=""/teams/WSA/1970.html"">Washington Capitols</a></td><td class=""right"" data-stat=""visitor_pts"">102</td><td class=""left"" csk=""MMF.196910230MMF"" data-stat=""home_team_name""><a href=""/teams/MMF/1970.html"">Miami Floridians</a></td><td class=""right"" data-stat=""home_pts"">92</td><td class=""center"" data-stat=""box_score_text""><a href=""/boxscores/196910230MMF.html"">Box Score</a></td><td class=""center iz"" data-stat=""overtimes""></td><td class=""right"" data-stat=""attendance"">1,321</td><td class=""left iz"" data-stat=""game_remarks""></td></tr>"
35,"<tr><th class=""left"" csk=""196910240DLC"" data-stat=""date_game"" scope=""row""><a href=""/boxscores/index.fcgi?month=10&amp;day=24&amp;year=1969"">Fri, Oct 24, 1969</a></th><td class=""left"" csk=""PTP.196910240DLC"" data-stat=""visitor_team_name""><a href=""/teams/PTP/1970.html"">Pittsburgh Pipers</a></td><td class=""right"" data-stat=""visitor_pts"">105</td><td class=""left"" csk=""DLC.196910240DLC"" data-stat=""home_team_name""><a href=""/teams/DLC/1970.html"">Dallas Chaparrals</a></td><td class=""right"" data-stat=""home_pts"">116</td><td class=""center"" data-stat=""box_score_text""><a href=""/boxscores/196910240DLC.html"">Box Score</a></td><td class=""center iz"" data-stat=""overtimes""></td><td class=""right"" data-stat=""attendance"">2,986</td><td class=""left iz"" data-stat=""game_remarks""></td></tr>"
37,"<tr><th class=""left"" csk=""196910240NOB"" data-stat=""date_game"" scope=""row""><a href=""/boxscores/index.fcgi?month=10&amp;day=24&amp;year=1969"">Fri, Oct 24, 1969</a></th><td class=""left"" csk=""KEN.196910240NOB"" data-stat=""visitor_team_name""><a href=""/teams/KEN/1970.html"">Kentucky Colonels</a></td><td class=""right"" data-stat=""visitor_pts"">111</td><td class=""left"" csk=""NOB.196910240NOB"" data-stat=""home_team_name""><a href=""/teams/NOB/1970.html"">New Orleans Buccaneers</a></td><td class=""right"" data-stat=""home_pts"">109</td><td class=""center"" data-stat=""box_score_text""><a href=""/boxscores/196910240NOB.html"">Box Score</a></td><td class=""center iz"" data-stat=""overtimes""></td><td class=""right"" data-stat=""attendance"">1,422</td><td class=""left iz"" data-stat=""game_remarks""></td></tr>"
39,"<tr><th class=""left"" csk=""196910240NYA"" data-stat=""date_game"" scope=""row""><a href=""/boxscores/index.fcgi?month=10&amp;day=24&amp;year=1969"">Fri, Oct 24, 1969</a></th><td class=""left"" csk=""DNR.196910240NYA"" data-stat=""visitor_team_name""><a href=""/teams/DNR/1970.html"">Denver Rockets</a></td><td class=""right"" data-stat=""visitor_pts"">91</td><td class=""left"" csk=""NYA.196910240NYA"" data-stat=""home_team_name""><a href=""/teams/NYA/1970.html"">New York Nets</a></td><td class=""right"" data-stat=""home_pts"">97</td><td class=""center"" data-stat=""box_score_text""><a href=""/boxscores/196910240NYA.html"">Box Score</a></td><td class=""center iz"" data-stat=""overtimes""></td><td class=""right"" data-stat=""attendance"">3,070</td><td class=""left iz"" data-stat=""game_remarks""></td></tr>"
41,"<tr><th class=""left"" csk=""196910250WSA"" data-stat=""date_game"" scope=""row""><a href=""/boxscores/index.fcgi?month=10&amp;day=25&amp;year=1969"">Sat, Oct 25, 1969</a></th><td class=""left"" csk=""DNR.196910250WSA"" data-stat=""visitor_team_name""><a href=""/teams/DNR/1970.html"">Denver Rockets</a></td><td class=""right"" data-stat=""visitor_pts"">82</td><td class=""left"" csk=""WSA.196910250WSA"" data-stat=""home_team_name""><a href=""/teams/WSA/1970.html"">Washington Capitols</a></td><td class=""right"" data-stat=""home_pts"">99</td><td class=""center"" data-stat=""box_score_text""><a href=""/boxscores/196910250WSA.html"">Box Score</a></td><td class=""center iz"" data-stat=""overtimes""></td><td class=""right"" data-stat=""attendance"">1,779</td><td class=""left iz"" data-stat=""game_remarks""></td></tr>"
43,"<tr><th class=""left"" csk=""196910250INA"" data-stat=""date_game"" scope=""row""><a href=""/boxscores/index.fcgi?month=10&amp;day=25&amp;year=1969"">Sat, Oct 25, 1969</a></th><td class=""left"" csk=""CAR.196910250INA"" data-stat=""visitor_team_name""><a href=""/teams/CAR/1970.html"">Carolina Cougars</a></td><td class=""right"" data-stat=""visitor_pts"">112</td><td class=""left"" csk=""INA.196910250INA"" data-stat=""home_team_name""><a href=""/teams/INA/1970.html"">Indiana Pacers</a></td><td class=""right"" data-stat=""home_pts"">129</td><td class=""center"" data-stat=""box_score_text""><a href=""/boxscores/196910250INA.html"">Box Score</a></td><td class=""center iz"" data-stat=""overtimes""></td><td class=""right"" data-stat=""attendance"">8,907</td><td class=""left iz"" data-stat=""game_remarks""></td></tr>"
45,"<tr><th class=""left"" csk=""196910250DLC"" data-stat=""date_game"" scope=""row""><a href=""/boxscores/index.fcgi?month=10&amp;day=25&amp;year=1969"">Sat, Oct 25, 1969</a></th><td class=""left"" csk=""NOB.196910250DLC"" data-stat=""visitor_team_name""><a href=""/teams/NOB/1970.html"">New Orleans Buccaneers</a></td><td class=""right"" data-stat=""visitor_pts"">114</td><td class=""left"" csk=""DLC.196910250DLC"" data-stat=""home_team_name""><a href=""/teams/DLC/1970.html"">Dallas Chaparrals</a></td><td class=""right"" data-stat=""home_pts"">115</td><td class=""center"" data-stat=""box_score_text""><a href=""/boxscores/196910250DLC.html"">Box Score</a></td><td class=""center iz"" data-stat=""overtimes""></td><td class=""right"" data-stat=""attendance"">2,421</td><td class=""left iz"" data-stat=""game_remarks""></td></tr>"
47,"<tr><th class=""left"" csk=""196910260WSA"" data-stat=""date_game"" scope=""row""><a href=""/boxscores/index.fcgi?month=10&amp;day=26&amp;year=1969"">Sun, Oct 26, 1969</a></th><td class=""left"" csk=""DLC.196910260WSA"" data-stat=""visitor_team_name""><a href=""/teams/DLC/1970.html"">Dallas Chaparrals</a></td><td class=""right"" data-stat=""visitor_pts"">92</td><td class=""left"" csk=""WSA.196910260WSA"" data-stat=""home_team_name""><a href=""/teams/WSA/1970.html"">Washington Capitols</a></td><td class=""right"" data-stat=""home_pts"">91</td><td class=""center"" data-stat=""box_score_text""><a href=""/boxscores/196910260WSA.html"">Box Score</a></td><td class=""center iz"" data-stat=""overtimes""></td><td class=""right"" data-stat=""attendance"">1,483</td><td class=""left iz"" data-stat=""game_remarks""></td></tr>"
49,"<tr><th class=""left"" csk=""196910260NYA"" data-stat=""date_game"" scope=""row""><a href=""/boxscores/index.fcgi?month=10&amp;day=26&amp;year=1969"">Sun, Oct 26, 1969</a></th><td class=""left"" csk=""CAR.196910260NYA"" data-stat=""visitor_team_name""><a href=""/teams/CAR/1970.html"">Carolina Cougars</a></td><td class=""right"" data-stat=""visitor_pts"">112</td><td class=""left"" csk=""NYA.196910260NYA"" data-stat=""home_team_name""><a href=""/teams/NYA/1970.html"">New York Nets</a></td><td class=""right"" data-stat=""home_pts"">110</td><td class=""center"" data-stat=""box_score_text""><a href=""/boxscores/196910260NYA.html"">Box Score</a></td><td class=""center iz"" data-stat=""overtimes""></td><td class=""right"" data-stat=""attendance"">2,706</td><td class=""left iz"" data-stat=""game_remarks""></td></tr>"
51,"<tr><th class=""left"" csk=""196910260MMF"" data-stat=""date_game"" scope=""row""><a href=""/boxscores/index.fcgi?month=10&amp;day=26&amp;year=1969"">Sun, Oct 26, 1969</a></th><td class=""left"" csk=""KEN.196910260MMF"" data-stat=""visitor_team_name""><a href=""/teams/KEN/1970.html"">Kentucky Colonels</a></td><td class=""right"" data-stat=""visitor_pts"">92</td><td class=""left"" csk=""MMF.196910260MMF"" data-stat=""home_team_name""><a href=""/teams/MMF/1970.html"">Miami Floridians</a></td><td class=""right"" data-stat=""home_pts"">85</td><td class=""center"" data-stat=""box_score_text""><a href=""/boxscores/196910260MMF.html"">Box Score</a></td><td class=""center iz"" data-stat=""overtimes""></td><td class=""right"" data-stat=""attendance"">2,146</td><td class=""left iz"" data-stat=""game_remarks""></td></tr>"
53,"<tr><th class=""left"" csk=""196910260LAS"" data-stat=""date_game"" scope=""row""><a href=""/boxscores/index.fcgi?month=10&amp;day=26&amp;year=1969"">Sun, Oct 26, 1969</a></th><td class=""left"" csk=""NOB.196910260LAS"" data-stat=""visitor_team_name""><a href=""/teams/NOB/1970.html"">New Orleans Buccaneers</a></td><td class=""right"" data-stat=""visitor_pts"">107</td><td class=""left"" csk=""LAS.196910260LAS"" data-stat=""home_team_name""><a href=""/teams/LAS/1970.html"">Los Angeles Stars</a></td><td class=""right"" data-stat=""home_pts"">101</td><td class=""center"" data-stat=""box_score_text""><a href=""/boxscores/196910260LAS.html"">Box Score</a></td><td class=""center iz"" data-stat=""overtimes""></td><td class=""right"" data-stat=""attendance"">1,352</td><td class=""left iz"" data-stat=""game_remarks""></td></tr>"
55,"<tr><th class=""left"" csk=""196910260DNR"" data-stat=""date_game"" scope=""row""><a href=""/boxscores/index.fcgi?month=10&amp;day=26&amp;year=1969"">Sun, Oct 26, 1969</a></th><td class=""left"" csk=""PTP.196910260DNR"" data-stat=""visitor_team_name""><a href=""/teams/PTP/1970.html"">Pittsburgh Pipers</a></td><td class=""right"" data-stat=""visitor_pts"">127</td><td class=""left"" csk=""DNR.196910260DNR"" data-stat=""home_team_name""><a href=""/teams/DNR/1970.html"">Denver Rockets</a></td><td class=""right"" data-stat=""home_pts"">105</td><td class=""center"" data-stat=""box_score_text""><a href=""/boxscores/196910260DNR.html"">Box Score</a></td><td class=""center iz"" data-stat=""overtimes""></td><td class=""right"" data-stat=""attendance"">3,854</td><td class=""left iz"" data-stat=""game_remarks""></td></tr>"
57,"<tr><th class=""left"" csk=""196910280CAR"" data-stat=""date_game"" scope=""row""><a href=""/boxscores/index.fcgi?month=10&amp;day=28&amp;year=1969"">Tue, Oct 28, 1969</a></th><td class=""left"" csk=""MMF.196910280CAR"" data-stat=""visitor_team_name""><a href=""/teams/MMF/1970.html"">Miami Floridians</a></td><td class=""right"" data-stat=""visitor_pts"">103</td><td class=""left"" csk=""CAR.196910280CAR"" data-stat=""home_team_name""><a href=""/teams/CAR/1970.html"">Carolina Cougars</a></td><td class=""right"" data-stat=""home_pts"">118</td><td class=""center"" data-stat=""box_score_text""><a href=""/boxscores/196910280CAR.html"">Box Score</a></td><td class=""center iz"" data-stat=""overtimes""></td><td class=""right"" data-stat=""attendance"">4,621</td><td class=""left"" data-stat=""game_remarks"">at Greensboro, NC</td></tr>"
59,"<tr><th class=""left"" csk=""196910280LAS"" data-stat=""date_game"" scope=""row""><a href=""/boxscores/index.fcgi?month=10&amp;day=28&amp;year=1969"">Tue, Oct 28, 1969</a></th><td class=""left"" csk=""DNR.196910280LAS"" data-stat=""visitor_team_name""><a href=""/teams/DNR/1970.html"">Denver Rockets</a></td><td class=""right"" data-stat=""visitor_pts"">118</td><td class=""left"" csk=""LAS.196910280LAS"" data-stat=""home_team_name""><a href=""/teams/LAS/1970.html"">Los Angeles Stars</a></td><td class=""right"" data-stat=""home_pts"">126</td><td class=""center"" data-stat=""box_score_text""><a href=""/boxscores/196910280LAS.html"">Box Score</a></td><td class=""center"" data-stat=""overtimes"">OT</td><td class=""right iz"" data-stat=""attendance""></td><td class=""left iz"" data-stat=""game_remarks""></td></tr>"
61,"<tr><th class=""left"" csk=""196910280PTP"" data-stat=""date_game"" scope=""row""><a href=""/boxscores/index.fcgi?month=10&amp;day=28&amp;year=1969"">Tue, Oct 28, 1969</a></th><td class=""left"" csk=""DLC.196910280PTP"" data-stat=""visitor_team_name""><a href=""/teams/DLC/1970.html"">Dallas Chaparrals</a></td><td class=""right"" data-stat=""visitor_pts"">111</td><td class=""left"" csk=""PTP.196910280PTP"" data-stat=""home_team_name""><a href=""/teams/PTP/1970.html"">Pittsburgh Pipers</a></td><td class=""right"" data-stat=""home_pts"">112</td><td class=""center"" data-stat=""box_score_text""><a href=""/boxscores/196910280PTP.html"">Box Score</a></td><td class=""center iz"" data-stat=""overtimes""></td><td class=""right iz"" data-stat=""attendance""></td><td class=""left iz"" data-stat=""game_remarks""></td></tr>"
63,"<tr><th class=""left"" csk=""196910290NYA"" data-stat=""date_game"" scope=""row""><a href=""/boxscores/index.fcgi?month=10&amp;day=29&amp;year=1969"">Wed, Oct 29, 1969</a></th><td class=""left"" csk=""MMF.196910290NYA"" data-stat=""visitor_team_name""><a href=""/teams/MMF/1970.html"">Miami Floridians</a></td><td class=""right"" data-stat=""visitor_pts"">92</td><td class=""left"" csk=""NYA.196910290NYA"" data-stat=""home_team_name""><a href=""/teams/NYA/1970.html"">New York Nets</a></td><td class=""right"" data-stat=""home_pts"">99</td><td class=""center"" data-stat=""box_score_text""><a href=""/boxscores/196910290NYA.html"">Box Score</a></td><td class=""center iz"" data-stat=""overtimes""></td><td class=""right"" data-stat=""attendance"">2,261</td><td class=""left iz"" data-stat=""game_remarks""></td></tr>"
65,"<tr><th class=""left"" csk=""196910290KEN"" data-stat=""date_game"" scope=""row""><a href=""/boxscores/index.fcgi?month=10&amp;day=29&amp;year=1969"">Wed, Oct 29, 1969</a></th><td class=""left"" csk=""DLC.196910290KEN"" data-stat=""visitor_team_name""><a href=""/teams/DLC/1970.html"">Dallas Chaparrals</a></td><td class=""right"" data-stat=""visitor_pts"">117</td><td class=""left"" csk=""KEN.196910290KEN"" data-stat=""home_team_name""><a href=""/teams/KEN/1970.html"">Kentucky Colonels</a></td><td class=""right"" data-stat=""home_pts"">122</td><td class=""center"" data-stat=""box_score_text""><a href=""/boxscores/196910290KEN.html"">Box Score</a></td><td class=""center iz"" data-stat=""overtimes""></td><td class=""right"" data-stat=""attendance"">3,470</td><td class=""left iz"" data-stat=""game_remarks""></td></tr>"
67,"<tr><th class=""left"" csk=""196910290INA"" data-stat=""date_game"" scope=""row""><a href=""/boxscores/index.fcgi?month=10&amp;day=29&amp;year=1969"">Wed, Oct 29, 1969</a></th><td class=""left"" csk=""PTP.196910290INA"" data-stat=""visitor_team_name""><a href=""/teams/PTP/1970.html"">Pittsburgh Pipers</a></td><td class=""right"" data-stat=""visitor_pts"">113</td><td class=""left"" csk=""INA.196910290INA"" data-stat=""home_team_name""><a href=""/teams/INA/1970.html"">Indiana Pacers</a></td><td class=""right"" data-stat=""home_pts"">129</td><td class=""center"" data-stat=""box_score_text""><a href=""/boxscores/196910290INA.html"">Box Score</a></td><td class=""center iz"" data-stat=""overtimes""></td><td class=""right"" data-stat=""attendance"">6,527</td><td class=""left iz"" data-stat=""game_remarks""></td></tr>"
69,"<tr><th class=""left"" csk=""196910300NOB"" data-stat=""date_game"" scope=""row""><a href=""/boxscores/index.fcgi?month=10&amp;day=30&amp;year=1969"">Thu, Oct 30, 1969</a></th><td class=""left"" csk=""LAS.196910300NOB"" data-stat=""visitor_team_name""><a href=""/teams/LAS/1970.html"">Los Angeles Stars</a></td><td class=""right"" data-stat=""visitor_pts"">117</td><td class=""left"" csk=""NOB.196910300NOB"" data-stat=""home_team_name""><a href=""/teams/NOB/1970.html"">New Orleans Buccaneers</a></td><td class=""right"" data-stat=""home_pts"">110</td><td class=""center"" data-stat=""box_score_text""><a href=""/boxscores/196910300NOB.html"">Box Score</a></td><td class=""center"" data-stat=""overtimes"">OT</td><td class=""right"" data-stat=""attendance"">1,950</td><td class=""left iz"" data-stat=""game_remarks""></td></tr>"
71,"<tr><th class=""left"" csk=""196910300WSA"" data-stat=""date_game"" scope=""row""><a href=""/boxscores/index.fcgi?month=10&amp;day=30&amp;year=1969"">Thu, Oct 30, 1969</a></th><td class=""left"" csk=""INA.196910300WSA"" data-stat=""visitor_team_name""><a href=""/teams/INA/1970.html"">Indiana Pacers</a></td><td class=""right"" data-stat=""visitor_pts"">123</td><td class=""left"" csk=""WSA.196910300WSA"" data-stat=""home_team_name""><a href=""/teams/WSA/1970.html"">Washington Capitols</a></td><td class=""right"" data-stat=""home_pts"">121</td><td class=""center"" data-stat=""box_score_text""><a href=""/boxscores/196910300WSA.html"">Box Score</a></td><td class=""center"" data-stat=""overtimes"">OT</td><td class=""right"" data-stat=""attendance"">1,951</td><td class=""left iz"" data-stat=""game_remarks""></td></tr>"
73,"<tr><th class=""left"" csk=""196910310DLC"" data-stat=""date_game"" scope=""row""><a href=""/boxscores/index.fcgi?month=10&amp;day=31&amp;year=1969"">Fri, Oct 31, 1969</a></th><td class=""left"" csk=""LAS.196910310DLC"" data-stat=""visitor_team_name""><a href=""/teams/LAS/1970.html"">Los Angeles Stars</a></td><td class=""right"" data-stat=""visitor_pts"">117</td><td class=""left"" csk=""DLC.196910310DLC"" data-stat=""home_team_name""><a href=""/teams/DLC/1970.html"">Dallas Chaparrals</a></td><td class=""right"" data-stat=""home_pts"">123</td><td class=""center"" data-stat=""box_score_text""><a href=""/boxscores/196910310DLC.html"">Box Score</a></td><td class=""center iz"" data-stat=""overtimes""></td><td class=""right"" data-stat=""attendance"">1,877</td><td class=""left iz"" data-stat=""game_remarks""></td></tr>"
75,"<tr><th class=""left"" csk=""196910310DNR"" data-stat=""date_game"" scope=""row""><a href=""/boxscores/index.fcgi?month=10&amp;day=31&amp;year=1969"">Fri, Oct 31, 1969</a></th><td class=""left"" csk=""WSA.196910310DNR"" data-stat=""visitor_team_name""><a href=""/teams/WSA/1970.html"">Washington Capitols</a></td><td class=""right"" data-stat=""visitor_pts"">106</td><td class=""left"" csk=""DNR.196910310DNR"" data-stat=""home_team_name""><a href=""/teams/DNR/1970.html"">Denver Rockets</a></td><td class=""right"" data-stat=""home_pts"">116</td><td class=""center"" data-stat=""box_score_text""><a href=""/boxscores/196910310DNR.html"">Box Score</a></td><td class=""center iz"" data-stat=""overtimes""></td><td class=""right"" data-stat=""attendance"">3,386</td><td class=""left iz"" data-stat=""game_remarks""></td></tr>"
77,"<tr><th class=""left"" csk=""196910310NYA"" data-stat=""date_game"" scope=""row""><a href=""/boxscores/index.fcgi?month=10&amp;day=31&amp;year=1969"">Fri, Oct 31, 1969</a></th><td class=""left"" csk=""KEN.196910310NYA"" data-stat=""visitor_team_name""><a href=""/teams/KEN/1970.html"">Kentucky Colonels</a></td><td class=""right"" data-stat=""visitor_pts"">114</td><td class=""left"" csk=""NYA.196910310NYA"" data-stat=""home_team_name""><a href=""/teams/NYA/1970.html"">New York Nets</a></td><td class=""right"" data-stat=""home_pts"">112</td><td class=""center"" data-stat=""box_score_text""><a href=""/boxscores/196910310NYA.html"">Box Score</a></td><td class=""center iz"" data-stat=""overtimes""></td><td class=""right"" data-stat=""attendance"">2,431</td><td class=""left iz"" data-stat=""game_remarks""></td></tr>"
79,"<tr><th class=""left"" csk=""196910310PTP"" data-stat=""date_game"" scope=""row""><a href=""/boxscores/index.fcgi?month=10&amp;day=31&amp;year=1969"">Fri, Oct 31, 1969</a></th><td class=""left"" csk=""CAR.196910310PTP"" data-stat=""visitor_team_name""><a href=""/teams/CAR/1970.html"">Carolina Cougars</a></td><td class=""right"" data-stat=""visitor_pts"">126</td><td class=""left"" csk=""PTP.196910310PTP"" data-stat=""home_team_name""><a href=""/teams/PTP/1970.html"">Pittsburgh Pipers</a></td><td class=""right"" data-stat=""home_pts"">136</td><td class=""center"" data-stat=""box_score_text""><a href=""/boxscores/196910310PTP.html"">Box Score</a></td><td class=""center iz"" data-stat=""overtimes""></td><td class=""right iz"" data-stat=""attendance""></td><td class=""left iz"" data-stat=""game_remarks""></td></tr>"
