,0
1,"<tr><th class=""left"" csk=""197302010INA"" data-stat=""date_game"" scope=""row""><a href=""/boxscores/index.fcgi?month=2&amp;day=1&amp;year=1973"">Thu, Feb 1, 1973</a></th><td class=""left"" csk=""DNR.197302010INA"" data-stat=""visitor_team_name""><a href=""/teams/DNR/1973.html"">Denver Rockets</a></td><td class=""right"" data-stat=""visitor_pts"">97</td><td class=""left"" csk=""INA.197302010INA"" data-stat=""home_team_name""><a href=""/teams/INA/1973.html"">Indiana Pacers</a></td><td class=""right"" data-stat=""home_pts"">92</td><td class=""center"" data-stat=""box_score_text""><a href=""/boxscores/197302010INA.html"">Box Score</a></td><td class=""center iz"" data-stat=""overtimes""></td><td class=""right"" data-stat=""attendance"">6,753</td><td class=""left iz"" data-stat=""game_remarks""></td></tr>"
3,"<tr><th class=""left"" csk=""197302010VIR"" data-stat=""date_game"" scope=""row""><a href=""/boxscores/index.fcgi?month=2&amp;day=1&amp;year=1973"">Thu, Feb 1, 1973</a></th><td class=""left"" csk=""CAR.197302010VIR"" data-stat=""visitor_team_name""><a href=""/teams/CAR/1973.html"">Carolina Cougars</a></td><td class=""right"" data-stat=""visitor_pts"">113</td><td class=""left"" csk=""VIR.197302010VIR"" data-stat=""home_team_name""><a href=""/teams/VIR/1973.html"">Virginia Squires</a></td><td class=""right"" data-stat=""home_pts"">98</td><td class=""center"" data-stat=""box_score_text""><a href=""/boxscores/197302010VIR.html"">Box Score</a></td><td class=""center iz"" data-stat=""overtimes""></td><td class=""right"" data-stat=""attendance"">7,288</td><td class=""left"" data-stat=""game_remarks"">at Norfolk, VA</td></tr>"
5,"<tr><th class=""left"" csk=""197302020CAR"" data-stat=""date_game"" scope=""row""><a href=""/boxscores/index.fcgi?month=2&amp;day=2&amp;year=1973"">Fri, Feb 2, 1973</a></th><td class=""left"" csk=""DNR.197302020CAR"" data-stat=""visitor_team_name""><a href=""/teams/DNR/1973.html"">Denver Rockets</a></td><td class=""right"" data-stat=""visitor_pts"">105</td><td class=""left"" csk=""CAR.197302020CAR"" data-stat=""home_team_name""><a href=""/teams/CAR/1973.html"">Carolina Cougars</a></td><td class=""right"" data-stat=""home_pts"">113</td><td class=""center"" data-stat=""box_score_text""><a href=""/boxscores/197302020CAR.html"">Box Score</a></td><td class=""center iz"" data-stat=""overtimes""></td><td class=""right"" data-stat=""attendance"">6,801</td><td class=""left"" data-stat=""game_remarks"">at Greensboro, NC</td></tr>"
7,"<tr><th class=""left"" csk=""197302020KEN"" data-stat=""date_game"" scope=""row""><a href=""/boxscores/index.fcgi?month=2&amp;day=2&amp;year=1973"">Fri, Feb 2, 1973</a></th><td class=""left"" csk=""SDA.197302020KEN"" data-stat=""visitor_team_name""><a href=""/teams/SDA/1973.html"">San Diego Conquistadors</a></td><td class=""right"" data-stat=""visitor_pts"">106</td><td class=""left"" csk=""KEN.197302020KEN"" data-stat=""home_team_name""><a href=""/teams/KEN/1973.html"">Kentucky Colonels</a></td><td class=""right"" data-stat=""home_pts"">118</td><td class=""center"" data-stat=""box_score_text""><a href=""/boxscores/197302020KEN.html"">Box Score</a></td><td class=""center iz"" data-stat=""overtimes""></td><td class=""right"" data-stat=""attendance"">7,874</td><td class=""left iz"" data-stat=""game_remarks""></td></tr>"
9,"<tr><th class=""left"" csk=""197302020MMT"" data-stat=""date_game"" scope=""row""><a href=""/boxscores/index.fcgi?month=2&amp;day=2&amp;year=1973"">Fri, Feb 2, 1973</a></th><td class=""left"" csk=""UTS.197302020MMT"" data-stat=""visitor_team_name""><a href=""/teams/UTS/1973.html"">Utah Stars</a></td><td class=""right"" data-stat=""visitor_pts"">110</td><td class=""left"" csk=""MMT.197302020MMT"" data-stat=""home_team_name""><a href=""/teams/MMT/1973.html"">Memphis Tams</a></td><td class=""right"" data-stat=""home_pts"">114</td><td class=""center"" data-stat=""box_score_text""><a href=""/boxscores/197302020MMT.html"">Box Score</a></td><td class=""center iz"" data-stat=""overtimes""></td><td class=""right"" data-stat=""attendance"">3,163</td><td class=""left iz"" data-stat=""game_remarks""></td></tr>"
11,"<tr><th class=""left"" csk=""197302020NYA"" data-stat=""date_game"" scope=""row""><a href=""/boxscores/index.fcgi?month=2&amp;day=2&amp;year=1973"">Fri, Feb 2, 1973</a></th><td class=""left"" csk=""DLC.197302020NYA"" data-stat=""visitor_team_name""><a href=""/teams/DLC/1973.html"">Dallas Chaparrals</a></td><td class=""right"" data-stat=""visitor_pts"">93</td><td class=""left"" csk=""NYA.197302020NYA"" data-stat=""home_team_name""><a href=""/teams/NYA/1973.html"">New York Nets</a></td><td class=""right"" data-stat=""home_pts"">106</td><td class=""center"" data-stat=""box_score_text""><a href=""/boxscores/197302020NYA.html"">Box Score</a></td><td class=""center iz"" data-stat=""overtimes""></td><td class=""right"" data-stat=""attendance"">5,322</td><td class=""left iz"" data-stat=""game_remarks""></td></tr>"
13,"<tr><th class=""left"" csk=""197302030VIR"" data-stat=""date_game"" scope=""row""><a href=""/boxscores/index.fcgi?month=2&amp;day=3&amp;year=1973"">Sat, Feb 3, 1973</a></th><td class=""left"" csk=""MMT.197302030VIR"" data-stat=""visitor_team_name""><a href=""/teams/MMT/1973.html"">Memphis Tams</a></td><td class=""right"" data-stat=""visitor_pts"">125</td><td class=""left"" csk=""VIR.197302030VIR"" data-stat=""home_team_name""><a href=""/teams/VIR/1973.html"">Virginia Squires</a></td><td class=""right"" data-stat=""home_pts"">142</td><td class=""center"" data-stat=""box_score_text""><a href=""/boxscores/197302030VIR.html"">Box Score</a></td><td class=""center iz"" data-stat=""overtimes""></td><td class=""right"" data-stat=""attendance"">5,725</td><td class=""left"" data-stat=""game_remarks"">at Hampton, VA</td></tr>"
15,"<tr><th class=""left"" csk=""197302030INA"" data-stat=""date_game"" scope=""row""><a href=""/boxscores/index.fcgi?month=2&amp;day=3&amp;year=1973"">Sat, Feb 3, 1973</a></th><td class=""left"" csk=""KEN.197302030INA"" data-stat=""visitor_team_name""><a href=""/teams/KEN/1973.html"">Kentucky Colonels</a></td><td class=""right"" data-stat=""visitor_pts"">103</td><td class=""left"" csk=""INA.197302030INA"" data-stat=""home_team_name""><a href=""/teams/INA/1973.html"">Indiana Pacers</a></td><td class=""right"" data-stat=""home_pts"">110</td><td class=""center"" data-stat=""box_score_text""><a href=""/boxscores/197302030INA.html"">Box Score</a></td><td class=""center iz"" data-stat=""overtimes""></td><td class=""right"" data-stat=""attendance"">10,079</td><td class=""left iz"" data-stat=""game_remarks""></td></tr>"
17,"<tr><th class=""left"" csk=""197302030DLC"" data-stat=""date_game"" scope=""row""><a href=""/boxscores/index.fcgi?month=2&amp;day=3&amp;year=1973"">Sat, Feb 3, 1973</a></th><td class=""left"" csk=""UTS.197302030DLC"" data-stat=""visitor_team_name""><a href=""/teams/UTS/1973.html"">Utah Stars</a></td><td class=""right"" data-stat=""visitor_pts"">121</td><td class=""left"" csk=""DLC.197302030DLC"" data-stat=""home_team_name""><a href=""/teams/DLC/1973.html"">Dallas Chaparrals</a></td><td class=""right"" data-stat=""home_pts"">126</td><td class=""center"" data-stat=""box_score_text""><a href=""/boxscores/197302030DLC.html"">Box Score</a></td><td class=""center iz"" data-stat=""overtimes""></td><td class=""right"" data-stat=""attendance"">2,457</td><td class=""left"" data-stat=""game_remarks"">at Denton, TX</td></tr>"
19,"<tr><th class=""left"" csk=""197302040INA"" data-stat=""date_game"" scope=""row""><a href=""/boxscores/index.fcgi?month=2&amp;day=4&amp;year=1973"">Sun, Feb 4, 1973</a></th><td class=""left"" csk=""UTS.197302040INA"" data-stat=""visitor_team_name""><a href=""/teams/UTS/1973.html"">Utah Stars</a></td><td class=""right"" data-stat=""visitor_pts"">86</td><td class=""left"" csk=""INA.197302040INA"" data-stat=""home_team_name""><a href=""/teams/INA/1973.html"">Indiana Pacers</a></td><td class=""right"" data-stat=""home_pts"">113</td><td class=""center"" data-stat=""box_score_text""><a href=""/boxscores/197302040INA.html"">Box Score</a></td><td class=""center iz"" data-stat=""overtimes""></td><td class=""right"" data-stat=""attendance"">9,802</td><td class=""left iz"" data-stat=""game_remarks""></td></tr>"
21,"<tr><th class=""left"" csk=""197302040KEN"" data-stat=""date_game"" scope=""row""><a href=""/boxscores/index.fcgi?month=2&amp;day=4&amp;year=1973"">Sun, Feb 4, 1973</a></th><td class=""left"" csk=""CAR.197302040KEN"" data-stat=""visitor_team_name""><a href=""/teams/CAR/1973.html"">Carolina Cougars</a></td><td class=""right"" data-stat=""visitor_pts"">104</td><td class=""left"" csk=""KEN.197302040KEN"" data-stat=""home_team_name""><a href=""/teams/KEN/1973.html"">Kentucky Colonels</a></td><td class=""right"" data-stat=""home_pts"">99</td><td class=""center"" data-stat=""box_score_text""><a href=""/boxscores/197302040KEN.html"">Box Score</a></td><td class=""center iz"" data-stat=""overtimes""></td><td class=""right"" data-stat=""attendance"">10,883</td><td class=""left iz"" data-stat=""game_remarks""></td></tr>"
23,"<tr><th class=""left"" csk=""197302040MMT"" data-stat=""date_game"" scope=""row""><a href=""/boxscores/index.fcgi?month=2&amp;day=4&amp;year=1973"">Sun, Feb 4, 1973</a></th><td class=""left"" csk=""DNR.197302040MMT"" data-stat=""visitor_team_name""><a href=""/teams/DNR/1973.html"">Denver Rockets</a></td><td class=""right"" data-stat=""visitor_pts"">104</td><td class=""left"" csk=""MMT.197302040MMT"" data-stat=""home_team_name""><a href=""/teams/MMT/1973.html"">Memphis Tams</a></td><td class=""right"" data-stat=""home_pts"">99</td><td class=""center"" data-stat=""box_score_text""><a href=""/boxscores/197302040MMT.html"">Box Score</a></td><td class=""center iz"" data-stat=""overtimes""></td><td class=""right"" data-stat=""attendance"">2,681</td><td class=""left iz"" data-stat=""game_remarks""></td></tr>"
25,"<tr><th class=""left"" csk=""197302040NYA"" data-stat=""date_game"" scope=""row""><a href=""/boxscores/index.fcgi?month=2&amp;day=4&amp;year=1973"">Sun, Feb 4, 1973</a></th><td class=""left"" csk=""SDA.197302040NYA"" data-stat=""visitor_team_name""><a href=""/teams/SDA/1973.html"">San Diego Conquistadors</a></td><td class=""right"" data-stat=""visitor_pts"">102</td><td class=""left"" csk=""NYA.197302040NYA"" data-stat=""home_team_name""><a href=""/teams/NYA/1973.html"">New York Nets</a></td><td class=""right"" data-stat=""home_pts"">104</td><td class=""center"" data-stat=""box_score_text""><a href=""/boxscores/197302040NYA.html"">Box Score</a></td><td class=""center iz"" data-stat=""overtimes""></td><td class=""right"" data-stat=""attendance"">6,602</td><td class=""left iz"" data-stat=""game_remarks""></td></tr>"
27,"<tr><th class=""left"" csk=""197302080VIR"" data-stat=""date_game"" scope=""row""><a href=""/boxscores/index.fcgi?month=2&amp;day=8&amp;year=1973"">Thu, Feb 8, 1973</a></th><td class=""left"" csk=""NYA.197302080VIR"" data-stat=""visitor_team_name""><a href=""/teams/NYA/1973.html"">New York Nets</a></td><td class=""right"" data-stat=""visitor_pts"">108</td><td class=""left"" csk=""VIR.197302080VIR"" data-stat=""home_team_name""><a href=""/teams/VIR/1973.html"">Virginia Squires</a></td><td class=""right"" data-stat=""home_pts"">123</td><td class=""center"" data-stat=""box_score_text""><a href=""/boxscores/197302080VIR.html"">Box Score</a></td><td class=""center iz"" data-stat=""overtimes""></td><td class=""right"" data-stat=""attendance"">6,564</td><td class=""left"" data-stat=""game_remarks"">at Norfolk, VA</td></tr>"
29,"<tr><th class=""left"" csk=""197302090NYA"" data-stat=""date_game"" scope=""row""><a href=""/boxscores/index.fcgi?month=2&amp;day=9&amp;year=1973"">Fri, Feb 9, 1973</a></th><td class=""left"" csk=""INA.197302090NYA"" data-stat=""visitor_team_name""><a href=""/teams/INA/1973.html"">Indiana Pacers</a></td><td class=""right"" data-stat=""visitor_pts"">115</td><td class=""left"" csk=""NYA.197302090NYA"" data-stat=""home_team_name""><a href=""/teams/NYA/1973.html"">New York Nets</a></td><td class=""right"" data-stat=""home_pts"">98</td><td class=""center"" data-stat=""box_score_text""><a href=""/boxscores/197302090NYA.html"">Box Score</a></td><td class=""center iz"" data-stat=""overtimes""></td><td class=""right"" data-stat=""attendance"">8,211</td><td class=""left iz"" data-stat=""game_remarks""></td></tr>"
31,"<tr><th class=""left"" csk=""197302100VIR"" data-stat=""date_game"" scope=""row""><a href=""/boxscores/index.fcgi?month=2&amp;day=10&amp;year=1973"">Sat, Feb 10, 1973</a></th><td class=""left"" csk=""KEN.197302100VIR"" data-stat=""visitor_team_name""><a href=""/teams/KEN/1973.html"">Kentucky Colonels</a></td><td class=""right"" data-stat=""visitor_pts"">100</td><td class=""left"" csk=""VIR.197302100VIR"" data-stat=""home_team_name""><a href=""/teams/VIR/1973.html"">Virginia Squires</a></td><td class=""right"" data-stat=""home_pts"">105</td><td class=""center"" data-stat=""box_score_text""><a href=""/boxscores/197302100VIR.html"">Box Score</a></td><td class=""center iz"" data-stat=""overtimes""></td><td class=""right"" data-stat=""attendance"">6,769</td><td class=""left"" data-stat=""game_remarks"">at Richmond, VA</td></tr>"
33,"<tr><th class=""left"" csk=""197302100UTS"" data-stat=""date_game"" scope=""row""><a href=""/boxscores/index.fcgi?month=2&amp;day=10&amp;year=1973"">Sat, Feb 10, 1973</a></th><td class=""left"" csk=""CAR.197302100UTS"" data-stat=""visitor_team_name""><a href=""/teams/CAR/1973.html"">Carolina Cougars</a></td><td class=""right"" data-stat=""visitor_pts"">111</td><td class=""left"" csk=""UTS.197302100UTS"" data-stat=""home_team_name""><a href=""/teams/UTS/1973.html"">Utah Stars</a></td><td class=""right"" data-stat=""home_pts"">99</td><td class=""center"" data-stat=""box_score_text""><a href=""/boxscores/197302100UTS.html"">Box Score</a></td><td class=""center iz"" data-stat=""overtimes""></td><td class=""right"" data-stat=""attendance"">9,333</td><td class=""left iz"" data-stat=""game_remarks""></td></tr>"
35,"<tr><th class=""left"" csk=""197302100DLC"" data-stat=""date_game"" scope=""row""><a href=""/boxscores/index.fcgi?month=2&amp;day=10&amp;year=1973"">Sat, Feb 10, 1973</a></th><td class=""left"" csk=""INA.197302100DLC"" data-stat=""visitor_team_name""><a href=""/teams/INA/1973.html"">Indiana Pacers</a></td><td class=""right"" data-stat=""visitor_pts"">105</td><td class=""left"" csk=""DLC.197302100DLC"" data-stat=""home_team_name""><a href=""/teams/DLC/1973.html"">Dallas Chaparrals</a></td><td class=""right"" data-stat=""home_pts"">99</td><td class=""center"" data-stat=""box_score_text""><a href=""/boxscores/197302100DLC.html"">Box Score</a></td><td class=""center iz"" data-stat=""overtimes""></td><td class=""right"" data-stat=""attendance"">3,016</td><td class=""left"" data-stat=""game_remarks"">at Birmingham, AL</td></tr>"
37,"<tr><th class=""left"" csk=""197302110DNR"" data-stat=""date_game"" scope=""row""><a href=""/boxscores/index.fcgi?month=2&amp;day=11&amp;year=1973"">Sun, Feb 11, 1973</a></th><td class=""left"" csk=""CAR.197302110DNR"" data-stat=""visitor_team_name""><a href=""/teams/CAR/1973.html"">Carolina Cougars</a></td><td class=""right"" data-stat=""visitor_pts"">108</td><td class=""left"" csk=""DNR.197302110DNR"" data-stat=""home_team_name""><a href=""/teams/DNR/1973.html"">Denver Rockets</a></td><td class=""right"" data-stat=""home_pts"">117</td><td class=""center"" data-stat=""box_score_text""><a href=""/boxscores/197302110DNR.html"">Box Score</a></td><td class=""center iz"" data-stat=""overtimes""></td><td class=""right"" data-stat=""attendance"">6,185</td><td class=""left iz"" data-stat=""game_remarks""></td></tr>"
39,"<tr><th class=""left"" csk=""197302110KEN"" data-stat=""date_game"" scope=""row""><a href=""/boxscores/index.fcgi?month=2&amp;day=11&amp;year=1973"">Sun, Feb 11, 1973</a></th><td class=""left"" csk=""INA.197302110KEN"" data-stat=""visitor_team_name""><a href=""/teams/INA/1973.html"">Indiana Pacers</a></td><td class=""right"" data-stat=""visitor_pts"">87</td><td class=""left"" csk=""KEN.197302110KEN"" data-stat=""home_team_name""><a href=""/teams/KEN/1973.html"">Kentucky Colonels</a></td><td class=""right"" data-stat=""home_pts"">98</td><td class=""center"" data-stat=""box_score_text""><a href=""/boxscores/197302110KEN.html"">Box Score</a></td><td class=""center iz"" data-stat=""overtimes""></td><td class=""right"" data-stat=""attendance"">11,037</td><td class=""left iz"" data-stat=""game_remarks""></td></tr>"
41,"<tr><th class=""left"" csk=""197302110NYA"" data-stat=""date_game"" scope=""row""><a href=""/boxscores/index.fcgi?month=2&amp;day=11&amp;year=1973"">Sun, Feb 11, 1973</a></th><td class=""left"" csk=""MMT.197302110NYA"" data-stat=""visitor_team_name""><a href=""/teams/MMT/1973.html"">Memphis Tams</a></td><td class=""right"" data-stat=""visitor_pts"">119</td><td class=""left"" csk=""NYA.197302110NYA"" data-stat=""home_team_name""><a href=""/teams/NYA/1973.html"">New York Nets</a></td><td class=""right"" data-stat=""home_pts"">97</td><td class=""center"" data-stat=""box_score_text""><a href=""/boxscores/197302110NYA.html"">Box Score</a></td><td class=""center iz"" data-stat=""overtimes""></td><td class=""right"" data-stat=""attendance"">6,031</td><td class=""left iz"" data-stat=""game_remarks""></td></tr>"
43,"<tr><th class=""left"" csk=""197302110SDA"" data-stat=""date_game"" scope=""row""><a href=""/boxscores/index.fcgi?month=2&amp;day=11&amp;year=1973"">Sun, Feb 11, 1973</a></th><td class=""left"" csk=""DLC.197302110SDA"" data-stat=""visitor_team_name""><a href=""/teams/DLC/1973.html"">Dallas Chaparrals</a></td><td class=""right"" data-stat=""visitor_pts"">115</td><td class=""left"" csk=""SDA.197302110SDA"" data-stat=""home_team_name""><a href=""/teams/SDA/1973.html"">San Diego Conquistadors</a></td><td class=""right"" data-stat=""home_pts"">113</td><td class=""center"" data-stat=""box_score_text""><a href=""/boxscores/197302110SDA.html"">Box Score</a></td><td class=""center"" data-stat=""overtimes"">OT</td><td class=""right"" data-stat=""attendance"">1,912</td><td class=""left iz"" data-stat=""game_remarks""></td></tr>"
45,"<tr><th class=""left"" csk=""197302120UTS"" data-stat=""date_game"" scope=""row""><a href=""/boxscores/index.fcgi?month=2&amp;day=12&amp;year=1973"">Mon, Feb 12, 1973</a></th><td class=""left"" csk=""DNR.197302120UTS"" data-stat=""visitor_team_name""><a href=""/teams/DNR/1973.html"">Denver Rockets</a></td><td class=""right"" data-stat=""visitor_pts"">107</td><td class=""left"" csk=""UTS.197302120UTS"" data-stat=""home_team_name""><a href=""/teams/UTS/1973.html"">Utah Stars</a></td><td class=""right"" data-stat=""home_pts"">119</td><td class=""center"" data-stat=""box_score_text""><a href=""/boxscores/197302120UTS.html"">Box Score</a></td><td class=""center iz"" data-stat=""overtimes""></td><td class=""right"" data-stat=""attendance"">5,961</td><td class=""left iz"" data-stat=""game_remarks""></td></tr>"
47,"<tr><th class=""left"" csk=""197302120INA"" data-stat=""date_game"" scope=""row""><a href=""/boxscores/index.fcgi?month=2&amp;day=12&amp;year=1973"">Mon, Feb 12, 1973</a></th><td class=""left"" csk=""VIR.197302120INA"" data-stat=""visitor_team_name""><a href=""/teams/VIR/1973.html"">Virginia Squires</a></td><td class=""right"" data-stat=""visitor_pts"">119</td><td class=""left"" csk=""INA.197302120INA"" data-stat=""home_team_name""><a href=""/teams/INA/1973.html"">Indiana Pacers</a></td><td class=""right"" data-stat=""home_pts"">127</td><td class=""center"" data-stat=""box_score_text""><a href=""/boxscores/197302120INA.html"">Box Score</a></td><td class=""center"" data-stat=""overtimes"">OT</td><td class=""right"" data-stat=""attendance"">8,655</td><td class=""left iz"" data-stat=""game_remarks""></td></tr>"
49,"<tr><th class=""left"" csk=""197302120DLC"" data-stat=""date_game"" scope=""row""><a href=""/boxscores/index.fcgi?month=2&amp;day=12&amp;year=1973"">Mon, Feb 12, 1973</a></th><td class=""left"" csk=""CAR.197302120DLC"" data-stat=""visitor_team_name""><a href=""/teams/CAR/1973.html"">Carolina Cougars</a></td><td class=""right"" data-stat=""visitor_pts"">118</td><td class=""left"" csk=""DLC.197302120DLC"" data-stat=""home_team_name""><a href=""/teams/DLC/1973.html"">Dallas Chaparrals</a></td><td class=""right"" data-stat=""home_pts"">111</td><td class=""center"" data-stat=""box_score_text""><a href=""/boxscores/197302120DLC.html"">Box Score</a></td><td class=""center iz"" data-stat=""overtimes""></td><td class=""right"" data-stat=""attendance"">1,727</td><td class=""left iz"" data-stat=""game_remarks""></td></tr>"
51,"<tr><th class=""left"" csk=""197302130MMT"" data-stat=""date_game"" scope=""row""><a href=""/boxscores/index.fcgi?month=2&amp;day=13&amp;year=1973"">Tue, Feb 13, 1973</a></th><td class=""left"" csk=""NYA.197302130MMT"" data-stat=""visitor_team_name""><a href=""/teams/NYA/1973.html"">New York Nets</a></td><td class=""right"" data-stat=""visitor_pts"">93</td><td class=""left"" csk=""MMT.197302130MMT"" data-stat=""home_team_name""><a href=""/teams/MMT/1973.html"">Memphis Tams</a></td><td class=""right"" data-stat=""home_pts"">95</td><td class=""center"" data-stat=""box_score_text""><a href=""/boxscores/197302130MMT.html"">Box Score</a></td><td class=""center iz"" data-stat=""overtimes""></td><td class=""right"" data-stat=""attendance"">3,189</td><td class=""left iz"" data-stat=""game_remarks""></td></tr>"
53,"<tr><th class=""left"" csk=""197302130SDA"" data-stat=""date_game"" scope=""row""><a href=""/boxscores/index.fcgi?month=2&amp;day=13&amp;year=1973"">Tue, Feb 13, 1973</a></th><td class=""left"" csk=""KEN.197302130SDA"" data-stat=""visitor_team_name""><a href=""/teams/KEN/1973.html"">Kentucky Colonels</a></td><td class=""right"" data-stat=""visitor_pts"">110</td><td class=""left"" csk=""SDA.197302130SDA"" data-stat=""home_team_name""><a href=""/teams/SDA/1973.html"">San Diego Conquistadors</a></td><td class=""right"" data-stat=""home_pts"">103</td><td class=""center"" data-stat=""box_score_text""><a href=""/boxscores/197302130SDA.html"">Box Score</a></td><td class=""center iz"" data-stat=""overtimes""></td><td class=""right"" data-stat=""attendance"">1,786</td><td class=""left iz"" data-stat=""game_remarks""></td></tr>"
55,"<tr><th class=""left"" csk=""197302140DNR"" data-stat=""date_game"" scope=""row""><a href=""/boxscores/index.fcgi?month=2&amp;day=14&amp;year=1973"">Wed, Feb 14, 1973</a></th><td class=""left"" csk=""KEN.197302140DNR"" data-stat=""visitor_team_name""><a href=""/teams/KEN/1973.html"">Kentucky Colonels</a></td><td class=""right"" data-stat=""visitor_pts"">111</td><td class=""left"" csk=""DNR.197302140DNR"" data-stat=""home_team_name""><a href=""/teams/DNR/1973.html"">Denver Rockets</a></td><td class=""right"" data-stat=""home_pts"">103</td><td class=""center"" data-stat=""box_score_text""><a href=""/boxscores/197302140DNR.html"">Box Score</a></td><td class=""center iz"" data-stat=""overtimes""></td><td class=""right"" data-stat=""attendance"">5,501</td><td class=""left iz"" data-stat=""game_remarks""></td></tr>"
57,"<tr><th class=""left"" csk=""197302140MMT"" data-stat=""date_game"" scope=""row""><a href=""/boxscores/index.fcgi?month=2&amp;day=14&amp;year=1973"">Wed, Feb 14, 1973</a></th><td class=""left"" csk=""INA.197302140MMT"" data-stat=""visitor_team_name""><a href=""/teams/INA/1973.html"">Indiana Pacers</a></td><td class=""right"" data-stat=""visitor_pts"">129</td><td class=""left"" csk=""MMT.197302140MMT"" data-stat=""home_team_name""><a href=""/teams/MMT/1973.html"">Memphis Tams</a></td><td class=""right"" data-stat=""home_pts"">125</td><td class=""center"" data-stat=""box_score_text""><a href=""/boxscores/197302140MMT.html"">Box Score</a></td><td class=""center"" data-stat=""overtimes"">OT</td><td class=""right"" data-stat=""attendance"">2,858</td><td class=""left iz"" data-stat=""game_remarks""></td></tr>"
59,"<tr><th class=""left"" csk=""197302140UTS"" data-stat=""date_game"" scope=""row""><a href=""/boxscores/index.fcgi?month=2&amp;day=14&amp;year=1973"">Wed, Feb 14, 1973</a></th><td class=""left"" csk=""NYA.197302140UTS"" data-stat=""visitor_team_name""><a href=""/teams/NYA/1973.html"">New York Nets</a></td><td class=""right"" data-stat=""visitor_pts"">90</td><td class=""left"" csk=""UTS.197302140UTS"" data-stat=""home_team_name""><a href=""/teams/UTS/1973.html"">Utah Stars</a></td><td class=""right"" data-stat=""home_pts"">117</td><td class=""center"" data-stat=""box_score_text""><a href=""/boxscores/197302140UTS.html"">Box Score</a></td><td class=""center iz"" data-stat=""overtimes""></td><td class=""right"" data-stat=""attendance"">5,871</td><td class=""left iz"" data-stat=""game_remarks""></td></tr>"
61,"<tr><th class=""left"" csk=""197302150CAR"" data-stat=""date_game"" scope=""row""><a href=""/boxscores/index.fcgi?month=2&amp;day=15&amp;year=1973"">Thu, Feb 15, 1973</a></th><td class=""left"" csk=""KEN.197302150CAR"" data-stat=""visitor_team_name""><a href=""/teams/KEN/1973.html"">Kentucky Colonels</a></td><td class=""right"" data-stat=""visitor_pts"">108</td><td class=""left"" csk=""CAR.197302150CAR"" data-stat=""home_team_name""><a href=""/teams/CAR/1973.html"">Carolina Cougars</a></td><td class=""right"" data-stat=""home_pts"">120</td><td class=""center"" data-stat=""box_score_text""><a href=""/boxscores/197302150CAR.html"">Box Score</a></td><td class=""center iz"" data-stat=""overtimes""></td><td class=""right"" data-stat=""attendance"">8,981</td><td class=""left"" data-stat=""game_remarks"">at Charlotte, NC</td></tr>"
63,"<tr><th class=""left"" csk=""197302160UTS"" data-stat=""date_game"" scope=""row""><a href=""/boxscores/index.fcgi?month=2&amp;day=16&amp;year=1973"">Fri, Feb 16, 1973</a></th><td class=""left"" csk=""INA.197302160UTS"" data-stat=""visitor_team_name""><a href=""/teams/INA/1973.html"">Indiana Pacers</a></td><td class=""right"" data-stat=""visitor_pts"">114</td><td class=""left"" csk=""UTS.197302160UTS"" data-stat=""home_team_name""><a href=""/teams/UTS/1973.html"">Utah Stars</a></td><td class=""right"" data-stat=""home_pts"">124</td><td class=""center"" data-stat=""box_score_text""><a href=""/boxscores/197302160UTS.html"">Box Score</a></td><td class=""center iz"" data-stat=""overtimes""></td><td class=""right"" data-stat=""attendance"">9,897</td><td class=""left iz"" data-stat=""game_remarks""></td></tr>"
65,"<tr><th class=""left"" csk=""197302160DNR"" data-stat=""date_game"" scope=""row""><a href=""/boxscores/index.fcgi?month=2&amp;day=16&amp;year=1973"">Fri, Feb 16, 1973</a></th><td class=""left"" csk=""MMT.197302160DNR"" data-stat=""visitor_team_name""><a href=""/teams/MMT/1973.html"">Memphis Tams</a></td><td class=""right"" data-stat=""visitor_pts"">121</td><td class=""left"" csk=""DNR.197302160DNR"" data-stat=""home_team_name""><a href=""/teams/DNR/1973.html"">Denver Rockets</a></td><td class=""right"" data-stat=""home_pts"">127</td><td class=""center"" data-stat=""box_score_text""><a href=""/boxscores/197302160DNR.html"">Box Score</a></td><td class=""center"" data-stat=""overtimes"">OT</td><td class=""right"" data-stat=""attendance"">2,862</td><td class=""left"" data-stat=""game_remarks"">at Saint Paul, MN</td></tr>"
67,"<tr><th class=""left"" csk=""197302160CAR"" data-stat=""date_game"" scope=""row""><a href=""/boxscores/index.fcgi?month=2&amp;day=16&amp;year=1973"">Fri, Feb 16, 1973</a></th><td class=""left"" csk=""NYA.197302160CAR"" data-stat=""visitor_team_name""><a href=""/teams/NYA/1973.html"">New York Nets</a></td><td class=""right"" data-stat=""visitor_pts"">112</td><td class=""left"" csk=""CAR.197302160CAR"" data-stat=""home_team_name""><a href=""/teams/CAR/1973.html"">Carolina Cougars</a></td><td class=""right"" data-stat=""home_pts"">104</td><td class=""center"" data-stat=""box_score_text""><a href=""/boxscores/197302160CAR.html"">Box Score</a></td><td class=""center iz"" data-stat=""overtimes""></td><td class=""right"" data-stat=""attendance"">10,491</td><td class=""left"" data-stat=""game_remarks"">at Greensboro, NC</td></tr>"
69,"<tr><th class=""left"" csk=""197302170DLC"" data-stat=""date_game"" scope=""row""><a href=""/boxscores/index.fcgi?month=2&amp;day=17&amp;year=1973"">Sat, Feb 17, 1973</a></th><td class=""left"" csk=""UTS.197302170DLC"" data-stat=""visitor_team_name""><a href=""/teams/UTS/1973.html"">Utah Stars</a></td><td class=""right"" data-stat=""visitor_pts"">115</td><td class=""left"" csk=""DLC.197302170DLC"" data-stat=""home_team_name""><a href=""/teams/DLC/1973.html"">Dallas Chaparrals</a></td><td class=""right"" data-stat=""home_pts"">114</td><td class=""center"" data-stat=""box_score_text""><a href=""/boxscores/197302170DLC.html"">Box Score</a></td><td class=""center iz"" data-stat=""overtimes""></td><td class=""right"" data-stat=""attendance"">2,974</td><td class=""left iz"" data-stat=""game_remarks""></td></tr>"
71,"<tr><th class=""left"" csk=""197302170VIR"" data-stat=""date_game"" scope=""row""><a href=""/boxscores/index.fcgi?month=2&amp;day=17&amp;year=1973"">Sat, Feb 17, 1973</a></th><td class=""left"" csk=""KEN.197302170VIR"" data-stat=""visitor_team_name""><a href=""/teams/KEN/1973.html"">Kentucky Colonels</a></td><td class=""right"" data-stat=""visitor_pts"">112</td><td class=""left"" csk=""VIR.197302170VIR"" data-stat=""home_team_name""><a href=""/teams/VIR/1973.html"">Virginia Squires</a></td><td class=""right"" data-stat=""home_pts"">105</td><td class=""center"" data-stat=""box_score_text""><a href=""/boxscores/197302170VIR.html"">Box Score</a></td><td class=""center iz"" data-stat=""overtimes""></td><td class=""right"" data-stat=""attendance"">8,359</td><td class=""left"" data-stat=""game_remarks"">at Hampton, VA</td></tr>"
73,"<tr><th class=""left"" csk=""197302180CAR"" data-stat=""date_game"" scope=""row""><a href=""/boxscores/index.fcgi?month=2&amp;day=18&amp;year=1973"">Sun, Feb 18, 1973</a></th><td class=""left"" csk=""MMT.197302180CAR"" data-stat=""visitor_team_name""><a href=""/teams/MMT/1973.html"">Memphis Tams</a></td><td class=""right"" data-stat=""visitor_pts"">114</td><td class=""left"" csk=""CAR.197302180CAR"" data-stat=""home_team_name""><a href=""/teams/CAR/1973.html"">Carolina Cougars</a></td><td class=""right"" data-stat=""home_pts"">138</td><td class=""center"" data-stat=""box_score_text""><a href=""/boxscores/197302180CAR.html"">Box Score</a></td><td class=""center iz"" data-stat=""overtimes""></td><td class=""right"" data-stat=""attendance"">4,525</td><td class=""left"" data-stat=""game_remarks"">at Charlotte, NC</td></tr>"
75,"<tr><th class=""left"" csk=""197302180DNR"" data-stat=""date_game"" scope=""row""><a href=""/boxscores/index.fcgi?month=2&amp;day=18&amp;year=1973"">Sun, Feb 18, 1973</a></th><td class=""left"" csk=""UTS.197302180DNR"" data-stat=""visitor_team_name""><a href=""/teams/UTS/1973.html"">Utah Stars</a></td><td class=""right"" data-stat=""visitor_pts"">90</td><td class=""left"" csk=""DNR.197302180DNR"" data-stat=""home_team_name""><a href=""/teams/DNR/1973.html"">Denver Rockets</a></td><td class=""right"" data-stat=""home_pts"">109</td><td class=""center"" data-stat=""box_score_text""><a href=""/boxscores/197302180DNR.html"">Box Score</a></td><td class=""center iz"" data-stat=""overtimes""></td><td class=""right"" data-stat=""attendance"">5,404</td><td class=""left iz"" data-stat=""game_remarks""></td></tr>"
77,"<tr><th class=""left"" csk=""197302180KEN"" data-stat=""date_game"" scope=""row""><a href=""/boxscores/index.fcgi?month=2&amp;day=18&amp;year=1973"">Sun, Feb 18, 1973</a></th><td class=""left"" csk=""NYA.197302180KEN"" data-stat=""visitor_team_name""><a href=""/teams/NYA/1973.html"">New York Nets</a></td><td class=""right"" data-stat=""visitor_pts"">85</td><td class=""left"" csk=""KEN.197302180KEN"" data-stat=""home_team_name""><a href=""/teams/KEN/1973.html"">Kentucky Colonels</a></td><td class=""right"" data-stat=""home_pts"">94</td><td class=""center"" data-stat=""box_score_text""><a href=""/boxscores/197302180KEN.html"">Box Score</a></td><td class=""center iz"" data-stat=""overtimes""></td><td class=""right"" data-stat=""attendance"">5,851</td><td class=""left iz"" data-stat=""game_remarks""></td></tr>"
79,"<tr><th class=""left"" csk=""197302180SDA"" data-stat=""date_game"" scope=""row""><a href=""/boxscores/index.fcgi?month=2&amp;day=18&amp;year=1973"">Sun, Feb 18, 1973</a></th><td class=""left"" csk=""INA.197302180SDA"" data-stat=""visitor_team_name""><a href=""/teams/INA/1973.html"">Indiana Pacers</a></td><td class=""right"" data-stat=""visitor_pts"">118</td><td class=""left"" csk=""SDA.197302180SDA"" data-stat=""home_team_name""><a href=""/teams/SDA/1973.html"">San Diego Conquistadors</a></td><td class=""right"" data-stat=""home_pts"">103</td><td class=""center"" data-stat=""box_score_text""><a href=""/boxscores/197302180SDA.html"">Box Score</a></td><td class=""center iz"" data-stat=""overtimes""></td><td class=""right"" data-stat=""attendance"">2,017</td><td class=""left iz"" data-stat=""game_remarks""></td></tr>"
81,"<tr><th class=""left"" csk=""197302190UTS"" data-stat=""date_game"" scope=""row""><a href=""/boxscores/index.fcgi?month=2&amp;day=19&amp;year=1973"">Mon, Feb 19, 1973</a></th><td class=""left"" csk=""SDA.197302190UTS"" data-stat=""visitor_team_name""><a href=""/teams/SDA/1973.html"">San Diego Conquistadors</a></td><td class=""right"" data-stat=""visitor_pts"">89</td><td class=""left"" csk=""UTS.197302190UTS"" data-stat=""home_team_name""><a href=""/teams/UTS/1973.html"">Utah Stars</a></td><td class=""right"" data-stat=""home_pts"">99</td><td class=""center"" data-stat=""box_score_text""><a href=""/boxscores/197302190UTS.html"">Box Score</a></td><td class=""center iz"" data-stat=""overtimes""></td><td class=""right"" data-stat=""attendance"">8,067</td><td class=""left iz"" data-stat=""game_remarks""></td></tr>"
83,"<tr><th class=""left"" csk=""197302190NYA"" data-stat=""date_game"" scope=""row""><a href=""/boxscores/index.fcgi?month=2&amp;day=19&amp;year=1973"">Mon, Feb 19, 1973</a></th><td class=""left"" csk=""DLC.197302190NYA"" data-stat=""visitor_team_name""><a href=""/teams/DLC/1973.html"">Dallas Chaparrals</a></td><td class=""right"" data-stat=""visitor_pts"">99</td><td class=""left"" csk=""NYA.197302190NYA"" data-stat=""home_team_name""><a href=""/teams/NYA/1973.html"">New York Nets</a></td><td class=""right"" data-stat=""home_pts"">128</td><td class=""center"" data-stat=""box_score_text""><a href=""/boxscores/197302190NYA.html"">Box Score</a></td><td class=""center iz"" data-stat=""overtimes""></td><td class=""right"" data-stat=""attendance"">6,217</td><td class=""left iz"" data-stat=""game_remarks""></td></tr>"
85,"<tr><th class=""left"" csk=""197302200CAR"" data-stat=""date_game"" scope=""row""><a href=""/boxscores/index.fcgi?month=2&amp;day=20&amp;year=1973"">Tue, Feb 20, 1973</a></th><td class=""left"" csk=""NYA.197302200CAR"" data-stat=""visitor_team_name""><a href=""/teams/NYA/1973.html"">New York Nets</a></td><td class=""right"" data-stat=""visitor_pts"">106</td><td class=""left"" csk=""CAR.197302200CAR"" data-stat=""home_team_name""><a href=""/teams/CAR/1973.html"">Carolina Cougars</a></td><td class=""right"" data-stat=""home_pts"">123</td><td class=""center"" data-stat=""box_score_text""><a href=""/boxscores/197302200CAR.html"">Box Score</a></td><td class=""center iz"" data-stat=""overtimes""></td><td class=""right"" data-stat=""attendance"">5,397</td><td class=""left"" data-stat=""game_remarks"">at Greensboro, NC</td></tr>"
87,"<tr><th class=""left"" csk=""197302200DLC"" data-stat=""date_game"" scope=""row""><a href=""/boxscores/index.fcgi?month=2&amp;day=20&amp;year=1973"">Tue, Feb 20, 1973</a></th><td class=""left"" csk=""INA.197302200DLC"" data-stat=""visitor_team_name""><a href=""/teams/INA/1973.html"">Indiana Pacers</a></td><td class=""right"" data-stat=""visitor_pts"">112</td><td class=""left"" csk=""DLC.197302200DLC"" data-stat=""home_team_name""><a href=""/teams/DLC/1973.html"">Dallas Chaparrals</a></td><td class=""right"" data-stat=""home_pts"">119</td><td class=""center"" data-stat=""box_score_text""><a href=""/boxscores/197302200DLC.html"">Box Score</a></td><td class=""center iz"" data-stat=""overtimes""></td><td class=""right"" data-stat=""attendance"">1,677</td><td class=""left iz"" data-stat=""game_remarks""></td></tr>"
89,"<tr><th class=""left"" csk=""197302200MMT"" data-stat=""date_game"" scope=""row""><a href=""/boxscores/index.fcgi?month=2&amp;day=20&amp;year=1973"">Tue, Feb 20, 1973</a></th><td class=""left"" csk=""VIR.197302200MMT"" data-stat=""visitor_team_name""><a href=""/teams/VIR/1973.html"">Virginia Squires</a></td><td class=""right"" data-stat=""visitor_pts"">103</td><td class=""left"" csk=""MMT.197302200MMT"" data-stat=""home_team_name""><a href=""/teams/MMT/1973.html"">Memphis Tams</a></td><td class=""right"" data-stat=""home_pts"">107</td><td class=""center"" data-stat=""box_score_text""><a href=""/boxscores/197302200MMT.html"">Box Score</a></td><td class=""center iz"" data-stat=""overtimes""></td><td class=""right"" data-stat=""attendance"">3,201</td><td class=""left iz"" data-stat=""game_remarks""></td></tr>"
91,"<tr><th class=""left"" csk=""197302210DNR"" data-stat=""date_game"" scope=""row""><a href=""/boxscores/index.fcgi?month=2&amp;day=21&amp;year=1973"">Wed, Feb 21, 1973</a></th><td class=""left"" csk=""SDA.197302210DNR"" data-stat=""visitor_team_name""><a href=""/teams/SDA/1973.html"">San Diego Conquistadors</a></td><td class=""right"" data-stat=""visitor_pts"">109</td><td class=""left"" csk=""DNR.197302210DNR"" data-stat=""home_team_name""><a href=""/teams/DNR/1973.html"">Denver Rockets</a></td><td class=""right"" data-stat=""home_pts"">110</td><td class=""center"" data-stat=""box_score_text""><a href=""/boxscores/197302210DNR.html"">Box Score</a></td><td class=""center iz"" data-stat=""overtimes""></td><td class=""right"" data-stat=""attendance"">4,586</td><td class=""left iz"" data-stat=""game_remarks""></td></tr>"
93,"<tr><th class=""left"" csk=""197302210KEN"" data-stat=""date_game"" scope=""row""><a href=""/boxscores/index.fcgi?month=2&amp;day=21&amp;year=1973"">Wed, Feb 21, 1973</a></th><td class=""left"" csk=""MMT.197302210KEN"" data-stat=""visitor_team_name""><a href=""/teams/MMT/1973.html"">Memphis Tams</a></td><td class=""right"" data-stat=""visitor_pts"">109</td><td class=""left"" csk=""KEN.197302210KEN"" data-stat=""home_team_name""><a href=""/teams/KEN/1973.html"">Kentucky Colonels</a></td><td class=""right"" data-stat=""home_pts"">125</td><td class=""center"" data-stat=""box_score_text""><a href=""/boxscores/197302210KEN.html"">Box Score</a></td><td class=""center iz"" data-stat=""overtimes""></td><td class=""right"" data-stat=""attendance"">5,187</td><td class=""left iz"" data-stat=""game_remarks""></td></tr>"
95,"<tr><th class=""left"" csk=""197302230NYA"" data-stat=""date_game"" scope=""row""><a href=""/boxscores/index.fcgi?month=2&amp;day=23&amp;year=1973"">Fri, Feb 23, 1973</a></th><td class=""left"" csk=""CAR.197302230NYA"" data-stat=""visitor_team_name""><a href=""/teams/CAR/1973.html"">Carolina Cougars</a></td><td class=""right"" data-stat=""visitor_pts"">107</td><td class=""left"" csk=""NYA.197302230NYA"" data-stat=""home_team_name""><a href=""/teams/NYA/1973.html"">New York Nets</a></td><td class=""right"" data-stat=""home_pts"">93</td><td class=""center"" data-stat=""box_score_text""><a href=""/boxscores/197302230NYA.html"">Box Score</a></td><td class=""center iz"" data-stat=""overtimes""></td><td class=""right"" data-stat=""attendance"">7,243</td><td class=""left iz"" data-stat=""game_remarks""></td></tr>"
97,"<tr><th class=""left"" csk=""197302230MMT"" data-stat=""date_game"" scope=""row""><a href=""/boxscores/index.fcgi?month=2&amp;day=23&amp;year=1973"">Fri, Feb 23, 1973</a></th><td class=""left"" csk=""DNR.197302230MMT"" data-stat=""visitor_team_name""><a href=""/teams/DNR/1973.html"">Denver Rockets</a></td><td class=""right"" data-stat=""visitor_pts"">129</td><td class=""left"" csk=""MMT.197302230MMT"" data-stat=""home_team_name""><a href=""/teams/MMT/1973.html"">Memphis Tams</a></td><td class=""right"" data-stat=""home_pts"">103</td><td class=""center"" data-stat=""box_score_text""><a href=""/boxscores/197302230MMT.html"">Box Score</a></td><td class=""center iz"" data-stat=""overtimes""></td><td class=""right"" data-stat=""attendance"">3,043</td><td class=""left iz"" data-stat=""game_remarks""></td></tr>"
99,"<tr><th class=""left"" csk=""197302240CAR"" data-stat=""date_game"" scope=""row""><a href=""/boxscores/index.fcgi?month=2&amp;day=24&amp;year=1973"">Sat, Feb 24, 1973</a></th><td class=""left"" csk=""DNR.197302240CAR"" data-stat=""visitor_team_name""><a href=""/teams/DNR/1973.html"">Denver Rockets</a></td><td class=""right"" data-stat=""visitor_pts"">115</td><td class=""left"" csk=""CAR.197302240CAR"" data-stat=""home_team_name""><a href=""/teams/CAR/1973.html"">Carolina Cougars</a></td><td class=""right"" data-stat=""home_pts"">104</td><td class=""center"" data-stat=""box_score_text""><a href=""/boxscores/197302240CAR.html"">Box Score</a></td><td class=""center iz"" data-stat=""overtimes""></td><td class=""right"" data-stat=""attendance"">6,237</td><td class=""left"" data-stat=""game_remarks"">at Charlotte, NC</td></tr>"
101,"<tr><th class=""left"" csk=""197302240DLC"" data-stat=""date_game"" scope=""row""><a href=""/boxscores/index.fcgi?month=2&amp;day=24&amp;year=1973"">Sat, Feb 24, 1973</a></th><td class=""left"" csk=""KEN.197302240DLC"" data-stat=""visitor_team_name""><a href=""/teams/KEN/1973.html"">Kentucky Colonels</a></td><td class=""right"" data-stat=""visitor_pts"">107</td><td class=""left"" csk=""DLC.197302240DLC"" data-stat=""home_team_name""><a href=""/teams/DLC/1973.html"">Dallas Chaparrals</a></td><td class=""right"" data-stat=""home_pts"">102</td><td class=""center"" data-stat=""box_score_text""><a href=""/boxscores/197302240DLC.html"">Box Score</a></td><td class=""center iz"" data-stat=""overtimes""></td><td class=""right"" data-stat=""attendance"">2,749</td><td class=""left iz"" data-stat=""game_remarks""></td></tr>"
103,"<tr><th class=""left"" csk=""197302240MMT"" data-stat=""date_game"" scope=""row""><a href=""/boxscores/index.fcgi?month=2&amp;day=24&amp;year=1973"">Sat, Feb 24, 1973</a></th><td class=""left"" csk=""NYA.197302240MMT"" data-stat=""visitor_team_name""><a href=""/teams/NYA/1973.html"">New York Nets</a></td><td class=""right"" data-stat=""visitor_pts"">98</td><td class=""left"" csk=""MMT.197302240MMT"" data-stat=""home_team_name""><a href=""/teams/MMT/1973.html"">Memphis Tams</a></td><td class=""right"" data-stat=""home_pts"">107</td><td class=""center"" data-stat=""box_score_text""><a href=""/boxscores/197302240MMT.html"">Box Score</a></td><td class=""center iz"" data-stat=""overtimes""></td><td class=""right"" data-stat=""attendance"">4,438</td><td class=""left iz"" data-stat=""game_remarks""></td></tr>"
105,"<tr><th class=""left"" csk=""197302240VIR"" data-stat=""date_game"" scope=""row""><a href=""/boxscores/index.fcgi?month=2&amp;day=24&amp;year=1973"">Sat, Feb 24, 1973</a></th><td class=""left"" csk=""INA.197302240VIR"" data-stat=""visitor_team_name""><a href=""/teams/INA/1973.html"">Indiana Pacers</a></td><td class=""right"" data-stat=""visitor_pts"">115</td><td class=""left"" csk=""VIR.197302240VIR"" data-stat=""home_team_name""><a href=""/teams/VIR/1973.html"">Virginia Squires</a></td><td class=""right"" data-stat=""home_pts"">126</td><td class=""center"" data-stat=""box_score_text""><a href=""/boxscores/197302240VIR.html"">Box Score</a></td><td class=""center iz"" data-stat=""overtimes""></td><td class=""right"" data-stat=""attendance"">5,452</td><td class=""left"" data-stat=""game_remarks"">at Norfolk, VA</td></tr>"
107,"<tr><th class=""left"" csk=""197302250SDA"" data-stat=""date_game"" scope=""row""><a href=""/boxscores/index.fcgi?month=2&amp;day=25&amp;year=1973"">Sun, Feb 25, 1973</a></th><td class=""left"" csk=""DLC.197302250SDA"" data-stat=""visitor_team_name""><a href=""/teams/DLC/1973.html"">Dallas Chaparrals</a></td><td class=""right"" data-stat=""visitor_pts"">94</td><td class=""left"" csk=""SDA.197302250SDA"" data-stat=""home_team_name""><a href=""/teams/SDA/1973.html"">San Diego Conquistadors</a></td><td class=""right"" data-stat=""home_pts"">102</td><td class=""center"" data-stat=""box_score_text""><a href=""/boxscores/197302250SDA.html"">Box Score</a></td><td class=""center iz"" data-stat=""overtimes""></td><td class=""right"" data-stat=""attendance"">1,476</td><td class=""left iz"" data-stat=""game_remarks""></td></tr>"
109,"<tr><th class=""left"" csk=""197302250NYA"" data-stat=""date_game"" scope=""row""><a href=""/boxscores/index.fcgi?month=2&amp;day=25&amp;year=1973"">Sun, Feb 25, 1973</a></th><td class=""left"" csk=""INA.197302250NYA"" data-stat=""visitor_team_name""><a href=""/teams/INA/1973.html"">Indiana Pacers</a></td><td class=""right"" data-stat=""visitor_pts"">97</td><td class=""left"" csk=""NYA.197302250NYA"" data-stat=""home_team_name""><a href=""/teams/NYA/1973.html"">New York Nets</a></td><td class=""right"" data-stat=""home_pts"">118</td><td class=""center"" data-stat=""box_score_text""><a href=""/boxscores/197302250NYA.html"">Box Score</a></td><td class=""center iz"" data-stat=""overtimes""></td><td class=""right"" data-stat=""attendance"">8,104</td><td class=""left iz"" data-stat=""game_remarks""></td></tr>"
111,"<tr><th class=""left"" csk=""197302250MMT"" data-stat=""date_game"" scope=""row""><a href=""/boxscores/index.fcgi?month=2&amp;day=25&amp;year=1973"">Sun, Feb 25, 1973</a></th><td class=""left"" csk=""CAR.197302250MMT"" data-stat=""visitor_team_name""><a href=""/teams/CAR/1973.html"">Carolina Cougars</a></td><td class=""right"" data-stat=""visitor_pts"">128</td><td class=""left"" csk=""MMT.197302250MMT"" data-stat=""home_team_name""><a href=""/teams/MMT/1973.html"">Memphis Tams</a></td><td class=""right"" data-stat=""home_pts"">127</td><td class=""center"" data-stat=""box_score_text""><a href=""/boxscores/197302250MMT.html"">Box Score</a></td><td class=""center iz"" data-stat=""overtimes""></td><td class=""right"" data-stat=""attendance"">4,663</td><td class=""left iz"" data-stat=""game_remarks""></td></tr>"
113,"<tr><th class=""left"" csk=""197302250DNR"" data-stat=""date_game"" scope=""row""><a href=""/boxscores/index.fcgi?month=2&amp;day=25&amp;year=1973"">Sun, Feb 25, 1973</a></th><td class=""left"" csk=""KEN.197302250DNR"" data-stat=""visitor_team_name""><a href=""/teams/KEN/1973.html"">Kentucky Colonels</a></td><td class=""right"" data-stat=""visitor_pts"">86</td><td class=""left"" csk=""DNR.197302250DNR"" data-stat=""home_team_name""><a href=""/teams/DNR/1973.html"">Denver Rockets</a></td><td class=""right"" data-stat=""home_pts"">87</td><td class=""center"" data-stat=""box_score_text""><a href=""/boxscores/197302250DNR.html"">Box Score</a></td><td class=""center iz"" data-stat=""overtimes""></td><td class=""right"" data-stat=""attendance"">5,660</td><td class=""left iz"" data-stat=""game_remarks""></td></tr>"
115,"<tr><th class=""left"" csk=""197302260DLC"" data-stat=""date_game"" scope=""row""><a href=""/boxscores/index.fcgi?month=2&amp;day=26&amp;year=1973"">Mon, Feb 26, 1973</a></th><td class=""left"" csk=""SDA.197302260DLC"" data-stat=""visitor_team_name""><a href=""/teams/SDA/1973.html"">San Diego Conquistadors</a></td><td class=""right"" data-stat=""visitor_pts"">115</td><td class=""left"" csk=""DLC.197302260DLC"" data-stat=""home_team_name""><a href=""/teams/DLC/1973.html"">Dallas Chaparrals</a></td><td class=""right"" data-stat=""home_pts"">120</td><td class=""center"" data-stat=""box_score_text""><a href=""/boxscores/197302260DLC.html"">Box Score</a></td><td class=""center iz"" data-stat=""overtimes""></td><td class=""right"" data-stat=""attendance"">1,014</td><td class=""left iz"" data-stat=""game_remarks""></td></tr>"
117,"<tr><th class=""left"" csk=""197302260INA"" data-stat=""date_game"" scope=""row""><a href=""/boxscores/index.fcgi?month=2&amp;day=26&amp;year=1973"">Mon, Feb 26, 1973</a></th><td class=""left"" csk=""NYA.197302260INA"" data-stat=""visitor_team_name""><a href=""/teams/NYA/1973.html"">New York Nets</a></td><td class=""right"" data-stat=""visitor_pts"">107</td><td class=""left"" csk=""INA.197302260INA"" data-stat=""home_team_name""><a href=""/teams/INA/1973.html"">Indiana Pacers</a></td><td class=""right"" data-stat=""home_pts"">112</td><td class=""center"" data-stat=""box_score_text""><a href=""/boxscores/197302260INA.html"">Box Score</a></td><td class=""center iz"" data-stat=""overtimes""></td><td class=""right"" data-stat=""attendance"">7,580</td><td class=""left"" data-stat=""game_remarks"">at Fort Wayne, IN</td></tr>"
119,"<tr><th class=""left"" csk=""197302270UTS"" data-stat=""date_game"" scope=""row""><a href=""/boxscores/index.fcgi?month=2&amp;day=27&amp;year=1973"">Tue, Feb 27, 1973</a></th><td class=""left"" csk=""KEN.197302270UTS"" data-stat=""visitor_team_name""><a href=""/teams/KEN/1973.html"">Kentucky Colonels</a></td><td class=""right"" data-stat=""visitor_pts"">97</td><td class=""left"" csk=""UTS.197302270UTS"" data-stat=""home_team_name""><a href=""/teams/UTS/1973.html"">Utah Stars</a></td><td class=""right"" data-stat=""home_pts"">103</td><td class=""center"" data-stat=""box_score_text""><a href=""/boxscores/197302270UTS.html"">Box Score</a></td><td class=""center iz"" data-stat=""overtimes""></td><td class=""right"" data-stat=""attendance"">9,136</td><td class=""left iz"" data-stat=""game_remarks""></td></tr>"
121,"<tr><th class=""left"" csk=""197302280DNR"" data-stat=""date_game"" scope=""row""><a href=""/boxscores/index.fcgi?month=2&amp;day=28&amp;year=1973"">Wed, Feb 28, 1973</a></th><td class=""left"" csk=""CAR.197302280DNR"" data-stat=""visitor_team_name""><a href=""/teams/CAR/1973.html"">Carolina Cougars</a></td><td class=""right"" data-stat=""visitor_pts"">104</td><td class=""left"" csk=""DNR.197302280DNR"" data-stat=""home_team_name""><a href=""/teams/DNR/1973.html"">Denver Rockets</a></td><td class=""right"" data-stat=""home_pts"">96</td><td class=""center"" data-stat=""box_score_text""><a href=""/boxscores/197302280DNR.html"">Box Score</a></td><td class=""center iz"" data-stat=""overtimes""></td><td class=""right"" data-stat=""attendance"">5,333</td><td class=""left iz"" data-stat=""game_remarks""></td></tr>"
123,"<tr><th class=""left"" csk=""197302280INA"" data-stat=""date_game"" scope=""row""><a href=""/boxscores/index.fcgi?month=2&amp;day=28&amp;year=1973"">Wed, Feb 28, 1973</a></th><td class=""left"" csk=""SDA.197302280INA"" data-stat=""visitor_team_name""><a href=""/teams/SDA/1973.html"">San Diego Conquistadors</a></td><td class=""right"" data-stat=""visitor_pts"">106</td><td class=""left"" csk=""INA.197302280INA"" data-stat=""home_team_name""><a href=""/teams/INA/1973.html"">Indiana Pacers</a></td><td class=""right"" data-stat=""home_pts"">109</td><td class=""center"" data-stat=""box_score_text""><a href=""/boxscores/197302280INA.html"">Box Score</a></td><td class=""center iz"" data-stat=""overtimes""></td><td class=""right"" data-stat=""attendance"">8,119</td><td class=""left iz"" data-stat=""game_remarks""></td></tr>"
125,"<tr><th class=""left"" csk=""197302280KEN"" data-stat=""date_game"" scope=""row""><a href=""/boxscores/index.fcgi?month=2&amp;day=28&amp;year=1973"">Wed, Feb 28, 1973</a></th><td class=""left"" csk=""VIR.197302280KEN"" data-stat=""visitor_team_name""><a href=""/teams/VIR/1973.html"">Virginia Squires</a></td><td class=""right"" data-stat=""visitor_pts"">97</td><td class=""left"" csk=""KEN.197302280KEN"" data-stat=""home_team_name""><a href=""/teams/KEN/1973.html"">Kentucky Colonels</a></td><td class=""right"" data-stat=""home_pts"">117</td><td class=""center"" data-stat=""box_score_text""><a href=""/boxscores/197302280KEN.html"">Box Score</a></td><td class=""center iz"" data-stat=""overtimes""></td><td class=""right"" data-stat=""attendance"">6,271</td><td class=""left iz"" data-stat=""game_remarks""></td></tr>"
127,"<tr><th class=""left"" csk=""197302280NYA"" data-stat=""date_game"" scope=""row""><a href=""/boxscores/index.fcgi?month=2&amp;day=28&amp;year=1973"">Wed, Feb 28, 1973</a></th><td class=""left"" csk=""MMT.197302280NYA"" data-stat=""visitor_team_name""><a href=""/teams/MMT/1973.html"">Memphis Tams</a></td><td class=""right"" data-stat=""visitor_pts"">108</td><td class=""left"" csk=""NYA.197302280NYA"" data-stat=""home_team_name""><a href=""/teams/NYA/1973.html"">New York Nets</a></td><td class=""right"" data-stat=""home_pts"">115</td><td class=""center"" data-stat=""box_score_text""><a href=""/boxscores/197302280NYA.html"">Box Score</a></td><td class=""center iz"" data-stat=""overtimes""></td><td class=""right"" data-stat=""attendance"">6,098</td><td class=""left iz"" data-stat=""game_remarks""></td></tr>"
