,0
1,"<tr><th class=""left"" csk=""196912020DLC"" data-stat=""date_game"" scope=""row""><a href=""/boxscores/index.fcgi?month=12&amp;day=2&amp;year=1969"">Tue, Dec 2, 1969</a></th><td class=""left"" csk=""NYA.196912020DLC"" data-stat=""visitor_team_name""><a href=""/teams/NYA/1970.html"">New York Nets</a></td><td class=""right"" data-stat=""visitor_pts"">108</td><td class=""left"" csk=""DLC.196912020DLC"" data-stat=""home_team_name""><a href=""/teams/DLC/1970.html"">Dallas Chaparrals</a></td><td class=""right"" data-stat=""home_pts"">120</td><td class=""center"" data-stat=""box_score_text""><a href=""/boxscores/196912020DLC.html"">Box Score</a></td><td class=""center iz"" data-stat=""overtimes""></td><td class=""right"" data-stat=""attendance"">2,003</td><td class=""left iz"" data-stat=""game_remarks""></td></tr>"
3,"<tr><th class=""left"" csk=""196912020PTP"" data-stat=""date_game"" scope=""row""><a href=""/boxscores/index.fcgi?month=12&amp;day=2&amp;year=1969"">Tue, Dec 2, 1969</a></th><td class=""left"" csk=""DNR.196912020PTP"" data-stat=""visitor_team_name""><a href=""/teams/DNR/1970.html"">Denver Rockets</a></td><td class=""right"" data-stat=""visitor_pts"">127</td><td class=""left"" csk=""PTP.196912020PTP"" data-stat=""home_team_name""><a href=""/teams/PTP/1970.html"">Pittsburgh Pipers</a></td><td class=""right"" data-stat=""home_pts"">101</td><td class=""center"" data-stat=""box_score_text""><a href=""/boxscores/196912020PTP.html"">Box Score</a></td><td class=""center iz"" data-stat=""overtimes""></td><td class=""right iz"" data-stat=""attendance""></td><td class=""left iz"" data-stat=""game_remarks""></td></tr>"
5,"<tr><th class=""left"" csk=""196912030WSA"" data-stat=""date_game"" scope=""row""><a href=""/boxscores/index.fcgi?month=12&amp;day=3&amp;year=1969"">Wed, Dec 3, 1969</a></th><td class=""left"" csk=""DNR.196912030WSA"" data-stat=""visitor_team_name""><a href=""/teams/DNR/1970.html"">Denver Rockets</a></td><td class=""right"" data-stat=""visitor_pts"">87</td><td class=""left"" csk=""WSA.196912030WSA"" data-stat=""home_team_name""><a href=""/teams/WSA/1970.html"">Washington Capitols</a></td><td class=""right"" data-stat=""home_pts"">99</td><td class=""center"" data-stat=""box_score_text""><a href=""/boxscores/196912030WSA.html"">Box Score</a></td><td class=""center iz"" data-stat=""overtimes""></td><td class=""right"" data-stat=""attendance"">1,678</td><td class=""left iz"" data-stat=""game_remarks""></td></tr>"
7,"<tr><th class=""left"" csk=""196912030LAS"" data-stat=""date_game"" scope=""row""><a href=""/boxscores/index.fcgi?month=12&amp;day=3&amp;year=1969"">Wed, Dec 3, 1969</a></th><td class=""left"" csk=""NYA.196912030LAS"" data-stat=""visitor_team_name""><a href=""/teams/NYA/1970.html"">New York Nets</a></td><td class=""right"" data-stat=""visitor_pts"">108</td><td class=""left"" csk=""LAS.196912030LAS"" data-stat=""home_team_name""><a href=""/teams/LAS/1970.html"">Los Angeles Stars</a></td><td class=""right"" data-stat=""home_pts"">97</td><td class=""center"" data-stat=""box_score_text""><a href=""/boxscores/196912030LAS.html"">Box Score</a></td><td class=""center iz"" data-stat=""overtimes""></td><td class=""right"" data-stat=""attendance"">1,607</td><td class=""left iz"" data-stat=""game_remarks""></td></tr>"
9,"<tr><th class=""left"" csk=""196912030INA"" data-stat=""date_game"" scope=""row""><a href=""/boxscores/index.fcgi?month=12&amp;day=3&amp;year=1969"">Wed, Dec 3, 1969</a></th><td class=""left"" csk=""MMF.196912030INA"" data-stat=""visitor_team_name""><a href=""/teams/MMF/1970.html"">Miami Floridians</a></td><td class=""right"" data-stat=""visitor_pts"">117</td><td class=""left"" csk=""INA.196912030INA"" data-stat=""home_team_name""><a href=""/teams/INA/1970.html"">Indiana Pacers</a></td><td class=""right"" data-stat=""home_pts"">126</td><td class=""center"" data-stat=""box_score_text""><a href=""/boxscores/196912030INA.html"">Box Score</a></td><td class=""center iz"" data-stat=""overtimes""></td><td class=""right"" data-stat=""attendance"">8,493</td><td class=""left iz"" data-stat=""game_remarks""></td></tr>"
11,"<tr><th class=""left"" csk=""196912030DLC"" data-stat=""date_game"" scope=""row""><a href=""/boxscores/index.fcgi?month=12&amp;day=3&amp;year=1969"">Wed, Dec 3, 1969</a></th><td class=""left"" csk=""KEN.196912030DLC"" data-stat=""visitor_team_name""><a href=""/teams/KEN/1970.html"">Kentucky Colonels</a></td><td class=""right"" data-stat=""visitor_pts"">123</td><td class=""left"" csk=""DLC.196912030DLC"" data-stat=""home_team_name""><a href=""/teams/DLC/1970.html"">Dallas Chaparrals</a></td><td class=""right"" data-stat=""home_pts"">109</td><td class=""center"" data-stat=""box_score_text""><a href=""/boxscores/196912030DLC.html"">Box Score</a></td><td class=""center iz"" data-stat=""overtimes""></td><td class=""right"" data-stat=""attendance"">8,493</td><td class=""left"" data-stat=""game_remarks"">at Indianapolis, IN</td></tr>"
13,"<tr><th class=""left"" csk=""196912040DLC"" data-stat=""date_game"" scope=""row""><a href=""/boxscores/index.fcgi?month=12&amp;day=4&amp;year=1969"">Thu, Dec 4, 1969</a></th><td class=""left"" csk=""INA.196912040DLC"" data-stat=""visitor_team_name""><a href=""/teams/INA/1970.html"">Indiana Pacers</a></td><td class=""right"" data-stat=""visitor_pts"">103</td><td class=""left"" csk=""DLC.196912040DLC"" data-stat=""home_team_name""><a href=""/teams/DLC/1970.html"">Dallas Chaparrals</a></td><td class=""right"" data-stat=""home_pts"">112</td><td class=""center"" data-stat=""box_score_text""><a href=""/boxscores/196912040DLC.html"">Box Score</a></td><td class=""center iz"" data-stat=""overtimes""></td><td class=""right"" data-stat=""attendance"">2,500</td><td class=""left"" data-stat=""game_remarks"">at Louisville, KY</td></tr>"
15,"<tr><th class=""left"" csk=""196912040KEN"" data-stat=""date_game"" scope=""row""><a href=""/boxscores/index.fcgi?month=12&amp;day=4&amp;year=1969"">Thu, Dec 4, 1969</a></th><td class=""left"" csk=""MMF.196912040KEN"" data-stat=""visitor_team_name""><a href=""/teams/MMF/1970.html"">Miami Floridians</a></td><td class=""right"" data-stat=""visitor_pts"">124</td><td class=""left"" csk=""KEN.196912040KEN"" data-stat=""home_team_name""><a href=""/teams/KEN/1970.html"">Kentucky Colonels</a></td><td class=""right"" data-stat=""home_pts"">149</td><td class=""center"" data-stat=""box_score_text""><a href=""/boxscores/196912040KEN.html"">Box Score</a></td><td class=""center iz"" data-stat=""overtimes""></td><td class=""right"" data-stat=""attendance"">3,782</td><td class=""left iz"" data-stat=""game_remarks""></td></tr>"
17,"<tr><th class=""left"" csk=""196912040PTP"" data-stat=""date_game"" scope=""row""><a href=""/boxscores/index.fcgi?month=12&amp;day=4&amp;year=1969"">Thu, Dec 4, 1969</a></th><td class=""left"" csk=""NOB.196912040PTP"" data-stat=""visitor_team_name""><a href=""/teams/NOB/1970.html"">New Orleans Buccaneers</a></td><td class=""right"" data-stat=""visitor_pts"">93</td><td class=""left"" csk=""PTP.196912040PTP"" data-stat=""home_team_name""><a href=""/teams/PTP/1970.html"">Pittsburgh Pipers</a></td><td class=""right"" data-stat=""home_pts"">94</td><td class=""center"" data-stat=""box_score_text""><a href=""/boxscores/196912040PTP.html"">Box Score</a></td><td class=""center iz"" data-stat=""overtimes""></td><td class=""right iz"" data-stat=""attendance""></td><td class=""left iz"" data-stat=""game_remarks""></td></tr>"
19,"<tr><th class=""left"" csk=""196912050NYA"" data-stat=""date_game"" scope=""row""><a href=""/boxscores/index.fcgi?month=12&amp;day=5&amp;year=1969"">Fri, Dec 5, 1969</a></th><td class=""left"" csk=""NOB.196912050NYA"" data-stat=""visitor_team_name""><a href=""/teams/NOB/1970.html"">New Orleans Buccaneers</a></td><td class=""right"" data-stat=""visitor_pts"">107</td><td class=""left"" csk=""NYA.196912050NYA"" data-stat=""home_team_name""><a href=""/teams/NYA/1970.html"">New York Nets</a></td><td class=""right"" data-stat=""home_pts"">102</td><td class=""center"" data-stat=""box_score_text""><a href=""/boxscores/196912050NYA.html"">Box Score</a></td><td class=""center iz"" data-stat=""overtimes""></td><td class=""right"" data-stat=""attendance"">3,241</td><td class=""left iz"" data-stat=""game_remarks""></td></tr>"
21,"<tr><th class=""left"" csk=""196912050CAR"" data-stat=""date_game"" scope=""row""><a href=""/boxscores/index.fcgi?month=12&amp;day=5&amp;year=1969"">Fri, Dec 5, 1969</a></th><td class=""left"" csk=""DLC.196912050CAR"" data-stat=""visitor_team_name""><a href=""/teams/DLC/1970.html"">Dallas Chaparrals</a></td><td class=""right"" data-stat=""visitor_pts"">108</td><td class=""left"" csk=""CAR.196912050CAR"" data-stat=""home_team_name""><a href=""/teams/CAR/1970.html"">Carolina Cougars</a></td><td class=""right"" data-stat=""home_pts"">97</td><td class=""center"" data-stat=""box_score_text""><a href=""/boxscores/196912050CAR.html"">Box Score</a></td><td class=""center iz"" data-stat=""overtimes""></td><td class=""right"" data-stat=""attendance"">5,922</td><td class=""left"" data-stat=""game_remarks"">at Greensboro, NC</td></tr>"
23,"<tr><th class=""left"" csk=""196912060MMF"" data-stat=""date_game"" scope=""row""><a href=""/boxscores/index.fcgi?month=12&amp;day=6&amp;year=1969"">Sat, Dec 6, 1969</a></th><td class=""left"" csk=""NOB.196912060MMF"" data-stat=""visitor_team_name""><a href=""/teams/NOB/1970.html"">New Orleans Buccaneers</a></td><td class=""right"" data-stat=""visitor_pts"">112</td><td class=""left"" csk=""MMF.196912060MMF"" data-stat=""home_team_name""><a href=""/teams/MMF/1970.html"">Miami Floridians</a></td><td class=""right"" data-stat=""home_pts"">104</td><td class=""center"" data-stat=""box_score_text""><a href=""/boxscores/196912060MMF.html"">Box Score</a></td><td class=""center iz"" data-stat=""overtimes""></td><td class=""right"" data-stat=""attendance"">1,603</td><td class=""left iz"" data-stat=""game_remarks""></td></tr>"
25,"<tr><th class=""left"" csk=""196912060WSA"" data-stat=""date_game"" scope=""row""><a href=""/boxscores/index.fcgi?month=12&amp;day=6&amp;year=1969"">Sat, Dec 6, 1969</a></th><td class=""left"" csk=""DNR.196912060WSA"" data-stat=""visitor_team_name""><a href=""/teams/DNR/1970.html"">Denver Rockets</a></td><td class=""right"" data-stat=""visitor_pts"">108</td><td class=""left"" csk=""WSA.196912060WSA"" data-stat=""home_team_name""><a href=""/teams/WSA/1970.html"">Washington Capitols</a></td><td class=""right"" data-stat=""home_pts"">97</td><td class=""center"" data-stat=""box_score_text""><a href=""/boxscores/196912060WSA.html"">Box Score</a></td><td class=""center iz"" data-stat=""overtimes""></td><td class=""right iz"" data-stat=""attendance""></td><td class=""left iz"" data-stat=""game_remarks""></td></tr>"
27,"<tr><th class=""left"" csk=""196912070WSA"" data-stat=""date_game"" scope=""row""><a href=""/boxscores/index.fcgi?month=12&amp;day=7&amp;year=1969"">Sun, Dec 7, 1969</a></th><td class=""left"" csk=""DLC.196912070WSA"" data-stat=""visitor_team_name""><a href=""/teams/DLC/1970.html"">Dallas Chaparrals</a></td><td class=""right"" data-stat=""visitor_pts"">143</td><td class=""left"" csk=""WSA.196912070WSA"" data-stat=""home_team_name""><a href=""/teams/WSA/1970.html"">Washington Capitols</a></td><td class=""right"" data-stat=""home_pts"">92</td><td class=""center"" data-stat=""box_score_text""><a href=""/boxscores/196912070WSA.html"">Box Score</a></td><td class=""center iz"" data-stat=""overtimes""></td><td class=""right"" data-stat=""attendance"">411</td><td class=""left iz"" data-stat=""game_remarks""></td></tr>"
29,"<tr><th class=""left"" csk=""196912070NYA"" data-stat=""date_game"" scope=""row""><a href=""/boxscores/index.fcgi?month=12&amp;day=7&amp;year=1969"">Sun, Dec 7, 1969</a></th><td class=""left"" csk=""DNR.196912070NYA"" data-stat=""visitor_team_name""><a href=""/teams/DNR/1970.html"">Denver Rockets</a></td><td class=""right"" data-stat=""visitor_pts"">96</td><td class=""left"" csk=""NYA.196912070NYA"" data-stat=""home_team_name""><a href=""/teams/NYA/1970.html"">New York Nets</a></td><td class=""right"" data-stat=""home_pts"">102</td><td class=""center"" data-stat=""box_score_text""><a href=""/boxscores/196912070NYA.html"">Box Score</a></td><td class=""center iz"" data-stat=""overtimes""></td><td class=""right"" data-stat=""attendance"">4,126</td><td class=""left iz"" data-stat=""game_remarks""></td></tr>"
31,"<tr><th class=""left"" csk=""196912070MMF"" data-stat=""date_game"" scope=""row""><a href=""/boxscores/index.fcgi?month=12&amp;day=7&amp;year=1969"">Sun, Dec 7, 1969</a></th><td class=""left"" csk=""CAR.196912070MMF"" data-stat=""visitor_team_name""><a href=""/teams/CAR/1970.html"">Carolina Cougars</a></td><td class=""right"" data-stat=""visitor_pts"">136</td><td class=""left"" csk=""MMF.196912070MMF"" data-stat=""home_team_name""><a href=""/teams/MMF/1970.html"">Miami Floridians</a></td><td class=""right"" data-stat=""home_pts"">123</td><td class=""center"" data-stat=""box_score_text""><a href=""/boxscores/196912070MMF.html"">Box Score</a></td><td class=""center iz"" data-stat=""overtimes""></td><td class=""right"" data-stat=""attendance"">1,206</td><td class=""left iz"" data-stat=""game_remarks""></td></tr>"
33,"<tr><th class=""left"" csk=""196912070LAS"" data-stat=""date_game"" scope=""row""><a href=""/boxscores/index.fcgi?month=12&amp;day=7&amp;year=1969"">Sun, Dec 7, 1969</a></th><td class=""left"" csk=""INA.196912070LAS"" data-stat=""visitor_team_name""><a href=""/teams/INA/1970.html"">Indiana Pacers</a></td><td class=""right"" data-stat=""visitor_pts"">108</td><td class=""left"" csk=""LAS.196912070LAS"" data-stat=""home_team_name""><a href=""/teams/LAS/1970.html"">Los Angeles Stars</a></td><td class=""right"" data-stat=""home_pts"">99</td><td class=""center"" data-stat=""box_score_text""><a href=""/boxscores/196912070LAS.html"">Box Score</a></td><td class=""center iz"" data-stat=""overtimes""></td><td class=""right"" data-stat=""attendance"">2,093</td><td class=""left iz"" data-stat=""game_remarks""></td></tr>"
35,"<tr><th class=""left"" csk=""196912070KEN"" data-stat=""date_game"" scope=""row""><a href=""/boxscores/index.fcgi?month=12&amp;day=7&amp;year=1969"">Sun, Dec 7, 1969</a></th><td class=""left"" csk=""PTP.196912070KEN"" data-stat=""visitor_team_name""><a href=""/teams/PTP/1970.html"">Pittsburgh Pipers</a></td><td class=""right"" data-stat=""visitor_pts"">92</td><td class=""left"" csk=""KEN.196912070KEN"" data-stat=""home_team_name""><a href=""/teams/KEN/1970.html"">Kentucky Colonels</a></td><td class=""right"" data-stat=""home_pts"">90</td><td class=""center"" data-stat=""box_score_text""><a href=""/boxscores/196912070KEN.html"">Box Score</a></td><td class=""center iz"" data-stat=""overtimes""></td><td class=""right"" data-stat=""attendance"">2,648</td><td class=""left iz"" data-stat=""game_remarks""></td></tr>"
37,"<tr><th class=""left"" csk=""196912080NOB"" data-stat=""date_game"" scope=""row""><a href=""/boxscores/index.fcgi?month=12&amp;day=8&amp;year=1969"">Mon, Dec 8, 1969</a></th><td class=""left"" csk=""DNR.196912080NOB"" data-stat=""visitor_team_name""><a href=""/teams/DNR/1970.html"">Denver Rockets</a></td><td class=""right"" data-stat=""visitor_pts"">99</td><td class=""left"" csk=""NOB.196912080NOB"" data-stat=""home_team_name""><a href=""/teams/NOB/1970.html"">New Orleans Buccaneers</a></td><td class=""right"" data-stat=""home_pts"">105</td><td class=""center"" data-stat=""box_score_text""><a href=""/boxscores/196912080NOB.html"">Box Score</a></td><td class=""center"" data-stat=""overtimes"">OT</td><td class=""right"" data-stat=""attendance"">1,490</td><td class=""left iz"" data-stat=""game_remarks""></td></tr>"
39,"<tr><th class=""left"" csk=""196912090DLC"" data-stat=""date_game"" scope=""row""><a href=""/boxscores/index.fcgi?month=12&amp;day=9&amp;year=1969"">Tue, Dec 9, 1969</a></th><td class=""left"" csk=""CAR.196912090DLC"" data-stat=""visitor_team_name""><a href=""/teams/CAR/1970.html"">Carolina Cougars</a></td><td class=""right"" data-stat=""visitor_pts"">122</td><td class=""left"" csk=""DLC.196912090DLC"" data-stat=""home_team_name""><a href=""/teams/DLC/1970.html"">Dallas Chaparrals</a></td><td class=""right"" data-stat=""home_pts"">117</td><td class=""center"" data-stat=""box_score_text""><a href=""/boxscores/196912090DLC.html"">Box Score</a></td><td class=""center iz"" data-stat=""overtimes""></td><td class=""right"" data-stat=""attendance"">4,673</td><td class=""left iz"" data-stat=""game_remarks""></td></tr>"
41,"<tr><th class=""left"" csk=""196912100PTP"" data-stat=""date_game"" scope=""row""><a href=""/boxscores/index.fcgi?month=12&amp;day=10&amp;year=1969"">Wed, Dec 10, 1969</a></th><td class=""left"" csk=""INA.196912100PTP"" data-stat=""visitor_team_name""><a href=""/teams/INA/1970.html"">Indiana Pacers</a></td><td class=""right"" data-stat=""visitor_pts"">97</td><td class=""left"" csk=""PTP.196912100PTP"" data-stat=""home_team_name""><a href=""/teams/PTP/1970.html"">Pittsburgh Pipers</a></td><td class=""right"" data-stat=""home_pts"">91</td><td class=""center"" data-stat=""box_score_text""><a href=""/boxscores/196912100PTP.html"">Box Score</a></td><td class=""center iz"" data-stat=""overtimes""></td><td class=""right iz"" data-stat=""attendance""></td><td class=""left iz"" data-stat=""game_remarks""></td></tr>"
43,"<tr><th class=""left"" csk=""196912100NYA"" data-stat=""date_game"" scope=""row""><a href=""/boxscores/index.fcgi?month=12&amp;day=10&amp;year=1969"">Wed, Dec 10, 1969</a></th><td class=""left"" csk=""DLC.196912100NYA"" data-stat=""visitor_team_name""><a href=""/teams/DLC/1970.html"">Dallas Chaparrals</a></td><td class=""right"" data-stat=""visitor_pts"">122</td><td class=""left"" csk=""NYA.196912100NYA"" data-stat=""home_team_name""><a href=""/teams/NYA/1970.html"">New York Nets</a></td><td class=""right"" data-stat=""home_pts"">115</td><td class=""center"" data-stat=""box_score_text""><a href=""/boxscores/196912100NYA.html"">Box Score</a></td><td class=""center iz"" data-stat=""overtimes""></td><td class=""right"" data-stat=""attendance"">2,206</td><td class=""left iz"" data-stat=""game_remarks""></td></tr>"
45,"<tr><th class=""left"" csk=""196912100NOB"" data-stat=""date_game"" scope=""row""><a href=""/boxscores/index.fcgi?month=12&amp;day=10&amp;year=1969"">Wed, Dec 10, 1969</a></th><td class=""left"" csk=""CAR.196912100NOB"" data-stat=""visitor_team_name""><a href=""/teams/CAR/1970.html"">Carolina Cougars</a></td><td class=""right"" data-stat=""visitor_pts"">87</td><td class=""left"" csk=""NOB.196912100NOB"" data-stat=""home_team_name""><a href=""/teams/NOB/1970.html"">New Orleans Buccaneers</a></td><td class=""right"" data-stat=""home_pts"">114</td><td class=""center"" data-stat=""box_score_text""><a href=""/boxscores/196912100NOB.html"">Box Score</a></td><td class=""center iz"" data-stat=""overtimes""></td><td class=""right"" data-stat=""attendance"">2,125</td><td class=""left iz"" data-stat=""game_remarks""></td></tr>"
47,"<tr><th class=""left"" csk=""196912110KEN"" data-stat=""date_game"" scope=""row""><a href=""/boxscores/index.fcgi?month=12&amp;day=11&amp;year=1969"">Thu, Dec 11, 1969</a></th><td class=""left"" csk=""INA.196912110KEN"" data-stat=""visitor_team_name""><a href=""/teams/INA/1970.html"">Indiana Pacers</a></td><td class=""right"" data-stat=""visitor_pts"">115</td><td class=""left"" csk=""KEN.196912110KEN"" data-stat=""home_team_name""><a href=""/teams/KEN/1970.html"">Kentucky Colonels</a></td><td class=""right"" data-stat=""home_pts"">96</td><td class=""center"" data-stat=""box_score_text""><a href=""/boxscores/196912110KEN.html"">Box Score</a></td><td class=""center iz"" data-stat=""overtimes""></td><td class=""right"" data-stat=""attendance"">3,895</td><td class=""left iz"" data-stat=""game_remarks""></td></tr>"
49,"<tr><th class=""left"" csk=""196912110MMF"" data-stat=""date_game"" scope=""row""><a href=""/boxscores/index.fcgi?month=12&amp;day=11&amp;year=1969"">Thu, Dec 11, 1969</a></th><td class=""left"" csk=""NYA.196912110MMF"" data-stat=""visitor_team_name""><a href=""/teams/NYA/1970.html"">New York Nets</a></td><td class=""right"" data-stat=""visitor_pts"">126</td><td class=""left"" csk=""MMF.196912110MMF"" data-stat=""home_team_name""><a href=""/teams/MMF/1970.html"">Miami Floridians</a></td><td class=""right"" data-stat=""home_pts"">133</td><td class=""center"" data-stat=""box_score_text""><a href=""/boxscores/196912110MMF.html"">Box Score</a></td><td class=""center iz"" data-stat=""overtimes""></td><td class=""right"" data-stat=""attendance"">2,746</td><td class=""left iz"" data-stat=""game_remarks""></td></tr>"
51,"<tr><th class=""left"" csk=""196912110WSA"" data-stat=""date_game"" scope=""row""><a href=""/boxscores/index.fcgi?month=12&amp;day=11&amp;year=1969"">Thu, Dec 11, 1969</a></th><td class=""left"" csk=""DNR.196912110WSA"" data-stat=""visitor_team_name""><a href=""/teams/DNR/1970.html"">Denver Rockets</a></td><td class=""right"" data-stat=""visitor_pts"">113</td><td class=""left"" csk=""WSA.196912110WSA"" data-stat=""home_team_name""><a href=""/teams/WSA/1970.html"">Washington Capitols</a></td><td class=""right"" data-stat=""home_pts"">126</td><td class=""center"" data-stat=""box_score_text""><a href=""/boxscores/196912110WSA.html"">Box Score</a></td><td class=""center iz"" data-stat=""overtimes""></td><td class=""right"" data-stat=""attendance"">4,996</td><td class=""left iz"" data-stat=""game_remarks""></td></tr>"
53,"<tr><th class=""left"" csk=""196912120CAR"" data-stat=""date_game"" scope=""row""><a href=""/boxscores/index.fcgi?month=12&amp;day=12&amp;year=1969"">Fri, Dec 12, 1969</a></th><td class=""left"" csk=""DLC.196912120CAR"" data-stat=""visitor_team_name""><a href=""/teams/DLC/1970.html"">Dallas Chaparrals</a></td><td class=""right"" data-stat=""visitor_pts"">95</td><td class=""left"" csk=""CAR.196912120CAR"" data-stat=""home_team_name""><a href=""/teams/CAR/1970.html"">Carolina Cougars</a></td><td class=""right"" data-stat=""home_pts"">101</td><td class=""center"" data-stat=""box_score_text""><a href=""/boxscores/196912120CAR.html"">Box Score</a></td><td class=""center iz"" data-stat=""overtimes""></td><td class=""right"" data-stat=""attendance"">5,774</td><td class=""left"" data-stat=""game_remarks"">at Raleigh, NC</td></tr>"
55,"<tr><th class=""left"" csk=""196912120NOB"" data-stat=""date_game"" scope=""row""><a href=""/boxscores/index.fcgi?month=12&amp;day=12&amp;year=1969"">Fri, Dec 12, 1969</a></th><td class=""left"" csk=""NYA.196912120NOB"" data-stat=""visitor_team_name""><a href=""/teams/NYA/1970.html"">New York Nets</a></td><td class=""right"" data-stat=""visitor_pts"">117</td><td class=""left"" csk=""NOB.196912120NOB"" data-stat=""home_team_name""><a href=""/teams/NOB/1970.html"">New Orleans Buccaneers</a></td><td class=""right"" data-stat=""home_pts"">113</td><td class=""center"" data-stat=""box_score_text""><a href=""/boxscores/196912120NOB.html"">Box Score</a></td><td class=""center iz"" data-stat=""overtimes""></td><td class=""right"" data-stat=""attendance"">3,500</td><td class=""left iz"" data-stat=""game_remarks""></td></tr>"
57,"<tr><th class=""left"" csk=""196912120WSA"" data-stat=""date_game"" scope=""row""><a href=""/boxscores/index.fcgi?month=12&amp;day=12&amp;year=1969"">Fri, Dec 12, 1969</a></th><td class=""left"" csk=""PTP.196912120WSA"" data-stat=""visitor_team_name""><a href=""/teams/PTP/1970.html"">Pittsburgh Pipers</a></td><td class=""right"" data-stat=""visitor_pts"">111</td><td class=""left"" csk=""WSA.196912120WSA"" data-stat=""home_team_name""><a href=""/teams/WSA/1970.html"">Washington Capitols</a></td><td class=""right"" data-stat=""home_pts"">121</td><td class=""center"" data-stat=""box_score_text""><a href=""/boxscores/196912120WSA.html"">Box Score</a></td><td class=""center iz"" data-stat=""overtimes""></td><td class=""right"" data-stat=""attendance"">1,243</td><td class=""left iz"" data-stat=""game_remarks""></td></tr>"
59,"<tr><th class=""left"" csk=""196912130PTP"" data-stat=""date_game"" scope=""row""><a href=""/boxscores/index.fcgi?month=12&amp;day=13&amp;year=1969"">Sat, Dec 13, 1969</a></th><td class=""left"" csk=""NOB.196912130PTP"" data-stat=""visitor_team_name""><a href=""/teams/NOB/1970.html"">New Orleans Buccaneers</a></td><td class=""right"" data-stat=""visitor_pts"">102</td><td class=""left"" csk=""PTP.196912130PTP"" data-stat=""home_team_name""><a href=""/teams/PTP/1970.html"">Pittsburgh Pipers</a></td><td class=""right"" data-stat=""home_pts"">99</td><td class=""center"" data-stat=""box_score_text""><a href=""/boxscores/196912130PTP.html"">Box Score</a></td><td class=""center iz"" data-stat=""overtimes""></td><td class=""right iz"" data-stat=""attendance""></td><td class=""left iz"" data-stat=""game_remarks""></td></tr>"
61,"<tr><th class=""left"" csk=""196912130KEN"" data-stat=""date_game"" scope=""row""><a href=""/boxscores/index.fcgi?month=12&amp;day=13&amp;year=1969"">Sat, Dec 13, 1969</a></th><td class=""left"" csk=""NYA.196912130KEN"" data-stat=""visitor_team_name""><a href=""/teams/NYA/1970.html"">New York Nets</a></td><td class=""right"" data-stat=""visitor_pts"">116</td><td class=""left"" csk=""KEN.196912130KEN"" data-stat=""home_team_name""><a href=""/teams/KEN/1970.html"">Kentucky Colonels</a></td><td class=""right"" data-stat=""home_pts"">111</td><td class=""center"" data-stat=""box_score_text""><a href=""/boxscores/196912130KEN.html"">Box Score</a></td><td class=""center iz"" data-stat=""overtimes""></td><td class=""right"" data-stat=""attendance"">1,677</td><td class=""left iz"" data-stat=""game_remarks""></td></tr>"
63,"<tr><th class=""left"" csk=""196912130INA"" data-stat=""date_game"" scope=""row""><a href=""/boxscores/index.fcgi?month=12&amp;day=13&amp;year=1969"">Sat, Dec 13, 1969</a></th><td class=""left"" csk=""DLC.196912130INA"" data-stat=""visitor_team_name""><a href=""/teams/DLC/1970.html"">Dallas Chaparrals</a></td><td class=""right"" data-stat=""visitor_pts"">106</td><td class=""left"" csk=""INA.196912130INA"" data-stat=""home_team_name""><a href=""/teams/INA/1970.html"">Indiana Pacers</a></td><td class=""right"" data-stat=""home_pts"">101</td><td class=""center"" data-stat=""box_score_text""><a href=""/boxscores/196912130INA.html"">Box Score</a></td><td class=""center iz"" data-stat=""overtimes""></td><td class=""right"" data-stat=""attendance"">8,622</td><td class=""left iz"" data-stat=""game_remarks""></td></tr>"
65,"<tr><th class=""left"" csk=""196912130CAR"" data-stat=""date_game"" scope=""row""><a href=""/boxscores/index.fcgi?month=12&amp;day=13&amp;year=1969"">Sat, Dec 13, 1969</a></th><td class=""left"" csk=""MMF.196912130CAR"" data-stat=""visitor_team_name""><a href=""/teams/MMF/1970.html"">Miami Floridians</a></td><td class=""right"" data-stat=""visitor_pts"">96</td><td class=""left"" csk=""CAR.196912130CAR"" data-stat=""home_team_name""><a href=""/teams/CAR/1970.html"">Carolina Cougars</a></td><td class=""right"" data-stat=""home_pts"">100</td><td class=""center"" data-stat=""box_score_text""><a href=""/boxscores/196912130CAR.html"">Box Score</a></td><td class=""center iz"" data-stat=""overtimes""></td><td class=""right"" data-stat=""attendance"">5,474</td><td class=""left"" data-stat=""game_remarks"">at Charlotte, NC</td></tr>"
67,"<tr><th class=""left"" csk=""196912140LAS"" data-stat=""date_game"" scope=""row""><a href=""/boxscores/index.fcgi?month=12&amp;day=14&amp;year=1969"">Sun, Dec 14, 1969</a></th><td class=""left"" csk=""DNR.196912140LAS"" data-stat=""visitor_team_name""><a href=""/teams/DNR/1970.html"">Denver Rockets</a></td><td class=""right"" data-stat=""visitor_pts"">122</td><td class=""left"" csk=""LAS.196912140LAS"" data-stat=""home_team_name""><a href=""/teams/LAS/1970.html"">Los Angeles Stars</a></td><td class=""right"" data-stat=""home_pts"">101</td><td class=""center"" data-stat=""box_score_text""><a href=""/boxscores/196912140LAS.html"">Box Score</a></td><td class=""center iz"" data-stat=""overtimes""></td><td class=""right"" data-stat=""attendance"">1,643</td><td class=""left iz"" data-stat=""game_remarks""></td></tr>"
69,"<tr><th class=""left"" csk=""196912140MMF"" data-stat=""date_game"" scope=""row""><a href=""/boxscores/index.fcgi?month=12&amp;day=14&amp;year=1969"">Sun, Dec 14, 1969</a></th><td class=""left"" csk=""DLC.196912140MMF"" data-stat=""visitor_team_name""><a href=""/teams/DLC/1970.html"">Dallas Chaparrals</a></td><td class=""right"" data-stat=""visitor_pts"">115</td><td class=""left"" csk=""MMF.196912140MMF"" data-stat=""home_team_name""><a href=""/teams/MMF/1970.html"">Miami Floridians</a></td><td class=""right"" data-stat=""home_pts"">119</td><td class=""center"" data-stat=""box_score_text""><a href=""/boxscores/196912140MMF.html"">Box Score</a></td><td class=""center iz"" data-stat=""overtimes""></td><td class=""right"" data-stat=""attendance"">2,516</td><td class=""left iz"" data-stat=""game_remarks""></td></tr>"
71,"<tr><th class=""left"" csk=""196912140WSA"" data-stat=""date_game"" scope=""row""><a href=""/boxscores/index.fcgi?month=12&amp;day=14&amp;year=1969"">Sun, Dec 14, 1969</a></th><td class=""left"" csk=""NOB.196912140WSA"" data-stat=""visitor_team_name""><a href=""/teams/NOB/1970.html"">New Orleans Buccaneers</a></td><td class=""right"" data-stat=""visitor_pts"">104</td><td class=""left"" csk=""WSA.196912140WSA"" data-stat=""home_team_name""><a href=""/teams/WSA/1970.html"">Washington Capitols</a></td><td class=""right"" data-stat=""home_pts"">94</td><td class=""center"" data-stat=""box_score_text""><a href=""/boxscores/196912140WSA.html"">Box Score</a></td><td class=""center iz"" data-stat=""overtimes""></td><td class=""right"" data-stat=""attendance"">1,588</td><td class=""left iz"" data-stat=""game_remarks""></td></tr>"
73,"<tr><th class=""left"" csk=""196912160WSA"" data-stat=""date_game"" scope=""row""><a href=""/boxscores/index.fcgi?month=12&amp;day=16&amp;year=1969"">Tue, Dec 16, 1969</a></th><td class=""left"" csk=""CAR.196912160WSA"" data-stat=""visitor_team_name""><a href=""/teams/CAR/1970.html"">Carolina Cougars</a></td><td class=""right"" data-stat=""visitor_pts"">114</td><td class=""left"" csk=""WSA.196912160WSA"" data-stat=""home_team_name""><a href=""/teams/WSA/1970.html"">Washington Capitols</a></td><td class=""right"" data-stat=""home_pts"">135</td><td class=""center"" data-stat=""box_score_text""><a href=""/boxscores/196912160WSA.html"">Box Score</a></td><td class=""center iz"" data-stat=""overtimes""></td><td class=""right"" data-stat=""attendance"">2,867</td><td class=""left iz"" data-stat=""game_remarks""></td></tr>"
75,"<tr><th class=""left"" csk=""196912160KEN"" data-stat=""date_game"" scope=""row""><a href=""/boxscores/index.fcgi?month=12&amp;day=16&amp;year=1969"">Tue, Dec 16, 1969</a></th><td class=""left"" csk=""LAS.196912160KEN"" data-stat=""visitor_team_name""><a href=""/teams/LAS/1970.html"">Los Angeles Stars</a></td><td class=""right"" data-stat=""visitor_pts"">102</td><td class=""left"" csk=""KEN.196912160KEN"" data-stat=""home_team_name""><a href=""/teams/KEN/1970.html"">Kentucky Colonels</a></td><td class=""right"" data-stat=""home_pts"">101</td><td class=""center"" data-stat=""box_score_text""><a href=""/boxscores/196912160KEN.html"">Box Score</a></td><td class=""center iz"" data-stat=""overtimes""></td><td class=""right"" data-stat=""attendance"">2,867</td><td class=""left"" data-stat=""game_remarks"">at Washington, DC</td></tr>"
77,"<tr><th class=""left"" csk=""196912160DLC"" data-stat=""date_game"" scope=""row""><a href=""/boxscores/index.fcgi?month=12&amp;day=16&amp;year=1969"">Tue, Dec 16, 1969</a></th><td class=""left"" csk=""INA.196912160DLC"" data-stat=""visitor_team_name""><a href=""/teams/INA/1970.html"">Indiana Pacers</a></td><td class=""right"" data-stat=""visitor_pts"">108</td><td class=""left"" csk=""DLC.196912160DLC"" data-stat=""home_team_name""><a href=""/teams/DLC/1970.html"">Dallas Chaparrals</a></td><td class=""right"" data-stat=""home_pts"">104</td><td class=""center"" data-stat=""box_score_text""><a href=""/boxscores/196912160DLC.html"">Box Score</a></td><td class=""center iz"" data-stat=""overtimes""></td><td class=""right"" data-stat=""attendance"">1,680</td><td class=""left iz"" data-stat=""game_remarks""></td></tr>"
79,"<tr><th class=""left"" csk=""196912170NYA"" data-stat=""date_game"" scope=""row""><a href=""/boxscores/index.fcgi?month=12&amp;day=17&amp;year=1969"">Wed, Dec 17, 1969</a></th><td class=""left"" csk=""NOB.196912170NYA"" data-stat=""visitor_team_name""><a href=""/teams/NOB/1970.html"">New Orleans Buccaneers</a></td><td class=""right"" data-stat=""visitor_pts"">111</td><td class=""left"" csk=""NYA.196912170NYA"" data-stat=""home_team_name""><a href=""/teams/NYA/1970.html"">New York Nets</a></td><td class=""right"" data-stat=""home_pts"">100</td><td class=""center"" data-stat=""box_score_text""><a href=""/boxscores/196912170NYA.html"">Box Score</a></td><td class=""center iz"" data-stat=""overtimes""></td><td class=""right"" data-stat=""attendance"">2,371</td><td class=""left iz"" data-stat=""game_remarks""></td></tr>"
81,"<tr><th class=""left"" csk=""196912170MMF"" data-stat=""date_game"" scope=""row""><a href=""/boxscores/index.fcgi?month=12&amp;day=17&amp;year=1969"">Wed, Dec 17, 1969</a></th><td class=""left"" csk=""INA.196912170MMF"" data-stat=""visitor_team_name""><a href=""/teams/INA/1970.html"">Indiana Pacers</a></td><td class=""right"" data-stat=""visitor_pts"">101</td><td class=""left"" csk=""MMF.196912170MMF"" data-stat=""home_team_name""><a href=""/teams/MMF/1970.html"">Miami Floridians</a></td><td class=""right"" data-stat=""home_pts"">100</td><td class=""center"" data-stat=""box_score_text""><a href=""/boxscores/196912170MMF.html"">Box Score</a></td><td class=""center iz"" data-stat=""overtimes""></td><td class=""right"" data-stat=""attendance"">2,317</td><td class=""left iz"" data-stat=""game_remarks""></td></tr>"
83,"<tr><th class=""left"" csk=""196912170LAS"" data-stat=""date_game"" scope=""row""><a href=""/boxscores/index.fcgi?month=12&amp;day=17&amp;year=1969"">Wed, Dec 17, 1969</a></th><td class=""left"" csk=""CAR.196912170LAS"" data-stat=""visitor_team_name""><a href=""/teams/CAR/1970.html"">Carolina Cougars</a></td><td class=""right"" data-stat=""visitor_pts"">98</td><td class=""left"" csk=""LAS.196912170LAS"" data-stat=""home_team_name""><a href=""/teams/LAS/1970.html"">Los Angeles Stars</a></td><td class=""right"" data-stat=""home_pts"">105</td><td class=""center"" data-stat=""box_score_text""><a href=""/boxscores/196912170LAS.html"">Box Score</a></td><td class=""center iz"" data-stat=""overtimes""></td><td class=""right"" data-stat=""attendance"">852</td><td class=""left iz"" data-stat=""game_remarks""></td></tr>"
85,"<tr><th class=""left"" csk=""196912170KEN"" data-stat=""date_game"" scope=""row""><a href=""/boxscores/index.fcgi?month=12&amp;day=17&amp;year=1969"">Wed, Dec 17, 1969</a></th><td class=""left"" csk=""WSA.196912170KEN"" data-stat=""visitor_team_name""><a href=""/teams/WSA/1970.html"">Washington Capitols</a></td><td class=""right"" data-stat=""visitor_pts"">117</td><td class=""left"" csk=""KEN.196912170KEN"" data-stat=""home_team_name""><a href=""/teams/KEN/1970.html"">Kentucky Colonels</a></td><td class=""right"" data-stat=""home_pts"">124</td><td class=""center"" data-stat=""box_score_text""><a href=""/boxscores/196912170KEN.html"">Box Score</a></td><td class=""center iz"" data-stat=""overtimes""></td><td class=""right"" data-stat=""attendance"">780</td><td class=""left"" data-stat=""game_remarks"">at Los Angeles, CA</td></tr>"
87,"<tr><th class=""left"" csk=""196912180DNR"" data-stat=""date_game"" scope=""row""><a href=""/boxscores/index.fcgi?month=12&amp;day=18&amp;year=1969"">Thu, Dec 18, 1969</a></th><td class=""left"" csk=""NYA.196912180DNR"" data-stat=""visitor_team_name""><a href=""/teams/NYA/1970.html"">New York Nets</a></td><td class=""right"" data-stat=""visitor_pts"">105</td><td class=""left"" csk=""DNR.196912180DNR"" data-stat=""home_team_name""><a href=""/teams/DNR/1970.html"">Denver Rockets</a></td><td class=""right"" data-stat=""home_pts"">108</td><td class=""center"" data-stat=""box_score_text""><a href=""/boxscores/196912180DNR.html"">Box Score</a></td><td class=""center"" data-stat=""overtimes"">OT</td><td class=""right"" data-stat=""attendance"">4,287</td><td class=""left iz"" data-stat=""game_remarks""></td></tr>"
89,"<tr><th class=""left"" csk=""196912180KEN"" data-stat=""date_game"" scope=""row""><a href=""/boxscores/index.fcgi?month=12&amp;day=18&amp;year=1969"">Thu, Dec 18, 1969</a></th><td class=""left"" csk=""NOB.196912180KEN"" data-stat=""visitor_team_name""><a href=""/teams/NOB/1970.html"">New Orleans Buccaneers</a></td><td class=""right"" data-stat=""visitor_pts"">96</td><td class=""left"" csk=""KEN.196912180KEN"" data-stat=""home_team_name""><a href=""/teams/KEN/1970.html"">Kentucky Colonels</a></td><td class=""right"" data-stat=""home_pts"">103</td><td class=""center"" data-stat=""box_score_text""><a href=""/boxscores/196912180KEN.html"">Box Score</a></td><td class=""center iz"" data-stat=""overtimes""></td><td class=""right iz"" data-stat=""attendance""></td><td class=""left iz"" data-stat=""game_remarks""></td></tr>"
91,"<tr><th class=""left"" csk=""196912190CAR"" data-stat=""date_game"" scope=""row""><a href=""/boxscores/index.fcgi?month=12&amp;day=19&amp;year=1969"">Fri, Dec 19, 1969</a></th><td class=""left"" csk=""INA.196912190CAR"" data-stat=""visitor_team_name""><a href=""/teams/INA/1970.html"">Indiana Pacers</a></td><td class=""right"" data-stat=""visitor_pts"">92</td><td class=""left"" csk=""CAR.196912190CAR"" data-stat=""home_team_name""><a href=""/teams/CAR/1970.html"">Carolina Cougars</a></td><td class=""right"" data-stat=""home_pts"">88</td><td class=""center"" data-stat=""box_score_text""><a href=""/boxscores/196912190CAR.html"">Box Score</a></td><td class=""center iz"" data-stat=""overtimes""></td><td class=""right"" data-stat=""attendance"">6,969</td><td class=""left"" data-stat=""game_remarks"">at Greensboro, NC</td></tr>"
93,"<tr><th class=""left"" csk=""196912190NOB"" data-stat=""date_game"" scope=""row""><a href=""/boxscores/index.fcgi?month=12&amp;day=19&amp;year=1969"">Fri, Dec 19, 1969</a></th><td class=""left"" csk=""DNR.196912190NOB"" data-stat=""visitor_team_name""><a href=""/teams/DNR/1970.html"">Denver Rockets</a></td><td class=""right"" data-stat=""visitor_pts"">97</td><td class=""left"" csk=""NOB.196912190NOB"" data-stat=""home_team_name""><a href=""/teams/NOB/1970.html"">New Orleans Buccaneers</a></td><td class=""right"" data-stat=""home_pts"">102</td><td class=""center"" data-stat=""box_score_text""><a href=""/boxscores/196912190NOB.html"">Box Score</a></td><td class=""center iz"" data-stat=""overtimes""></td><td class=""right"" data-stat=""attendance"">1,551</td><td class=""left iz"" data-stat=""game_remarks""></td></tr>"
95,"<tr><th class=""left"" csk=""196912190PTP"" data-stat=""date_game"" scope=""row""><a href=""/boxscores/index.fcgi?month=12&amp;day=19&amp;year=1969"">Fri, Dec 19, 1969</a></th><td class=""left"" csk=""NYA.196912190PTP"" data-stat=""visitor_team_name""><a href=""/teams/NYA/1970.html"">New York Nets</a></td><td class=""right"" data-stat=""visitor_pts"">124</td><td class=""left"" csk=""PTP.196912190PTP"" data-stat=""home_team_name""><a href=""/teams/PTP/1970.html"">Pittsburgh Pipers</a></td><td class=""right"" data-stat=""home_pts"">126</td><td class=""center"" data-stat=""box_score_text""><a href=""/boxscores/196912190PTP.html"">Box Score</a></td><td class=""center iz"" data-stat=""overtimes""></td><td class=""right iz"" data-stat=""attendance""></td><td class=""left iz"" data-stat=""game_remarks""></td></tr>"
97,"<tr><th class=""left"" csk=""196912190WSA"" data-stat=""date_game"" scope=""row""><a href=""/boxscores/index.fcgi?month=12&amp;day=19&amp;year=1969"">Fri, Dec 19, 1969</a></th><td class=""left"" csk=""LAS.196912190WSA"" data-stat=""visitor_team_name""><a href=""/teams/LAS/1970.html"">Los Angeles Stars</a></td><td class=""right"" data-stat=""visitor_pts"">119</td><td class=""left"" csk=""WSA.196912190WSA"" data-stat=""home_team_name""><a href=""/teams/WSA/1970.html"">Washington Capitols</a></td><td class=""right"" data-stat=""home_pts"">109</td><td class=""center"" data-stat=""box_score_text""><a href=""/boxscores/196912190WSA.html"">Box Score</a></td><td class=""center iz"" data-stat=""overtimes""></td><td class=""right"" data-stat=""attendance"">1,117</td><td class=""left iz"" data-stat=""game_remarks""></td></tr>"
99,"<tr><th class=""left"" csk=""196912200MMF"" data-stat=""date_game"" scope=""row""><a href=""/boxscores/index.fcgi?month=12&amp;day=20&amp;year=1969"">Sat, Dec 20, 1969</a></th><td class=""left"" csk=""DNR.196912200MMF"" data-stat=""visitor_team_name""><a href=""/teams/DNR/1970.html"">Denver Rockets</a></td><td class=""right"" data-stat=""visitor_pts"">123</td><td class=""left"" csk=""MMF.196912200MMF"" data-stat=""home_team_name""><a href=""/teams/MMF/1970.html"">Miami Floridians</a></td><td class=""right"" data-stat=""home_pts"">114</td><td class=""center"" data-stat=""box_score_text""><a href=""/boxscores/196912200MMF.html"">Box Score</a></td><td class=""center iz"" data-stat=""overtimes""></td><td class=""right"" data-stat=""attendance"">2,603</td><td class=""left iz"" data-stat=""game_remarks""></td></tr>"
101,"<tr><th class=""left"" csk=""196912200KEN"" data-stat=""date_game"" scope=""row""><a href=""/boxscores/index.fcgi?month=12&amp;day=20&amp;year=1969"">Sat, Dec 20, 1969</a></th><td class=""left"" csk=""NYA.196912200KEN"" data-stat=""visitor_team_name""><a href=""/teams/NYA/1970.html"">New York Nets</a></td><td class=""right"" data-stat=""visitor_pts"">125</td><td class=""left"" csk=""KEN.196912200KEN"" data-stat=""home_team_name""><a href=""/teams/KEN/1970.html"">Kentucky Colonels</a></td><td class=""right"" data-stat=""home_pts"">134</td><td class=""center"" data-stat=""box_score_text""><a href=""/boxscores/196912200KEN.html"">Box Score</a></td><td class=""center iz"" data-stat=""overtimes""></td><td class=""right"" data-stat=""attendance"">2,578</td><td class=""left iz"" data-stat=""game_remarks""></td></tr>"
103,"<tr><th class=""left"" csk=""196912200INA"" data-stat=""date_game"" scope=""row""><a href=""/boxscores/index.fcgi?month=12&amp;day=20&amp;year=1969"">Sat, Dec 20, 1969</a></th><td class=""left"" csk=""PTP.196912200INA"" data-stat=""visitor_team_name""><a href=""/teams/PTP/1970.html"">Pittsburgh Pipers</a></td><td class=""right"" data-stat=""visitor_pts"">115</td><td class=""left"" csk=""INA.196912200INA"" data-stat=""home_team_name""><a href=""/teams/INA/1970.html"">Indiana Pacers</a></td><td class=""right"" data-stat=""home_pts"">137</td><td class=""center"" data-stat=""box_score_text""><a href=""/boxscores/196912200INA.html"">Box Score</a></td><td class=""center iz"" data-stat=""overtimes""></td><td class=""right"" data-stat=""attendance"">9,559</td><td class=""left iz"" data-stat=""game_remarks""></td></tr>"
105,"<tr><th class=""left"" csk=""196912210MMF"" data-stat=""date_game"" scope=""row""><a href=""/boxscores/index.fcgi?month=12&amp;day=21&amp;year=1969"">Sun, Dec 21, 1969</a></th><td class=""left"" csk=""CAR.196912210MMF"" data-stat=""visitor_team_name""><a href=""/teams/CAR/1970.html"">Carolina Cougars</a></td><td class=""right"" data-stat=""visitor_pts"">115</td><td class=""left"" csk=""MMF.196912210MMF"" data-stat=""home_team_name""><a href=""/teams/MMF/1970.html"">Miami Floridians</a></td><td class=""right"" data-stat=""home_pts"">122</td><td class=""center"" data-stat=""box_score_text""><a href=""/boxscores/196912210MMF.html"">Box Score</a></td><td class=""center iz"" data-stat=""overtimes""></td><td class=""right"" data-stat=""attendance"">2,712</td><td class=""left iz"" data-stat=""game_remarks""></td></tr>"
107,"<tr><th class=""left"" csk=""196912210NYA"" data-stat=""date_game"" scope=""row""><a href=""/boxscores/index.fcgi?month=12&amp;day=21&amp;year=1969"">Sun, Dec 21, 1969</a></th><td class=""left"" csk=""KEN.196912210NYA"" data-stat=""visitor_team_name""><a href=""/teams/KEN/1970.html"">Kentucky Colonels</a></td><td class=""right"" data-stat=""visitor_pts"">107</td><td class=""left"" csk=""NYA.196912210NYA"" data-stat=""home_team_name""><a href=""/teams/NYA/1970.html"">New York Nets</a></td><td class=""right"" data-stat=""home_pts"">105</td><td class=""center"" data-stat=""box_score_text""><a href=""/boxscores/196912210NYA.html"">Box Score</a></td><td class=""center iz"" data-stat=""overtimes""></td><td class=""right"" data-stat=""attendance"">2,828</td><td class=""left iz"" data-stat=""game_remarks""></td></tr>"
109,"<tr><th class=""left"" csk=""196912210WSA"" data-stat=""date_game"" scope=""row""><a href=""/boxscores/index.fcgi?month=12&amp;day=21&amp;year=1969"">Sun, Dec 21, 1969</a></th><td class=""left"" csk=""LAS.196912210WSA"" data-stat=""visitor_team_name""><a href=""/teams/LAS/1970.html"">Los Angeles Stars</a></td><td class=""right"" data-stat=""visitor_pts"">108</td><td class=""left"" csk=""WSA.196912210WSA"" data-stat=""home_team_name""><a href=""/teams/WSA/1970.html"">Washington Capitols</a></td><td class=""right"" data-stat=""home_pts"">120</td><td class=""center"" data-stat=""box_score_text""><a href=""/boxscores/196912210WSA.html"">Box Score</a></td><td class=""center iz"" data-stat=""overtimes""></td><td class=""right"" data-stat=""attendance"">1,479</td><td class=""left iz"" data-stat=""game_remarks""></td></tr>"
111,"<tr><th class=""left"" csk=""196912230DNR"" data-stat=""date_game"" scope=""row""><a href=""/boxscores/index.fcgi?month=12&amp;day=23&amp;year=1969"">Tue, Dec 23, 1969</a></th><td class=""left"" csk=""DLC.196912230DNR"" data-stat=""visitor_team_name""><a href=""/teams/DLC/1970.html"">Dallas Chaparrals</a></td><td class=""right"" data-stat=""visitor_pts"">96</td><td class=""left"" csk=""DNR.196912230DNR"" data-stat=""home_team_name""><a href=""/teams/DNR/1970.html"">Denver Rockets</a></td><td class=""right"" data-stat=""home_pts"">102</td><td class=""center"" data-stat=""box_score_text""><a href=""/boxscores/196912230DNR.html"">Box Score</a></td><td class=""center iz"" data-stat=""overtimes""></td><td class=""right"" data-stat=""attendance"">5,029</td><td class=""left iz"" data-stat=""game_remarks""></td></tr>"
113,"<tr><th class=""left"" csk=""196912230NYA"" data-stat=""date_game"" scope=""row""><a href=""/boxscores/index.fcgi?month=12&amp;day=23&amp;year=1969"">Tue, Dec 23, 1969</a></th><td class=""left"" csk=""CAR.196912230NYA"" data-stat=""visitor_team_name""><a href=""/teams/CAR/1970.html"">Carolina Cougars</a></td><td class=""right"" data-stat=""visitor_pts"">125</td><td class=""left"" csk=""NYA.196912230NYA"" data-stat=""home_team_name""><a href=""/teams/NYA/1970.html"">New York Nets</a></td><td class=""right"" data-stat=""home_pts"">104</td><td class=""center"" data-stat=""box_score_text""><a href=""/boxscores/196912230NYA.html"">Box Score</a></td><td class=""center iz"" data-stat=""overtimes""></td><td class=""right"" data-stat=""attendance"">3,727</td><td class=""left iz"" data-stat=""game_remarks""></td></tr>"
115,"<tr><th class=""left"" csk=""196912230PTP"" data-stat=""date_game"" scope=""row""><a href=""/boxscores/index.fcgi?month=12&amp;day=23&amp;year=1969"">Tue, Dec 23, 1969</a></th><td class=""left"" csk=""KEN.196912230PTP"" data-stat=""visitor_team_name""><a href=""/teams/KEN/1970.html"">Kentucky Colonels</a></td><td class=""right"" data-stat=""visitor_pts"">100</td><td class=""left"" csk=""PTP.196912230PTP"" data-stat=""home_team_name""><a href=""/teams/PTP/1970.html"">Pittsburgh Pipers</a></td><td class=""right"" data-stat=""home_pts"">105</td><td class=""center"" data-stat=""box_score_text""><a href=""/boxscores/196912230PTP.html"">Box Score</a></td><td class=""center iz"" data-stat=""overtimes""></td><td class=""right iz"" data-stat=""attendance""></td><td class=""left iz"" data-stat=""game_remarks""></td></tr>"
117,"<tr><th class=""left"" csk=""196912250PTP"" data-stat=""date_game"" scope=""row""><a href=""/boxscores/index.fcgi?month=12&amp;day=25&amp;year=1969"">Thu, Dec 25, 1969</a></th><td class=""left"" csk=""WSA.196912250PTP"" data-stat=""visitor_team_name""><a href=""/teams/WSA/1970.html"">Washington Capitols</a></td><td class=""right"" data-stat=""visitor_pts"">131</td><td class=""left"" csk=""PTP.196912250PTP"" data-stat=""home_team_name""><a href=""/teams/PTP/1970.html"">Pittsburgh Pipers</a></td><td class=""right"" data-stat=""home_pts"">112</td><td class=""center"" data-stat=""box_score_text""><a href=""/boxscores/196912250PTP.html"">Box Score</a></td><td class=""center iz"" data-stat=""overtimes""></td><td class=""right iz"" data-stat=""attendance""></td><td class=""left iz"" data-stat=""game_remarks""></td></tr>"
119,"<tr><th class=""left"" csk=""196912250KEN"" data-stat=""date_game"" scope=""row""><a href=""/boxscores/index.fcgi?month=12&amp;day=25&amp;year=1969"">Thu, Dec 25, 1969</a></th><td class=""left"" csk=""LAS.196912250KEN"" data-stat=""visitor_team_name""><a href=""/teams/LAS/1970.html"">Los Angeles Stars</a></td><td class=""right"" data-stat=""visitor_pts"">105</td><td class=""left"" csk=""KEN.196912250KEN"" data-stat=""home_team_name""><a href=""/teams/KEN/1970.html"">Kentucky Colonels</a></td><td class=""right"" data-stat=""home_pts"">101</td><td class=""center"" data-stat=""box_score_text""><a href=""/boxscores/196912250KEN.html"">Box Score</a></td><td class=""center iz"" data-stat=""overtimes""></td><td class=""right"" data-stat=""attendance"">2,157</td><td class=""left iz"" data-stat=""game_remarks""></td></tr>"
121,"<tr><th class=""left"" csk=""196912260DNR"" data-stat=""date_game"" scope=""row""><a href=""/boxscores/index.fcgi?month=12&amp;day=26&amp;year=1969"">Fri, Dec 26, 1969</a></th><td class=""left"" csk=""MMF.196912260DNR"" data-stat=""visitor_team_name""><a href=""/teams/MMF/1970.html"">Miami Floridians</a></td><td class=""right"" data-stat=""visitor_pts"">122</td><td class=""left"" csk=""DNR.196912260DNR"" data-stat=""home_team_name""><a href=""/teams/DNR/1970.html"">Denver Rockets</a></td><td class=""right"" data-stat=""home_pts"">141</td><td class=""center"" data-stat=""box_score_text""><a href=""/boxscores/196912260DNR.html"">Box Score</a></td><td class=""center iz"" data-stat=""overtimes""></td><td class=""right"" data-stat=""attendance"">6,281</td><td class=""left iz"" data-stat=""game_remarks""></td></tr>"
123,"<tr><th class=""left"" csk=""196912260KEN"" data-stat=""date_game"" scope=""row""><a href=""/boxscores/index.fcgi?month=12&amp;day=26&amp;year=1969"">Fri, Dec 26, 1969</a></th><td class=""left"" csk=""CAR.196912260KEN"" data-stat=""visitor_team_name""><a href=""/teams/CAR/1970.html"">Carolina Cougars</a></td><td class=""right"" data-stat=""visitor_pts"">105</td><td class=""left"" csk=""KEN.196912260KEN"" data-stat=""home_team_name""><a href=""/teams/KEN/1970.html"">Kentucky Colonels</a></td><td class=""right"" data-stat=""home_pts"">117</td><td class=""center"" data-stat=""box_score_text""><a href=""/boxscores/196912260KEN.html"">Box Score</a></td><td class=""center iz"" data-stat=""overtimes""></td><td class=""right"" data-stat=""attendance"">3,168</td><td class=""left iz"" data-stat=""game_remarks""></td></tr>"
125,"<tr><th class=""left"" csk=""196912260NYA"" data-stat=""date_game"" scope=""row""><a href=""/boxscores/index.fcgi?month=12&amp;day=26&amp;year=1969"">Fri, Dec 26, 1969</a></th><td class=""left"" csk=""WSA.196912260NYA"" data-stat=""visitor_team_name""><a href=""/teams/WSA/1970.html"">Washington Capitols</a></td><td class=""right"" data-stat=""visitor_pts"">124</td><td class=""left"" csk=""NYA.196912260NYA"" data-stat=""home_team_name""><a href=""/teams/NYA/1970.html"">New York Nets</a></td><td class=""right"" data-stat=""home_pts"">113</td><td class=""center"" data-stat=""box_score_text""><a href=""/boxscores/196912260NYA.html"">Box Score</a></td><td class=""center iz"" data-stat=""overtimes""></td><td class=""right"" data-stat=""attendance"">3,116</td><td class=""left iz"" data-stat=""game_remarks""></td></tr>"
127,"<tr><th class=""left"" csk=""196912270DLC"" data-stat=""date_game"" scope=""row""><a href=""/boxscores/index.fcgi?month=12&amp;day=27&amp;year=1969"">Sat, Dec 27, 1969</a></th><td class=""left"" csk=""MMF.196912270DLC"" data-stat=""visitor_team_name""><a href=""/teams/MMF/1970.html"">Miami Floridians</a></td><td class=""right"" data-stat=""visitor_pts"">125</td><td class=""left"" csk=""DLC.196912270DLC"" data-stat=""home_team_name""><a href=""/teams/DLC/1970.html"">Dallas Chaparrals</a></td><td class=""right"" data-stat=""home_pts"">152</td><td class=""center"" data-stat=""box_score_text""><a href=""/boxscores/196912270DLC.html"">Box Score</a></td><td class=""center iz"" data-stat=""overtimes""></td><td class=""right"" data-stat=""attendance"">2,458</td><td class=""left iz"" data-stat=""game_remarks""></td></tr>"
129,"<tr><th class=""left"" csk=""196912270INA"" data-stat=""date_game"" scope=""row""><a href=""/boxscores/index.fcgi?month=12&amp;day=27&amp;year=1969"">Sat, Dec 27, 1969</a></th><td class=""left"" csk=""WSA.196912270INA"" data-stat=""visitor_team_name""><a href=""/teams/WSA/1970.html"">Washington Capitols</a></td><td class=""right"" data-stat=""visitor_pts"">113</td><td class=""left"" csk=""INA.196912270INA"" data-stat=""home_team_name""><a href=""/teams/INA/1970.html"">Indiana Pacers</a></td><td class=""right"" data-stat=""home_pts"">118</td><td class=""center"" data-stat=""box_score_text""><a href=""/boxscores/196912270INA.html"">Box Score</a></td><td class=""center iz"" data-stat=""overtimes""></td><td class=""right"" data-stat=""attendance"">9,480</td><td class=""left iz"" data-stat=""game_remarks""></td></tr>"
131,"<tr><th class=""left"" csk=""196912270LAS"" data-stat=""date_game"" scope=""row""><a href=""/boxscores/index.fcgi?month=12&amp;day=27&amp;year=1969"">Sat, Dec 27, 1969</a></th><td class=""left"" csk=""PTP.196912270LAS"" data-stat=""visitor_team_name""><a href=""/teams/PTP/1970.html"">Pittsburgh Pipers</a></td><td class=""right"" data-stat=""visitor_pts"">105</td><td class=""left"" csk=""LAS.196912270LAS"" data-stat=""home_team_name""><a href=""/teams/LAS/1970.html"">Los Angeles Stars</a></td><td class=""right"" data-stat=""home_pts"">113</td><td class=""center"" data-stat=""box_score_text""><a href=""/boxscores/196912270LAS.html"">Box Score</a></td><td class=""center"" data-stat=""overtimes"">OT</td><td class=""right"" data-stat=""attendance"">1,323</td><td class=""left"" data-stat=""game_remarks"">at Steubenville, OH</td></tr>"
133,"<tr><th class=""left"" csk=""196912280NYA"" data-stat=""date_game"" scope=""row""><a href=""/boxscores/index.fcgi?month=12&amp;day=28&amp;year=1969"">Sun, Dec 28, 1969</a></th><td class=""left"" csk=""PTP.196912280NYA"" data-stat=""visitor_team_name""><a href=""/teams/PTP/1970.html"">Pittsburgh Pipers</a></td><td class=""right"" data-stat=""visitor_pts"">128</td><td class=""left"" csk=""NYA.196912280NYA"" data-stat=""home_team_name""><a href=""/teams/NYA/1970.html"">New York Nets</a></td><td class=""right"" data-stat=""home_pts"">134</td><td class=""center"" data-stat=""box_score_text""><a href=""/boxscores/196912280NYA.html"">Box Score</a></td><td class=""center iz"" data-stat=""overtimes""></td><td class=""right"" data-stat=""attendance"">4,089</td><td class=""left"" data-stat=""game_remarks"">at Miami, FL</td></tr>"
135,"<tr><th class=""left"" csk=""196912280MMF"" data-stat=""date_game"" scope=""row""><a href=""/boxscores/index.fcgi?month=12&amp;day=28&amp;year=1969"">Sun, Dec 28, 1969</a></th><td class=""left"" csk=""DLC.196912280MMF"" data-stat=""visitor_team_name""><a href=""/teams/DLC/1970.html"">Dallas Chaparrals</a></td><td class=""right"" data-stat=""visitor_pts"">136</td><td class=""left"" csk=""MMF.196912280MMF"" data-stat=""home_team_name""><a href=""/teams/MMF/1970.html"">Miami Floridians</a></td><td class=""right"" data-stat=""home_pts"">134</td><td class=""center"" data-stat=""box_score_text""><a href=""/boxscores/196912280MMF.html"">Box Score</a></td><td class=""center"" data-stat=""overtimes"">OT</td><td class=""right"" data-stat=""attendance"">4,089</td><td class=""left iz"" data-stat=""game_remarks""></td></tr>"
137,"<tr><th class=""left"" csk=""196912280DNR"" data-stat=""date_game"" scope=""row""><a href=""/boxscores/index.fcgi?month=12&amp;day=28&amp;year=1969"">Sun, Dec 28, 1969</a></th><td class=""left"" csk=""KEN.196912280DNR"" data-stat=""visitor_team_name""><a href=""/teams/KEN/1970.html"">Kentucky Colonels</a></td><td class=""right"" data-stat=""visitor_pts"">112</td><td class=""left"" csk=""DNR.196912280DNR"" data-stat=""home_team_name""><a href=""/teams/DNR/1970.html"">Denver Rockets</a></td><td class=""right"" data-stat=""home_pts"">135</td><td class=""center"" data-stat=""box_score_text""><a href=""/boxscores/196912280DNR.html"">Box Score</a></td><td class=""center iz"" data-stat=""overtimes""></td><td class=""right"" data-stat=""attendance"">5,839</td><td class=""left iz"" data-stat=""game_remarks""></td></tr>"
139,"<tr><th class=""left"" csk=""196912280CAR"" data-stat=""date_game"" scope=""row""><a href=""/boxscores/index.fcgi?month=12&amp;day=28&amp;year=1969"">Sun, Dec 28, 1969</a></th><td class=""left"" csk=""LAS.196912280CAR"" data-stat=""visitor_team_name""><a href=""/teams/LAS/1970.html"">Los Angeles Stars</a></td><td class=""right"" data-stat=""visitor_pts"">107</td><td class=""left"" csk=""CAR.196912280CAR"" data-stat=""home_team_name""><a href=""/teams/CAR/1970.html"">Carolina Cougars</a></td><td class=""right"" data-stat=""home_pts"">104</td><td class=""center"" data-stat=""box_score_text""><a href=""/boxscores/196912280CAR.html"">Box Score</a></td><td class=""center iz"" data-stat=""overtimes""></td><td class=""right"" data-stat=""attendance"">6,258</td><td class=""left"" data-stat=""game_remarks"">at Greensboro, NC</td></tr>"
141,"<tr><th class=""left"" csk=""196912290INA"" data-stat=""date_game"" scope=""row""><a href=""/boxscores/index.fcgi?month=12&amp;day=29&amp;year=1969"">Mon, Dec 29, 1969</a></th><td class=""left"" csk=""NOB.196912290INA"" data-stat=""visitor_team_name""><a href=""/teams/NOB/1970.html"">New Orleans Buccaneers</a></td><td class=""right"" data-stat=""visitor_pts"">89</td><td class=""left"" csk=""INA.196912290INA"" data-stat=""home_team_name""><a href=""/teams/INA/1970.html"">Indiana Pacers</a></td><td class=""right"" data-stat=""home_pts"">94</td><td class=""center"" data-stat=""box_score_text""><a href=""/boxscores/196912290INA.html"">Box Score</a></td><td class=""center iz"" data-stat=""overtimes""></td><td class=""right"" data-stat=""attendance"">8,199</td><td class=""left iz"" data-stat=""game_remarks""></td></tr>"
143,"<tr><th class=""left"" csk=""196912300PTP"" data-stat=""date_game"" scope=""row""><a href=""/boxscores/index.fcgi?month=12&amp;day=30&amp;year=1969"">Tue, Dec 30, 1969</a></th><td class=""left"" csk=""CAR.196912300PTP"" data-stat=""visitor_team_name""><a href=""/teams/CAR/1970.html"">Carolina Cougars</a></td><td class=""right"" data-stat=""visitor_pts"">89</td><td class=""left"" csk=""PTP.196912300PTP"" data-stat=""home_team_name""><a href=""/teams/PTP/1970.html"">Pittsburgh Pipers</a></td><td class=""right"" data-stat=""home_pts"">97</td><td class=""center"" data-stat=""box_score_text""><a href=""/boxscores/196912300PTP.html"">Box Score</a></td><td class=""center iz"" data-stat=""overtimes""></td><td class=""right iz"" data-stat=""attendance""></td><td class=""left iz"" data-stat=""game_remarks""></td></tr>"
145,"<tr><th class=""left"" csk=""196912300NYA"" data-stat=""date_game"" scope=""row""><a href=""/boxscores/index.fcgi?month=12&amp;day=30&amp;year=1969"">Tue, Dec 30, 1969</a></th><td class=""left"" csk=""NOB.196912300NYA"" data-stat=""visitor_team_name""><a href=""/teams/NOB/1970.html"">New Orleans Buccaneers</a></td><td class=""right"" data-stat=""visitor_pts"">102</td><td class=""left"" csk=""NYA.196912300NYA"" data-stat=""home_team_name""><a href=""/teams/NYA/1970.html"">New York Nets</a></td><td class=""right"" data-stat=""home_pts"">110</td><td class=""center"" data-stat=""box_score_text""><a href=""/boxscores/196912300NYA.html"">Box Score</a></td><td class=""center iz"" data-stat=""overtimes""></td><td class=""right"" data-stat=""attendance"">4,328</td><td class=""left iz"" data-stat=""game_remarks""></td></tr>"
147,"<tr><th class=""left"" csk=""196912300KEN"" data-stat=""date_game"" scope=""row""><a href=""/boxscores/index.fcgi?month=12&amp;day=30&amp;year=1969"">Tue, Dec 30, 1969</a></th><td class=""left"" csk=""WSA.196912300KEN"" data-stat=""visitor_team_name""><a href=""/teams/WSA/1970.html"">Washington Capitols</a></td><td class=""right"" data-stat=""visitor_pts"">127</td><td class=""left"" csk=""KEN.196912300KEN"" data-stat=""home_team_name""><a href=""/teams/KEN/1970.html"">Kentucky Colonels</a></td><td class=""right"" data-stat=""home_pts"">139</td><td class=""center"" data-stat=""box_score_text""><a href=""/boxscores/196912300KEN.html"">Box Score</a></td><td class=""center iz"" data-stat=""overtimes""></td><td class=""right"" data-stat=""attendance"">9,804</td><td class=""left"" data-stat=""game_remarks"">at Denver, CO</td></tr>"
149,"<tr><th class=""left"" csk=""196912300INA"" data-stat=""date_game"" scope=""row""><a href=""/boxscores/index.fcgi?month=12&amp;day=30&amp;year=1969"">Tue, Dec 30, 1969</a></th><td class=""left"" csk=""MMF.196912300INA"" data-stat=""visitor_team_name""><a href=""/teams/MMF/1970.html"">Miami Floridians</a></td><td class=""right"" data-stat=""visitor_pts"">109</td><td class=""left"" csk=""INA.196912300INA"" data-stat=""home_team_name""><a href=""/teams/INA/1970.html"">Indiana Pacers</a></td><td class=""right"" data-stat=""home_pts"">118</td><td class=""center"" data-stat=""box_score_text""><a href=""/boxscores/196912300INA.html"">Box Score</a></td><td class=""center iz"" data-stat=""overtimes""></td><td class=""right"" data-stat=""attendance"">2,600</td><td class=""left"" data-stat=""game_remarks"">at Pittsburgh, PA</td></tr>"
151,"<tr><th class=""left"" csk=""196912300DNR"" data-stat=""date_game"" scope=""row""><a href=""/boxscores/index.fcgi?month=12&amp;day=30&amp;year=1969"">Tue, Dec 30, 1969</a></th><td class=""left"" csk=""LAS.196912300DNR"" data-stat=""visitor_team_name""><a href=""/teams/LAS/1970.html"">Los Angeles Stars</a></td><td class=""right"" data-stat=""visitor_pts"">116</td><td class=""left"" csk=""DNR.196912300DNR"" data-stat=""home_team_name""><a href=""/teams/DNR/1970.html"">Denver Rockets</a></td><td class=""right"" data-stat=""home_pts"">123</td><td class=""center"" data-stat=""box_score_text""><a href=""/boxscores/196912300DNR.html"">Box Score</a></td><td class=""center iz"" data-stat=""overtimes""></td><td class=""right"" data-stat=""attendance"">9,804</td><td class=""left iz"" data-stat=""game_remarks""></td></tr>"
153,"<tr><th class=""left"" csk=""196912310CAR"" data-stat=""date_game"" scope=""row""><a href=""/boxscores/index.fcgi?month=12&amp;day=31&amp;year=1969"">Wed, Dec 31, 1969</a></th><td class=""left"" csk=""MMF.196912310CAR"" data-stat=""visitor_team_name""><a href=""/teams/MMF/1970.html"">Miami Floridians</a></td><td class=""right"" data-stat=""visitor_pts"">101</td><td class=""left"" csk=""CAR.196912310CAR"" data-stat=""home_team_name""><a href=""/teams/CAR/1970.html"">Carolina Cougars</a></td><td class=""right"" data-stat=""home_pts"">117</td><td class=""center"" data-stat=""box_score_text""><a href=""/boxscores/196912310CAR.html"">Box Score</a></td><td class=""center iz"" data-stat=""overtimes""></td><td class=""right"" data-stat=""attendance"">3,420</td><td class=""left"" data-stat=""game_remarks"">at Charlotte, NC</td></tr>"
155,"<tr><th class=""left"" csk=""196912310INA"" data-stat=""date_game"" scope=""row""><a href=""/boxscores/index.fcgi?month=12&amp;day=31&amp;year=1969"">Wed, Dec 31, 1969</a></th><td class=""left"" csk=""KEN.196912310INA"" data-stat=""visitor_team_name""><a href=""/teams/KEN/1970.html"">Kentucky Colonels</a></td><td class=""right"" data-stat=""visitor_pts"">100</td><td class=""left"" csk=""INA.196912310INA"" data-stat=""home_team_name""><a href=""/teams/INA/1970.html"">Indiana Pacers</a></td><td class=""right"" data-stat=""home_pts"">112</td><td class=""center"" data-stat=""box_score_text""><a href=""/boxscores/196912310INA.html"">Box Score</a></td><td class=""center iz"" data-stat=""overtimes""></td><td class=""right"" data-stat=""attendance"">9,652</td><td class=""left iz"" data-stat=""game_remarks""></td></tr>"
