,0
1,"<tr><th class=""left"" csk=""197112010CAR"" data-stat=""date_game"" scope=""row""><a href=""/boxscores/index.fcgi?month=12&amp;day=1&amp;year=1971"">Wed, Dec 1, 1971</a></th><td class=""left"" csk=""PTC.197112010CAR"" data-stat=""visitor_team_name""><a href=""/teams/PTC/1972.html"">Pittsburgh Condors</a></td><td class=""right"" data-stat=""visitor_pts"">117</td><td class=""left"" csk=""CAR.197112010CAR"" data-stat=""home_team_name""><a href=""/teams/CAR/1972.html"">Carolina Cougars</a></td><td class=""right"" data-stat=""home_pts"">118</td><td class=""center"" data-stat=""box_score_text""><a href=""/boxscores/197112010CAR.html"">Box Score</a></td><td class=""center iz"" data-stat=""overtimes""></td><td class=""right"" data-stat=""attendance"">2,104</td><td class=""left"" data-stat=""game_remarks"">at Charlotte, NC</td></tr>"
3,"<tr><th class=""left"" csk=""197112010DLC"" data-stat=""date_game"" scope=""row""><a href=""/boxscores/index.fcgi?month=12&amp;day=1&amp;year=1971"">Wed, Dec 1, 1971</a></th><td class=""left"" csk=""FLO.197112010DLC"" data-stat=""visitor_team_name""><a href=""/teams/FLO/1972.html"">The Floridians</a></td><td class=""right"" data-stat=""visitor_pts"">107</td><td class=""left"" csk=""DLC.197112010DLC"" data-stat=""home_team_name""><a href=""/teams/DLC/1972.html"">Dallas Chaparrals</a></td><td class=""right"" data-stat=""home_pts"">106</td><td class=""center"" data-stat=""box_score_text""><a href=""/boxscores/197112010DLC.html"">Box Score</a></td><td class=""center"" data-stat=""overtimes"">OT</td><td class=""right"" data-stat=""attendance"">1,374</td><td class=""left iz"" data-stat=""game_remarks""></td></tr>"
5,"<tr><th class=""left"" csk=""197112020FLO"" data-stat=""date_game"" scope=""row""><a href=""/boxscores/index.fcgi?month=12&amp;day=2&amp;year=1971"">Thu, Dec 2, 1971</a></th><td class=""left"" csk=""UTS.197112020FLO"" data-stat=""visitor_team_name""><a href=""/teams/UTS/1972.html"">Utah Stars</a></td><td class=""right"" data-stat=""visitor_pts"">98</td><td class=""left"" csk=""FLO.197112020FLO"" data-stat=""home_team_name""><a href=""/teams/FLO/1972.html"">The Floridians</a></td><td class=""right"" data-stat=""home_pts"">93</td><td class=""center"" data-stat=""box_score_text""><a href=""/boxscores/197112020FLO.html"">Box Score</a></td><td class=""center iz"" data-stat=""overtimes""></td><td class=""right"" data-stat=""attendance"">1,419</td><td class=""left iz"" data-stat=""game_remarks""></td></tr>"
7,"<tr><th class=""left"" csk=""197112030NYA"" data-stat=""date_game"" scope=""row""><a href=""/boxscores/index.fcgi?month=12&amp;day=3&amp;year=1971"">Fri, Dec 3, 1971</a></th><td class=""left"" csk=""CAR.197112030NYA"" data-stat=""visitor_team_name""><a href=""/teams/CAR/1972.html"">Carolina Cougars</a></td><td class=""right"" data-stat=""visitor_pts"">122</td><td class=""left"" csk=""NYA.197112030NYA"" data-stat=""home_team_name""><a href=""/teams/NYA/1972.html"">New York Nets</a></td><td class=""right"" data-stat=""home_pts"">134</td><td class=""center"" data-stat=""box_score_text""><a href=""/boxscores/197112030NYA.html"">Box Score</a></td><td class=""center iz"" data-stat=""overtimes""></td><td class=""right"" data-stat=""attendance"">6,046</td><td class=""left iz"" data-stat=""game_remarks""></td></tr>"
9,"<tr><th class=""left"" csk=""197112030MMP"" data-stat=""date_game"" scope=""row""><a href=""/boxscores/index.fcgi?month=12&amp;day=3&amp;year=1971"">Fri, Dec 3, 1971</a></th><td class=""left"" csk=""UTS.197112030MMP"" data-stat=""visitor_team_name""><a href=""/teams/UTS/1972.html"">Utah Stars</a></td><td class=""right"" data-stat=""visitor_pts"">114</td><td class=""left"" csk=""MMP.197112030MMP"" data-stat=""home_team_name""><a href=""/teams/MMP/1972.html"">Memphis Pros</a></td><td class=""right"" data-stat=""home_pts"">117</td><td class=""center"" data-stat=""box_score_text""><a href=""/boxscores/197112030MMP.html"">Box Score</a></td><td class=""center"" data-stat=""overtimes"">OT</td><td class=""right"" data-stat=""attendance"">1,122</td><td class=""left"" data-stat=""game_remarks"">at Jackson, TN</td></tr>"
11,"<tr><th class=""left"" csk=""197112030INA"" data-stat=""date_game"" scope=""row""><a href=""/boxscores/index.fcgi?month=12&amp;day=3&amp;year=1971"">Fri, Dec 3, 1971</a></th><td class=""left"" csk=""VIR.197112030INA"" data-stat=""visitor_team_name""><a href=""/teams/VIR/1972.html"">Virginia Squires</a></td><td class=""right"" data-stat=""visitor_pts"">128</td><td class=""left"" csk=""INA.197112030INA"" data-stat=""home_team_name""><a href=""/teams/INA/1972.html"">Indiana Pacers</a></td><td class=""right"" data-stat=""home_pts"">121</td><td class=""center"" data-stat=""box_score_text""><a href=""/boxscores/197112030INA.html"">Box Score</a></td><td class=""center"" data-stat=""overtimes"">OT</td><td class=""right"" data-stat=""attendance"">9,479</td><td class=""left iz"" data-stat=""game_remarks""></td></tr>"
13,"<tr><th class=""left"" csk=""197112030DLC"" data-stat=""date_game"" scope=""row""><a href=""/boxscores/index.fcgi?month=12&amp;day=3&amp;year=1971"">Fri, Dec 3, 1971</a></th><td class=""left"" csk=""KEN.197112030DLC"" data-stat=""visitor_team_name""><a href=""/teams/KEN/1972.html"">Kentucky Colonels</a></td><td class=""right"" data-stat=""visitor_pts"">105</td><td class=""left"" csk=""DLC.197112030DLC"" data-stat=""home_team_name""><a href=""/teams/DLC/1972.html"">Dallas Chaparrals</a></td><td class=""right"" data-stat=""home_pts"">91</td><td class=""center"" data-stat=""box_score_text""><a href=""/boxscores/197112030DLC.html"">Box Score</a></td><td class=""center iz"" data-stat=""overtimes""></td><td class=""right"" data-stat=""attendance"">6,041</td><td class=""left iz"" data-stat=""game_remarks""></td></tr>"
15,"<tr><th class=""left"" csk=""197112040DNR"" data-stat=""date_game"" scope=""row""><a href=""/boxscores/index.fcgi?month=12&amp;day=4&amp;year=1971"">Sat, Dec 4, 1971</a></th><td class=""left"" csk=""KEN.197112040DNR"" data-stat=""visitor_team_name""><a href=""/teams/KEN/1972.html"">Kentucky Colonels</a></td><td class=""right"" data-stat=""visitor_pts"">109</td><td class=""left"" csk=""DNR.197112040DNR"" data-stat=""home_team_name""><a href=""/teams/DNR/1972.html"">Denver Rockets</a></td><td class=""right"" data-stat=""home_pts"">106</td><td class=""center"" data-stat=""box_score_text""><a href=""/boxscores/197112040DNR.html"">Box Score</a></td><td class=""center iz"" data-stat=""overtimes""></td><td class=""right"" data-stat=""attendance"">6,032</td><td class=""left iz"" data-stat=""game_remarks""></td></tr>"
17,"<tr><th class=""left"" csk=""197112040INA"" data-stat=""date_game"" scope=""row""><a href=""/boxscores/index.fcgi?month=12&amp;day=4&amp;year=1971"">Sat, Dec 4, 1971</a></th><td class=""left"" csk=""CAR.197112040INA"" data-stat=""visitor_team_name""><a href=""/teams/CAR/1972.html"">Carolina Cougars</a></td><td class=""right"" data-stat=""visitor_pts"">108</td><td class=""left"" csk=""INA.197112040INA"" data-stat=""home_team_name""><a href=""/teams/INA/1972.html"">Indiana Pacers</a></td><td class=""right"" data-stat=""home_pts"">115</td><td class=""center"" data-stat=""box_score_text""><a href=""/boxscores/197112040INA.html"">Box Score</a></td><td class=""center iz"" data-stat=""overtimes""></td><td class=""right"" data-stat=""attendance"">8,453</td><td class=""left iz"" data-stat=""game_remarks""></td></tr>"
19,"<tr><th class=""left"" csk=""197112040VIR"" data-stat=""date_game"" scope=""row""><a href=""/boxscores/index.fcgi?month=12&amp;day=4&amp;year=1971"">Sat, Dec 4, 1971</a></th><td class=""left"" csk=""NYA.197112040VIR"" data-stat=""visitor_team_name""><a href=""/teams/NYA/1972.html"">New York Nets</a></td><td class=""right"" data-stat=""visitor_pts"">124</td><td class=""left"" csk=""VIR.197112040VIR"" data-stat=""home_team_name""><a href=""/teams/VIR/1972.html"">Virginia Squires</a></td><td class=""right"" data-stat=""home_pts"">126</td><td class=""center"" data-stat=""box_score_text""><a href=""/boxscores/197112040VIR.html"">Box Score</a></td><td class=""center iz"" data-stat=""overtimes""></td><td class=""right"" data-stat=""attendance"">4,932</td><td class=""left"" data-stat=""game_remarks"">at Roanoke, VA</td></tr>"
21,"<tr><th class=""left"" csk=""197112050MMP"" data-stat=""date_game"" scope=""row""><a href=""/boxscores/index.fcgi?month=12&amp;day=5&amp;year=1971"">Sun, Dec 5, 1971</a></th><td class=""left"" csk=""VIR.197112050MMP"" data-stat=""visitor_team_name""><a href=""/teams/VIR/1972.html"">Virginia Squires</a></td><td class=""right"" data-stat=""visitor_pts"">113</td><td class=""left"" csk=""MMP.197112050MMP"" data-stat=""home_team_name""><a href=""/teams/MMP/1972.html"">Memphis Pros</a></td><td class=""right"" data-stat=""home_pts"">117</td><td class=""center"" data-stat=""box_score_text""><a href=""/boxscores/197112050MMP.html"">Box Score</a></td><td class=""center iz"" data-stat=""overtimes""></td><td class=""right"" data-stat=""attendance"">3,860</td><td class=""left iz"" data-stat=""game_remarks""></td></tr>"
23,"<tr><th class=""left"" csk=""197112050PTC"" data-stat=""date_game"" scope=""row""><a href=""/boxscores/index.fcgi?month=12&amp;day=5&amp;year=1971"">Sun, Dec 5, 1971</a></th><td class=""left"" csk=""DNR.197112050PTC"" data-stat=""visitor_team_name""><a href=""/teams/DNR/1972.html"">Denver Rockets</a></td><td class=""right"" data-stat=""visitor_pts"">118</td><td class=""left"" csk=""PTC.197112050PTC"" data-stat=""home_team_name""><a href=""/teams/PTC/1972.html"">Pittsburgh Condors</a></td><td class=""right"" data-stat=""home_pts"">114</td><td class=""center"" data-stat=""box_score_text""><a href=""/boxscores/197112050PTC.html"">Box Score</a></td><td class=""center iz"" data-stat=""overtimes""></td><td class=""right"" data-stat=""attendance"">1,647</td><td class=""left iz"" data-stat=""game_remarks""></td></tr>"
25,"<tr><th class=""left"" csk=""197112060UTS"" data-stat=""date_game"" scope=""row""><a href=""/boxscores/index.fcgi?month=12&amp;day=6&amp;year=1971"">Mon, Dec 6, 1971</a></th><td class=""left"" csk=""KEN.197112060UTS"" data-stat=""visitor_team_name""><a href=""/teams/KEN/1972.html"">Kentucky Colonels</a></td><td class=""right"" data-stat=""visitor_pts"">100</td><td class=""left"" csk=""UTS.197112060UTS"" data-stat=""home_team_name""><a href=""/teams/UTS/1972.html"">Utah Stars</a></td><td class=""right"" data-stat=""home_pts"">104</td><td class=""center"" data-stat=""box_score_text""><a href=""/boxscores/197112060UTS.html"">Box Score</a></td><td class=""center iz"" data-stat=""overtimes""></td><td class=""right"" data-stat=""attendance"">12,292</td><td class=""left iz"" data-stat=""game_remarks""></td></tr>"
27,"<tr><th class=""left"" csk=""197112070DLC"" data-stat=""date_game"" scope=""row""><a href=""/boxscores/index.fcgi?month=12&amp;day=7&amp;year=1971"">Tue, Dec 7, 1971</a></th><td class=""left"" csk=""VIR.197112070DLC"" data-stat=""visitor_team_name""><a href=""/teams/VIR/1972.html"">Virginia Squires</a></td><td class=""right"" data-stat=""visitor_pts"">103</td><td class=""left"" csk=""DLC.197112070DLC"" data-stat=""home_team_name""><a href=""/teams/DLC/1972.html"">Dallas Chaparrals</a></td><td class=""right"" data-stat=""home_pts"">113</td><td class=""center"" data-stat=""box_score_text""><a href=""/boxscores/197112070DLC.html"">Box Score</a></td><td class=""center iz"" data-stat=""overtimes""></td><td class=""right"" data-stat=""attendance"">1,780</td><td class=""left iz"" data-stat=""game_remarks""></td></tr>"
29,"<tr><th class=""left"" csk=""197112070FLO"" data-stat=""date_game"" scope=""row""><a href=""/boxscores/index.fcgi?month=12&amp;day=7&amp;year=1971"">Tue, Dec 7, 1971</a></th><td class=""left"" csk=""DNR.197112070FLO"" data-stat=""visitor_team_name""><a href=""/teams/DNR/1972.html"">Denver Rockets</a></td><td class=""right"" data-stat=""visitor_pts"">105</td><td class=""left"" csk=""FLO.197112070FLO"" data-stat=""home_team_name""><a href=""/teams/FLO/1972.html"">The Floridians</a></td><td class=""right"" data-stat=""home_pts"">107</td><td class=""center"" data-stat=""box_score_text""><a href=""/boxscores/197112070FLO.html"">Box Score</a></td><td class=""center iz"" data-stat=""overtimes""></td><td class=""right"" data-stat=""attendance"">1,380</td><td class=""left iz"" data-stat=""game_remarks""></td></tr>"
31,"<tr><th class=""left"" csk=""197112070NYA"" data-stat=""date_game"" scope=""row""><a href=""/boxscores/index.fcgi?month=12&amp;day=7&amp;year=1971"">Tue, Dec 7, 1971</a></th><td class=""left"" csk=""INA.197112070NYA"" data-stat=""visitor_team_name""><a href=""/teams/INA/1972.html"">Indiana Pacers</a></td><td class=""right"" data-stat=""visitor_pts"">119</td><td class=""left"" csk=""NYA.197112070NYA"" data-stat=""home_team_name""><a href=""/teams/NYA/1972.html"">New York Nets</a></td><td class=""right"" data-stat=""home_pts"">114</td><td class=""center"" data-stat=""box_score_text""><a href=""/boxscores/197112070NYA.html"">Box Score</a></td><td class=""center iz"" data-stat=""overtimes""></td><td class=""right"" data-stat=""attendance"">4,736</td><td class=""left iz"" data-stat=""game_remarks""></td></tr>"
33,"<tr><th class=""left"" csk=""197112070PTC"" data-stat=""date_game"" scope=""row""><a href=""/boxscores/index.fcgi?month=12&amp;day=7&amp;year=1971"">Tue, Dec 7, 1971</a></th><td class=""left"" csk=""CAR.197112070PTC"" data-stat=""visitor_team_name""><a href=""/teams/CAR/1972.html"">Carolina Cougars</a></td><td class=""right"" data-stat=""visitor_pts"">102</td><td class=""left"" csk=""PTC.197112070PTC"" data-stat=""home_team_name""><a href=""/teams/PTC/1972.html"">Pittsburgh Condors</a></td><td class=""right"" data-stat=""home_pts"">122</td><td class=""center"" data-stat=""box_score_text""><a href=""/boxscores/197112070PTC.html"">Box Score</a></td><td class=""center iz"" data-stat=""overtimes""></td><td class=""right"" data-stat=""attendance"">1,203</td><td class=""left iz"" data-stat=""game_remarks""></td></tr>"
35,"<tr><th class=""left"" csk=""197112080UTS"" data-stat=""date_game"" scope=""row""><a href=""/boxscores/index.fcgi?month=12&amp;day=8&amp;year=1971"">Wed, Dec 8, 1971</a></th><td class=""left"" csk=""DLC.197112080UTS"" data-stat=""visitor_team_name""><a href=""/teams/DLC/1972.html"">Dallas Chaparrals</a></td><td class=""right"" data-stat=""visitor_pts"">97</td><td class=""left"" csk=""UTS.197112080UTS"" data-stat=""home_team_name""><a href=""/teams/UTS/1972.html"">Utah Stars</a></td><td class=""right"" data-stat=""home_pts"">116</td><td class=""center"" data-stat=""box_score_text""><a href=""/boxscores/197112080UTS.html"">Box Score</a></td><td class=""center iz"" data-stat=""overtimes""></td><td class=""right"" data-stat=""attendance"">5,037</td><td class=""left iz"" data-stat=""game_remarks""></td></tr>"
37,"<tr><th class=""left"" csk=""197112080MMP"" data-stat=""date_game"" scope=""row""><a href=""/boxscores/index.fcgi?month=12&amp;day=8&amp;year=1971"">Wed, Dec 8, 1971</a></th><td class=""left"" csk=""DNR.197112080MMP"" data-stat=""visitor_team_name""><a href=""/teams/DNR/1972.html"">Denver Rockets</a></td><td class=""right"" data-stat=""visitor_pts"">91</td><td class=""left"" csk=""MMP.197112080MMP"" data-stat=""home_team_name""><a href=""/teams/MMP/1972.html"">Memphis Pros</a></td><td class=""right"" data-stat=""home_pts"">109</td><td class=""center"" data-stat=""box_score_text""><a href=""/boxscores/197112080MMP.html"">Box Score</a></td><td class=""center iz"" data-stat=""overtimes""></td><td class=""right"" data-stat=""attendance"">3,140</td><td class=""left iz"" data-stat=""game_remarks""></td></tr>"
39,"<tr><th class=""left"" csk=""197112080CAR"" data-stat=""date_game"" scope=""row""><a href=""/boxscores/index.fcgi?month=12&amp;day=8&amp;year=1971"">Wed, Dec 8, 1971</a></th><td class=""left"" csk=""KEN.197112080CAR"" data-stat=""visitor_team_name""><a href=""/teams/KEN/1972.html"">Kentucky Colonels</a></td><td class=""right"" data-stat=""visitor_pts"">121</td><td class=""left"" csk=""CAR.197112080CAR"" data-stat=""home_team_name""><a href=""/teams/CAR/1972.html"">Carolina Cougars</a></td><td class=""right"" data-stat=""home_pts"">111</td><td class=""center"" data-stat=""box_score_text""><a href=""/boxscores/197112080CAR.html"">Box Score</a></td><td class=""center iz"" data-stat=""overtimes""></td><td class=""right"" data-stat=""attendance"">3,853</td><td class=""left"" data-stat=""game_remarks"">at Charlotte, NC</td></tr>"
41,"<tr><th class=""left"" csk=""197112090INA"" data-stat=""date_game"" scope=""row""><a href=""/boxscores/index.fcgi?month=12&amp;day=9&amp;year=1971"">Thu, Dec 9, 1971</a></th><td class=""left"" csk=""KEN.197112090INA"" data-stat=""visitor_team_name""><a href=""/teams/KEN/1972.html"">Kentucky Colonels</a></td><td class=""right"" data-stat=""visitor_pts"">103</td><td class=""left"" csk=""INA.197112090INA"" data-stat=""home_team_name""><a href=""/teams/INA/1972.html"">Indiana Pacers</a></td><td class=""right"" data-stat=""home_pts"">101</td><td class=""center"" data-stat=""box_score_text""><a href=""/boxscores/197112090INA.html"">Box Score</a></td><td class=""center iz"" data-stat=""overtimes""></td><td class=""right"" data-stat=""attendance"">9,479</td><td class=""left iz"" data-stat=""game_remarks""></td></tr>"
43,"<tr><th class=""left"" csk=""197112090PTC"" data-stat=""date_game"" scope=""row""><a href=""/boxscores/index.fcgi?month=12&amp;day=9&amp;year=1971"">Thu, Dec 9, 1971</a></th><td class=""left"" csk=""DLC.197112090PTC"" data-stat=""visitor_team_name""><a href=""/teams/DLC/1972.html"">Dallas Chaparrals</a></td><td class=""right"" data-stat=""visitor_pts"">113</td><td class=""left"" csk=""PTC.197112090PTC"" data-stat=""home_team_name""><a href=""/teams/PTC/1972.html"">Pittsburgh Condors</a></td><td class=""right"" data-stat=""home_pts"">124</td><td class=""center"" data-stat=""box_score_text""><a href=""/boxscores/197112090PTC.html"">Box Score</a></td><td class=""center iz"" data-stat=""overtimes""></td><td class=""right"" data-stat=""attendance"">1,112</td><td class=""left iz"" data-stat=""game_remarks""></td></tr>"
45,"<tr><th class=""left"" csk=""197112090VIR"" data-stat=""date_game"" scope=""row""><a href=""/boxscores/index.fcgi?month=12&amp;day=9&amp;year=1971"">Thu, Dec 9, 1971</a></th><td class=""left"" csk=""NYA.197112090VIR"" data-stat=""visitor_team_name""><a href=""/teams/NYA/1972.html"">New York Nets</a></td><td class=""right"" data-stat=""visitor_pts"">114</td><td class=""left"" csk=""VIR.197112090VIR"" data-stat=""home_team_name""><a href=""/teams/VIR/1972.html"">Virginia Squires</a></td><td class=""right"" data-stat=""home_pts"">115</td><td class=""center"" data-stat=""box_score_text""><a href=""/boxscores/197112090VIR.html"">Box Score</a></td><td class=""center"" data-stat=""overtimes"">OT</td><td class=""right"" data-stat=""attendance"">5,217</td><td class=""left"" data-stat=""game_remarks"">at Richmond, VA</td></tr>"
47,"<tr><th class=""left"" csk=""197112100VIR"" data-stat=""date_game"" scope=""row""><a href=""/boxscores/index.fcgi?month=12&amp;day=10&amp;year=1971"">Fri, Dec 10, 1971</a></th><td class=""left"" csk=""INA.197112100VIR"" data-stat=""visitor_team_name""><a href=""/teams/INA/1972.html"">Indiana Pacers</a></td><td class=""right"" data-stat=""visitor_pts"">114</td><td class=""left"" csk=""VIR.197112100VIR"" data-stat=""home_team_name""><a href=""/teams/VIR/1972.html"">Virginia Squires</a></td><td class=""right"" data-stat=""home_pts"">118</td><td class=""center"" data-stat=""box_score_text""><a href=""/boxscores/197112100VIR.html"">Box Score</a></td><td class=""center iz"" data-stat=""overtimes""></td><td class=""right"" data-stat=""attendance"">8,676</td><td class=""left"" data-stat=""game_remarks"">at Norfolk, VA</td></tr>"
49,"<tr><th class=""left"" csk=""197112100UTS"" data-stat=""date_game"" scope=""row""><a href=""/boxscores/index.fcgi?month=12&amp;day=10&amp;year=1971"">Fri, Dec 10, 1971</a></th><td class=""left"" csk=""DNR.197112100UTS"" data-stat=""visitor_team_name""><a href=""/teams/DNR/1972.html"">Denver Rockets</a></td><td class=""right"" data-stat=""visitor_pts"">102</td><td class=""left"" csk=""UTS.197112100UTS"" data-stat=""home_team_name""><a href=""/teams/UTS/1972.html"">Utah Stars</a></td><td class=""right"" data-stat=""home_pts"">110</td><td class=""center"" data-stat=""box_score_text""><a href=""/boxscores/197112100UTS.html"">Box Score</a></td><td class=""center iz"" data-stat=""overtimes""></td><td class=""right"" data-stat=""attendance"">5,504</td><td class=""left"" data-stat=""game_remarks"">at Logan, UT</td></tr>"
51,"<tr><th class=""left"" csk=""197112100NYA"" data-stat=""date_game"" scope=""row""><a href=""/boxscores/index.fcgi?month=12&amp;day=10&amp;year=1971"">Fri, Dec 10, 1971</a></th><td class=""left"" csk=""MMP.197112100NYA"" data-stat=""visitor_team_name""><a href=""/teams/MMP/1972.html"">Memphis Pros</a></td><td class=""right"" data-stat=""visitor_pts"">101</td><td class=""left"" csk=""NYA.197112100NYA"" data-stat=""home_team_name""><a href=""/teams/NYA/1972.html"">New York Nets</a></td><td class=""right"" data-stat=""home_pts"">103</td><td class=""center"" data-stat=""box_score_text""><a href=""/boxscores/197112100NYA.html"">Box Score</a></td><td class=""center iz"" data-stat=""overtimes""></td><td class=""right"" data-stat=""attendance"">6,293</td><td class=""left iz"" data-stat=""game_remarks""></td></tr>"
53,"<tr><th class=""left"" csk=""197112100KEN"" data-stat=""date_game"" scope=""row""><a href=""/boxscores/index.fcgi?month=12&amp;day=10&amp;year=1971"">Fri, Dec 10, 1971</a></th><td class=""left"" csk=""FLO.197112100KEN"" data-stat=""visitor_team_name""><a href=""/teams/FLO/1972.html"">The Floridians</a></td><td class=""right"" data-stat=""visitor_pts"">100</td><td class=""left"" csk=""KEN.197112100KEN"" data-stat=""home_team_name""><a href=""/teams/KEN/1972.html"">Kentucky Colonels</a></td><td class=""right"" data-stat=""home_pts"">116</td><td class=""center"" data-stat=""box_score_text""><a href=""/boxscores/197112100KEN.html"">Box Score</a></td><td class=""center iz"" data-stat=""overtimes""></td><td class=""right"" data-stat=""attendance"">7,986</td><td class=""left iz"" data-stat=""game_remarks""></td></tr>"
55,"<tr><th class=""left"" csk=""197112100CAR"" data-stat=""date_game"" scope=""row""><a href=""/boxscores/index.fcgi?month=12&amp;day=10&amp;year=1971"">Fri, Dec 10, 1971</a></th><td class=""left"" csk=""PTC.197112100CAR"" data-stat=""visitor_team_name""><a href=""/teams/PTC/1972.html"">Pittsburgh Condors</a></td><td class=""right"" data-stat=""visitor_pts"">144</td><td class=""left"" csk=""CAR.197112100CAR"" data-stat=""home_team_name""><a href=""/teams/CAR/1972.html"">Carolina Cougars</a></td><td class=""right"" data-stat=""home_pts"">138</td><td class=""center"" data-stat=""box_score_text""><a href=""/boxscores/197112100CAR.html"">Box Score</a></td><td class=""center iz"" data-stat=""overtimes""></td><td class=""right"" data-stat=""attendance"">4,809</td><td class=""left"" data-stat=""game_remarks"">at Greensboro, NC</td></tr>"
57,"<tr><th class=""left"" csk=""197112110VIR"" data-stat=""date_game"" scope=""row""><a href=""/boxscores/index.fcgi?month=12&amp;day=11&amp;year=1971"">Sat, Dec 11, 1971</a></th><td class=""left"" csk=""KEN.197112110VIR"" data-stat=""visitor_team_name""><a href=""/teams/KEN/1972.html"">Kentucky Colonels</a></td><td class=""right"" data-stat=""visitor_pts"">120</td><td class=""left"" csk=""VIR.197112110VIR"" data-stat=""home_team_name""><a href=""/teams/VIR/1972.html"">Virginia Squires</a></td><td class=""right"" data-stat=""home_pts"">128</td><td class=""center"" data-stat=""box_score_text""><a href=""/boxscores/197112110VIR.html"">Box Score</a></td><td class=""center"" data-stat=""overtimes"">OT</td><td class=""right"" data-stat=""attendance"">8,318</td><td class=""left"" data-stat=""game_remarks"">at Hampton, VA</td></tr>"
59,"<tr><th class=""left"" csk=""197112110UTS"" data-stat=""date_game"" scope=""row""><a href=""/boxscores/index.fcgi?month=12&amp;day=11&amp;year=1971"">Sat, Dec 11, 1971</a></th><td class=""left"" csk=""NYA.197112110UTS"" data-stat=""visitor_team_name""><a href=""/teams/NYA/1972.html"">New York Nets</a></td><td class=""right"" data-stat=""visitor_pts"">82</td><td class=""left"" csk=""UTS.197112110UTS"" data-stat=""home_team_name""><a href=""/teams/UTS/1972.html"">Utah Stars</a></td><td class=""right"" data-stat=""home_pts"">109</td><td class=""center"" data-stat=""box_score_text""><a href=""/boxscores/197112110UTS.html"">Box Score</a></td><td class=""center iz"" data-stat=""overtimes""></td><td class=""right"" data-stat=""attendance"">6,655</td><td class=""left iz"" data-stat=""game_remarks""></td></tr>"
61,"<tr><th class=""left"" csk=""197112110MMP"" data-stat=""date_game"" scope=""row""><a href=""/boxscores/index.fcgi?month=12&amp;day=11&amp;year=1971"">Sat, Dec 11, 1971</a></th><td class=""left"" csk=""DLC.197112110MMP"" data-stat=""visitor_team_name""><a href=""/teams/DLC/1972.html"">Dallas Chaparrals</a></td><td class=""right"" data-stat=""visitor_pts"">105</td><td class=""left"" csk=""MMP.197112110MMP"" data-stat=""home_team_name""><a href=""/teams/MMP/1972.html"">Memphis Pros</a></td><td class=""right"" data-stat=""home_pts"">116</td><td class=""center"" data-stat=""box_score_text""><a href=""/boxscores/197112110MMP.html"">Box Score</a></td><td class=""center iz"" data-stat=""overtimes""></td><td class=""right"" data-stat=""attendance"">4,680</td><td class=""left iz"" data-stat=""game_remarks""></td></tr>"
63,"<tr><th class=""left"" csk=""197112110INA"" data-stat=""date_game"" scope=""row""><a href=""/boxscores/index.fcgi?month=12&amp;day=11&amp;year=1971"">Sat, Dec 11, 1971</a></th><td class=""left"" csk=""FLO.197112110INA"" data-stat=""visitor_team_name""><a href=""/teams/FLO/1972.html"">The Floridians</a></td><td class=""right"" data-stat=""visitor_pts"">96</td><td class=""left"" csk=""INA.197112110INA"" data-stat=""home_team_name""><a href=""/teams/INA/1972.html"">Indiana Pacers</a></td><td class=""right"" data-stat=""home_pts"">105</td><td class=""center"" data-stat=""box_score_text""><a href=""/boxscores/197112110INA.html"">Box Score</a></td><td class=""center iz"" data-stat=""overtimes""></td><td class=""right"" data-stat=""attendance"">9,009</td><td class=""left iz"" data-stat=""game_remarks""></td></tr>"
65,"<tr><th class=""left"" csk=""197112110DNR"" data-stat=""date_game"" scope=""row""><a href=""/boxscores/index.fcgi?month=12&amp;day=11&amp;year=1971"">Sat, Dec 11, 1971</a></th><td class=""left"" csk=""CAR.197112110DNR"" data-stat=""visitor_team_name""><a href=""/teams/CAR/1972.html"">Carolina Cougars</a></td><td class=""right"" data-stat=""visitor_pts"">125</td><td class=""left"" csk=""DNR.197112110DNR"" data-stat=""home_team_name""><a href=""/teams/DNR/1972.html"">Denver Rockets</a></td><td class=""right"" data-stat=""home_pts"">130</td><td class=""center"" data-stat=""box_score_text""><a href=""/boxscores/197112110DNR.html"">Box Score</a></td><td class=""center iz"" data-stat=""overtimes""></td><td class=""right"" data-stat=""attendance"">3,611</td><td class=""left iz"" data-stat=""game_remarks""></td></tr>"
67,"<tr><th class=""left"" csk=""197112120PTC"" data-stat=""date_game"" scope=""row""><a href=""/boxscores/index.fcgi?month=12&amp;day=12&amp;year=1971"">Sun, Dec 12, 1971</a></th><td class=""left"" csk=""FLO.197112120PTC"" data-stat=""visitor_team_name""><a href=""/teams/FLO/1972.html"">The Floridians</a></td><td class=""right"" data-stat=""visitor_pts"">95</td><td class=""left"" csk=""PTC.197112120PTC"" data-stat=""home_team_name""><a href=""/teams/PTC/1972.html"">Pittsburgh Condors</a></td><td class=""right"" data-stat=""home_pts"">98</td><td class=""center"" data-stat=""box_score_text""><a href=""/boxscores/197112120PTC.html"">Box Score</a></td><td class=""center iz"" data-stat=""overtimes""></td><td class=""right"" data-stat=""attendance"">1,303</td><td class=""left iz"" data-stat=""game_remarks""></td></tr>"
69,"<tr><th class=""left"" csk=""197112130UTS"" data-stat=""date_game"" scope=""row""><a href=""/boxscores/index.fcgi?month=12&amp;day=13&amp;year=1971"">Mon, Dec 13, 1971</a></th><td class=""left"" csk=""CAR.197112130UTS"" data-stat=""visitor_team_name""><a href=""/teams/CAR/1972.html"">Carolina Cougars</a></td><td class=""right"" data-stat=""visitor_pts"">124</td><td class=""left"" csk=""UTS.197112130UTS"" data-stat=""home_team_name""><a href=""/teams/UTS/1972.html"">Utah Stars</a></td><td class=""right"" data-stat=""home_pts"">115</td><td class=""center"" data-stat=""box_score_text""><a href=""/boxscores/197112130UTS.html"">Box Score</a></td><td class=""center iz"" data-stat=""overtimes""></td><td class=""right"" data-stat=""attendance"">6,106</td><td class=""left iz"" data-stat=""game_remarks""></td></tr>"
71,"<tr><th class=""left"" csk=""197112130VIR"" data-stat=""date_game"" scope=""row""><a href=""/boxscores/index.fcgi?month=12&amp;day=13&amp;year=1971"">Mon, Dec 13, 1971</a></th><td class=""left"" csk=""FLO.197112130VIR"" data-stat=""visitor_team_name""><a href=""/teams/FLO/1972.html"">The Floridians</a></td><td class=""right"" data-stat=""visitor_pts"">115</td><td class=""left"" csk=""VIR.197112130VIR"" data-stat=""home_team_name""><a href=""/teams/VIR/1972.html"">Virginia Squires</a></td><td class=""right"" data-stat=""home_pts"">123</td><td class=""center"" data-stat=""box_score_text""><a href=""/boxscores/197112130VIR.html"">Box Score</a></td><td class=""center iz"" data-stat=""overtimes""></td><td class=""right"" data-stat=""attendance"">3,866</td><td class=""left"" data-stat=""game_remarks"">at Norfolk, VA</td></tr>"
73,"<tr><th class=""left"" csk=""197112140PTC"" data-stat=""date_game"" scope=""row""><a href=""/boxscores/index.fcgi?month=12&amp;day=14&amp;year=1971"">Tue, Dec 14, 1971</a></th><td class=""left"" csk=""MMP.197112140PTC"" data-stat=""visitor_team_name""><a href=""/teams/MMP/1972.html"">Memphis Pros</a></td><td class=""right"" data-stat=""visitor_pts"">128</td><td class=""left"" csk=""PTC.197112140PTC"" data-stat=""home_team_name""><a href=""/teams/PTC/1972.html"">Pittsburgh Condors</a></td><td class=""right"" data-stat=""home_pts"">130</td><td class=""center"" data-stat=""box_score_text""><a href=""/boxscores/197112140PTC.html"">Box Score</a></td><td class=""center iz"" data-stat=""overtimes""></td><td class=""right"" data-stat=""attendance"">1,079</td><td class=""left iz"" data-stat=""game_remarks""></td></tr>"
75,"<tr><th class=""left"" csk=""197112140DNR"" data-stat=""date_game"" scope=""row""><a href=""/boxscores/index.fcgi?month=12&amp;day=14&amp;year=1971"">Tue, Dec 14, 1971</a></th><td class=""left"" csk=""NYA.197112140DNR"" data-stat=""visitor_team_name""><a href=""/teams/NYA/1972.html"">New York Nets</a></td><td class=""right"" data-stat=""visitor_pts"">118</td><td class=""left"" csk=""DNR.197112140DNR"" data-stat=""home_team_name""><a href=""/teams/DNR/1972.html"">Denver Rockets</a></td><td class=""right"" data-stat=""home_pts"">119</td><td class=""center"" data-stat=""box_score_text""><a href=""/boxscores/197112140DNR.html"">Box Score</a></td><td class=""center iz"" data-stat=""overtimes""></td><td class=""right"" data-stat=""attendance"">3,270</td><td class=""left iz"" data-stat=""game_remarks""></td></tr>"
77,"<tr><th class=""left"" csk=""197112140DLC"" data-stat=""date_game"" scope=""row""><a href=""/boxscores/index.fcgi?month=12&amp;day=14&amp;year=1971"">Tue, Dec 14, 1971</a></th><td class=""left"" csk=""INA.197112140DLC"" data-stat=""visitor_team_name""><a href=""/teams/INA/1972.html"">Indiana Pacers</a></td><td class=""right"" data-stat=""visitor_pts"">107</td><td class=""left"" csk=""DLC.197112140DLC"" data-stat=""home_team_name""><a href=""/teams/DLC/1972.html"">Dallas Chaparrals</a></td><td class=""right"" data-stat=""home_pts"">98</td><td class=""center"" data-stat=""box_score_text""><a href=""/boxscores/197112140DLC.html"">Box Score</a></td><td class=""center iz"" data-stat=""overtimes""></td><td class=""right"" data-stat=""attendance"">949</td><td class=""left iz"" data-stat=""game_remarks""></td></tr>"
79,"<tr><th class=""left"" csk=""197112140CAR"" data-stat=""date_game"" scope=""row""><a href=""/boxscores/index.fcgi?month=12&amp;day=14&amp;year=1971"">Tue, Dec 14, 1971</a></th><td class=""left"" csk=""VIR.197112140CAR"" data-stat=""visitor_team_name""><a href=""/teams/VIR/1972.html"">Virginia Squires</a></td><td class=""right"" data-stat=""visitor_pts"">121</td><td class=""left"" csk=""CAR.197112140CAR"" data-stat=""home_team_name""><a href=""/teams/CAR/1972.html"">Carolina Cougars</a></td><td class=""right"" data-stat=""home_pts"">125</td><td class=""center"" data-stat=""box_score_text""><a href=""/boxscores/197112140CAR.html"">Box Score</a></td><td class=""center iz"" data-stat=""overtimes""></td><td class=""right"" data-stat=""attendance"">3,991</td><td class=""left"" data-stat=""game_remarks"">at Greensboro, NC</td></tr>"
81,"<tr><th class=""left"" csk=""197112150FLO"" data-stat=""date_game"" scope=""row""><a href=""/boxscores/index.fcgi?month=12&amp;day=15&amp;year=1971"">Wed, Dec 15, 1971</a></th><td class=""left"" csk=""VIR.197112150FLO"" data-stat=""visitor_team_name""><a href=""/teams/VIR/1972.html"">Virginia Squires</a></td><td class=""right"" data-stat=""visitor_pts"">105</td><td class=""left"" csk=""FLO.197112150FLO"" data-stat=""home_team_name""><a href=""/teams/FLO/1972.html"">The Floridians</a></td><td class=""right"" data-stat=""home_pts"">119</td><td class=""center"" data-stat=""box_score_text""><a href=""/boxscores/197112150FLO.html"">Box Score</a></td><td class=""center iz"" data-stat=""overtimes""></td><td class=""right"" data-stat=""attendance"">2,291</td><td class=""left iz"" data-stat=""game_remarks""></td></tr>"
83,"<tr><th class=""left"" csk=""197112150INA"" data-stat=""date_game"" scope=""row""><a href=""/boxscores/index.fcgi?month=12&amp;day=15&amp;year=1971"">Wed, Dec 15, 1971</a></th><td class=""left"" csk=""DLC.197112150INA"" data-stat=""visitor_team_name""><a href=""/teams/DLC/1972.html"">Dallas Chaparrals</a></td><td class=""right"" data-stat=""visitor_pts"">110</td><td class=""left"" csk=""INA.197112150INA"" data-stat=""home_team_name""><a href=""/teams/INA/1972.html"">Indiana Pacers</a></td><td class=""right"" data-stat=""home_pts"">124</td><td class=""center"" data-stat=""box_score_text""><a href=""/boxscores/197112150INA.html"">Box Score</a></td><td class=""center iz"" data-stat=""overtimes""></td><td class=""right"" data-stat=""attendance"">5,871</td><td class=""left iz"" data-stat=""game_remarks""></td></tr>"
85,"<tr><th class=""left"" csk=""197112150KEN"" data-stat=""date_game"" scope=""row""><a href=""/boxscores/index.fcgi?month=12&amp;day=15&amp;year=1971"">Wed, Dec 15, 1971</a></th><td class=""left"" csk=""CAR.197112150KEN"" data-stat=""visitor_team_name""><a href=""/teams/CAR/1972.html"">Carolina Cougars</a></td><td class=""right"" data-stat=""visitor_pts"">93</td><td class=""left"" csk=""KEN.197112150KEN"" data-stat=""home_team_name""><a href=""/teams/KEN/1972.html"">Kentucky Colonels</a></td><td class=""right"" data-stat=""home_pts"">137</td><td class=""center"" data-stat=""box_score_text""><a href=""/boxscores/197112150KEN.html"">Box Score</a></td><td class=""center iz"" data-stat=""overtimes""></td><td class=""right"" data-stat=""attendance"">9,762</td><td class=""left iz"" data-stat=""game_remarks""></td></tr>"
87,"<tr><th class=""left"" csk=""197112150MMP"" data-stat=""date_game"" scope=""row""><a href=""/boxscores/index.fcgi?month=12&amp;day=15&amp;year=1971"">Wed, Dec 15, 1971</a></th><td class=""left"" csk=""NYA.197112150MMP"" data-stat=""visitor_team_name""><a href=""/teams/NYA/1972.html"">New York Nets</a></td><td class=""right"" data-stat=""visitor_pts"">109</td><td class=""left"" csk=""MMP.197112150MMP"" data-stat=""home_team_name""><a href=""/teams/MMP/1972.html"">Memphis Pros</a></td><td class=""right"" data-stat=""home_pts"">100</td><td class=""center"" data-stat=""box_score_text""><a href=""/boxscores/197112150MMP.html"">Box Score</a></td><td class=""center iz"" data-stat=""overtimes""></td><td class=""right"" data-stat=""attendance"">3,824</td><td class=""left iz"" data-stat=""game_remarks""></td></tr>"
89,"<tr><th class=""left"" csk=""197112160FLO"" data-stat=""date_game"" scope=""row""><a href=""/boxscores/index.fcgi?month=12&amp;day=16&amp;year=1971"">Thu, Dec 16, 1971</a></th><td class=""left"" csk=""PTC.197112160FLO"" data-stat=""visitor_team_name""><a href=""/teams/PTC/1972.html"">Pittsburgh Condors</a></td><td class=""right"" data-stat=""visitor_pts"">103</td><td class=""left"" csk=""FLO.197112160FLO"" data-stat=""home_team_name""><a href=""/teams/FLO/1972.html"">The Floridians</a></td><td class=""right"" data-stat=""home_pts"">129</td><td class=""center"" data-stat=""box_score_text""><a href=""/boxscores/197112160FLO.html"">Box Score</a></td><td class=""center iz"" data-stat=""overtimes""></td><td class=""right"" data-stat=""attendance"">2,075</td><td class=""left iz"" data-stat=""game_remarks""></td></tr>"
91,"<tr><th class=""left"" csk=""197112170UTS"" data-stat=""date_game"" scope=""row""><a href=""/boxscores/index.fcgi?month=12&amp;day=17&amp;year=1971"">Fri, Dec 17, 1971</a></th><td class=""left"" csk=""DNR.197112170UTS"" data-stat=""visitor_team_name""><a href=""/teams/DNR/1972.html"">Denver Rockets</a></td><td class=""right"" data-stat=""visitor_pts"">109</td><td class=""left"" csk=""UTS.197112170UTS"" data-stat=""home_team_name""><a href=""/teams/UTS/1972.html"">Utah Stars</a></td><td class=""right"" data-stat=""home_pts"">136</td><td class=""center"" data-stat=""box_score_text""><a href=""/boxscores/197112170UTS.html"">Box Score</a></td><td class=""center iz"" data-stat=""overtimes""></td><td class=""right"" data-stat=""attendance"">5,765</td><td class=""left iz"" data-stat=""game_remarks""></td></tr>"
93,"<tr><th class=""left"" csk=""197112170PTC"" data-stat=""date_game"" scope=""row""><a href=""/boxscores/index.fcgi?month=12&amp;day=17&amp;year=1971"">Fri, Dec 17, 1971</a></th><td class=""left"" csk=""CAR.197112170PTC"" data-stat=""visitor_team_name""><a href=""/teams/CAR/1972.html"">Carolina Cougars</a></td><td class=""right"" data-stat=""visitor_pts"">146</td><td class=""left"" csk=""PTC.197112170PTC"" data-stat=""home_team_name""><a href=""/teams/PTC/1972.html"">Pittsburgh Condors</a></td><td class=""right"" data-stat=""home_pts"">143</td><td class=""center"" data-stat=""box_score_text""><a href=""/boxscores/197112170PTC.html"">Box Score</a></td><td class=""center"" data-stat=""overtimes"">OT</td><td class=""right"" data-stat=""attendance"">1,467</td><td class=""left iz"" data-stat=""game_remarks""></td></tr>"
95,"<tr><th class=""left"" csk=""197112170NYA"" data-stat=""date_game"" scope=""row""><a href=""/boxscores/index.fcgi?month=12&amp;day=17&amp;year=1971"">Fri, Dec 17, 1971</a></th><td class=""left"" csk=""DLC.197112170NYA"" data-stat=""visitor_team_name""><a href=""/teams/DLC/1972.html"">Dallas Chaparrals</a></td><td class=""right"" data-stat=""visitor_pts"">83</td><td class=""left"" csk=""NYA.197112170NYA"" data-stat=""home_team_name""><a href=""/teams/NYA/1972.html"">New York Nets</a></td><td class=""right"" data-stat=""home_pts"">90</td><td class=""center"" data-stat=""box_score_text""><a href=""/boxscores/197112170NYA.html"">Box Score</a></td><td class=""center iz"" data-stat=""overtimes""></td><td class=""right"" data-stat=""attendance"">5,497</td><td class=""left iz"" data-stat=""game_remarks""></td></tr>"
97,"<tr><th class=""left"" csk=""197112170KEN"" data-stat=""date_game"" scope=""row""><a href=""/boxscores/index.fcgi?month=12&amp;day=17&amp;year=1971"">Fri, Dec 17, 1971</a></th><td class=""left"" csk=""VIR.197112170KEN"" data-stat=""visitor_team_name""><a href=""/teams/VIR/1972.html"">Virginia Squires</a></td><td class=""right"" data-stat=""visitor_pts"">104</td><td class=""left"" csk=""KEN.197112170KEN"" data-stat=""home_team_name""><a href=""/teams/KEN/1972.html"">Kentucky Colonels</a></td><td class=""right"" data-stat=""home_pts"">128</td><td class=""center"" data-stat=""box_score_text""><a href=""/boxscores/197112170KEN.html"">Box Score</a></td><td class=""center iz"" data-stat=""overtimes""></td><td class=""right"" data-stat=""attendance"">8,381</td><td class=""left iz"" data-stat=""game_remarks""></td></tr>"
99,"<tr><th class=""left"" csk=""197112170INA"" data-stat=""date_game"" scope=""row""><a href=""/boxscores/index.fcgi?month=12&amp;day=17&amp;year=1971"">Fri, Dec 17, 1971</a></th><td class=""left"" csk=""MMP.197112170INA"" data-stat=""visitor_team_name""><a href=""/teams/MMP/1972.html"">Memphis Pros</a></td><td class=""right"" data-stat=""visitor_pts"">92</td><td class=""left"" csk=""INA.197112170INA"" data-stat=""home_team_name""><a href=""/teams/INA/1972.html"">Indiana Pacers</a></td><td class=""right"" data-stat=""home_pts"">94</td><td class=""center"" data-stat=""box_score_text""><a href=""/boxscores/197112170INA.html"">Box Score</a></td><td class=""center iz"" data-stat=""overtimes""></td><td class=""right"" data-stat=""attendance"">8,514</td><td class=""left iz"" data-stat=""game_remarks""></td></tr>"
101,"<tr><th class=""left"" csk=""197112180CAR"" data-stat=""date_game"" scope=""row""><a href=""/boxscores/index.fcgi?month=12&amp;day=18&amp;year=1971"">Sat, Dec 18, 1971</a></th><td class=""left"" csk=""NYA.197112180CAR"" data-stat=""visitor_team_name""><a href=""/teams/NYA/1972.html"">New York Nets</a></td><td class=""right"" data-stat=""visitor_pts"">118</td><td class=""left"" csk=""CAR.197112180CAR"" data-stat=""home_team_name""><a href=""/teams/CAR/1972.html"">Carolina Cougars</a></td><td class=""right"" data-stat=""home_pts"">106</td><td class=""center"" data-stat=""box_score_text""><a href=""/boxscores/197112180CAR.html"">Box Score</a></td><td class=""center iz"" data-stat=""overtimes""></td><td class=""right"" data-stat=""attendance"">5,158</td><td class=""left"" data-stat=""game_remarks"">at Charlotte, NC</td></tr>"
103,"<tr><th class=""left"" csk=""197112180FLO"" data-stat=""date_game"" scope=""row""><a href=""/boxscores/index.fcgi?month=12&amp;day=18&amp;year=1971"">Sat, Dec 18, 1971</a></th><td class=""left"" csk=""INA.197112180FLO"" data-stat=""visitor_team_name""><a href=""/teams/INA/1972.html"">Indiana Pacers</a></td><td class=""right"" data-stat=""visitor_pts"">107</td><td class=""left"" csk=""FLO.197112180FLO"" data-stat=""home_team_name""><a href=""/teams/FLO/1972.html"">The Floridians</a></td><td class=""right"" data-stat=""home_pts"">117</td><td class=""center"" data-stat=""box_score_text""><a href=""/boxscores/197112180FLO.html"">Box Score</a></td><td class=""center iz"" data-stat=""overtimes""></td><td class=""right"" data-stat=""attendance"">1,819</td><td class=""left iz"" data-stat=""game_remarks""></td></tr>"
105,"<tr><th class=""left"" csk=""197112180KEN"" data-stat=""date_game"" scope=""row""><a href=""/boxscores/index.fcgi?month=12&amp;day=18&amp;year=1971"">Sat, Dec 18, 1971</a></th><td class=""left"" csk=""DLC.197112180KEN"" data-stat=""visitor_team_name""><a href=""/teams/DLC/1972.html"">Dallas Chaparrals</a></td><td class=""right"" data-stat=""visitor_pts"">84</td><td class=""left"" csk=""KEN.197112180KEN"" data-stat=""home_team_name""><a href=""/teams/KEN/1972.html"">Kentucky Colonels</a></td><td class=""right"" data-stat=""home_pts"">94</td><td class=""center"" data-stat=""box_score_text""><a href=""/boxscores/197112180KEN.html"">Box Score</a></td><td class=""center iz"" data-stat=""overtimes""></td><td class=""right"" data-stat=""attendance"">7,449</td><td class=""left iz"" data-stat=""game_remarks""></td></tr>"
107,"<tr><th class=""left"" csk=""197112180MMP"" data-stat=""date_game"" scope=""row""><a href=""/boxscores/index.fcgi?month=12&amp;day=18&amp;year=1971"">Sat, Dec 18, 1971</a></th><td class=""left"" csk=""DNR.197112180MMP"" data-stat=""visitor_team_name""><a href=""/teams/DNR/1972.html"">Denver Rockets</a></td><td class=""right"" data-stat=""visitor_pts"">94</td><td class=""left"" csk=""MMP.197112180MMP"" data-stat=""home_team_name""><a href=""/teams/MMP/1972.html"">Memphis Pros</a></td><td class=""right"" data-stat=""home_pts"">103</td><td class=""center"" data-stat=""box_score_text""><a href=""/boxscores/197112180MMP.html"">Box Score</a></td><td class=""center iz"" data-stat=""overtimes""></td><td class=""right"" data-stat=""attendance"">3,351</td><td class=""left iz"" data-stat=""game_remarks""></td></tr>"
109,"<tr><th class=""left"" csk=""197112180VIR"" data-stat=""date_game"" scope=""row""><a href=""/boxscores/index.fcgi?month=12&amp;day=18&amp;year=1971"">Sat, Dec 18, 1971</a></th><td class=""left"" csk=""PTC.197112180VIR"" data-stat=""visitor_team_name""><a href=""/teams/PTC/1972.html"">Pittsburgh Condors</a></td><td class=""right"" data-stat=""visitor_pts"">124</td><td class=""left"" csk=""VIR.197112180VIR"" data-stat=""home_team_name""><a href=""/teams/VIR/1972.html"">Virginia Squires</a></td><td class=""right"" data-stat=""home_pts"">134</td><td class=""center"" data-stat=""box_score_text""><a href=""/boxscores/197112180VIR.html"">Box Score</a></td><td class=""center iz"" data-stat=""overtimes""></td><td class=""right"" data-stat=""attendance"">5,645</td><td class=""left"" data-stat=""game_remarks"">at Norfolk, VA</td></tr>"
111,"<tr><th class=""left"" csk=""197112190PTC"" data-stat=""date_game"" scope=""row""><a href=""/boxscores/index.fcgi?month=12&amp;day=19&amp;year=1971"">Sun, Dec 19, 1971</a></th><td class=""left"" csk=""DLC.197112190PTC"" data-stat=""visitor_team_name""><a href=""/teams/DLC/1972.html"">Dallas Chaparrals</a></td><td class=""right"" data-stat=""visitor_pts"">137</td><td class=""left"" csk=""PTC.197112190PTC"" data-stat=""home_team_name""><a href=""/teams/PTC/1972.html"">Pittsburgh Condors</a></td><td class=""right"" data-stat=""home_pts"">121</td><td class=""center"" data-stat=""box_score_text""><a href=""/boxscores/197112190PTC.html"">Box Score</a></td><td class=""center iz"" data-stat=""overtimes""></td><td class=""right"" data-stat=""attendance"">1,348</td><td class=""left iz"" data-stat=""game_remarks""></td></tr>"
113,"<tr><th class=""left"" csk=""197112210PTC"" data-stat=""date_game"" scope=""row""><a href=""/boxscores/index.fcgi?month=12&amp;day=21&amp;year=1971"">Tue, Dec 21, 1971</a></th><td class=""left"" csk=""KEN.197112210PTC"" data-stat=""visitor_team_name""><a href=""/teams/KEN/1972.html"">Kentucky Colonels</a></td><td class=""right"" data-stat=""visitor_pts"">113</td><td class=""left"" csk=""PTC.197112210PTC"" data-stat=""home_team_name""><a href=""/teams/PTC/1972.html"">Pittsburgh Condors</a></td><td class=""right"" data-stat=""home_pts"">111</td><td class=""center"" data-stat=""box_score_text""><a href=""/boxscores/197112210PTC.html"">Box Score</a></td><td class=""center iz"" data-stat=""overtimes""></td><td class=""right"" data-stat=""attendance"">4,038</td><td class=""left iz"" data-stat=""game_remarks""></td></tr>"
115,"<tr><th class=""left"" csk=""197112210DNR"" data-stat=""date_game"" scope=""row""><a href=""/boxscores/index.fcgi?month=12&amp;day=21&amp;year=1971"">Tue, Dec 21, 1971</a></th><td class=""left"" csk=""INA.197112210DNR"" data-stat=""visitor_team_name""><a href=""/teams/INA/1972.html"">Indiana Pacers</a></td><td class=""right"" data-stat=""visitor_pts"">109</td><td class=""left"" csk=""DNR.197112210DNR"" data-stat=""home_team_name""><a href=""/teams/DNR/1972.html"">Denver Rockets</a></td><td class=""right"" data-stat=""home_pts"">113</td><td class=""center"" data-stat=""box_score_text""><a href=""/boxscores/197112210DNR.html"">Box Score</a></td><td class=""center iz"" data-stat=""overtimes""></td><td class=""right"" data-stat=""attendance"">3,626</td><td class=""left iz"" data-stat=""game_remarks""></td></tr>"
117,"<tr><th class=""left"" csk=""197112210DLC"" data-stat=""date_game"" scope=""row""><a href=""/boxscores/index.fcgi?month=12&amp;day=21&amp;year=1971"">Tue, Dec 21, 1971</a></th><td class=""left"" csk=""UTS.197112210DLC"" data-stat=""visitor_team_name""><a href=""/teams/UTS/1972.html"">Utah Stars</a></td><td class=""right"" data-stat=""visitor_pts"">106</td><td class=""left"" csk=""DLC.197112210DLC"" data-stat=""home_team_name""><a href=""/teams/DLC/1972.html"">Dallas Chaparrals</a></td><td class=""right"" data-stat=""home_pts"">96</td><td class=""center"" data-stat=""box_score_text""><a href=""/boxscores/197112210DLC.html"">Box Score</a></td><td class=""center iz"" data-stat=""overtimes""></td><td class=""right"" data-stat=""attendance"">2,793</td><td class=""left iz"" data-stat=""game_remarks""></td></tr>"
119,"<tr><th class=""left"" csk=""197112220CAR"" data-stat=""date_game"" scope=""row""><a href=""/boxscores/index.fcgi?month=12&amp;day=22&amp;year=1971"">Wed, Dec 22, 1971</a></th><td class=""left"" csk=""MMP.197112220CAR"" data-stat=""visitor_team_name""><a href=""/teams/MMP/1972.html"">Memphis Pros</a></td><td class=""right"" data-stat=""visitor_pts"">113</td><td class=""left"" csk=""CAR.197112220CAR"" data-stat=""home_team_name""><a href=""/teams/CAR/1972.html"">Carolina Cougars</a></td><td class=""right"" data-stat=""home_pts"">102</td><td class=""center"" data-stat=""box_score_text""><a href=""/boxscores/197112220CAR.html"">Box Score</a></td><td class=""center iz"" data-stat=""overtimes""></td><td class=""right"" data-stat=""attendance"">5,398</td><td class=""left"" data-stat=""game_remarks"">at Greensboro, NC</td></tr>"
121,"<tr><th class=""left"" csk=""197112220DLC"" data-stat=""date_game"" scope=""row""><a href=""/boxscores/index.fcgi?month=12&amp;day=22&amp;year=1971"">Wed, Dec 22, 1971</a></th><td class=""left"" csk=""INA.197112220DLC"" data-stat=""visitor_team_name""><a href=""/teams/INA/1972.html"">Indiana Pacers</a></td><td class=""right"" data-stat=""visitor_pts"">120</td><td class=""left"" csk=""DLC.197112220DLC"" data-stat=""home_team_name""><a href=""/teams/DLC/1972.html"">Dallas Chaparrals</a></td><td class=""right"" data-stat=""home_pts"">123</td><td class=""center"" data-stat=""box_score_text""><a href=""/boxscores/197112220DLC.html"">Box Score</a></td><td class=""center"" data-stat=""overtimes"">2OT</td><td class=""right"" data-stat=""attendance"">1,778</td><td class=""left iz"" data-stat=""game_remarks""></td></tr>"
123,"<tr><th class=""left"" csk=""197112220NYA"" data-stat=""date_game"" scope=""row""><a href=""/boxscores/index.fcgi?month=12&amp;day=22&amp;year=1971"">Wed, Dec 22, 1971</a></th><td class=""left"" csk=""KEN.197112220NYA"" data-stat=""visitor_team_name""><a href=""/teams/KEN/1972.html"">Kentucky Colonels</a></td><td class=""right"" data-stat=""visitor_pts"">95</td><td class=""left"" csk=""NYA.197112220NYA"" data-stat=""home_team_name""><a href=""/teams/NYA/1972.html"">New York Nets</a></td><td class=""right"" data-stat=""home_pts"">91</td><td class=""center"" data-stat=""box_score_text""><a href=""/boxscores/197112220NYA.html"">Box Score</a></td><td class=""center iz"" data-stat=""overtimes""></td><td class=""right"" data-stat=""attendance"">6,275</td><td class=""left iz"" data-stat=""game_remarks""></td></tr>"
125,"<tr><th class=""left"" csk=""197112230VIR"" data-stat=""date_game"" scope=""row""><a href=""/boxscores/index.fcgi?month=12&amp;day=23&amp;year=1971"">Thu, Dec 23, 1971</a></th><td class=""left"" csk=""KEN.197112230VIR"" data-stat=""visitor_team_name""><a href=""/teams/KEN/1972.html"">Kentucky Colonels</a></td><td class=""right"" data-stat=""visitor_pts"">139</td><td class=""left"" csk=""VIR.197112230VIR"" data-stat=""home_team_name""><a href=""/teams/VIR/1972.html"">Virginia Squires</a></td><td class=""right"" data-stat=""home_pts"">123</td><td class=""center"" data-stat=""box_score_text""><a href=""/boxscores/197112230VIR.html"">Box Score</a></td><td class=""center iz"" data-stat=""overtimes""></td><td class=""right"" data-stat=""attendance"">10,134</td><td class=""left iz"" data-stat=""game_remarks""></td></tr>"
127,"<tr><th class=""left"" csk=""197112230NYA"" data-stat=""date_game"" scope=""row""><a href=""/boxscores/index.fcgi?month=12&amp;day=23&amp;year=1971"">Thu, Dec 23, 1971</a></th><td class=""left"" csk=""PTC.197112230NYA"" data-stat=""visitor_team_name""><a href=""/teams/PTC/1972.html"">Pittsburgh Condors</a></td><td class=""right"" data-stat=""visitor_pts"">124</td><td class=""left"" csk=""NYA.197112230NYA"" data-stat=""home_team_name""><a href=""/teams/NYA/1972.html"">New York Nets</a></td><td class=""right"" data-stat=""home_pts"">123</td><td class=""center"" data-stat=""box_score_text""><a href=""/boxscores/197112230NYA.html"">Box Score</a></td><td class=""center"" data-stat=""overtimes"">OT</td><td class=""right"" data-stat=""attendance"">8,093</td><td class=""left"" data-stat=""game_remarks"">at New York, NY</td></tr>"
129,"<tr><th class=""left"" csk=""197112230MMP"" data-stat=""date_game"" scope=""row""><a href=""/boxscores/index.fcgi?month=12&amp;day=23&amp;year=1971"">Thu, Dec 23, 1971</a></th><td class=""left"" csk=""UTS.197112230MMP"" data-stat=""visitor_team_name""><a href=""/teams/UTS/1972.html"">Utah Stars</a></td><td class=""right"" data-stat=""visitor_pts"">112</td><td class=""left"" csk=""MMP.197112230MMP"" data-stat=""home_team_name""><a href=""/teams/MMP/1972.html"">Memphis Pros</a></td><td class=""right"" data-stat=""home_pts"">104</td><td class=""center"" data-stat=""box_score_text""><a href=""/boxscores/197112230MMP.html"">Box Score</a></td><td class=""center iz"" data-stat=""overtimes""></td><td class=""right"" data-stat=""attendance"">4,487</td><td class=""left iz"" data-stat=""game_remarks""></td></tr>"
131,"<tr><th class=""left"" csk=""197112230INA"" data-stat=""date_game"" scope=""row""><a href=""/boxscores/index.fcgi?month=12&amp;day=23&amp;year=1971"">Thu, Dec 23, 1971</a></th><td class=""left"" csk=""DNR.197112230INA"" data-stat=""visitor_team_name""><a href=""/teams/DNR/1972.html"">Denver Rockets</a></td><td class=""right"" data-stat=""visitor_pts"">101</td><td class=""left"" csk=""INA.197112230INA"" data-stat=""home_team_name""><a href=""/teams/INA/1972.html"">Indiana Pacers</a></td><td class=""right"" data-stat=""home_pts"">104</td><td class=""center"" data-stat=""box_score_text""><a href=""/boxscores/197112230INA.html"">Box Score</a></td><td class=""center iz"" data-stat=""overtimes""></td><td class=""right"" data-stat=""attendance"">9,121</td><td class=""left iz"" data-stat=""game_remarks""></td></tr>"
133,"<tr><th class=""left"" csk=""197112230CAR"" data-stat=""date_game"" scope=""row""><a href=""/boxscores/index.fcgi?month=12&amp;day=23&amp;year=1971"">Thu, Dec 23, 1971</a></th><td class=""left"" csk=""FLO.197112230CAR"" data-stat=""visitor_team_name""><a href=""/teams/FLO/1972.html"">The Floridians</a></td><td class=""right"" data-stat=""visitor_pts"">125</td><td class=""left"" csk=""CAR.197112230CAR"" data-stat=""home_team_name""><a href=""/teams/CAR/1972.html"">Carolina Cougars</a></td><td class=""right"" data-stat=""home_pts"">109</td><td class=""center"" data-stat=""box_score_text""><a href=""/boxscores/197112230CAR.html"">Box Score</a></td><td class=""center iz"" data-stat=""overtimes""></td><td class=""right"" data-stat=""attendance"">8,093</td><td class=""left"" data-stat=""game_remarks"">at New York, NY</td></tr>"
135,"<tr><th class=""left"" csk=""197112250VIR"" data-stat=""date_game"" scope=""row""><a href=""/boxscores/index.fcgi?month=12&amp;day=25&amp;year=1971"">Sat, Dec 25, 1971</a></th><td class=""left"" csk=""PTC.197112250VIR"" data-stat=""visitor_team_name""><a href=""/teams/PTC/1972.html"">Pittsburgh Condors</a></td><td class=""right"" data-stat=""visitor_pts"">126</td><td class=""left"" csk=""VIR.197112250VIR"" data-stat=""home_team_name""><a href=""/teams/VIR/1972.html"">Virginia Squires</a></td><td class=""right"" data-stat=""home_pts"">133</td><td class=""center"" data-stat=""box_score_text""><a href=""/boxscores/197112250VIR.html"">Box Score</a></td><td class=""center iz"" data-stat=""overtimes""></td><td class=""right"" data-stat=""attendance"">5,067</td><td class=""left"" data-stat=""game_remarks"">at Hampton, VA</td></tr>"
137,"<tr><th class=""left"" csk=""197112250UTS"" data-stat=""date_game"" scope=""row""><a href=""/boxscores/index.fcgi?month=12&amp;day=25&amp;year=1971"">Sat, Dec 25, 1971</a></th><td class=""left"" csk=""INA.197112250UTS"" data-stat=""visitor_team_name""><a href=""/teams/INA/1972.html"">Indiana Pacers</a></td><td class=""right"" data-stat=""visitor_pts"">129</td><td class=""left"" csk=""UTS.197112250UTS"" data-stat=""home_team_name""><a href=""/teams/UTS/1972.html"">Utah Stars</a></td><td class=""right"" data-stat=""home_pts"">150</td><td class=""center"" data-stat=""box_score_text""><a href=""/boxscores/197112250UTS.html"">Box Score</a></td><td class=""center iz"" data-stat=""overtimes""></td><td class=""right"" data-stat=""attendance"">10,111</td><td class=""left iz"" data-stat=""game_remarks""></td></tr>"
139,"<tr><th class=""left"" csk=""197112250MMP"" data-stat=""date_game"" scope=""row""><a href=""/boxscores/index.fcgi?month=12&amp;day=25&amp;year=1971"">Sat, Dec 25, 1971</a></th><td class=""left"" csk=""CAR.197112250MMP"" data-stat=""visitor_team_name""><a href=""/teams/CAR/1972.html"">Carolina Cougars</a></td><td class=""right"" data-stat=""visitor_pts"">102</td><td class=""left"" csk=""MMP.197112250MMP"" data-stat=""home_team_name""><a href=""/teams/MMP/1972.html"">Memphis Pros</a></td><td class=""right"" data-stat=""home_pts"">110</td><td class=""center"" data-stat=""box_score_text""><a href=""/boxscores/197112250MMP.html"">Box Score</a></td><td class=""center iz"" data-stat=""overtimes""></td><td class=""right"" data-stat=""attendance"">3,143</td><td class=""left iz"" data-stat=""game_remarks""></td></tr>"
141,"<tr><th class=""left"" csk=""197112260CAR"" data-stat=""date_game"" scope=""row""><a href=""/boxscores/index.fcgi?month=12&amp;day=26&amp;year=1971"">Sun, Dec 26, 1971</a></th><td class=""left"" csk=""NYA.197112260CAR"" data-stat=""visitor_team_name""><a href=""/teams/NYA/1972.html"">New York Nets</a></td><td class=""right"" data-stat=""visitor_pts"">117</td><td class=""left"" csk=""CAR.197112260CAR"" data-stat=""home_team_name""><a href=""/teams/CAR/1972.html"">Carolina Cougars</a></td><td class=""right"" data-stat=""home_pts"">123</td><td class=""center"" data-stat=""box_score_text""><a href=""/boxscores/197112260CAR.html"">Box Score</a></td><td class=""center iz"" data-stat=""overtimes""></td><td class=""right"" data-stat=""attendance"">3,370</td><td class=""left"" data-stat=""game_remarks"">at Raleigh, NC</td></tr>"
143,"<tr><th class=""left"" csk=""197112260KEN"" data-stat=""date_game"" scope=""row""><a href=""/boxscores/index.fcgi?month=12&amp;day=26&amp;year=1971"">Sun, Dec 26, 1971</a></th><td class=""left"" csk=""INA.197112260KEN"" data-stat=""visitor_team_name""><a href=""/teams/INA/1972.html"">Indiana Pacers</a></td><td class=""right"" data-stat=""visitor_pts"">117</td><td class=""left"" csk=""KEN.197112260KEN"" data-stat=""home_team_name""><a href=""/teams/KEN/1972.html"">Kentucky Colonels</a></td><td class=""right"" data-stat=""home_pts"">111</td><td class=""center"" data-stat=""box_score_text""><a href=""/boxscores/197112260KEN.html"">Box Score</a></td><td class=""center iz"" data-stat=""overtimes""></td><td class=""right"" data-stat=""attendance"">14,661</td><td class=""left iz"" data-stat=""game_remarks""></td></tr>"
145,"<tr><th class=""left"" csk=""197112270DLC"" data-stat=""date_game"" scope=""row""><a href=""/boxscores/index.fcgi?month=12&amp;day=27&amp;year=1971"">Mon, Dec 27, 1971</a></th><td class=""left"" csk=""PTC.197112270DLC"" data-stat=""visitor_team_name""><a href=""/teams/PTC/1972.html"">Pittsburgh Condors</a></td><td class=""right"" data-stat=""visitor_pts"">92</td><td class=""left"" csk=""DLC.197112270DLC"" data-stat=""home_team_name""><a href=""/teams/DLC/1972.html"">Dallas Chaparrals</a></td><td class=""right"" data-stat=""home_pts"">97</td><td class=""center"" data-stat=""box_score_text""><a href=""/boxscores/197112270DLC.html"">Box Score</a></td><td class=""center iz"" data-stat=""overtimes""></td><td class=""right"" data-stat=""attendance"">2,284</td><td class=""left iz"" data-stat=""game_remarks""></td></tr>"
147,"<tr><th class=""left"" csk=""197112270FLO"" data-stat=""date_game"" scope=""row""><a href=""/boxscores/index.fcgi?month=12&amp;day=27&amp;year=1971"">Mon, Dec 27, 1971</a></th><td class=""left"" csk=""NYA.197112270FLO"" data-stat=""visitor_team_name""><a href=""/teams/NYA/1972.html"">New York Nets</a></td><td class=""right"" data-stat=""visitor_pts"">113</td><td class=""left"" csk=""FLO.197112270FLO"" data-stat=""home_team_name""><a href=""/teams/FLO/1972.html"">The Floridians</a></td><td class=""right"" data-stat=""home_pts"">111</td><td class=""center"" data-stat=""box_score_text""><a href=""/boxscores/197112270FLO.html"">Box Score</a></td><td class=""center iz"" data-stat=""overtimes""></td><td class=""right"" data-stat=""attendance"">5,124</td><td class=""left iz"" data-stat=""game_remarks""></td></tr>"
149,"<tr><th class=""left"" csk=""197112280VIR"" data-stat=""date_game"" scope=""row""><a href=""/boxscores/index.fcgi?month=12&amp;day=28&amp;year=1971"">Tue, Dec 28, 1971</a></th><td class=""left"" csk=""CAR.197112280VIR"" data-stat=""visitor_team_name""><a href=""/teams/CAR/1972.html"">Carolina Cougars</a></td><td class=""right"" data-stat=""visitor_pts"">126</td><td class=""left"" csk=""VIR.197112280VIR"" data-stat=""home_team_name""><a href=""/teams/VIR/1972.html"">Virginia Squires</a></td><td class=""right"" data-stat=""home_pts"">129</td><td class=""center"" data-stat=""box_score_text""><a href=""/boxscores/197112280VIR.html"">Box Score</a></td><td class=""center iz"" data-stat=""overtimes""></td><td class=""right"" data-stat=""attendance"">5,755</td><td class=""left"" data-stat=""game_remarks"">at Richmond, VA</td></tr>"
151,"<tr><th class=""left"" csk=""197112280MMP"" data-stat=""date_game"" scope=""row""><a href=""/boxscores/index.fcgi?month=12&amp;day=28&amp;year=1971"">Tue, Dec 28, 1971</a></th><td class=""left"" csk=""INA.197112280MMP"" data-stat=""visitor_team_name""><a href=""/teams/INA/1972.html"">Indiana Pacers</a></td><td class=""right"" data-stat=""visitor_pts"">111</td><td class=""left"" csk=""MMP.197112280MMP"" data-stat=""home_team_name""><a href=""/teams/MMP/1972.html"">Memphis Pros</a></td><td class=""right"" data-stat=""home_pts"">104</td><td class=""center"" data-stat=""box_score_text""><a href=""/boxscores/197112280MMP.html"">Box Score</a></td><td class=""center iz"" data-stat=""overtimes""></td><td class=""right"" data-stat=""attendance"">6,347</td><td class=""left iz"" data-stat=""game_remarks""></td></tr>"
153,"<tr><th class=""left"" csk=""197112280DNR"" data-stat=""date_game"" scope=""row""><a href=""/boxscores/index.fcgi?month=12&amp;day=28&amp;year=1971"">Tue, Dec 28, 1971</a></th><td class=""left"" csk=""PTC.197112280DNR"" data-stat=""visitor_team_name""><a href=""/teams/PTC/1972.html"">Pittsburgh Condors</a></td><td class=""right"" data-stat=""visitor_pts"">105</td><td class=""left"" csk=""DNR.197112280DNR"" data-stat=""home_team_name""><a href=""/teams/DNR/1972.html"">Denver Rockets</a></td><td class=""right"" data-stat=""home_pts"">114</td><td class=""center"" data-stat=""box_score_text""><a href=""/boxscores/197112280DNR.html"">Box Score</a></td><td class=""center iz"" data-stat=""overtimes""></td><td class=""right"" data-stat=""attendance"">4,643</td><td class=""left iz"" data-stat=""game_remarks""></td></tr>"
155,"<tr><th class=""left"" csk=""197112290UTS"" data-stat=""date_game"" scope=""row""><a href=""/boxscores/index.fcgi?month=12&amp;day=29&amp;year=1971"">Wed, Dec 29, 1971</a></th><td class=""left"" csk=""DLC.197112290UTS"" data-stat=""visitor_team_name""><a href=""/teams/DLC/1972.html"">Dallas Chaparrals</a></td><td class=""right"" data-stat=""visitor_pts"">102</td><td class=""left"" csk=""UTS.197112290UTS"" data-stat=""home_team_name""><a href=""/teams/UTS/1972.html"">Utah Stars</a></td><td class=""right"" data-stat=""home_pts"">106</td><td class=""center"" data-stat=""box_score_text""><a href=""/boxscores/197112290UTS.html"">Box Score</a></td><td class=""center iz"" data-stat=""overtimes""></td><td class=""right"" data-stat=""attendance"">11,028</td><td class=""left iz"" data-stat=""game_remarks""></td></tr>"
157,"<tr><th class=""left"" csk=""197112290NYA"" data-stat=""date_game"" scope=""row""><a href=""/boxscores/index.fcgi?month=12&amp;day=29&amp;year=1971"">Wed, Dec 29, 1971</a></th><td class=""left"" csk=""PTC.197112290NYA"" data-stat=""visitor_team_name""><a href=""/teams/PTC/1972.html"">Pittsburgh Condors</a></td><td class=""right"" data-stat=""visitor_pts"">102</td><td class=""left"" csk=""NYA.197112290NYA"" data-stat=""home_team_name""><a href=""/teams/NYA/1972.html"">New York Nets</a></td><td class=""right"" data-stat=""home_pts"">105</td><td class=""center"" data-stat=""box_score_text""><a href=""/boxscores/197112290NYA.html"">Box Score</a></td><td class=""center iz"" data-stat=""overtimes""></td><td class=""right"" data-stat=""attendance"">6,684</td><td class=""left iz"" data-stat=""game_remarks""></td></tr>"
159,"<tr><th class=""left"" csk=""197112290KEN"" data-stat=""date_game"" scope=""row""><a href=""/boxscores/index.fcgi?month=12&amp;day=29&amp;year=1971"">Wed, Dec 29, 1971</a></th><td class=""left"" csk=""MMP.197112290KEN"" data-stat=""visitor_team_name""><a href=""/teams/MMP/1972.html"">Memphis Pros</a></td><td class=""right"" data-stat=""visitor_pts"">111</td><td class=""left"" csk=""KEN.197112290KEN"" data-stat=""home_team_name""><a href=""/teams/KEN/1972.html"">Kentucky Colonels</a></td><td class=""right"" data-stat=""home_pts"">125</td><td class=""center"" data-stat=""box_score_text""><a href=""/boxscores/197112290KEN.html"">Box Score</a></td><td class=""center iz"" data-stat=""overtimes""></td><td class=""right"" data-stat=""attendance"">15,732</td><td class=""left iz"" data-stat=""game_remarks""></td></tr>"
161,"<tr><th class=""left"" csk=""197112290FLO"" data-stat=""date_game"" scope=""row""><a href=""/boxscores/index.fcgi?month=12&amp;day=29&amp;year=1971"">Wed, Dec 29, 1971</a></th><td class=""left"" csk=""INA.197112290FLO"" data-stat=""visitor_team_name""><a href=""/teams/INA/1972.html"">Indiana Pacers</a></td><td class=""right"" data-stat=""visitor_pts"">112</td><td class=""left"" csk=""FLO.197112290FLO"" data-stat=""home_team_name""><a href=""/teams/FLO/1972.html"">The Floridians</a></td><td class=""right"" data-stat=""home_pts"">123</td><td class=""center"" data-stat=""box_score_text""><a href=""/boxscores/197112290FLO.html"">Box Score</a></td><td class=""center iz"" data-stat=""overtimes""></td><td class=""right"" data-stat=""attendance"">2,959</td><td class=""left iz"" data-stat=""game_remarks""></td></tr>"
163,"<tr><th class=""left"" csk=""197112290CAR"" data-stat=""date_game"" scope=""row""><a href=""/boxscores/index.fcgi?month=12&amp;day=29&amp;year=1971"">Wed, Dec 29, 1971</a></th><td class=""left"" csk=""VIR.197112290CAR"" data-stat=""visitor_team_name""><a href=""/teams/VIR/1972.html"">Virginia Squires</a></td><td class=""right"" data-stat=""visitor_pts"">126</td><td class=""left"" csk=""CAR.197112290CAR"" data-stat=""home_team_name""><a href=""/teams/CAR/1972.html"">Carolina Cougars</a></td><td class=""right"" data-stat=""home_pts"">117</td><td class=""center"" data-stat=""box_score_text""><a href=""/boxscores/197112290CAR.html"">Box Score</a></td><td class=""center iz"" data-stat=""overtimes""></td><td class=""right"" data-stat=""attendance"">6,953</td><td class=""left"" data-stat=""game_remarks"">at Raleigh, NC</td></tr>"
165,"<tr><th class=""left"" csk=""197112300VIR"" data-stat=""date_game"" scope=""row""><a href=""/boxscores/index.fcgi?month=12&amp;day=30&amp;year=1971"">Thu, Dec 30, 1971</a></th><td class=""left"" csk=""CAR.197112300VIR"" data-stat=""visitor_team_name""><a href=""/teams/CAR/1972.html"">Carolina Cougars</a></td><td class=""right"" data-stat=""visitor_pts"">120</td><td class=""left"" csk=""VIR.197112300VIR"" data-stat=""home_team_name""><a href=""/teams/VIR/1972.html"">Virginia Squires</a></td><td class=""right"" data-stat=""home_pts"">124</td><td class=""center"" data-stat=""box_score_text""><a href=""/boxscores/197112300VIR.html"">Box Score</a></td><td class=""center iz"" data-stat=""overtimes""></td><td class=""right"" data-stat=""attendance"">6,775</td><td class=""left"" data-stat=""game_remarks"">at Hampton, VA</td></tr>"
167,"<tr><th class=""left"" csk=""197112300FLO"" data-stat=""date_game"" scope=""row""><a href=""/boxscores/index.fcgi?month=12&amp;day=30&amp;year=1971"">Thu, Dec 30, 1971</a></th><td class=""left"" csk=""KEN.197112300FLO"" data-stat=""visitor_team_name""><a href=""/teams/KEN/1972.html"">Kentucky Colonels</a></td><td class=""right"" data-stat=""visitor_pts"">111</td><td class=""left"" csk=""FLO.197112300FLO"" data-stat=""home_team_name""><a href=""/teams/FLO/1972.html"">The Floridians</a></td><td class=""right"" data-stat=""home_pts"">89</td><td class=""center"" data-stat=""box_score_text""><a href=""/boxscores/197112300FLO.html"">Box Score</a></td><td class=""center iz"" data-stat=""overtimes""></td><td class=""right"" data-stat=""attendance"">4,525</td><td class=""left iz"" data-stat=""game_remarks""></td></tr>"
169,"<tr><th class=""left"" csk=""197112300DNR"" data-stat=""date_game"" scope=""row""><a href=""/boxscores/index.fcgi?month=12&amp;day=30&amp;year=1971"">Thu, Dec 30, 1971</a></th><td class=""left"" csk=""UTS.197112300DNR"" data-stat=""visitor_team_name""><a href=""/teams/UTS/1972.html"">Utah Stars</a></td><td class=""right"" data-stat=""visitor_pts"">103</td><td class=""left"" csk=""DNR.197112300DNR"" data-stat=""home_team_name""><a href=""/teams/DNR/1972.html"">Denver Rockets</a></td><td class=""right"" data-stat=""home_pts"">98</td><td class=""center"" data-stat=""box_score_text""><a href=""/boxscores/197112300DNR.html"">Box Score</a></td><td class=""center iz"" data-stat=""overtimes""></td><td class=""right"" data-stat=""attendance"">6,565</td><td class=""left iz"" data-stat=""game_remarks""></td></tr>"
171,"<tr><th class=""left"" csk=""197112300DLC"" data-stat=""date_game"" scope=""row""><a href=""/boxscores/index.fcgi?month=12&amp;day=30&amp;year=1971"">Thu, Dec 30, 1971</a></th><td class=""left"" csk=""MMP.197112300DLC"" data-stat=""visitor_team_name""><a href=""/teams/MMP/1972.html"">Memphis Pros</a></td><td class=""right"" data-stat=""visitor_pts"">99</td><td class=""left"" csk=""DLC.197112300DLC"" data-stat=""home_team_name""><a href=""/teams/DLC/1972.html"">Dallas Chaparrals</a></td><td class=""right"" data-stat=""home_pts"">102</td><td class=""center"" data-stat=""box_score_text""><a href=""/boxscores/197112300DLC.html"">Box Score</a></td><td class=""center iz"" data-stat=""overtimes""></td><td class=""right"" data-stat=""attendance"">6,565</td><td class=""left"" data-stat=""game_remarks"">at Denver, CO</td></tr>"
173,"<tr><th class=""left"" csk=""197112310CAR"" data-stat=""date_game"" scope=""row""><a href=""/boxscores/index.fcgi?month=12&amp;day=31&amp;year=1971"">Fri, Dec 31, 1971</a></th><td class=""left"" csk=""KEN.197112310CAR"" data-stat=""visitor_team_name""><a href=""/teams/KEN/1972.html"">Kentucky Colonels</a></td><td class=""right"" data-stat=""visitor_pts"">124</td><td class=""left"" csk=""CAR.197112310CAR"" data-stat=""home_team_name""><a href=""/teams/CAR/1972.html"">Carolina Cougars</a></td><td class=""right"" data-stat=""home_pts"">106</td><td class=""center"" data-stat=""box_score_text""><a href=""/boxscores/197112310CAR.html"">Box Score</a></td><td class=""center iz"" data-stat=""overtimes""></td><td class=""right"" data-stat=""attendance"">4,801</td><td class=""left"" data-stat=""game_remarks"">at Greensboro, NC</td></tr>"
175,"<tr><th class=""left"" csk=""197112310DLC"" data-stat=""date_game"" scope=""row""><a href=""/boxscores/index.fcgi?month=12&amp;day=31&amp;year=1971"">Fri, Dec 31, 1971</a></th><td class=""left"" csk=""UTS.197112310DLC"" data-stat=""visitor_team_name""><a href=""/teams/UTS/1972.html"">Utah Stars</a></td><td class=""right"" data-stat=""visitor_pts"">115</td><td class=""left"" csk=""DLC.197112310DLC"" data-stat=""home_team_name""><a href=""/teams/DLC/1972.html"">Dallas Chaparrals</a></td><td class=""right"" data-stat=""home_pts"">103</td><td class=""center"" data-stat=""box_score_text""><a href=""/boxscores/197112310DLC.html"">Box Score</a></td><td class=""center iz"" data-stat=""overtimes""></td><td class=""right"" data-stat=""attendance"">2,404</td><td class=""left iz"" data-stat=""game_remarks""></td></tr>"
177,"<tr><th class=""left"" csk=""197112310DNR"" data-stat=""date_game"" scope=""row""><a href=""/boxscores/index.fcgi?month=12&amp;day=31&amp;year=1971"">Fri, Dec 31, 1971</a></th><td class=""left"" csk=""MMP.197112310DNR"" data-stat=""visitor_team_name""><a href=""/teams/MMP/1972.html"">Memphis Pros</a></td><td class=""right"" data-stat=""visitor_pts"">91</td><td class=""left"" csk=""DNR.197112310DNR"" data-stat=""home_team_name""><a href=""/teams/DNR/1972.html"">Denver Rockets</a></td><td class=""right"" data-stat=""home_pts"">108</td><td class=""center"" data-stat=""box_score_text""><a href=""/boxscores/197112310DNR.html"">Box Score</a></td><td class=""center iz"" data-stat=""overtimes""></td><td class=""right"" data-stat=""attendance"">1,000</td><td class=""left"" data-stat=""game_remarks"">at Dallas, TX</td></tr>"
179,"<tr><th class=""left"" csk=""197112310INA"" data-stat=""date_game"" scope=""row""><a href=""/boxscores/index.fcgi?month=12&amp;day=31&amp;year=1971"">Fri, Dec 31, 1971</a></th><td class=""left"" csk=""NYA.197112310INA"" data-stat=""visitor_team_name""><a href=""/teams/NYA/1972.html"">New York Nets</a></td><td class=""right"" data-stat=""visitor_pts"">100</td><td class=""left"" csk=""INA.197112310INA"" data-stat=""home_team_name""><a href=""/teams/INA/1972.html"">Indiana Pacers</a></td><td class=""right"" data-stat=""home_pts"">104</td><td class=""center"" data-stat=""box_score_text""><a href=""/boxscores/197112310INA.html"">Box Score</a></td><td class=""center iz"" data-stat=""overtimes""></td><td class=""right"" data-stat=""attendance"">8,998</td><td class=""left iz"" data-stat=""game_remarks""></td></tr>"
