,0
1,"<tr><th class=""left"" csk=""197304010INA"" data-stat=""date_game"" scope=""row""><a href=""/boxscores/index.fcgi?month=4&amp;day=1&amp;year=1973"">Sun, Apr 1, 1973</a></th><td class=""left"" csk=""DNR.197304010INA"" data-stat=""visitor_team_name""><a href=""/teams/DNR/1973.html"">Denver Rockets</a></td><td class=""right"" data-stat=""visitor_pts"">93</td><td class=""left"" csk=""INA.197304010INA"" data-stat=""home_team_name""><a href=""/teams/INA/1973.html"">Indiana Pacers</a></td><td class=""right"" data-stat=""home_pts"">106</td><td class=""center"" data-stat=""box_score_text""><a href=""/boxscores/197304010INA.html"">Box Score</a></td><td class=""center iz"" data-stat=""overtimes""></td><td class=""right"" data-stat=""attendance"">7,235</td><td class=""left iz"" data-stat=""game_remarks""></td></tr>"
3,"<tr><th class=""left"" csk=""197304010KEN"" data-stat=""date_game"" scope=""row""><a href=""/boxscores/index.fcgi?month=4&amp;day=1&amp;year=1973"">Sun, Apr 1, 1973</a></th><td class=""left"" csk=""VIR.197304010KEN"" data-stat=""visitor_team_name""><a href=""/teams/VIR/1973.html"">Virginia Squires</a></td><td class=""right"" data-stat=""visitor_pts"">109</td><td class=""left"" csk=""KEN.197304010KEN"" data-stat=""home_team_name""><a href=""/teams/KEN/1973.html"">Kentucky Colonels</a></td><td class=""right"" data-stat=""home_pts"">94</td><td class=""center"" data-stat=""box_score_text""><a href=""/boxscores/197304010KEN.html"">Box Score</a></td><td class=""center iz"" data-stat=""overtimes""></td><td class=""right"" data-stat=""attendance"">5,139</td><td class=""left iz"" data-stat=""game_remarks""></td></tr>"
5,"<tr><th class=""left"" csk=""197304020UTS"" data-stat=""date_game"" scope=""row""><a href=""/boxscores/index.fcgi?month=4&amp;day=2&amp;year=1973"">Mon, Apr 2, 1973</a></th><td class=""left"" csk=""SDA.197304020UTS"" data-stat=""visitor_team_name""><a href=""/teams/SDA/1973.html"">San Diego Conquistadors</a></td><td class=""right"" data-stat=""visitor_pts"">93</td><td class=""left"" csk=""UTS.197304020UTS"" data-stat=""home_team_name""><a href=""/teams/UTS/1973.html"">Utah Stars</a></td><td class=""right"" data-stat=""home_pts"">107</td><td class=""center"" data-stat=""box_score_text""><a href=""/boxscores/197304020UTS.html"">Box Score</a></td><td class=""center iz"" data-stat=""overtimes""></td><td class=""right"" data-stat=""attendance"">7,268</td><td class=""left iz"" data-stat=""game_remarks""></td></tr>"
7,"<tr><th class=""left"" csk=""197304030DNR"" data-stat=""date_game"" scope=""row""><a href=""/boxscores/index.fcgi?month=4&amp;day=3&amp;year=1973"">Tue, Apr 3, 1973</a></th><td class=""left"" csk=""INA.197304030DNR"" data-stat=""visitor_team_name""><a href=""/teams/INA/1973.html"">Indiana Pacers</a></td><td class=""right"" data-stat=""visitor_pts"">94</td><td class=""left"" csk=""DNR.197304030DNR"" data-stat=""home_team_name""><a href=""/teams/DNR/1973.html"">Denver Rockets</a></td><td class=""right"" data-stat=""home_pts"">105</td><td class=""center"" data-stat=""box_score_text""><a href=""/boxscores/197304030DNR.html"">Box Score</a></td><td class=""center iz"" data-stat=""overtimes""></td><td class=""right"" data-stat=""attendance"">5,335</td><td class=""left iz"" data-stat=""game_remarks""></td></tr>"
9,"<tr><th class=""left"" csk=""197304030NYA"" data-stat=""date_game"" scope=""row""><a href=""/boxscores/index.fcgi?month=4&amp;day=3&amp;year=1973"">Tue, Apr 3, 1973</a></th><td class=""left"" csk=""CAR.197304030NYA"" data-stat=""visitor_team_name""><a href=""/teams/CAR/1973.html"">Carolina Cougars</a></td><td class=""right"" data-stat=""visitor_pts"">101</td><td class=""left"" csk=""NYA.197304030NYA"" data-stat=""home_team_name""><a href=""/teams/NYA/1973.html"">New York Nets</a></td><td class=""right"" data-stat=""home_pts"">91</td><td class=""center"" data-stat=""box_score_text""><a href=""/boxscores/197304030NYA.html"">Box Score</a></td><td class=""center iz"" data-stat=""overtimes""></td><td class=""right"" data-stat=""attendance"">8,418</td><td class=""left iz"" data-stat=""game_remarks""></td></tr>"
11,"<tr><th class=""left"" csk=""197304030VIR"" data-stat=""date_game"" scope=""row""><a href=""/boxscores/index.fcgi?month=4&amp;day=3&amp;year=1973"">Tue, Apr 3, 1973</a></th><td class=""left"" csk=""KEN.197304030VIR"" data-stat=""visitor_team_name""><a href=""/teams/KEN/1973.html"">Kentucky Colonels</a></td><td class=""right"" data-stat=""visitor_pts"">115</td><td class=""left"" csk=""VIR.197304030VIR"" data-stat=""home_team_name""><a href=""/teams/VIR/1973.html"">Virginia Squires</a></td><td class=""right"" data-stat=""home_pts"">113</td><td class=""center"" data-stat=""box_score_text""><a href=""/boxscores/197304030VIR.html"">Box Score</a></td><td class=""center"" data-stat=""overtimes"">OT</td><td class=""right"" data-stat=""attendance"">9,621</td><td class=""left iz"" data-stat=""game_remarks""></td></tr>"
13,"<tr><th class=""left"" csk=""197304040UTS"" data-stat=""date_game"" scope=""row""><a href=""/boxscores/index.fcgi?month=4&amp;day=4&amp;year=1973"">Wed, Apr 4, 1973</a></th><td class=""left"" csk=""SDA.197304040UTS"" data-stat=""visitor_team_name""><a href=""/teams/SDA/1973.html"">San Diego Conquistadors</a></td><td class=""right"" data-stat=""visitor_pts"">92</td><td class=""left"" csk=""UTS.197304040UTS"" data-stat=""home_team_name""><a href=""/teams/UTS/1973.html"">Utah Stars</a></td><td class=""right"" data-stat=""home_pts"">103</td><td class=""center"" data-stat=""box_score_text""><a href=""/boxscores/197304040UTS.html"">Box Score</a></td><td class=""center iz"" data-stat=""overtimes""></td><td class=""right"" data-stat=""attendance"">7,271</td><td class=""left iz"" data-stat=""game_remarks""></td></tr>"
15,"<tr><th class=""left"" csk=""197304050NYA"" data-stat=""date_game"" scope=""row""><a href=""/boxscores/index.fcgi?month=4&amp;day=5&amp;year=1973"">Thu, Apr 5, 1973</a></th><td class=""left"" csk=""CAR.197304050NYA"" data-stat=""visitor_team_name""><a href=""/teams/CAR/1973.html"">Carolina Cougars</a></td><td class=""right"" data-stat=""visitor_pts"">112</td><td class=""left"" csk=""NYA.197304050NYA"" data-stat=""home_team_name""><a href=""/teams/NYA/1973.html"">New York Nets</a></td><td class=""right"" data-stat=""home_pts"">108</td><td class=""center"" data-stat=""box_score_text""><a href=""/boxscores/197304050NYA.html"">Box Score</a></td><td class=""center iz"" data-stat=""overtimes""></td><td class=""right"" data-stat=""attendance"">7,867</td><td class=""left iz"" data-stat=""game_remarks""></td></tr>"
17,"<tr><th class=""left"" csk=""197304050DNR"" data-stat=""date_game"" scope=""row""><a href=""/boxscores/index.fcgi?month=4&amp;day=5&amp;year=1973"">Thu, Apr 5, 1973</a></th><td class=""left"" csk=""INA.197304050DNR"" data-stat=""visitor_team_name""><a href=""/teams/INA/1973.html"">Indiana Pacers</a></td><td class=""right"" data-stat=""visitor_pts"">97</td><td class=""left"" csk=""DNR.197304050DNR"" data-stat=""home_team_name""><a href=""/teams/DNR/1973.html"">Denver Rockets</a></td><td class=""right"" data-stat=""home_pts"">95</td><td class=""center"" data-stat=""box_score_text""><a href=""/boxscores/197304050DNR.html"">Box Score</a></td><td class=""center iz"" data-stat=""overtimes""></td><td class=""right"" data-stat=""attendance"">6,904</td><td class=""left iz"" data-stat=""game_remarks""></td></tr>"
19,"<tr><th class=""left"" csk=""197304060CAR"" data-stat=""date_game"" scope=""row""><a href=""/boxscores/index.fcgi?month=4&amp;day=6&amp;year=1973"">Fri, Apr 6, 1973</a></th><td class=""left"" csk=""NYA.197304060CAR"" data-stat=""visitor_team_name""><a href=""/teams/NYA/1973.html"">New York Nets</a></td><td class=""right"" data-stat=""visitor_pts"">113</td><td class=""left"" csk=""CAR.197304060CAR"" data-stat=""home_team_name""><a href=""/teams/CAR/1973.html"">Carolina Cougars</a></td><td class=""right"" data-stat=""home_pts"">136</td><td class=""center"" data-stat=""box_score_text""><a href=""/boxscores/197304060CAR.html"">Box Score</a></td><td class=""center iz"" data-stat=""overtimes""></td><td class=""right"" data-stat=""attendance"">6,388</td><td class=""left iz"" data-stat=""game_remarks""></td></tr>"
21,"<tr><th class=""left"" csk=""197304060VIR"" data-stat=""date_game"" scope=""row""><a href=""/boxscores/index.fcgi?month=4&amp;day=6&amp;year=1973"">Fri, Apr 6, 1973</a></th><td class=""left"" csk=""KEN.197304060VIR"" data-stat=""visitor_team_name""><a href=""/teams/KEN/1973.html"">Kentucky Colonels</a></td><td class=""right"" data-stat=""visitor_pts"">108</td><td class=""left"" csk=""VIR.197304060VIR"" data-stat=""home_team_name""><a href=""/teams/VIR/1973.html"">Virginia Squires</a></td><td class=""right"" data-stat=""home_pts"">90</td><td class=""center"" data-stat=""box_score_text""><a href=""/boxscores/197304060VIR.html"">Box Score</a></td><td class=""center iz"" data-stat=""overtimes""></td><td class=""right"" data-stat=""attendance"">8,644</td><td class=""left iz"" data-stat=""game_remarks""></td></tr>"
23,"<tr><th class=""left"" csk=""197304070INA"" data-stat=""date_game"" scope=""row""><a href=""/boxscores/index.fcgi?month=4&amp;day=7&amp;year=1973"">Sat, Apr 7, 1973</a></th><td class=""left"" csk=""DNR.197304070INA"" data-stat=""visitor_team_name""><a href=""/teams/DNR/1973.html"">Denver Rockets</a></td><td class=""right"" data-stat=""visitor_pts"">107</td><td class=""left"" csk=""INA.197304070INA"" data-stat=""home_team_name""><a href=""/teams/INA/1973.html"">Indiana Pacers</a></td><td class=""right"" data-stat=""home_pts"">121</td><td class=""center"" data-stat=""box_score_text""><a href=""/boxscores/197304070INA.html"">Box Score</a></td><td class=""center iz"" data-stat=""overtimes""></td><td class=""right"" data-stat=""attendance"">9,816</td><td class=""left iz"" data-stat=""game_remarks""></td></tr>"
25,"<tr><th class=""left"" csk=""197304070KEN"" data-stat=""date_game"" scope=""row""><a href=""/boxscores/index.fcgi?month=4&amp;day=7&amp;year=1973"">Sat, Apr 7, 1973</a></th><td class=""left"" csk=""VIR.197304070KEN"" data-stat=""visitor_team_name""><a href=""/teams/VIR/1973.html"">Virginia Squires</a></td><td class=""right"" data-stat=""visitor_pts"">103</td><td class=""left"" csk=""KEN.197304070KEN"" data-stat=""home_team_name""><a href=""/teams/KEN/1973.html"">Kentucky Colonels</a></td><td class=""right"" data-stat=""home_pts"">114</td><td class=""center"" data-stat=""box_score_text""><a href=""/boxscores/197304070KEN.html"">Box Score</a></td><td class=""center iz"" data-stat=""overtimes""></td><td class=""right"" data-stat=""attendance"">16,887</td><td class=""left iz"" data-stat=""game_remarks""></td></tr>"
27,"<tr><th class=""left"" csk=""197304070SDA"" data-stat=""date_game"" scope=""row""><a href=""/boxscores/index.fcgi?month=4&amp;day=7&amp;year=1973"">Sat, Apr 7, 1973</a></th><td class=""left"" csk=""UTS.197304070SDA"" data-stat=""visitor_team_name""><a href=""/teams/UTS/1973.html"">Utah Stars</a></td><td class=""right"" data-stat=""visitor_pts"">97</td><td class=""left"" csk=""SDA.197304070SDA"" data-stat=""home_team_name""><a href=""/teams/SDA/1973.html"">San Diego Conquistadors</a></td><td class=""right"" data-stat=""home_pts"">96</td><td class=""center"" data-stat=""box_score_text""><a href=""/boxscores/197304070SDA.html"">Box Score</a></td><td class=""center iz"" data-stat=""overtimes""></td><td class=""right"" data-stat=""attendance"">1,729</td><td class=""left iz"" data-stat=""game_remarks""></td></tr>"
29,"<tr><th class=""left"" csk=""197304080SDA"" data-stat=""date_game"" scope=""row""><a href=""/boxscores/index.fcgi?month=4&amp;day=8&amp;year=1973"">Sun, Apr 8, 1973</a></th><td class=""left"" csk=""UTS.197304080SDA"" data-stat=""visitor_team_name""><a href=""/teams/UTS/1973.html"">Utah Stars</a></td><td class=""right"" data-stat=""visitor_pts"">120</td><td class=""left"" csk=""SDA.197304080SDA"" data-stat=""home_team_name""><a href=""/teams/SDA/1973.html"">San Diego Conquistadors</a></td><td class=""right"" data-stat=""home_pts"">98</td><td class=""center"" data-stat=""box_score_text""><a href=""/boxscores/197304080SDA.html"">Box Score</a></td><td class=""center iz"" data-stat=""overtimes""></td><td class=""right"" data-stat=""attendance"">1,394</td><td class=""left iz"" data-stat=""game_remarks""></td></tr>"
31,"<tr><th class=""left"" csk=""197304110CAR"" data-stat=""date_game"" scope=""row""><a href=""/boxscores/index.fcgi?month=4&amp;day=11&amp;year=1973"">Wed, Apr 11, 1973</a></th><td class=""left"" csk=""KEN.197304110CAR"" data-stat=""visitor_team_name""><a href=""/teams/KEN/1973.html"">Kentucky Colonels</a></td><td class=""right"" data-stat=""visitor_pts"">113</td><td class=""left"" csk=""CAR.197304110CAR"" data-stat=""home_team_name""><a href=""/teams/CAR/1973.html"">Carolina Cougars</a></td><td class=""right"" data-stat=""home_pts"">103</td><td class=""center"" data-stat=""box_score_text""><a href=""/boxscores/197304110CAR.html"">Box Score</a></td><td class=""center iz"" data-stat=""overtimes""></td><td class=""right"" data-stat=""attendance"">9,165</td><td class=""left iz"" data-stat=""game_remarks""></td></tr>"
33,"<tr><th class=""left"" csk=""197304120UTS"" data-stat=""date_game"" scope=""row""><a href=""/boxscores/index.fcgi?month=4&amp;day=12&amp;year=1973"">Thu, Apr 12, 1973</a></th><td class=""left"" csk=""INA.197304120UTS"" data-stat=""visitor_team_name""><a href=""/teams/INA/1973.html"">Indiana Pacers</a></td><td class=""right"" data-stat=""visitor_pts"">107</td><td class=""left"" csk=""UTS.197304120UTS"" data-stat=""home_team_name""><a href=""/teams/UTS/1973.html"">Utah Stars</a></td><td class=""right"" data-stat=""home_pts"">124</td><td class=""center"" data-stat=""box_score_text""><a href=""/boxscores/197304120UTS.html"">Box Score</a></td><td class=""center iz"" data-stat=""overtimes""></td><td class=""right"" data-stat=""attendance"">7,712</td><td class=""left iz"" data-stat=""game_remarks""></td></tr>"
35,"<tr><th class=""left"" csk=""197304140CAR"" data-stat=""date_game"" scope=""row""><a href=""/boxscores/index.fcgi?month=4&amp;day=14&amp;year=1973"">Sat, Apr 14, 1973</a></th><td class=""left"" csk=""KEN.197304140CAR"" data-stat=""visitor_team_name""><a href=""/teams/KEN/1973.html"">Kentucky Colonels</a></td><td class=""right"" data-stat=""visitor_pts"">105</td><td class=""left"" csk=""CAR.197304140CAR"" data-stat=""home_team_name""><a href=""/teams/CAR/1973.html"">Carolina Cougars</a></td><td class=""right"" data-stat=""home_pts"">125</td><td class=""center"" data-stat=""box_score_text""><a href=""/boxscores/197304140CAR.html"">Box Score</a></td><td class=""center iz"" data-stat=""overtimes""></td><td class=""right"" data-stat=""attendance"">5,103</td><td class=""left iz"" data-stat=""game_remarks""></td></tr>"
37,"<tr><th class=""left"" csk=""197304140UTS"" data-stat=""date_game"" scope=""row""><a href=""/boxscores/index.fcgi?month=4&amp;day=14&amp;year=1973"">Sat, Apr 14, 1973</a></th><td class=""left"" csk=""INA.197304140UTS"" data-stat=""visitor_team_name""><a href=""/teams/INA/1973.html"">Indiana Pacers</a></td><td class=""right"" data-stat=""visitor_pts"">116</td><td class=""left"" csk=""UTS.197304140UTS"" data-stat=""home_team_name""><a href=""/teams/UTS/1973.html"">Utah Stars</a></td><td class=""right"" data-stat=""home_pts"">110</td><td class=""center"" data-stat=""box_score_text""><a href=""/boxscores/197304140UTS.html"">Box Score</a></td><td class=""center iz"" data-stat=""overtimes""></td><td class=""right"" data-stat=""attendance"">12,233</td><td class=""left iz"" data-stat=""game_remarks""></td></tr>"
39,"<tr><th class=""left"" csk=""197304160INA"" data-stat=""date_game"" scope=""row""><a href=""/boxscores/index.fcgi?month=4&amp;day=16&amp;year=1973"">Mon, Apr 16, 1973</a></th><td class=""left"" csk=""UTS.197304160INA"" data-stat=""visitor_team_name""><a href=""/teams/UTS/1973.html"">Utah Stars</a></td><td class=""right"" data-stat=""visitor_pts"">108</td><td class=""left"" csk=""INA.197304160INA"" data-stat=""home_team_name""><a href=""/teams/INA/1973.html"">Indiana Pacers</a></td><td class=""right"" data-stat=""home_pts"">118</td><td class=""center"" data-stat=""box_score_text""><a href=""/boxscores/197304160INA.html"">Box Score</a></td><td class=""center iz"" data-stat=""overtimes""></td><td class=""right"" data-stat=""attendance"">9,353</td><td class=""left iz"" data-stat=""game_remarks""></td></tr>"
41,"<tr><th class=""left"" csk=""197304160KEN"" data-stat=""date_game"" scope=""row""><a href=""/boxscores/index.fcgi?month=4&amp;day=16&amp;year=1973"">Mon, Apr 16, 1973</a></th><td class=""left"" csk=""CAR.197304160KEN"" data-stat=""visitor_team_name""><a href=""/teams/CAR/1973.html"">Carolina Cougars</a></td><td class=""right"" data-stat=""visitor_pts"">94</td><td class=""left"" csk=""KEN.197304160KEN"" data-stat=""home_team_name""><a href=""/teams/KEN/1973.html"">Kentucky Colonels</a></td><td class=""right"" data-stat=""home_pts"">108</td><td class=""center"" data-stat=""box_score_text""><a href=""/boxscores/197304160KEN.html"">Box Score</a></td><td class=""center iz"" data-stat=""overtimes""></td><td class=""right"" data-stat=""attendance"">10,422</td><td class=""left iz"" data-stat=""game_remarks""></td></tr>"
43,"<tr><th class=""left"" csk=""197304180INA"" data-stat=""date_game"" scope=""row""><a href=""/boxscores/index.fcgi?month=4&amp;day=18&amp;year=1973"">Wed, Apr 18, 1973</a></th><td class=""left"" csk=""UTS.197304180INA"" data-stat=""visitor_team_name""><a href=""/teams/UTS/1973.html"">Utah Stars</a></td><td class=""right"" data-stat=""visitor_pts"">104</td><td class=""left"" csk=""INA.197304180INA"" data-stat=""home_team_name""><a href=""/teams/INA/1973.html"">Indiana Pacers</a></td><td class=""right"" data-stat=""home_pts"">103</td><td class=""center"" data-stat=""box_score_text""><a href=""/boxscores/197304180INA.html"">Box Score</a></td><td class=""center iz"" data-stat=""overtimes""></td><td class=""right"" data-stat=""attendance"">10,079</td><td class=""left iz"" data-stat=""game_remarks""></td></tr>"
45,"<tr><th class=""left"" csk=""197304180KEN"" data-stat=""date_game"" scope=""row""><a href=""/boxscores/index.fcgi?month=4&amp;day=18&amp;year=1973"">Wed, Apr 18, 1973</a></th><td class=""left"" csk=""CAR.197304180KEN"" data-stat=""visitor_team_name""><a href=""/teams/CAR/1973.html"">Carolina Cougars</a></td><td class=""right"" data-stat=""visitor_pts"">102</td><td class=""left"" csk=""KEN.197304180KEN"" data-stat=""home_team_name""><a href=""/teams/KEN/1973.html"">Kentucky Colonels</a></td><td class=""right"" data-stat=""home_pts"">91</td><td class=""center"" data-stat=""box_score_text""><a href=""/boxscores/197304180KEN.html"">Box Score</a></td><td class=""center iz"" data-stat=""overtimes""></td><td class=""right"" data-stat=""attendance"">16,238</td><td class=""left iz"" data-stat=""game_remarks""></td></tr>"
47,"<tr><th class=""left"" csk=""197304190UTS"" data-stat=""date_game"" scope=""row""><a href=""/boxscores/index.fcgi?month=4&amp;day=19&amp;year=1973"">Thu, Apr 19, 1973</a></th><td class=""left"" csk=""INA.197304190UTS"" data-stat=""visitor_team_name""><a href=""/teams/INA/1973.html"">Indiana Pacers</a></td><td class=""right"" data-stat=""visitor_pts"">104</td><td class=""left"" csk=""UTS.197304190UTS"" data-stat=""home_team_name""><a href=""/teams/UTS/1973.html"">Utah Stars</a></td><td class=""right"" data-stat=""home_pts"">102</td><td class=""center"" data-stat=""box_score_text""><a href=""/boxscores/197304190UTS.html"">Box Score</a></td><td class=""center iz"" data-stat=""overtimes""></td><td class=""right"" data-stat=""attendance"">12,453</td><td class=""left iz"" data-stat=""game_remarks""></td></tr>"
49,"<tr><th class=""left"" csk=""197304200CAR"" data-stat=""date_game"" scope=""row""><a href=""/boxscores/index.fcgi?month=4&amp;day=20&amp;year=1973"">Fri, Apr 20, 1973</a></th><td class=""left"" csk=""KEN.197304200CAR"" data-stat=""visitor_team_name""><a href=""/teams/KEN/1973.html"">Kentucky Colonels</a></td><td class=""right"" data-stat=""visitor_pts"">107</td><td class=""left"" csk=""CAR.197304200CAR"" data-stat=""home_team_name""><a href=""/teams/CAR/1973.html"">Carolina Cougars</a></td><td class=""right"" data-stat=""home_pts"">112</td><td class=""center"" data-stat=""box_score_text""><a href=""/boxscores/197304200CAR.html"">Box Score</a></td><td class=""center iz"" data-stat=""overtimes""></td><td class=""right"" data-stat=""attendance"">11,988</td><td class=""left iz"" data-stat=""game_remarks""></td></tr>"
51,"<tr><th class=""left"" csk=""197304210INA"" data-stat=""date_game"" scope=""row""><a href=""/boxscores/index.fcgi?month=4&amp;day=21&amp;year=1973"">Sat, Apr 21, 1973</a></th><td class=""left"" csk=""UTS.197304210INA"" data-stat=""visitor_team_name""><a href=""/teams/UTS/1973.html"">Utah Stars</a></td><td class=""right"" data-stat=""visitor_pts"">98</td><td class=""left"" csk=""INA.197304210INA"" data-stat=""home_team_name""><a href=""/teams/INA/1973.html"">Indiana Pacers</a></td><td class=""right"" data-stat=""home_pts"">107</td><td class=""center"" data-stat=""box_score_text""><a href=""/boxscores/197304210INA.html"">Box Score</a></td><td class=""center iz"" data-stat=""overtimes""></td><td class=""right"" data-stat=""attendance"">9,529</td><td class=""left iz"" data-stat=""game_remarks""></td></tr>"
53,"<tr><th class=""left"" csk=""197304210KEN"" data-stat=""date_game"" scope=""row""><a href=""/boxscores/index.fcgi?month=4&amp;day=21&amp;year=1973"">Sat, Apr 21, 1973</a></th><td class=""left"" csk=""CAR.197304210KEN"" data-stat=""visitor_team_name""><a href=""/teams/CAR/1973.html"">Carolina Cougars</a></td><td class=""right"" data-stat=""visitor_pts"">100</td><td class=""left"" csk=""KEN.197304210KEN"" data-stat=""home_team_name""><a href=""/teams/KEN/1973.html"">Kentucky Colonels</a></td><td class=""right"" data-stat=""home_pts"">119</td><td class=""center"" data-stat=""box_score_text""><a href=""/boxscores/197304210KEN.html"">Box Score</a></td><td class=""center iz"" data-stat=""overtimes""></td><td class=""right"" data-stat=""attendance"">16,892</td><td class=""left iz"" data-stat=""game_remarks""></td></tr>"
55,"<tr><th class=""left"" csk=""197304240CAR"" data-stat=""date_game"" scope=""row""><a href=""/boxscores/index.fcgi?month=4&amp;day=24&amp;year=1973"">Tue, Apr 24, 1973</a></th><td class=""left"" csk=""KEN.197304240CAR"" data-stat=""visitor_team_name""><a href=""/teams/KEN/1973.html"">Kentucky Colonels</a></td><td class=""right"" data-stat=""visitor_pts"">107</td><td class=""left"" csk=""CAR.197304240CAR"" data-stat=""home_team_name""><a href=""/teams/CAR/1973.html"">Carolina Cougars</a></td><td class=""right"" data-stat=""home_pts"">96</td><td class=""center"" data-stat=""box_score_text""><a href=""/boxscores/197304240CAR.html"">Box Score</a></td><td class=""center iz"" data-stat=""overtimes""></td><td class=""right"" data-stat=""attendance"">10,231</td><td class=""left iz"" data-stat=""game_remarks""></td></tr>"
57,"<tr><th class=""left"" csk=""197304280KEN"" data-stat=""date_game"" scope=""row""><a href=""/boxscores/index.fcgi?month=4&amp;day=28&amp;year=1973"">Sat, Apr 28, 1973</a></th><td class=""left"" csk=""INA.197304280KEN"" data-stat=""visitor_team_name""><a href=""/teams/INA/1973.html"">Indiana Pacers</a></td><td class=""right"" data-stat=""visitor_pts"">111</td><td class=""left"" csk=""KEN.197304280KEN"" data-stat=""home_team_name""><a href=""/teams/KEN/1973.html"">Kentucky Colonels</a></td><td class=""right"" data-stat=""home_pts"">107</td><td class=""center"" data-stat=""box_score_text""><a href=""/boxscores/197304280KEN.html"">Box Score</a></td><td class=""center"" data-stat=""overtimes"">OT</td><td class=""right"" data-stat=""attendance"">12,119</td><td class=""left iz"" data-stat=""game_remarks""></td></tr>"
59,"<tr><th class=""left"" csk=""197304300KEN"" data-stat=""date_game"" scope=""row""><a href=""/boxscores/index.fcgi?month=4&amp;day=30&amp;year=1973"">Mon, Apr 30, 1973</a></th><td class=""left"" csk=""INA.197304300KEN"" data-stat=""visitor_team_name""><a href=""/teams/INA/1973.html"">Indiana Pacers</a></td><td class=""right"" data-stat=""visitor_pts"">102</td><td class=""left"" csk=""KEN.197304300KEN"" data-stat=""home_team_name""><a href=""/teams/KEN/1973.html"">Kentucky Colonels</a></td><td class=""right"" data-stat=""home_pts"">114</td><td class=""center"" data-stat=""box_score_text""><a href=""/boxscores/197304300KEN.html"">Box Score</a></td><td class=""center iz"" data-stat=""overtimes""></td><td class=""right"" data-stat=""attendance"">13,408</td><td class=""left iz"" data-stat=""game_remarks""></td></tr>"
