,0
1,"<tr><th class=""left"" csk=""197003010DNR"" data-stat=""date_game"" scope=""row""><a href=""/boxscores/index.fcgi?month=3&amp;day=1&amp;year=1970"">Sun, Mar 1, 1970</a></th><td class=""left"" csk=""WSA.197003010DNR"" data-stat=""visitor_team_name""><a href=""/teams/WSA/1970.html"">Washington Capitols</a></td><td class=""right"" data-stat=""visitor_pts"">128</td><td class=""left"" csk=""DNR.197003010DNR"" data-stat=""home_team_name""><a href=""/teams/DNR/1970.html"">Denver Rockets</a></td><td class=""right"" data-stat=""home_pts"">137</td><td class=""center"" data-stat=""box_score_text""><a href=""/boxscores/197003010DNR.html"">Box Score</a></td><td class=""center iz"" data-stat=""overtimes""></td><td class=""right"" data-stat=""attendance"">7,086</td><td class=""left iz"" data-stat=""game_remarks""></td></tr>"
3,"<tr><th class=""left"" csk=""197003010LAS"" data-stat=""date_game"" scope=""row""><a href=""/boxscores/index.fcgi?month=3&amp;day=1&amp;year=1970"">Sun, Mar 1, 1970</a></th><td class=""left"" csk=""INA.197003010LAS"" data-stat=""visitor_team_name""><a href=""/teams/INA/1970.html"">Indiana Pacers</a></td><td class=""right"" data-stat=""visitor_pts"">105</td><td class=""left"" csk=""LAS.197003010LAS"" data-stat=""home_team_name""><a href=""/teams/LAS/1970.html"">Los Angeles Stars</a></td><td class=""right"" data-stat=""home_pts"">108</td><td class=""center"" data-stat=""box_score_text""><a href=""/boxscores/197003010LAS.html"">Box Score</a></td><td class=""center iz"" data-stat=""overtimes""></td><td class=""right"" data-stat=""attendance"">1,082</td><td class=""left iz"" data-stat=""game_remarks""></td></tr>"
5,"<tr><th class=""left"" csk=""197003010MMF"" data-stat=""date_game"" scope=""row""><a href=""/boxscores/index.fcgi?month=3&amp;day=1&amp;year=1970"">Sun, Mar 1, 1970</a></th><td class=""left"" csk=""CAR.197003010MMF"" data-stat=""visitor_team_name""><a href=""/teams/CAR/1970.html"">Carolina Cougars</a></td><td class=""right"" data-stat=""visitor_pts"">99</td><td class=""left"" csk=""MMF.197003010MMF"" data-stat=""home_team_name""><a href=""/teams/MMF/1970.html"">Miami Floridians</a></td><td class=""right"" data-stat=""home_pts"">109</td><td class=""center"" data-stat=""box_score_text""><a href=""/boxscores/197003010MMF.html"">Box Score</a></td><td class=""center iz"" data-stat=""overtimes""></td><td class=""right"" data-stat=""attendance"">3,078</td><td class=""left iz"" data-stat=""game_remarks""></td></tr>"
7,"<tr><th class=""left"" csk=""197003010NYA"" data-stat=""date_game"" scope=""row""><a href=""/boxscores/index.fcgi?month=3&amp;day=1&amp;year=1970"">Sun, Mar 1, 1970</a></th><td class=""left"" csk=""DLC.197003010NYA"" data-stat=""visitor_team_name""><a href=""/teams/DLC/1970.html"">Dallas Chaparrals</a></td><td class=""right"" data-stat=""visitor_pts"">111</td><td class=""left"" csk=""NYA.197003010NYA"" data-stat=""home_team_name""><a href=""/teams/NYA/1970.html"">New York Nets</a></td><td class=""right"" data-stat=""home_pts"">128</td><td class=""center"" data-stat=""box_score_text""><a href=""/boxscores/197003010NYA.html"">Box Score</a></td><td class=""center iz"" data-stat=""overtimes""></td><td class=""right"" data-stat=""attendance"">4,316</td><td class=""left iz"" data-stat=""game_remarks""></td></tr>"
9,"<tr><th class=""left"" csk=""197003010PTP"" data-stat=""date_game"" scope=""row""><a href=""/boxscores/index.fcgi?month=3&amp;day=1&amp;year=1970"">Sun, Mar 1, 1970</a></th><td class=""left"" csk=""KEN.197003010PTP"" data-stat=""visitor_team_name""><a href=""/teams/KEN/1970.html"">Kentucky Colonels</a></td><td class=""right"" data-stat=""visitor_pts"">109</td><td class=""left"" csk=""PTP.197003010PTP"" data-stat=""home_team_name""><a href=""/teams/PTP/1970.html"">Pittsburgh Pipers</a></td><td class=""right"" data-stat=""home_pts"">119</td><td class=""center"" data-stat=""box_score_text""><a href=""/boxscores/197003010PTP.html"">Box Score</a></td><td class=""center iz"" data-stat=""overtimes""></td><td class=""right iz"" data-stat=""attendance""></td><td class=""left iz"" data-stat=""game_remarks""></td></tr>"
11,"<tr><th class=""left"" csk=""197003030WSA"" data-stat=""date_game"" scope=""row""><a href=""/boxscores/index.fcgi?month=3&amp;day=3&amp;year=1970"">Tue, Mar 3, 1970</a></th><td class=""left"" csk=""PTP.197003030WSA"" data-stat=""visitor_team_name""><a href=""/teams/PTP/1970.html"">Pittsburgh Pipers</a></td><td class=""right"" data-stat=""visitor_pts"">115</td><td class=""left"" csk=""WSA.197003030WSA"" data-stat=""home_team_name""><a href=""/teams/WSA/1970.html"">Washington Capitols</a></td><td class=""right"" data-stat=""home_pts"">117</td><td class=""center"" data-stat=""box_score_text""><a href=""/boxscores/197003030WSA.html"">Box Score</a></td><td class=""center iz"" data-stat=""overtimes""></td><td class=""right"" data-stat=""attendance"">3,894</td><td class=""left iz"" data-stat=""game_remarks""></td></tr>"
13,"<tr><th class=""left"" csk=""197003030MMF"" data-stat=""date_game"" scope=""row""><a href=""/boxscores/index.fcgi?month=3&amp;day=3&amp;year=1970"">Tue, Mar 3, 1970</a></th><td class=""left"" csk=""NOB.197003030MMF"" data-stat=""visitor_team_name""><a href=""/teams/NOB/1970.html"">New Orleans Buccaneers</a></td><td class=""right"" data-stat=""visitor_pts"">117</td><td class=""left"" csk=""MMF.197003030MMF"" data-stat=""home_team_name""><a href=""/teams/MMF/1970.html"">Miami Floridians</a></td><td class=""right"" data-stat=""home_pts"">125</td><td class=""center"" data-stat=""box_score_text""><a href=""/boxscores/197003030MMF.html"">Box Score</a></td><td class=""center iz"" data-stat=""overtimes""></td><td class=""right"" data-stat=""attendance"">3,562</td><td class=""left iz"" data-stat=""game_remarks""></td></tr>"
15,"<tr><th class=""left"" csk=""197003030DLC"" data-stat=""date_game"" scope=""row""><a href=""/boxscores/index.fcgi?month=3&amp;day=3&amp;year=1970"">Tue, Mar 3, 1970</a></th><td class=""left"" csk=""DNR.197003030DLC"" data-stat=""visitor_team_name""><a href=""/teams/DNR/1970.html"">Denver Rockets</a></td><td class=""right"" data-stat=""visitor_pts"">130</td><td class=""left"" csk=""DLC.197003030DLC"" data-stat=""home_team_name""><a href=""/teams/DLC/1970.html"">Dallas Chaparrals</a></td><td class=""right"" data-stat=""home_pts"">142</td><td class=""center"" data-stat=""box_score_text""><a href=""/boxscores/197003030DLC.html"">Box Score</a></td><td class=""center iz"" data-stat=""overtimes""></td><td class=""right"" data-stat=""attendance"">5,143</td><td class=""left iz"" data-stat=""game_remarks""></td></tr>"
17,"<tr><th class=""left"" csk=""197003040INA"" data-stat=""date_game"" scope=""row""><a href=""/boxscores/index.fcgi?month=3&amp;day=4&amp;year=1970"">Wed, Mar 4, 1970</a></th><td class=""left"" csk=""NYA.197003040INA"" data-stat=""visitor_team_name""><a href=""/teams/NYA/1970.html"">New York Nets</a></td><td class=""right"" data-stat=""visitor_pts"">97</td><td class=""left"" csk=""INA.197003040INA"" data-stat=""home_team_name""><a href=""/teams/INA/1970.html"">Indiana Pacers</a></td><td class=""right"" data-stat=""home_pts"">105</td><td class=""center"" data-stat=""box_score_text""><a href=""/boxscores/197003040INA.html"">Box Score</a></td><td class=""center iz"" data-stat=""overtimes""></td><td class=""right"" data-stat=""attendance"">5,007</td><td class=""left iz"" data-stat=""game_remarks""></td></tr>"
19,"<tr><th class=""left"" csk=""197003040LAS"" data-stat=""date_game"" scope=""row""><a href=""/boxscores/index.fcgi?month=3&amp;day=4&amp;year=1970"">Wed, Mar 4, 1970</a></th><td class=""left"" csk=""DNR.197003040LAS"" data-stat=""visitor_team_name""><a href=""/teams/DNR/1970.html"">Denver Rockets</a></td><td class=""right"" data-stat=""visitor_pts"">122</td><td class=""left"" csk=""LAS.197003040LAS"" data-stat=""home_team_name""><a href=""/teams/LAS/1970.html"">Los Angeles Stars</a></td><td class=""right"" data-stat=""home_pts"">135</td><td class=""center"" data-stat=""box_score_text""><a href=""/boxscores/197003040LAS.html"">Box Score</a></td><td class=""center iz"" data-stat=""overtimes""></td><td class=""right"" data-stat=""attendance"">812</td><td class=""left iz"" data-stat=""game_remarks""></td></tr>"
21,"<tr><th class=""left"" csk=""197003050WSA"" data-stat=""date_game"" scope=""row""><a href=""/boxscores/index.fcgi?month=3&amp;day=5&amp;year=1970"">Thu, Mar 5, 1970</a></th><td class=""left"" csk=""INA.197003050WSA"" data-stat=""visitor_team_name""><a href=""/teams/INA/1970.html"">Indiana Pacers</a></td><td class=""right"" data-stat=""visitor_pts"">123</td><td class=""left"" csk=""WSA.197003050WSA"" data-stat=""home_team_name""><a href=""/teams/WSA/1970.html"">Washington Capitols</a></td><td class=""right"" data-stat=""home_pts"">110</td><td class=""center"" data-stat=""box_score_text""><a href=""/boxscores/197003050WSA.html"">Box Score</a></td><td class=""center iz"" data-stat=""overtimes""></td><td class=""right"" data-stat=""attendance"">5,624</td><td class=""left iz"" data-stat=""game_remarks""></td></tr>"
23,"<tr><th class=""left"" csk=""197003050DNR"" data-stat=""date_game"" scope=""row""><a href=""/boxscores/index.fcgi?month=3&amp;day=5&amp;year=1970"">Thu, Mar 5, 1970</a></th><td class=""left"" csk=""PTP.197003050DNR"" data-stat=""visitor_team_name""><a href=""/teams/PTP/1970.html"">Pittsburgh Pipers</a></td><td class=""right"" data-stat=""visitor_pts"">97</td><td class=""left"" csk=""DNR.197003050DNR"" data-stat=""home_team_name""><a href=""/teams/DNR/1970.html"">Denver Rockets</a></td><td class=""right"" data-stat=""home_pts"">114</td><td class=""center"" data-stat=""box_score_text""><a href=""/boxscores/197003050DNR.html"">Box Score</a></td><td class=""center iz"" data-stat=""overtimes""></td><td class=""right"" data-stat=""attendance"">5,281</td><td class=""left iz"" data-stat=""game_remarks""></td></tr>"
25,"<tr><th class=""left"" csk=""197003060DLC"" data-stat=""date_game"" scope=""row""><a href=""/boxscores/index.fcgi?month=3&amp;day=6&amp;year=1970"">Fri, Mar 6, 1970</a></th><td class=""left"" csk=""CAR.197003060DLC"" data-stat=""visitor_team_name""><a href=""/teams/CAR/1970.html"">Carolina Cougars</a></td><td class=""right"" data-stat=""visitor_pts"">98</td><td class=""left"" csk=""DLC.197003060DLC"" data-stat=""home_team_name""><a href=""/teams/DLC/1970.html"">Dallas Chaparrals</a></td><td class=""right"" data-stat=""home_pts"">94</td><td class=""center"" data-stat=""box_score_text""><a href=""/boxscores/197003060DLC.html"">Box Score</a></td><td class=""center iz"" data-stat=""overtimes""></td><td class=""right"" data-stat=""attendance"">4,368</td><td class=""left iz"" data-stat=""game_remarks""></td></tr>"
27,"<tr><th class=""left"" csk=""197003060INA"" data-stat=""date_game"" scope=""row""><a href=""/boxscores/index.fcgi?month=3&amp;day=6&amp;year=1970"">Fri, Mar 6, 1970</a></th><td class=""left"" csk=""MMF.197003060INA"" data-stat=""visitor_team_name""><a href=""/teams/MMF/1970.html"">Miami Floridians</a></td><td class=""right"" data-stat=""visitor_pts"">116</td><td class=""left"" csk=""INA.197003060INA"" data-stat=""home_team_name""><a href=""/teams/INA/1970.html"">Indiana Pacers</a></td><td class=""right"" data-stat=""home_pts"">119</td><td class=""center"" data-stat=""box_score_text""><a href=""/boxscores/197003060INA.html"">Box Score</a></td><td class=""center iz"" data-stat=""overtimes""></td><td class=""right"" data-stat=""attendance"">7,113</td><td class=""left iz"" data-stat=""game_remarks""></td></tr>"
29,"<tr><th class=""left"" csk=""197003060LAS"" data-stat=""date_game"" scope=""row""><a href=""/boxscores/index.fcgi?month=3&amp;day=6&amp;year=1970"">Fri, Mar 6, 1970</a></th><td class=""left"" csk=""KEN.197003060LAS"" data-stat=""visitor_team_name""><a href=""/teams/KEN/1970.html"">Kentucky Colonels</a></td><td class=""right"" data-stat=""visitor_pts"">106</td><td class=""left"" csk=""LAS.197003060LAS"" data-stat=""home_team_name""><a href=""/teams/LAS/1970.html"">Los Angeles Stars</a></td><td class=""right"" data-stat=""home_pts"">126</td><td class=""center"" data-stat=""box_score_text""><a href=""/boxscores/197003060LAS.html"">Box Score</a></td><td class=""center iz"" data-stat=""overtimes""></td><td class=""right"" data-stat=""attendance"">1,239</td><td class=""left iz"" data-stat=""game_remarks""></td></tr>"
31,"<tr><th class=""left"" csk=""197003060NYA"" data-stat=""date_game"" scope=""row""><a href=""/boxscores/index.fcgi?month=3&amp;day=6&amp;year=1970"">Fri, Mar 6, 1970</a></th><td class=""left"" csk=""PTP.197003060NYA"" data-stat=""visitor_team_name""><a href=""/teams/PTP/1970.html"">Pittsburgh Pipers</a></td><td class=""right"" data-stat=""visitor_pts"">103</td><td class=""left"" csk=""NYA.197003060NYA"" data-stat=""home_team_name""><a href=""/teams/NYA/1970.html"">New York Nets</a></td><td class=""right"" data-stat=""home_pts"">104</td><td class=""center"" data-stat=""box_score_text""><a href=""/boxscores/197003060NYA.html"">Box Score</a></td><td class=""center"" data-stat=""overtimes"">OT</td><td class=""right"" data-stat=""attendance"">5,828</td><td class=""left iz"" data-stat=""game_remarks""></td></tr>"
33,"<tr><th class=""left"" csk=""197003070WSA"" data-stat=""date_game"" scope=""row""><a href=""/boxscores/index.fcgi?month=3&amp;day=7&amp;year=1970"">Sat, Mar 7, 1970</a></th><td class=""left"" csk=""DNR.197003070WSA"" data-stat=""visitor_team_name""><a href=""/teams/DNR/1970.html"">Denver Rockets</a></td><td class=""right"" data-stat=""visitor_pts"">128</td><td class=""left"" csk=""WSA.197003070WSA"" data-stat=""home_team_name""><a href=""/teams/WSA/1970.html"">Washington Capitols</a></td><td class=""right"" data-stat=""home_pts"">144</td><td class=""center"" data-stat=""box_score_text""><a href=""/boxscores/197003070WSA.html"">Box Score</a></td><td class=""center iz"" data-stat=""overtimes""></td><td class=""right"" data-stat=""attendance"">4,346</td><td class=""left iz"" data-stat=""game_remarks""></td></tr>"
35,"<tr><th class=""left"" csk=""197003070NOB"" data-stat=""date_game"" scope=""row""><a href=""/boxscores/index.fcgi?month=3&amp;day=7&amp;year=1970"">Sat, Mar 7, 1970</a></th><td class=""left"" csk=""CAR.197003070NOB"" data-stat=""visitor_team_name""><a href=""/teams/CAR/1970.html"">Carolina Cougars</a></td><td class=""right"" data-stat=""visitor_pts"">116</td><td class=""left"" csk=""NOB.197003070NOB"" data-stat=""home_team_name""><a href=""/teams/NOB/1970.html"">New Orleans Buccaneers</a></td><td class=""right"" data-stat=""home_pts"">102</td><td class=""center"" data-stat=""box_score_text""><a href=""/boxscores/197003070NOB.html"">Box Score</a></td><td class=""center iz"" data-stat=""overtimes""></td><td class=""right"" data-stat=""attendance"">3,111</td><td class=""left iz"" data-stat=""game_remarks""></td></tr>"
37,"<tr><th class=""left"" csk=""197003070DLC"" data-stat=""date_game"" scope=""row""><a href=""/boxscores/index.fcgi?month=3&amp;day=7&amp;year=1970"">Sat, Mar 7, 1970</a></th><td class=""left"" csk=""KEN.197003070DLC"" data-stat=""visitor_team_name""><a href=""/teams/KEN/1970.html"">Kentucky Colonels</a></td><td class=""right"" data-stat=""visitor_pts"">124</td><td class=""left"" csk=""DLC.197003070DLC"" data-stat=""home_team_name""><a href=""/teams/DLC/1970.html"">Dallas Chaparrals</a></td><td class=""right"" data-stat=""home_pts"">129</td><td class=""center"" data-stat=""box_score_text""><a href=""/boxscores/197003070DLC.html"">Box Score</a></td><td class=""center iz"" data-stat=""overtimes""></td><td class=""right"" data-stat=""attendance"">4,068</td><td class=""left iz"" data-stat=""game_remarks""></td></tr>"
39,"<tr><th class=""left"" csk=""197003080PTP"" data-stat=""date_game"" scope=""row""><a href=""/boxscores/index.fcgi?month=3&amp;day=8&amp;year=1970"">Sun, Mar 8, 1970</a></th><td class=""left"" csk=""MMF.197003080PTP"" data-stat=""visitor_team_name""><a href=""/teams/MMF/1970.html"">Miami Floridians</a></td><td class=""right"" data-stat=""visitor_pts"">121</td><td class=""left"" csk=""PTP.197003080PTP"" data-stat=""home_team_name""><a href=""/teams/PTP/1970.html"">Pittsburgh Pipers</a></td><td class=""right"" data-stat=""home_pts"">135</td><td class=""center"" data-stat=""box_score_text""><a href=""/boxscores/197003080PTP.html"">Box Score</a></td><td class=""center iz"" data-stat=""overtimes""></td><td class=""right iz"" data-stat=""attendance""></td><td class=""left iz"" data-stat=""game_remarks""></td></tr>"
41,"<tr><th class=""left"" csk=""197003080NYA"" data-stat=""date_game"" scope=""row""><a href=""/boxscores/index.fcgi?month=3&amp;day=8&amp;year=1970"">Sun, Mar 8, 1970</a></th><td class=""left"" csk=""CAR.197003080NYA"" data-stat=""visitor_team_name""><a href=""/teams/CAR/1970.html"">Carolina Cougars</a></td><td class=""right"" data-stat=""visitor_pts"">107</td><td class=""left"" csk=""NYA.197003080NYA"" data-stat=""home_team_name""><a href=""/teams/NYA/1970.html"">New York Nets</a></td><td class=""right"" data-stat=""home_pts"">105</td><td class=""center"" data-stat=""box_score_text""><a href=""/boxscores/197003080NYA.html"">Box Score</a></td><td class=""center iz"" data-stat=""overtimes""></td><td class=""right"" data-stat=""attendance"">4,415</td><td class=""left iz"" data-stat=""game_remarks""></td></tr>"
43,"<tr><th class=""left"" csk=""197003080INA"" data-stat=""date_game"" scope=""row""><a href=""/boxscores/index.fcgi?month=3&amp;day=8&amp;year=1970"">Sun, Mar 8, 1970</a></th><td class=""left"" csk=""DLC.197003080INA"" data-stat=""visitor_team_name""><a href=""/teams/DLC/1970.html"">Dallas Chaparrals</a></td><td class=""right"" data-stat=""visitor_pts"">114</td><td class=""left"" csk=""INA.197003080INA"" data-stat=""home_team_name""><a href=""/teams/INA/1970.html"">Indiana Pacers</a></td><td class=""right"" data-stat=""home_pts"">131</td><td class=""center"" data-stat=""box_score_text""><a href=""/boxscores/197003080INA.html"">Box Score</a></td><td class=""center iz"" data-stat=""overtimes""></td><td class=""right"" data-stat=""attendance"">8,423</td><td class=""left iz"" data-stat=""game_remarks""></td></tr>"
45,"<tr><th class=""left"" csk=""197003080DNR"" data-stat=""date_game"" scope=""row""><a href=""/boxscores/index.fcgi?month=3&amp;day=8&amp;year=1970"">Sun, Mar 8, 1970</a></th><td class=""left"" csk=""NOB.197003080DNR"" data-stat=""visitor_team_name""><a href=""/teams/NOB/1970.html"">New Orleans Buccaneers</a></td><td class=""right"" data-stat=""visitor_pts"">103</td><td class=""left"" csk=""DNR.197003080DNR"" data-stat=""home_team_name""><a href=""/teams/DNR/1970.html"">Denver Rockets</a></td><td class=""right"" data-stat=""home_pts"">108</td><td class=""center"" data-stat=""box_score_text""><a href=""/boxscores/197003080DNR.html"">Box Score</a></td><td class=""center"" data-stat=""overtimes"">2OT</td><td class=""right"" data-stat=""attendance"">6,951</td><td class=""left iz"" data-stat=""game_remarks""></td></tr>"
47,"<tr><th class=""left"" csk=""197003090NOB"" data-stat=""date_game"" scope=""row""><a href=""/boxscores/index.fcgi?month=3&amp;day=9&amp;year=1970"">Mon, Mar 9, 1970</a></th><td class=""left"" csk=""KEN.197003090NOB"" data-stat=""visitor_team_name""><a href=""/teams/KEN/1970.html"">Kentucky Colonels</a></td><td class=""right"" data-stat=""visitor_pts"">114</td><td class=""left"" csk=""NOB.197003090NOB"" data-stat=""home_team_name""><a href=""/teams/NOB/1970.html"">New Orleans Buccaneers</a></td><td class=""right"" data-stat=""home_pts"">117</td><td class=""center"" data-stat=""box_score_text""><a href=""/boxscores/197003090NOB.html"">Box Score</a></td><td class=""center iz"" data-stat=""overtimes""></td><td class=""right"" data-stat=""attendance"">2,096</td><td class=""left iz"" data-stat=""game_remarks""></td></tr>"
49,"<tr><th class=""left"" csk=""197003100DLC"" data-stat=""date_game"" scope=""row""><a href=""/boxscores/index.fcgi?month=3&amp;day=10&amp;year=1970"">Tue, Mar 10, 1970</a></th><td class=""left"" csk=""DNR.197003100DLC"" data-stat=""visitor_team_name""><a href=""/teams/DNR/1970.html"">Denver Rockets</a></td><td class=""right"" data-stat=""visitor_pts"">116</td><td class=""left"" csk=""DLC.197003100DLC"" data-stat=""home_team_name""><a href=""/teams/DLC/1970.html"">Dallas Chaparrals</a></td><td class=""right"" data-stat=""home_pts"">124</td><td class=""center"" data-stat=""box_score_text""><a href=""/boxscores/197003100DLC.html"">Box Score</a></td><td class=""center iz"" data-stat=""overtimes""></td><td class=""right"" data-stat=""attendance"">4,111</td><td class=""left"" data-stat=""game_remarks"">at Fort Worth, TX</td></tr>"
51,"<tr><th class=""left"" csk=""197003100MMF"" data-stat=""date_game"" scope=""row""><a href=""/boxscores/index.fcgi?month=3&amp;day=10&amp;year=1970"">Tue, Mar 10, 1970</a></th><td class=""left"" csk=""KEN.197003100MMF"" data-stat=""visitor_team_name""><a href=""/teams/KEN/1970.html"">Kentucky Colonels</a></td><td class=""right"" data-stat=""visitor_pts"">126</td><td class=""left"" csk=""MMF.197003100MMF"" data-stat=""home_team_name""><a href=""/teams/MMF/1970.html"">Miami Floridians</a></td><td class=""right"" data-stat=""home_pts"">120</td><td class=""center"" data-stat=""box_score_text""><a href=""/boxscores/197003100MMF.html"">Box Score</a></td><td class=""center iz"" data-stat=""overtimes""></td><td class=""right"" data-stat=""attendance"">3,206</td><td class=""left"" data-stat=""game_remarks"">at Tallahassee, FL</td></tr>"
53,"<tr><th class=""left"" csk=""197003110DNR"" data-stat=""date_game"" scope=""row""><a href=""/boxscores/index.fcgi?month=3&amp;day=11&amp;year=1970"">Wed, Mar 11, 1970</a></th><td class=""left"" csk=""WSA.197003110DNR"" data-stat=""visitor_team_name""><a href=""/teams/WSA/1970.html"">Washington Capitols</a></td><td class=""right"" data-stat=""visitor_pts"">106</td><td class=""left"" csk=""DNR.197003110DNR"" data-stat=""home_team_name""><a href=""/teams/DNR/1970.html"">Denver Rockets</a></td><td class=""right"" data-stat=""home_pts"">126</td><td class=""center"" data-stat=""box_score_text""><a href=""/boxscores/197003110DNR.html"">Box Score</a></td><td class=""center iz"" data-stat=""overtimes""></td><td class=""right"" data-stat=""attendance"">7,146</td><td class=""left iz"" data-stat=""game_remarks""></td></tr>"
55,"<tr><th class=""left"" csk=""197003110INA"" data-stat=""date_game"" scope=""row""><a href=""/boxscores/index.fcgi?month=3&amp;day=11&amp;year=1970"">Wed, Mar 11, 1970</a></th><td class=""left"" csk=""PTP.197003110INA"" data-stat=""visitor_team_name""><a href=""/teams/PTP/1970.html"">Pittsburgh Pipers</a></td><td class=""right"" data-stat=""visitor_pts"">120</td><td class=""left"" csk=""INA.197003110INA"" data-stat=""home_team_name""><a href=""/teams/INA/1970.html"">Indiana Pacers</a></td><td class=""right"" data-stat=""home_pts"">122</td><td class=""center"" data-stat=""box_score_text""><a href=""/boxscores/197003110INA.html"">Box Score</a></td><td class=""center"" data-stat=""overtimes"">OT</td><td class=""right"" data-stat=""attendance"">9,225</td><td class=""left iz"" data-stat=""game_remarks""></td></tr>"
57,"<tr><th class=""left"" csk=""197003110NYA"" data-stat=""date_game"" scope=""row""><a href=""/boxscores/index.fcgi?month=3&amp;day=11&amp;year=1970"">Wed, Mar 11, 1970</a></th><td class=""left"" csk=""LAS.197003110NYA"" data-stat=""visitor_team_name""><a href=""/teams/LAS/1970.html"">Los Angeles Stars</a></td><td class=""right"" data-stat=""visitor_pts"">98</td><td class=""left"" csk=""NYA.197003110NYA"" data-stat=""home_team_name""><a href=""/teams/NYA/1970.html"">New York Nets</a></td><td class=""right"" data-stat=""home_pts"">92</td><td class=""center"" data-stat=""box_score_text""><a href=""/boxscores/197003110NYA.html"">Box Score</a></td><td class=""center iz"" data-stat=""overtimes""></td><td class=""right"" data-stat=""attendance"">3,027</td><td class=""left iz"" data-stat=""game_remarks""></td></tr>"
59,"<tr><th class=""left"" csk=""197003120NOB"" data-stat=""date_game"" scope=""row""><a href=""/boxscores/index.fcgi?month=3&amp;day=12&amp;year=1970"">Thu, Mar 12, 1970</a></th><td class=""left"" csk=""DNR.197003120NOB"" data-stat=""visitor_team_name""><a href=""/teams/DNR/1970.html"">Denver Rockets</a></td><td class=""right"" data-stat=""visitor_pts"">105</td><td class=""left"" csk=""NOB.197003120NOB"" data-stat=""home_team_name""><a href=""/teams/NOB/1970.html"">New Orleans Buccaneers</a></td><td class=""right"" data-stat=""home_pts"">113</td><td class=""center"" data-stat=""box_score_text""><a href=""/boxscores/197003120NOB.html"">Box Score</a></td><td class=""center iz"" data-stat=""overtimes""></td><td class=""right"" data-stat=""attendance"">3,215</td><td class=""left iz"" data-stat=""game_remarks""></td></tr>"
61,"<tr><th class=""left"" csk=""197003120KEN"" data-stat=""date_game"" scope=""row""><a href=""/boxscores/index.fcgi?month=3&amp;day=12&amp;year=1970"">Thu, Mar 12, 1970</a></th><td class=""left"" csk=""LAS.197003120KEN"" data-stat=""visitor_team_name""><a href=""/teams/LAS/1970.html"">Los Angeles Stars</a></td><td class=""right"" data-stat=""visitor_pts"">115</td><td class=""left"" csk=""KEN.197003120KEN"" data-stat=""home_team_name""><a href=""/teams/KEN/1970.html"">Kentucky Colonels</a></td><td class=""right"" data-stat=""home_pts"">117</td><td class=""center"" data-stat=""box_score_text""><a href=""/boxscores/197003120KEN.html"">Box Score</a></td><td class=""center iz"" data-stat=""overtimes""></td><td class=""right"" data-stat=""attendance"">1,132</td><td class=""left iz"" data-stat=""game_remarks""></td></tr>"
63,"<tr><th class=""left"" csk=""197003130CAR"" data-stat=""date_game"" scope=""row""><a href=""/boxscores/index.fcgi?month=3&amp;day=13&amp;year=1970"">Fri, Mar 13, 1970</a></th><td class=""left"" csk=""DNR.197003130CAR"" data-stat=""visitor_team_name""><a href=""/teams/DNR/1970.html"">Denver Rockets</a></td><td class=""right"" data-stat=""visitor_pts"">103</td><td class=""left"" csk=""CAR.197003130CAR"" data-stat=""home_team_name""><a href=""/teams/CAR/1970.html"">Carolina Cougars</a></td><td class=""right"" data-stat=""home_pts"">98</td><td class=""center"" data-stat=""box_score_text""><a href=""/boxscores/197003130CAR.html"">Box Score</a></td><td class=""center iz"" data-stat=""overtimes""></td><td class=""right"" data-stat=""attendance"">7,159</td><td class=""left"" data-stat=""game_remarks"">at Greensboro, NC</td></tr>"
65,"<tr><th class=""left"" csk=""197003130DLC"" data-stat=""date_game"" scope=""row""><a href=""/boxscores/index.fcgi?month=3&amp;day=13&amp;year=1970"">Fri, Mar 13, 1970</a></th><td class=""left"" csk=""WSA.197003130DLC"" data-stat=""visitor_team_name""><a href=""/teams/WSA/1970.html"">Washington Capitols</a></td><td class=""right"" data-stat=""visitor_pts"">162</td><td class=""left"" csk=""DLC.197003130DLC"" data-stat=""home_team_name""><a href=""/teams/DLC/1970.html"">Dallas Chaparrals</a></td><td class=""right"" data-stat=""home_pts"">158</td><td class=""center"" data-stat=""box_score_text""><a href=""/boxscores/197003130DLC.html"">Box Score</a></td><td class=""center"" data-stat=""overtimes"">2OT</td><td class=""right"" data-stat=""attendance"">6,938</td><td class=""left iz"" data-stat=""game_remarks""></td></tr>"
67,"<tr><th class=""left"" csk=""197003130INA"" data-stat=""date_game"" scope=""row""><a href=""/boxscores/index.fcgi?month=3&amp;day=13&amp;year=1970"">Fri, Mar 13, 1970</a></th><td class=""left"" csk=""KEN.197003130INA"" data-stat=""visitor_team_name""><a href=""/teams/KEN/1970.html"">Kentucky Colonels</a></td><td class=""right"" data-stat=""visitor_pts"">106</td><td class=""left"" csk=""INA.197003130INA"" data-stat=""home_team_name""><a href=""/teams/INA/1970.html"">Indiana Pacers</a></td><td class=""right"" data-stat=""home_pts"">125</td><td class=""center"" data-stat=""box_score_text""><a href=""/boxscores/197003130INA.html"">Box Score</a></td><td class=""center iz"" data-stat=""overtimes""></td><td class=""right"" data-stat=""attendance"">10,087</td><td class=""left iz"" data-stat=""game_remarks""></td></tr>"
69,"<tr><th class=""left"" csk=""197003130NYA"" data-stat=""date_game"" scope=""row""><a href=""/boxscores/index.fcgi?month=3&amp;day=13&amp;year=1970"">Fri, Mar 13, 1970</a></th><td class=""left"" csk=""MMF.197003130NYA"" data-stat=""visitor_team_name""><a href=""/teams/MMF/1970.html"">Miami Floridians</a></td><td class=""right"" data-stat=""visitor_pts"">102</td><td class=""left"" csk=""NYA.197003130NYA"" data-stat=""home_team_name""><a href=""/teams/NYA/1970.html"">New York Nets</a></td><td class=""right"" data-stat=""home_pts"">112</td><td class=""center"" data-stat=""box_score_text""><a href=""/boxscores/197003130NYA.html"">Box Score</a></td><td class=""center iz"" data-stat=""overtimes""></td><td class=""right"" data-stat=""attendance"">4,283</td><td class=""left iz"" data-stat=""game_remarks""></td></tr>"
71,"<tr><th class=""left"" csk=""197003140DLC"" data-stat=""date_game"" scope=""row""><a href=""/boxscores/index.fcgi?month=3&amp;day=14&amp;year=1970"">Sat, Mar 14, 1970</a></th><td class=""left"" csk=""LAS.197003140DLC"" data-stat=""visitor_team_name""><a href=""/teams/LAS/1970.html"">Los Angeles Stars</a></td><td class=""right"" data-stat=""visitor_pts"">130</td><td class=""left"" csk=""DLC.197003140DLC"" data-stat=""home_team_name""><a href=""/teams/DLC/1970.html"">Dallas Chaparrals</a></td><td class=""right"" data-stat=""home_pts"">125</td><td class=""center"" data-stat=""box_score_text""><a href=""/boxscores/197003140DLC.html"">Box Score</a></td><td class=""center iz"" data-stat=""overtimes""></td><td class=""right"" data-stat=""attendance"">3,223</td><td class=""left iz"" data-stat=""game_remarks""></td></tr>"
73,"<tr><th class=""left"" csk=""197003140MMF"" data-stat=""date_game"" scope=""row""><a href=""/boxscores/index.fcgi?month=3&amp;day=14&amp;year=1970"">Sat, Mar 14, 1970</a></th><td class=""left"" csk=""CAR.197003140MMF"" data-stat=""visitor_team_name""><a href=""/teams/CAR/1970.html"">Carolina Cougars</a></td><td class=""right"" data-stat=""visitor_pts"">104</td><td class=""left"" csk=""MMF.197003140MMF"" data-stat=""home_team_name""><a href=""/teams/MMF/1970.html"">Miami Floridians</a></td><td class=""right"" data-stat=""home_pts"">85</td><td class=""center"" data-stat=""box_score_text""><a href=""/boxscores/197003140MMF.html"">Box Score</a></td><td class=""center iz"" data-stat=""overtimes""></td><td class=""right"" data-stat=""attendance"">1,846</td><td class=""left iz"" data-stat=""game_remarks""></td></tr>"
75,"<tr><th class=""left"" csk=""197003150NOB"" data-stat=""date_game"" scope=""row""><a href=""/boxscores/index.fcgi?month=3&amp;day=15&amp;year=1970"">Sun, Mar 15, 1970</a></th><td class=""left"" csk=""WSA.197003150NOB"" data-stat=""visitor_team_name""><a href=""/teams/WSA/1970.html"">Washington Capitols</a></td><td class=""right"" data-stat=""visitor_pts"">124</td><td class=""left"" csk=""NOB.197003150NOB"" data-stat=""home_team_name""><a href=""/teams/NOB/1970.html"">New Orleans Buccaneers</a></td><td class=""right"" data-stat=""home_pts"">122</td><td class=""center"" data-stat=""box_score_text""><a href=""/boxscores/197003150NOB.html"">Box Score</a></td><td class=""center iz"" data-stat=""overtimes""></td><td class=""right"" data-stat=""attendance"">3,250</td><td class=""left iz"" data-stat=""game_remarks""></td></tr>"
77,"<tr><th class=""left"" csk=""197003150MMF"" data-stat=""date_game"" scope=""row""><a href=""/boxscores/index.fcgi?month=3&amp;day=15&amp;year=1970"">Sun, Mar 15, 1970</a></th><td class=""left"" csk=""DNR.197003150MMF"" data-stat=""visitor_team_name""><a href=""/teams/DNR/1970.html"">Denver Rockets</a></td><td class=""right"" data-stat=""visitor_pts"">126</td><td class=""left"" csk=""MMF.197003150MMF"" data-stat=""home_team_name""><a href=""/teams/MMF/1970.html"">Miami Floridians</a></td><td class=""right"" data-stat=""home_pts"">111</td><td class=""center"" data-stat=""box_score_text""><a href=""/boxscores/197003150MMF.html"">Box Score</a></td><td class=""center iz"" data-stat=""overtimes""></td><td class=""right"" data-stat=""attendance"">5,116</td><td class=""left"" data-stat=""game_remarks"">at Jacksonville, FL</td></tr>"
79,"<tr><th class=""left"" csk=""197003150LAS"" data-stat=""date_game"" scope=""row""><a href=""/boxscores/index.fcgi?month=3&amp;day=15&amp;year=1970"">Sun, Mar 15, 1970</a></th><td class=""left"" csk=""PTP.197003150LAS"" data-stat=""visitor_team_name""><a href=""/teams/PTP/1970.html"">Pittsburgh Pipers</a></td><td class=""right"" data-stat=""visitor_pts"">110</td><td class=""left"" csk=""LAS.197003150LAS"" data-stat=""home_team_name""><a href=""/teams/LAS/1970.html"">Los Angeles Stars</a></td><td class=""right"" data-stat=""home_pts"">117</td><td class=""center"" data-stat=""box_score_text""><a href=""/boxscores/197003150LAS.html"">Box Score</a></td><td class=""center iz"" data-stat=""overtimes""></td><td class=""right"" data-stat=""attendance"">1,695</td><td class=""left iz"" data-stat=""game_remarks""></td></tr>"
81,"<tr><th class=""left"" csk=""197003150KEN"" data-stat=""date_game"" scope=""row""><a href=""/boxscores/index.fcgi?month=3&amp;day=15&amp;year=1970"">Sun, Mar 15, 1970</a></th><td class=""left"" csk=""DLC.197003150KEN"" data-stat=""visitor_team_name""><a href=""/teams/DLC/1970.html"">Dallas Chaparrals</a></td><td class=""right"" data-stat=""visitor_pts"">125</td><td class=""left"" csk=""KEN.197003150KEN"" data-stat=""home_team_name""><a href=""/teams/KEN/1970.html"">Kentucky Colonels</a></td><td class=""right"" data-stat=""home_pts"">146</td><td class=""center"" data-stat=""box_score_text""><a href=""/boxscores/197003150KEN.html"">Box Score</a></td><td class=""center iz"" data-stat=""overtimes""></td><td class=""right"" data-stat=""attendance"">2,022</td><td class=""left iz"" data-stat=""game_remarks""></td></tr>"
83,"<tr><th class=""left"" csk=""197003150INA"" data-stat=""date_game"" scope=""row""><a href=""/boxscores/index.fcgi?month=3&amp;day=15&amp;year=1970"">Sun, Mar 15, 1970</a></th><td class=""left"" csk=""CAR.197003150INA"" data-stat=""visitor_team_name""><a href=""/teams/CAR/1970.html"">Carolina Cougars</a></td><td class=""right"" data-stat=""visitor_pts"">110</td><td class=""left"" csk=""INA.197003150INA"" data-stat=""home_team_name""><a href=""/teams/INA/1970.html"">Indiana Pacers</a></td><td class=""right"" data-stat=""home_pts"">114</td><td class=""center"" data-stat=""box_score_text""><a href=""/boxscores/197003150INA.html"">Box Score</a></td><td class=""center iz"" data-stat=""overtimes""></td><td class=""right"" data-stat=""attendance"">8,493</td><td class=""left"" data-stat=""game_remarks"">at Anderson, IN</td></tr>"
85,"<tr><th class=""left"" csk=""197003160NOB"" data-stat=""date_game"" scope=""row""><a href=""/boxscores/index.fcgi?month=3&amp;day=16&amp;year=1970"">Mon, Mar 16, 1970</a></th><td class=""left"" csk=""DLC.197003160NOB"" data-stat=""visitor_team_name""><a href=""/teams/DLC/1970.html"">Dallas Chaparrals</a></td><td class=""right"" data-stat=""visitor_pts"">95</td><td class=""left"" csk=""NOB.197003160NOB"" data-stat=""home_team_name""><a href=""/teams/NOB/1970.html"">New Orleans Buccaneers</a></td><td class=""right"" data-stat=""home_pts"">111</td><td class=""center"" data-stat=""box_score_text""><a href=""/boxscores/197003160NOB.html"">Box Score</a></td><td class=""center iz"" data-stat=""overtimes""></td><td class=""right"" data-stat=""attendance"">2,212</td><td class=""left iz"" data-stat=""game_remarks""></td></tr>"
87,"<tr><th class=""left"" csk=""197003170NOB"" data-stat=""date_game"" scope=""row""><a href=""/boxscores/index.fcgi?month=3&amp;day=17&amp;year=1970"">Tue, Mar 17, 1970</a></th><td class=""left"" csk=""WSA.197003170NOB"" data-stat=""visitor_team_name""><a href=""/teams/WSA/1970.html"">Washington Capitols</a></td><td class=""right"" data-stat=""visitor_pts"">104</td><td class=""left"" csk=""NOB.197003170NOB"" data-stat=""home_team_name""><a href=""/teams/NOB/1970.html"">New Orleans Buccaneers</a></td><td class=""right"" data-stat=""home_pts"">110</td><td class=""center"" data-stat=""box_score_text""><a href=""/boxscores/197003170NOB.html"">Box Score</a></td><td class=""center iz"" data-stat=""overtimes""></td><td class=""right"" data-stat=""attendance"">2,500</td><td class=""left"" data-stat=""game_remarks"">at Fresno, CA</td></tr>"
89,"<tr><th class=""left"" csk=""197003170LAS"" data-stat=""date_game"" scope=""row""><a href=""/boxscores/index.fcgi?month=3&amp;day=17&amp;year=1970"">Tue, Mar 17, 1970</a></th><td class=""left"" csk=""PTP.197003170LAS"" data-stat=""visitor_team_name""><a href=""/teams/PTP/1970.html"">Pittsburgh Pipers</a></td><td class=""right"" data-stat=""visitor_pts"">114</td><td class=""left"" csk=""LAS.197003170LAS"" data-stat=""home_team_name""><a href=""/teams/LAS/1970.html"">Los Angeles Stars</a></td><td class=""right"" data-stat=""home_pts"">126</td><td class=""center"" data-stat=""box_score_text""><a href=""/boxscores/197003170LAS.html"">Box Score</a></td><td class=""center iz"" data-stat=""overtimes""></td><td class=""right"" data-stat=""attendance"">2,500</td><td class=""left"" data-stat=""game_remarks"">at Fresno, CA</td></tr>"
91,"<tr><th class=""left"" csk=""197003170KEN"" data-stat=""date_game"" scope=""row""><a href=""/boxscores/index.fcgi?month=3&amp;day=17&amp;year=1970"">Tue, Mar 17, 1970</a></th><td class=""left"" csk=""DNR.197003170KEN"" data-stat=""visitor_team_name""><a href=""/teams/DNR/1970.html"">Denver Rockets</a></td><td class=""right"" data-stat=""visitor_pts"">110</td><td class=""left"" csk=""KEN.197003170KEN"" data-stat=""home_team_name""><a href=""/teams/KEN/1970.html"">Kentucky Colonels</a></td><td class=""right"" data-stat=""home_pts"">119</td><td class=""center"" data-stat=""box_score_text""><a href=""/boxscores/197003170KEN.html"">Box Score</a></td><td class=""center iz"" data-stat=""overtimes""></td><td class=""right"" data-stat=""attendance"">3,327</td><td class=""left iz"" data-stat=""game_remarks""></td></tr>"
93,"<tr><th class=""left"" csk=""197003180INA"" data-stat=""date_game"" scope=""row""><a href=""/boxscores/index.fcgi?month=3&amp;day=18&amp;year=1970"">Wed, Mar 18, 1970</a></th><td class=""left"" csk=""DNR.197003180INA"" data-stat=""visitor_team_name""><a href=""/teams/DNR/1970.html"">Denver Rockets</a></td><td class=""right"" data-stat=""visitor_pts"">128</td><td class=""left"" csk=""INA.197003180INA"" data-stat=""home_team_name""><a href=""/teams/INA/1970.html"">Indiana Pacers</a></td><td class=""right"" data-stat=""home_pts"">112</td><td class=""center"" data-stat=""box_score_text""><a href=""/boxscores/197003180INA.html"">Box Score</a></td><td class=""center iz"" data-stat=""overtimes""></td><td class=""right"" data-stat=""attendance"">8,332</td><td class=""left iz"" data-stat=""game_remarks""></td></tr>"
95,"<tr><th class=""left"" csk=""197003180LAS"" data-stat=""date_game"" scope=""row""><a href=""/boxscores/index.fcgi?month=3&amp;day=18&amp;year=1970"">Wed, Mar 18, 1970</a></th><td class=""left"" csk=""NOB.197003180LAS"" data-stat=""visitor_team_name""><a href=""/teams/NOB/1970.html"">New Orleans Buccaneers</a></td><td class=""right"" data-stat=""visitor_pts"">115</td><td class=""left"" csk=""LAS.197003180LAS"" data-stat=""home_team_name""><a href=""/teams/LAS/1970.html"">Los Angeles Stars</a></td><td class=""right"" data-stat=""home_pts"">124</td><td class=""center"" data-stat=""box_score_text""><a href=""/boxscores/197003180LAS.html"">Box Score</a></td><td class=""center"" data-stat=""overtimes"">2OT</td><td class=""right"" data-stat=""attendance"">1,343</td><td class=""left iz"" data-stat=""game_remarks""></td></tr>"
97,"<tr><th class=""left"" csk=""197003180PTP"" data-stat=""date_game"" scope=""row""><a href=""/boxscores/index.fcgi?month=3&amp;day=18&amp;year=1970"">Wed, Mar 18, 1970</a></th><td class=""left"" csk=""WSA.197003180PTP"" data-stat=""visitor_team_name""><a href=""/teams/WSA/1970.html"">Washington Capitols</a></td><td class=""right"" data-stat=""visitor_pts"">135</td><td class=""left"" csk=""PTP.197003180PTP"" data-stat=""home_team_name""><a href=""/teams/PTP/1970.html"">Pittsburgh Pipers</a></td><td class=""right"" data-stat=""home_pts"">129</td><td class=""center"" data-stat=""box_score_text""><a href=""/boxscores/197003180PTP.html"">Box Score</a></td><td class=""center iz"" data-stat=""overtimes""></td><td class=""right iz"" data-stat=""attendance""></td><td class=""left"" data-stat=""game_remarks"">at Los Angeles, CA</td></tr>"
99,"<tr><th class=""left"" csk=""197003190PTP"" data-stat=""date_game"" scope=""row""><a href=""/boxscores/index.fcgi?month=3&amp;day=19&amp;year=1970"">Thu, Mar 19, 1970</a></th><td class=""left"" csk=""DNR.197003190PTP"" data-stat=""visitor_team_name""><a href=""/teams/DNR/1970.html"">Denver Rockets</a></td><td class=""right"" data-stat=""visitor_pts"">92</td><td class=""left"" csk=""PTP.197003190PTP"" data-stat=""home_team_name""><a href=""/teams/PTP/1970.html"">Pittsburgh Pipers</a></td><td class=""right"" data-stat=""home_pts"">94</td><td class=""center"" data-stat=""box_score_text""><a href=""/boxscores/197003190PTP.html"">Box Score</a></td><td class=""center iz"" data-stat=""overtimes""></td><td class=""right iz"" data-stat=""attendance""></td><td class=""left iz"" data-stat=""game_remarks""></td></tr>"
101,"<tr><th class=""left"" csk=""197003190MMF"" data-stat=""date_game"" scope=""row""><a href=""/boxscores/index.fcgi?month=3&amp;day=19&amp;year=1970"">Thu, Mar 19, 1970</a></th><td class=""left"" csk=""KEN.197003190MMF"" data-stat=""visitor_team_name""><a href=""/teams/KEN/1970.html"">Kentucky Colonels</a></td><td class=""right"" data-stat=""visitor_pts"">126</td><td class=""left"" csk=""MMF.197003190MMF"" data-stat=""home_team_name""><a href=""/teams/MMF/1970.html"">Miami Floridians</a></td><td class=""right"" data-stat=""home_pts"">117</td><td class=""center"" data-stat=""box_score_text""><a href=""/boxscores/197003190MMF.html"">Box Score</a></td><td class=""center iz"" data-stat=""overtimes""></td><td class=""right"" data-stat=""attendance"">1,423</td><td class=""left iz"" data-stat=""game_remarks""></td></tr>"
103,"<tr><th class=""left"" csk=""197003200CAR"" data-stat=""date_game"" scope=""row""><a href=""/boxscores/index.fcgi?month=3&amp;day=20&amp;year=1970"">Fri, Mar 20, 1970</a></th><td class=""left"" csk=""KEN.197003200CAR"" data-stat=""visitor_team_name""><a href=""/teams/KEN/1970.html"">Kentucky Colonels</a></td><td class=""right"" data-stat=""visitor_pts"">106</td><td class=""left"" csk=""CAR.197003200CAR"" data-stat=""home_team_name""><a href=""/teams/CAR/1970.html"">Carolina Cougars</a></td><td class=""right"" data-stat=""home_pts"">113</td><td class=""center"" data-stat=""box_score_text""><a href=""/boxscores/197003200CAR.html"">Box Score</a></td><td class=""center iz"" data-stat=""overtimes""></td><td class=""right"" data-stat=""attendance"">7,076</td><td class=""left"" data-stat=""game_remarks"">at Greensboro, NC</td></tr>"
105,"<tr><th class=""left"" csk=""197003200DLC"" data-stat=""date_game"" scope=""row""><a href=""/boxscores/index.fcgi?month=3&amp;day=20&amp;year=1970"">Fri, Mar 20, 1970</a></th><td class=""left"" csk=""WSA.197003200DLC"" data-stat=""visitor_team_name""><a href=""/teams/WSA/1970.html"">Washington Capitols</a></td><td class=""right"" data-stat=""visitor_pts"">157</td><td class=""left"" csk=""DLC.197003200DLC"" data-stat=""home_team_name""><a href=""/teams/DLC/1970.html"">Dallas Chaparrals</a></td><td class=""right"" data-stat=""home_pts"">155</td><td class=""center"" data-stat=""box_score_text""><a href=""/boxscores/197003200DLC.html"">Box Score</a></td><td class=""center iz"" data-stat=""overtimes""></td><td class=""right"" data-stat=""attendance"">4,206</td><td class=""left iz"" data-stat=""game_remarks""></td></tr>"
107,"<tr><th class=""left"" csk=""197003200INA"" data-stat=""date_game"" scope=""row""><a href=""/boxscores/index.fcgi?month=3&amp;day=20&amp;year=1970"">Fri, Mar 20, 1970</a></th><td class=""left"" csk=""PTP.197003200INA"" data-stat=""visitor_team_name""><a href=""/teams/PTP/1970.html"">Pittsburgh Pipers</a></td><td class=""right"" data-stat=""visitor_pts"">114</td><td class=""left"" csk=""INA.197003200INA"" data-stat=""home_team_name""><a href=""/teams/INA/1970.html"">Indiana Pacers</a></td><td class=""right"" data-stat=""home_pts"">119</td><td class=""center"" data-stat=""box_score_text""><a href=""/boxscores/197003200INA.html"">Box Score</a></td><td class=""center iz"" data-stat=""overtimes""></td><td class=""right"" data-stat=""attendance"">8,066</td><td class=""left iz"" data-stat=""game_remarks""></td></tr>"
109,"<tr><th class=""left"" csk=""197003200LAS"" data-stat=""date_game"" scope=""row""><a href=""/boxscores/index.fcgi?month=3&amp;day=20&amp;year=1970"">Fri, Mar 20, 1970</a></th><td class=""left"" csk=""NOB.197003200LAS"" data-stat=""visitor_team_name""><a href=""/teams/NOB/1970.html"">New Orleans Buccaneers</a></td><td class=""right"" data-stat=""visitor_pts"">88</td><td class=""left"" csk=""LAS.197003200LAS"" data-stat=""home_team_name""><a href=""/teams/LAS/1970.html"">Los Angeles Stars</a></td><td class=""right"" data-stat=""home_pts"">91</td><td class=""center"" data-stat=""box_score_text""><a href=""/boxscores/197003200LAS.html"">Box Score</a></td><td class=""center iz"" data-stat=""overtimes""></td><td class=""right"" data-stat=""attendance"">3,454</td><td class=""left iz"" data-stat=""game_remarks""></td></tr>"
111,"<tr><th class=""left"" csk=""197003210DLC"" data-stat=""date_game"" scope=""row""><a href=""/boxscores/index.fcgi?month=3&amp;day=21&amp;year=1970"">Sat, Mar 21, 1970</a></th><td class=""left"" csk=""NOB.197003210DLC"" data-stat=""visitor_team_name""><a href=""/teams/NOB/1970.html"">New Orleans Buccaneers</a></td><td class=""right"" data-stat=""visitor_pts"">120</td><td class=""left"" csk=""DLC.197003210DLC"" data-stat=""home_team_name""><a href=""/teams/DLC/1970.html"">Dallas Chaparrals</a></td><td class=""right"" data-stat=""home_pts"">126</td><td class=""center"" data-stat=""box_score_text""><a href=""/boxscores/197003210DLC.html"">Box Score</a></td><td class=""center iz"" data-stat=""overtimes""></td><td class=""right"" data-stat=""attendance"">2,073</td><td class=""left"" data-stat=""game_remarks"">at Fort Worth, TX</td></tr>"
113,"<tr><th class=""left"" csk=""197003210DNR"" data-stat=""date_game"" scope=""row""><a href=""/boxscores/index.fcgi?month=3&amp;day=21&amp;year=1970"">Sat, Mar 21, 1970</a></th><td class=""left"" csk=""CAR.197003210DNR"" data-stat=""visitor_team_name""><a href=""/teams/CAR/1970.html"">Carolina Cougars</a></td><td class=""right"" data-stat=""visitor_pts"">105</td><td class=""left"" csk=""DNR.197003210DNR"" data-stat=""home_team_name""><a href=""/teams/DNR/1970.html"">Denver Rockets</a></td><td class=""right"" data-stat=""home_pts"">128</td><td class=""center"" data-stat=""box_score_text""><a href=""/boxscores/197003210DNR.html"">Box Score</a></td><td class=""center iz"" data-stat=""overtimes""></td><td class=""right"" data-stat=""attendance"">7,162</td><td class=""left iz"" data-stat=""game_remarks""></td></tr>"
115,"<tr><th class=""left"" csk=""197003220MMF"" data-stat=""date_game"" scope=""row""><a href=""/boxscores/index.fcgi?month=3&amp;day=22&amp;year=1970"">Sun, Mar 22, 1970</a></th><td class=""left"" csk=""DLC.197003220MMF"" data-stat=""visitor_team_name""><a href=""/teams/DLC/1970.html"">Dallas Chaparrals</a></td><td class=""right"" data-stat=""visitor_pts"">155</td><td class=""left"" csk=""MMF.197003220MMF"" data-stat=""home_team_name""><a href=""/teams/MMF/1970.html"">Miami Floridians</a></td><td class=""right"" data-stat=""home_pts"">160</td><td class=""center"" data-stat=""box_score_text""><a href=""/boxscores/197003220MMF.html"">Box Score</a></td><td class=""center iz"" data-stat=""overtimes""></td><td class=""right"" data-stat=""attendance"">2,836</td><td class=""left iz"" data-stat=""game_remarks""></td></tr>"
117,"<tr><th class=""left"" csk=""197003220LAS"" data-stat=""date_game"" scope=""row""><a href=""/boxscores/index.fcgi?month=3&amp;day=22&amp;year=1970"">Sun, Mar 22, 1970</a></th><td class=""left"" csk=""CAR.197003220LAS"" data-stat=""visitor_team_name""><a href=""/teams/CAR/1970.html"">Carolina Cougars</a></td><td class=""right"" data-stat=""visitor_pts"">92</td><td class=""left"" csk=""LAS.197003220LAS"" data-stat=""home_team_name""><a href=""/teams/LAS/1970.html"">Los Angeles Stars</a></td><td class=""right"" data-stat=""home_pts"">106</td><td class=""center"" data-stat=""box_score_text""><a href=""/boxscores/197003220LAS.html"">Box Score</a></td><td class=""center iz"" data-stat=""overtimes""></td><td class=""right"" data-stat=""attendance"">1,580</td><td class=""left iz"" data-stat=""game_remarks""></td></tr>"
119,"<tr><th class=""left"" csk=""197003220KEN"" data-stat=""date_game"" scope=""row""><a href=""/boxscores/index.fcgi?month=3&amp;day=22&amp;year=1970"">Sun, Mar 22, 1970</a></th><td class=""left"" csk=""NOB.197003220KEN"" data-stat=""visitor_team_name""><a href=""/teams/NOB/1970.html"">New Orleans Buccaneers</a></td><td class=""right"" data-stat=""visitor_pts"">127</td><td class=""left"" csk=""KEN.197003220KEN"" data-stat=""home_team_name""><a href=""/teams/KEN/1970.html"">Kentucky Colonels</a></td><td class=""right"" data-stat=""home_pts"">130</td><td class=""center"" data-stat=""box_score_text""><a href=""/boxscores/197003220KEN.html"">Box Score</a></td><td class=""center"" data-stat=""overtimes"">2OT</td><td class=""right"" data-stat=""attendance"">3,278</td><td class=""left iz"" data-stat=""game_remarks""></td></tr>"
121,"<tr><th class=""left"" csk=""197003220INA"" data-stat=""date_game"" scope=""row""><a href=""/boxscores/index.fcgi?month=3&amp;day=22&amp;year=1970"">Sun, Mar 22, 1970</a></th><td class=""left"" csk=""NYA.197003220INA"" data-stat=""visitor_team_name""><a href=""/teams/NYA/1970.html"">New York Nets</a></td><td class=""right"" data-stat=""visitor_pts"">97</td><td class=""left"" csk=""INA.197003220INA"" data-stat=""home_team_name""><a href=""/teams/INA/1970.html"">Indiana Pacers</a></td><td class=""right"" data-stat=""home_pts"">114</td><td class=""center"" data-stat=""box_score_text""><a href=""/boxscores/197003220INA.html"">Box Score</a></td><td class=""center iz"" data-stat=""overtimes""></td><td class=""right"" data-stat=""attendance"">7,123</td><td class=""left iz"" data-stat=""game_remarks""></td></tr>"
123,"<tr><th class=""left"" csk=""197003230NOB"" data-stat=""date_game"" scope=""row""><a href=""/boxscores/index.fcgi?month=3&amp;day=23&amp;year=1970"">Mon, Mar 23, 1970</a></th><td class=""left"" csk=""DLC.197003230NOB"" data-stat=""visitor_team_name""><a href=""/teams/DLC/1970.html"">Dallas Chaparrals</a></td><td class=""right"" data-stat=""visitor_pts"">116</td><td class=""left"" csk=""NOB.197003230NOB"" data-stat=""home_team_name""><a href=""/teams/NOB/1970.html"">New Orleans Buccaneers</a></td><td class=""right"" data-stat=""home_pts"">122</td><td class=""center"" data-stat=""box_score_text""><a href=""/boxscores/197003230NOB.html"">Box Score</a></td><td class=""center iz"" data-stat=""overtimes""></td><td class=""right"" data-stat=""attendance"">2,012</td><td class=""left iz"" data-stat=""game_remarks""></td></tr>"
125,"<tr><th class=""left"" csk=""197003240CAR"" data-stat=""date_game"" scope=""row""><a href=""/boxscores/index.fcgi?month=3&amp;day=24&amp;year=1970"">Tue, Mar 24, 1970</a></th><td class=""left"" csk=""MMF.197003240CAR"" data-stat=""visitor_team_name""><a href=""/teams/MMF/1970.html"">Miami Floridians</a></td><td class=""right"" data-stat=""visitor_pts"">112</td><td class=""left"" csk=""CAR.197003240CAR"" data-stat=""home_team_name""><a href=""/teams/CAR/1970.html"">Carolina Cougars</a></td><td class=""right"" data-stat=""home_pts"">127</td><td class=""center"" data-stat=""box_score_text""><a href=""/boxscores/197003240CAR.html"">Box Score</a></td><td class=""center iz"" data-stat=""overtimes""></td><td class=""right"" data-stat=""attendance"">3,445</td><td class=""left"" data-stat=""game_remarks"">at Charlotte, NC</td></tr>"
127,"<tr><th class=""left"" csk=""197003240PTP"" data-stat=""date_game"" scope=""row""><a href=""/boxscores/index.fcgi?month=3&amp;day=24&amp;year=1970"">Tue, Mar 24, 1970</a></th><td class=""left"" csk=""DLC.197003240PTP"" data-stat=""visitor_team_name""><a href=""/teams/DLC/1970.html"">Dallas Chaparrals</a></td><td class=""right"" data-stat=""visitor_pts"">133</td><td class=""left"" csk=""PTP.197003240PTP"" data-stat=""home_team_name""><a href=""/teams/PTP/1970.html"">Pittsburgh Pipers</a></td><td class=""right"" data-stat=""home_pts"">105</td><td class=""center"" data-stat=""box_score_text""><a href=""/boxscores/197003240PTP.html"">Box Score</a></td><td class=""center iz"" data-stat=""overtimes""></td><td class=""right iz"" data-stat=""attendance""></td><td class=""left iz"" data-stat=""game_remarks""></td></tr>"
129,"<tr><th class=""left"" csk=""197003250LAS"" data-stat=""date_game"" scope=""row""><a href=""/boxscores/index.fcgi?month=3&amp;day=25&amp;year=1970"">Wed, Mar 25, 1970</a></th><td class=""left"" csk=""WSA.197003250LAS"" data-stat=""visitor_team_name""><a href=""/teams/WSA/1970.html"">Washington Capitols</a></td><td class=""right"" data-stat=""visitor_pts"">135</td><td class=""left"" csk=""LAS.197003250LAS"" data-stat=""home_team_name""><a href=""/teams/LAS/1970.html"">Los Angeles Stars</a></td><td class=""right"" data-stat=""home_pts"">130</td><td class=""center"" data-stat=""box_score_text""><a href=""/boxscores/197003250LAS.html"">Box Score</a></td><td class=""center iz"" data-stat=""overtimes""></td><td class=""right"" data-stat=""attendance"">1,595</td><td class=""left iz"" data-stat=""game_remarks""></td></tr>"
131,"<tr><th class=""left"" csk=""197003250KEN"" data-stat=""date_game"" scope=""row""><a href=""/boxscores/index.fcgi?month=3&amp;day=25&amp;year=1970"">Wed, Mar 25, 1970</a></th><td class=""left"" csk=""PTP.197003250KEN"" data-stat=""visitor_team_name""><a href=""/teams/PTP/1970.html"">Pittsburgh Pipers</a></td><td class=""right"" data-stat=""visitor_pts"">119</td><td class=""left"" csk=""KEN.197003250KEN"" data-stat=""home_team_name""><a href=""/teams/KEN/1970.html"">Kentucky Colonels</a></td><td class=""right"" data-stat=""home_pts"">129</td><td class=""center"" data-stat=""box_score_text""><a href=""/boxscores/197003250KEN.html"">Box Score</a></td><td class=""center iz"" data-stat=""overtimes""></td><td class=""right"" data-stat=""attendance"">3,084</td><td class=""left iz"" data-stat=""game_remarks""></td></tr>"
133,"<tr><th class=""left"" csk=""197003250INA"" data-stat=""date_game"" scope=""row""><a href=""/boxscores/index.fcgi?month=3&amp;day=25&amp;year=1970"">Wed, Mar 25, 1970</a></th><td class=""left"" csk=""CAR.197003250INA"" data-stat=""visitor_team_name""><a href=""/teams/CAR/1970.html"">Carolina Cougars</a></td><td class=""right"" data-stat=""visitor_pts"">121</td><td class=""left"" csk=""INA.197003250INA"" data-stat=""home_team_name""><a href=""/teams/INA/1970.html"">Indiana Pacers</a></td><td class=""right"" data-stat=""home_pts"">107</td><td class=""center"" data-stat=""box_score_text""><a href=""/boxscores/197003250INA.html"">Box Score</a></td><td class=""center iz"" data-stat=""overtimes""></td><td class=""right"" data-stat=""attendance"">7,216</td><td class=""left iz"" data-stat=""game_remarks""></td></tr>"
135,"<tr><th class=""left"" csk=""197003270PTP"" data-stat=""date_game"" scope=""row""><a href=""/boxscores/index.fcgi?month=3&amp;day=27&amp;year=1970"">Fri, Mar 27, 1970</a></th><td class=""left"" csk=""INA.197003270PTP"" data-stat=""visitor_team_name""><a href=""/teams/INA/1970.html"">Indiana Pacers</a></td><td class=""right"" data-stat=""visitor_pts"">115</td><td class=""left"" csk=""PTP.197003270PTP"" data-stat=""home_team_name""><a href=""/teams/PTP/1970.html"">Pittsburgh Pipers</a></td><td class=""right"" data-stat=""home_pts"">111</td><td class=""center"" data-stat=""box_score_text""><a href=""/boxscores/197003270PTP.html"">Box Score</a></td><td class=""center iz"" data-stat=""overtimes""></td><td class=""right iz"" data-stat=""attendance""></td><td class=""left iz"" data-stat=""game_remarks""></td></tr>"
137,"<tr><th class=""left"" csk=""197003270LAS"" data-stat=""date_game"" scope=""row""><a href=""/boxscores/index.fcgi?month=3&amp;day=27&amp;year=1970"">Fri, Mar 27, 1970</a></th><td class=""left"" csk=""WSA.197003270LAS"" data-stat=""visitor_team_name""><a href=""/teams/WSA/1970.html"">Washington Capitols</a></td><td class=""right"" data-stat=""visitor_pts"">111</td><td class=""left"" csk=""LAS.197003270LAS"" data-stat=""home_team_name""><a href=""/teams/LAS/1970.html"">Los Angeles Stars</a></td><td class=""right"" data-stat=""home_pts"">124</td><td class=""center"" data-stat=""box_score_text""><a href=""/boxscores/197003270LAS.html"">Box Score</a></td><td class=""center iz"" data-stat=""overtimes""></td><td class=""right"" data-stat=""attendance"">2,404</td><td class=""left iz"" data-stat=""game_remarks""></td></tr>"
139,"<tr><th class=""left"" csk=""197003270DNR"" data-stat=""date_game"" scope=""row""><a href=""/boxscores/index.fcgi?month=3&amp;day=27&amp;year=1970"">Fri, Mar 27, 1970</a></th><td class=""left"" csk=""NOB.197003270DNR"" data-stat=""visitor_team_name""><a href=""/teams/NOB/1970.html"">New Orleans Buccaneers</a></td><td class=""right"" data-stat=""visitor_pts"">92</td><td class=""left"" csk=""DNR.197003270DNR"" data-stat=""home_team_name""><a href=""/teams/DNR/1970.html"">Denver Rockets</a></td><td class=""right"" data-stat=""home_pts"">103</td><td class=""center"" data-stat=""box_score_text""><a href=""/boxscores/197003270DNR.html"">Box Score</a></td><td class=""center iz"" data-stat=""overtimes""></td><td class=""right"" data-stat=""attendance"">7,193</td><td class=""left iz"" data-stat=""game_remarks""></td></tr>"
141,"<tr><th class=""left"" csk=""197003270CAR"" data-stat=""date_game"" scope=""row""><a href=""/boxscores/index.fcgi?month=3&amp;day=27&amp;year=1970"">Fri, Mar 27, 1970</a></th><td class=""left"" csk=""MMF.197003270CAR"" data-stat=""visitor_team_name""><a href=""/teams/MMF/1970.html"">Miami Floridians</a></td><td class=""right"" data-stat=""visitor_pts"">112</td><td class=""left"" csk=""CAR.197003270CAR"" data-stat=""home_team_name""><a href=""/teams/CAR/1970.html"">Carolina Cougars</a></td><td class=""right"" data-stat=""home_pts"">107</td><td class=""center"" data-stat=""box_score_text""><a href=""/boxscores/197003270CAR.html"">Box Score</a></td><td class=""center iz"" data-stat=""overtimes""></td><td class=""right"" data-stat=""attendance"">8,661</td><td class=""left"" data-stat=""game_remarks"">at Greensboro, NC</td></tr>"
143,"<tr><th class=""left"" csk=""197003280CAR"" data-stat=""date_game"" scope=""row""><a href=""/boxscores/index.fcgi?month=3&amp;day=28&amp;year=1970"">Sat, Mar 28, 1970</a></th><td class=""left"" csk=""KEN.197003280CAR"" data-stat=""visitor_team_name""><a href=""/teams/KEN/1970.html"">Kentucky Colonels</a></td><td class=""right"" data-stat=""visitor_pts"">101</td><td class=""left"" csk=""CAR.197003280CAR"" data-stat=""home_team_name""><a href=""/teams/CAR/1970.html"">Carolina Cougars</a></td><td class=""right"" data-stat=""home_pts"">98</td><td class=""center"" data-stat=""box_score_text""><a href=""/boxscores/197003280CAR.html"">Box Score</a></td><td class=""center iz"" data-stat=""overtimes""></td><td class=""right"" data-stat=""attendance"">7,028</td><td class=""left"" data-stat=""game_remarks"">at Raleigh, NC</td></tr>"
145,"<tr><th class=""left"" csk=""197003280DLC"" data-stat=""date_game"" scope=""row""><a href=""/boxscores/index.fcgi?month=3&amp;day=28&amp;year=1970"">Sat, Mar 28, 1970</a></th><td class=""left"" csk=""DNR.197003280DLC"" data-stat=""visitor_team_name""><a href=""/teams/DNR/1970.html"">Denver Rockets</a></td><td class=""right"" data-stat=""visitor_pts"">126</td><td class=""left"" csk=""DLC.197003280DLC"" data-stat=""home_team_name""><a href=""/teams/DLC/1970.html"">Dallas Chaparrals</a></td><td class=""right"" data-stat=""home_pts"">150</td><td class=""center"" data-stat=""box_score_text""><a href=""/boxscores/197003280DLC.html"">Box Score</a></td><td class=""center iz"" data-stat=""overtimes""></td><td class=""right"" data-stat=""attendance"">5,541</td><td class=""left iz"" data-stat=""game_remarks""></td></tr>"
147,"<tr><th class=""left"" csk=""197003280NOB"" data-stat=""date_game"" scope=""row""><a href=""/boxscores/index.fcgi?month=3&amp;day=28&amp;year=1970"">Sat, Mar 28, 1970</a></th><td class=""left"" csk=""NYA.197003280NOB"" data-stat=""visitor_team_name""><a href=""/teams/NYA/1970.html"">New York Nets</a></td><td class=""right"" data-stat=""visitor_pts"">92</td><td class=""left"" csk=""NOB.197003280NOB"" data-stat=""home_team_name""><a href=""/teams/NOB/1970.html"">New Orleans Buccaneers</a></td><td class=""right"" data-stat=""home_pts"">100</td><td class=""center"" data-stat=""box_score_text""><a href=""/boxscores/197003280NOB.html"">Box Score</a></td><td class=""center iz"" data-stat=""overtimes""></td><td class=""right"" data-stat=""attendance"">2,473</td><td class=""left iz"" data-stat=""game_remarks""></td></tr>"
149,"<tr><th class=""left"" csk=""197003290MMF"" data-stat=""date_game"" scope=""row""><a href=""/boxscores/index.fcgi?month=3&amp;day=29&amp;year=1970"">Sun, Mar 29, 1970</a></th><td class=""left"" csk=""NYA.197003290MMF"" data-stat=""visitor_team_name""><a href=""/teams/NYA/1970.html"">New York Nets</a></td><td class=""right"" data-stat=""visitor_pts"">119</td><td class=""left"" csk=""MMF.197003290MMF"" data-stat=""home_team_name""><a href=""/teams/MMF/1970.html"">Miami Floridians</a></td><td class=""right"" data-stat=""home_pts"">96</td><td class=""center"" data-stat=""box_score_text""><a href=""/boxscores/197003290MMF.html"">Box Score</a></td><td class=""center iz"" data-stat=""overtimes""></td><td class=""right"" data-stat=""attendance"">2,817</td><td class=""left iz"" data-stat=""game_remarks""></td></tr>"
151,"<tr><th class=""left"" csk=""197003300KEN"" data-stat=""date_game"" scope=""row""><a href=""/boxscores/index.fcgi?month=3&amp;day=30&amp;year=1970"">Mon, Mar 30, 1970</a></th><td class=""left"" csk=""CAR.197003300KEN"" data-stat=""visitor_team_name""><a href=""/teams/CAR/1970.html"">Carolina Cougars</a></td><td class=""right"" data-stat=""visitor_pts"">86</td><td class=""left"" csk=""KEN.197003300KEN"" data-stat=""home_team_name""><a href=""/teams/KEN/1970.html"">Kentucky Colonels</a></td><td class=""right"" data-stat=""home_pts"">81</td><td class=""center"" data-stat=""box_score_text""><a href=""/boxscores/197003300KEN.html"">Box Score</a></td><td class=""center iz"" data-stat=""overtimes""></td><td class=""right"" data-stat=""attendance"">17,678</td><td class=""left iz"" data-stat=""game_remarks""></td></tr>"
153,"<tr><th class=""left"" csk=""197003300NOB"" data-stat=""date_game"" scope=""row""><a href=""/boxscores/index.fcgi?month=3&amp;day=30&amp;year=1970"">Mon, Mar 30, 1970</a></th><td class=""left"" csk=""INA.197003300NOB"" data-stat=""visitor_team_name""><a href=""/teams/INA/1970.html"">Indiana Pacers</a></td><td class=""right"" data-stat=""visitor_pts"">106</td><td class=""left"" csk=""NOB.197003300NOB"" data-stat=""home_team_name""><a href=""/teams/NOB/1970.html"">New Orleans Buccaneers</a></td><td class=""right"" data-stat=""home_pts"">120</td><td class=""center"" data-stat=""box_score_text""><a href=""/boxscores/197003300NOB.html"">Box Score</a></td><td class=""center iz"" data-stat=""overtimes""></td><td class=""right"" data-stat=""attendance"">2,915</td><td class=""left iz"" data-stat=""game_remarks""></td></tr>"
155,"<tr><th class=""left"" csk=""197003310DLC"" data-stat=""date_game"" scope=""row""><a href=""/boxscores/index.fcgi?month=3&amp;day=31&amp;year=1970"">Tue, Mar 31, 1970</a></th><td class=""left"" csk=""INA.197003310DLC"" data-stat=""visitor_team_name""><a href=""/teams/INA/1970.html"">Indiana Pacers</a></td><td class=""right"" data-stat=""visitor_pts"">119</td><td class=""left"" csk=""DLC.197003310DLC"" data-stat=""home_team_name""><a href=""/teams/DLC/1970.html"">Dallas Chaparrals</a></td><td class=""right"" data-stat=""home_pts"">145</td><td class=""center"" data-stat=""box_score_text""><a href=""/boxscores/197003310DLC.html"">Box Score</a></td><td class=""center iz"" data-stat=""overtimes""></td><td class=""right"" data-stat=""attendance"">3,093</td><td class=""left iz"" data-stat=""game_remarks""></td></tr>"
157,"<tr><th class=""left"" csk=""197003310DNR"" data-stat=""date_game"" scope=""row""><a href=""/boxscores/index.fcgi?month=3&amp;day=31&amp;year=1970"">Tue, Mar 31, 1970</a></th><td class=""left"" csk=""LAS.197003310DNR"" data-stat=""visitor_team_name""><a href=""/teams/LAS/1970.html"">Los Angeles Stars</a></td><td class=""right"" data-stat=""visitor_pts"">98</td><td class=""left"" csk=""DNR.197003310DNR"" data-stat=""home_team_name""><a href=""/teams/DNR/1970.html"">Denver Rockets</a></td><td class=""right"" data-stat=""home_pts"">119</td><td class=""center"" data-stat=""box_score_text""><a href=""/boxscores/197003310DNR.html"">Box Score</a></td><td class=""center iz"" data-stat=""overtimes""></td><td class=""right"" data-stat=""attendance"">6,162</td><td class=""left iz"" data-stat=""game_remarks""></td></tr>"
159,"<tr><th class=""left"" csk=""197003310PTP"" data-stat=""date_game"" scope=""row""><a href=""/boxscores/index.fcgi?month=3&amp;day=31&amp;year=1970"">Tue, Mar 31, 1970</a></th><td class=""left"" csk=""KEN.197003310PTP"" data-stat=""visitor_team_name""><a href=""/teams/KEN/1970.html"">Kentucky Colonels</a></td><td class=""right"" data-stat=""visitor_pts"">117</td><td class=""left"" csk=""PTP.197003310PTP"" data-stat=""home_team_name""><a href=""/teams/PTP/1970.html"">Pittsburgh Pipers</a></td><td class=""right"" data-stat=""home_pts"">114</td><td class=""center"" data-stat=""box_score_text""><a href=""/boxscores/197003310PTP.html"">Box Score</a></td><td class=""center iz"" data-stat=""overtimes""></td><td class=""right iz"" data-stat=""attendance""></td><td class=""left iz"" data-stat=""game_remarks""></td></tr>"
