,0
1,"<tr><th class=""left"" csk=""197504010DNA"" data-stat=""date_game"" scope=""row""><a href=""/boxscores/index.fcgi?month=4&amp;day=1&amp;year=1975"">Tue, Apr 1, 1975</a></th><td class=""left"" csk=""INA.197504010DNA"" data-stat=""visitor_team_name""><a href=""/teams/INA/1975.html"">Indiana Pacers</a></td><td class=""right"" data-stat=""visitor_pts"">115</td><td class=""left"" csk=""DNA.197504010DNA"" data-stat=""home_team_name""><a href=""/teams/DNA/1975.html"">Denver Nuggets</a></td><td class=""right"" data-stat=""home_pts"">126</td><td class=""center"" data-stat=""box_score_text""><a href=""/boxscores/197504010DNA.html"">Box Score</a></td><td class=""center iz"" data-stat=""overtimes""></td><td class=""right"" data-stat=""attendance"">5,904</td><td class=""left iz"" data-stat=""game_remarks""></td></tr>"
3,"<tr><th class=""left"" csk=""197504010MMS"" data-stat=""date_game"" scope=""row""><a href=""/boxscores/index.fcgi?month=4&amp;day=1&amp;year=1975"">Tue, Apr 1, 1975</a></th><td class=""left"" csk=""VIR.197504010MMS"" data-stat=""visitor_team_name""><a href=""/teams/VIR/1975.html"">Virginia Squires</a></td><td class=""right"" data-stat=""visitor_pts"">102</td><td class=""left"" csk=""MMS.197504010MMS"" data-stat=""home_team_name""><a href=""/teams/MMS/1975.html"">Memphis Sounds</a></td><td class=""right"" data-stat=""home_pts"">121</td><td class=""center"" data-stat=""box_score_text""><a href=""/boxscores/197504010MMS.html"">Box Score</a></td><td class=""center iz"" data-stat=""overtimes""></td><td class=""right"" data-stat=""attendance"">4,673</td><td class=""left iz"" data-stat=""game_remarks""></td></tr>"
5,"<tr><th class=""left"" csk=""197504010SAA"" data-stat=""date_game"" scope=""row""><a href=""/boxscores/index.fcgi?month=4&amp;day=1&amp;year=1975"">Tue, Apr 1, 1975</a></th><td class=""left"" csk=""SDA.197504010SAA"" data-stat=""visitor_team_name""><a href=""/teams/SDA/1975.html"">San Diego Conquistadors</a></td><td class=""right"" data-stat=""visitor_pts"">113</td><td class=""left"" csk=""SAA.197504010SAA"" data-stat=""home_team_name""><a href=""/teams/SAA/1975.html"">San Antonio Spurs</a></td><td class=""right"" data-stat=""home_pts"">130</td><td class=""center"" data-stat=""box_score_text""><a href=""/boxscores/197504010SAA.html"">Box Score</a></td><td class=""center iz"" data-stat=""overtimes""></td><td class=""right"" data-stat=""attendance"">6,190</td><td class=""left iz"" data-stat=""game_remarks""></td></tr>"
7,"<tr><th class=""left"" csk=""197504010SSL"" data-stat=""date_game"" scope=""row""><a href=""/boxscores/index.fcgi?month=4&amp;day=1&amp;year=1975"">Tue, Apr 1, 1975</a></th><td class=""left"" csk=""UTS.197504010SSL"" data-stat=""visitor_team_name""><a href=""/teams/UTS/1975.html"">Utah Stars</a></td><td class=""right"" data-stat=""visitor_pts"">109</td><td class=""left"" csk=""SSL.197504010SSL"" data-stat=""home_team_name""><a href=""/teams/SSL/1975.html"">Spirits of St. Louis</a></td><td class=""right"" data-stat=""home_pts"">122</td><td class=""center"" data-stat=""box_score_text""><a href=""/boxscores/197504010SSL.html"">Box Score</a></td><td class=""center iz"" data-stat=""overtimes""></td><td class=""right"" data-stat=""attendance"">7,880</td><td class=""left iz"" data-stat=""game_remarks""></td></tr>"
9,"<tr><th class=""left"" csk=""197504020SDA"" data-stat=""date_game"" scope=""row""><a href=""/boxscores/index.fcgi?month=4&amp;day=2&amp;year=1975"">Wed, Apr 2, 1975</a></th><td class=""left"" csk=""SSL.197504020SDA"" data-stat=""visitor_team_name""><a href=""/teams/SSL/1975.html"">Spirits of St. Louis</a></td><td class=""right"" data-stat=""visitor_pts"">134</td><td class=""left"" csk=""SDA.197504020SDA"" data-stat=""home_team_name""><a href=""/teams/SDA/1975.html"">San Diego Conquistadors</a></td><td class=""right"" data-stat=""home_pts"">110</td><td class=""center"" data-stat=""box_score_text""><a href=""/boxscores/197504020SDA.html"">Box Score</a></td><td class=""center iz"" data-stat=""overtimes""></td><td class=""right"" data-stat=""attendance"">1,862</td><td class=""left iz"" data-stat=""game_remarks""></td></tr>"
11,"<tr><th class=""left"" csk=""197504020NYA"" data-stat=""date_game"" scope=""row""><a href=""/boxscores/index.fcgi?month=4&amp;day=2&amp;year=1975"">Wed, Apr 2, 1975</a></th><td class=""left"" csk=""MMS.197504020NYA"" data-stat=""visitor_team_name""><a href=""/teams/MMS/1975.html"">Memphis Sounds</a></td><td class=""right"" data-stat=""visitor_pts"">97</td><td class=""left"" csk=""NYA.197504020NYA"" data-stat=""home_team_name""><a href=""/teams/NYA/1975.html"">New York Nets</a></td><td class=""right"" data-stat=""home_pts"">119</td><td class=""center"" data-stat=""box_score_text""><a href=""/boxscores/197504020NYA.html"">Box Score</a></td><td class=""center iz"" data-stat=""overtimes""></td><td class=""right"" data-stat=""attendance"">7,701</td><td class=""left iz"" data-stat=""game_remarks""></td></tr>"
13,"<tr><th class=""left"" csk=""197504020KEN"" data-stat=""date_game"" scope=""row""><a href=""/boxscores/index.fcgi?month=4&amp;day=2&amp;year=1975"">Wed, Apr 2, 1975</a></th><td class=""left"" csk=""VIR.197504020KEN"" data-stat=""visitor_team_name""><a href=""/teams/VIR/1975.html"">Virginia Squires</a></td><td class=""right"" data-stat=""visitor_pts"">81</td><td class=""left"" csk=""KEN.197504020KEN"" data-stat=""home_team_name""><a href=""/teams/KEN/1975.html"">Kentucky Colonels</a></td><td class=""right"" data-stat=""home_pts"">88</td><td class=""center"" data-stat=""box_score_text""><a href=""/boxscores/197504020KEN.html"">Box Score</a></td><td class=""center iz"" data-stat=""overtimes""></td><td class=""right"" data-stat=""attendance"">6,966</td><td class=""left iz"" data-stat=""game_remarks""></td></tr>"
15,"<tr><th class=""left"" csk=""197504020INA"" data-stat=""date_game"" scope=""row""><a href=""/boxscores/index.fcgi?month=4&amp;day=2&amp;year=1975"">Wed, Apr 2, 1975</a></th><td class=""left"" csk=""UTS.197504020INA"" data-stat=""visitor_team_name""><a href=""/teams/UTS/1975.html"">Utah Stars</a></td><td class=""right"" data-stat=""visitor_pts"">119</td><td class=""left"" csk=""INA.197504020INA"" data-stat=""home_team_name""><a href=""/teams/INA/1975.html"">Indiana Pacers</a></td><td class=""right"" data-stat=""home_pts"">112</td><td class=""center"" data-stat=""box_score_text""><a href=""/boxscores/197504020INA.html"">Box Score</a></td><td class=""center iz"" data-stat=""overtimes""></td><td class=""right"" data-stat=""attendance"">8,214</td><td class=""left iz"" data-stat=""game_remarks""></td></tr>"
17,"<tr><th class=""left"" csk=""197504030VIR"" data-stat=""date_game"" scope=""row""><a href=""/boxscores/index.fcgi?month=4&amp;day=3&amp;year=1975"">Thu, Apr 3, 1975</a></th><td class=""left"" csk=""NYA.197504030VIR"" data-stat=""visitor_team_name""><a href=""/teams/NYA/1975.html"">New York Nets</a></td><td class=""right"" data-stat=""visitor_pts"">116</td><td class=""left"" csk=""VIR.197504030VIR"" data-stat=""home_team_name""><a href=""/teams/VIR/1975.html"">Virginia Squires</a></td><td class=""right"" data-stat=""home_pts"">111</td><td class=""center"" data-stat=""box_score_text""><a href=""/boxscores/197504030VIR.html"">Box Score</a></td><td class=""center"" data-stat=""overtimes"">OT</td><td class=""right"" data-stat=""attendance"">6,226</td><td class=""left"" data-stat=""game_remarks"">at Norfolk, VA</td></tr>"
19,"<tr><th class=""left"" csk=""197504030UTS"" data-stat=""date_game"" scope=""row""><a href=""/boxscores/index.fcgi?month=4&amp;day=3&amp;year=1975"">Thu, Apr 3, 1975</a></th><td class=""left"" csk=""SSL.197504030UTS"" data-stat=""visitor_team_name""><a href=""/teams/SSL/1975.html"">Spirits of St. Louis</a></td><td class=""right"" data-stat=""visitor_pts"">98</td><td class=""left"" csk=""UTS.197504030UTS"" data-stat=""home_team_name""><a href=""/teams/UTS/1975.html"">Utah Stars</a></td><td class=""right"" data-stat=""home_pts"">128</td><td class=""center"" data-stat=""box_score_text""><a href=""/boxscores/197504030UTS.html"">Box Score</a></td><td class=""center iz"" data-stat=""overtimes""></td><td class=""right"" data-stat=""attendance"">10,467</td><td class=""left iz"" data-stat=""game_remarks""></td></tr>"
21,"<tr><th class=""left"" csk=""197504030SAA"" data-stat=""date_game"" scope=""row""><a href=""/boxscores/index.fcgi?month=4&amp;day=3&amp;year=1975"">Thu, Apr 3, 1975</a></th><td class=""left"" csk=""INA.197504030SAA"" data-stat=""visitor_team_name""><a href=""/teams/INA/1975.html"">Indiana Pacers</a></td><td class=""right"" data-stat=""visitor_pts"">122</td><td class=""left"" csk=""SAA.197504030SAA"" data-stat=""home_team_name""><a href=""/teams/SAA/1975.html"">San Antonio Spurs</a></td><td class=""right"" data-stat=""home_pts"">137</td><td class=""center"" data-stat=""box_score_text""><a href=""/boxscores/197504030SAA.html"">Box Score</a></td><td class=""center iz"" data-stat=""overtimes""></td><td class=""right"" data-stat=""attendance"">7,349</td><td class=""left iz"" data-stat=""game_remarks""></td></tr>"
23,"<tr><th class=""left"" csk=""197504030MMS"" data-stat=""date_game"" scope=""row""><a href=""/boxscores/index.fcgi?month=4&amp;day=3&amp;year=1975"">Thu, Apr 3, 1975</a></th><td class=""left"" csk=""KEN.197504030MMS"" data-stat=""visitor_team_name""><a href=""/teams/KEN/1975.html"">Kentucky Colonels</a></td><td class=""right"" data-stat=""visitor_pts"">103</td><td class=""left"" csk=""MMS.197504030MMS"" data-stat=""home_team_name""><a href=""/teams/MMS/1975.html"">Memphis Sounds</a></td><td class=""right"" data-stat=""home_pts"">93</td><td class=""center"" data-stat=""box_score_text""><a href=""/boxscores/197504030MMS.html"">Box Score</a></td><td class=""center iz"" data-stat=""overtimes""></td><td class=""right"" data-stat=""attendance"">5,587</td><td class=""left iz"" data-stat=""game_remarks""></td></tr>"
25,"<tr><th class=""left"" csk=""197504030DNA"" data-stat=""date_game"" scope=""row""><a href=""/boxscores/index.fcgi?month=4&amp;day=3&amp;year=1975"">Thu, Apr 3, 1975</a></th><td class=""left"" csk=""SDA.197504030DNA"" data-stat=""visitor_team_name""><a href=""/teams/SDA/1975.html"">San Diego Conquistadors</a></td><td class=""right"" data-stat=""visitor_pts"">121</td><td class=""left"" csk=""DNA.197504030DNA"" data-stat=""home_team_name""><a href=""/teams/DNA/1975.html"">Denver Nuggets</a></td><td class=""right"" data-stat=""home_pts"">148</td><td class=""center"" data-stat=""box_score_text""><a href=""/boxscores/197504030DNA.html"">Box Score</a></td><td class=""center iz"" data-stat=""overtimes""></td><td class=""right"" data-stat=""attendance"">6,985</td><td class=""left iz"" data-stat=""game_remarks""></td></tr>"
27,"<tr class=""thead""><th colspan=""9"">Playoffs</th></tr>"
29,"<tr><th class=""left"" csk=""197504040KEN"" data-stat=""date_game"" scope=""row""><a href=""/boxscores/index.fcgi?month=4&amp;day=4&amp;year=1975"">Fri, Apr 4, 1975</a></th><td class=""left"" csk=""NYA.197504040KEN"" data-stat=""visitor_team_name""><a href=""/teams/NYA/1975.html"">New York Nets</a></td><td class=""right"" data-stat=""visitor_pts"">99</td><td class=""left"" csk=""KEN.197504040KEN"" data-stat=""home_team_name""><a href=""/teams/KEN/1975.html"">Kentucky Colonels</a></td><td class=""right"" data-stat=""home_pts"">108</td><td class=""center"" data-stat=""box_score_text""><a href=""/boxscores/197504040KEN.html"">Box Score</a></td><td class=""center iz"" data-stat=""overtimes""></td><td class=""right"" data-stat=""attendance"">13,672</td><td class=""left"" data-stat=""game_remarks"">Tiebreaker</td></tr>"
31,"<tr><th class=""left"" csk=""197504050SAA"" data-stat=""date_game"" scope=""row""><a href=""/boxscores/index.fcgi?month=4&amp;day=5&amp;year=1975"">Sat, Apr 5, 1975</a></th><td class=""left"" csk=""INA.197504050SAA"" data-stat=""visitor_team_name""><a href=""/teams/INA/1975.html"">Indiana Pacers</a></td><td class=""right"" data-stat=""visitor_pts"">122</td><td class=""left"" csk=""SAA.197504050SAA"" data-stat=""home_team_name""><a href=""/teams/SAA/1975.html"">San Antonio Spurs</a></td><td class=""right"" data-stat=""home_pts"">119</td><td class=""center"" data-stat=""box_score_text""><a href=""/boxscores/197504050SAA.html"">Box Score</a></td><td class=""center"" data-stat=""overtimes"">OT</td><td class=""right"" data-stat=""attendance"">8,529</td><td class=""left iz"" data-stat=""game_remarks""></td></tr>"
33,"<tr><th class=""left"" csk=""197504060NYA"" data-stat=""date_game"" scope=""row""><a href=""/boxscores/index.fcgi?month=4&amp;day=6&amp;year=1975"">Sun, Apr 6, 1975</a></th><td class=""left"" csk=""SSL.197504060NYA"" data-stat=""visitor_team_name""><a href=""/teams/SSL/1975.html"">Spirits of St. Louis</a></td><td class=""right"" data-stat=""visitor_pts"">105</td><td class=""left"" csk=""NYA.197504060NYA"" data-stat=""home_team_name""><a href=""/teams/NYA/1975.html"">New York Nets</a></td><td class=""right"" data-stat=""home_pts"">111</td><td class=""center"" data-stat=""box_score_text""><a href=""/boxscores/197504060NYA.html"">Box Score</a></td><td class=""center iz"" data-stat=""overtimes""></td><td class=""right"" data-stat=""attendance"">11,607</td><td class=""left iz"" data-stat=""game_remarks""></td></tr>"
35,"<tr><th class=""left"" csk=""197504060KEN"" data-stat=""date_game"" scope=""row""><a href=""/boxscores/index.fcgi?month=4&amp;day=6&amp;year=1975"">Sun, Apr 6, 1975</a></th><td class=""left"" csk=""MMS.197504060KEN"" data-stat=""visitor_team_name""><a href=""/teams/MMS/1975.html"">Memphis Sounds</a></td><td class=""right"" data-stat=""visitor_pts"">91</td><td class=""left"" csk=""KEN.197504060KEN"" data-stat=""home_team_name""><a href=""/teams/KEN/1975.html"">Kentucky Colonels</a></td><td class=""right"" data-stat=""home_pts"">98</td><td class=""center"" data-stat=""box_score_text""><a href=""/boxscores/197504060KEN.html"">Box Score</a></td><td class=""center iz"" data-stat=""overtimes""></td><td class=""right"" data-stat=""attendance"">4,107</td><td class=""left iz"" data-stat=""game_remarks""></td></tr>"
37,"<tr><th class=""left"" csk=""197504060DNA"" data-stat=""date_game"" scope=""row""><a href=""/boxscores/index.fcgi?month=4&amp;day=6&amp;year=1975"">Sun, Apr 6, 1975</a></th><td class=""left"" csk=""UTS.197504060DNA"" data-stat=""visitor_team_name""><a href=""/teams/UTS/1975.html"">Utah Stars</a></td><td class=""right"" data-stat=""visitor_pts"">107</td><td class=""left"" csk=""DNA.197504060DNA"" data-stat=""home_team_name""><a href=""/teams/DNA/1975.html"">Denver Nuggets</a></td><td class=""right"" data-stat=""home_pts"">122</td><td class=""center"" data-stat=""box_score_text""><a href=""/boxscores/197504060DNA.html"">Box Score</a></td><td class=""center iz"" data-stat=""overtimes""></td><td class=""right"" data-stat=""attendance"">7,200</td><td class=""left iz"" data-stat=""game_remarks""></td></tr>"
39,"<tr><th class=""left"" csk=""197504070DNA"" data-stat=""date_game"" scope=""row""><a href=""/boxscores/index.fcgi?month=4&amp;day=7&amp;year=1975"">Mon, Apr 7, 1975</a></th><td class=""left"" csk=""UTS.197504070DNA"" data-stat=""visitor_team_name""><a href=""/teams/UTS/1975.html"">Utah Stars</a></td><td class=""right"" data-stat=""visitor_pts"">120</td><td class=""left"" csk=""DNA.197504070DNA"" data-stat=""home_team_name""><a href=""/teams/DNA/1975.html"">Denver Nuggets</a></td><td class=""right"" data-stat=""home_pts"">126</td><td class=""center"" data-stat=""box_score_text""><a href=""/boxscores/197504070DNA.html"">Box Score</a></td><td class=""center iz"" data-stat=""overtimes""></td><td class=""right"" data-stat=""attendance"">7,298</td><td class=""left iz"" data-stat=""game_remarks""></td></tr>"
41,"<tr><th class=""left"" csk=""197504070SAA"" data-stat=""date_game"" scope=""row""><a href=""/boxscores/index.fcgi?month=4&amp;day=7&amp;year=1975"">Mon, Apr 7, 1975</a></th><td class=""left"" csk=""INA.197504070SAA"" data-stat=""visitor_team_name""><a href=""/teams/INA/1975.html"">Indiana Pacers</a></td><td class=""right"" data-stat=""visitor_pts"">98</td><td class=""left"" csk=""SAA.197504070SAA"" data-stat=""home_team_name""><a href=""/teams/SAA/1975.html"">San Antonio Spurs</a></td><td class=""right"" data-stat=""home_pts"">93</td><td class=""center"" data-stat=""box_score_text""><a href=""/boxscores/197504070SAA.html"">Box Score</a></td><td class=""center iz"" data-stat=""overtimes""></td><td class=""right"" data-stat=""attendance"">7,643</td><td class=""left iz"" data-stat=""game_remarks""></td></tr>"
43,"<tr><th class=""left"" csk=""197504080KEN"" data-stat=""date_game"" scope=""row""><a href=""/boxscores/index.fcgi?month=4&amp;day=8&amp;year=1975"">Tue, Apr 8, 1975</a></th><td class=""left"" csk=""MMS.197504080KEN"" data-stat=""visitor_team_name""><a href=""/teams/MMS/1975.html"">Memphis Sounds</a></td><td class=""right"" data-stat=""visitor_pts"">105</td><td class=""left"" csk=""KEN.197504080KEN"" data-stat=""home_team_name""><a href=""/teams/KEN/1975.html"">Kentucky Colonels</a></td><td class=""right"" data-stat=""home_pts"">119</td><td class=""center"" data-stat=""box_score_text""><a href=""/boxscores/197504080KEN.html"">Box Score</a></td><td class=""center iz"" data-stat=""overtimes""></td><td class=""right"" data-stat=""attendance"">4,787</td><td class=""left iz"" data-stat=""game_remarks""></td></tr>"
45,"<tr><th class=""left"" csk=""197504090NYA"" data-stat=""date_game"" scope=""row""><a href=""/boxscores/index.fcgi?month=4&amp;day=9&amp;year=1975"">Wed, Apr 9, 1975</a></th><td class=""left"" csk=""SSL.197504090NYA"" data-stat=""visitor_team_name""><a href=""/teams/SSL/1975.html"">Spirits of St. Louis</a></td><td class=""right"" data-stat=""visitor_pts"">115</td><td class=""left"" csk=""NYA.197504090NYA"" data-stat=""home_team_name""><a href=""/teams/NYA/1975.html"">New York Nets</a></td><td class=""right"" data-stat=""home_pts"">97</td><td class=""center"" data-stat=""box_score_text""><a href=""/boxscores/197504090NYA.html"">Box Score</a></td><td class=""center iz"" data-stat=""overtimes""></td><td class=""right"" data-stat=""attendance"">10,621</td><td class=""left iz"" data-stat=""game_remarks""></td></tr>"
47,"<tr><th class=""left"" csk=""197504090UTS"" data-stat=""date_game"" scope=""row""><a href=""/boxscores/index.fcgi?month=4&amp;day=9&amp;year=1975"">Wed, Apr 9, 1975</a></th><td class=""left"" csk=""DNA.197504090UTS"" data-stat=""visitor_team_name""><a href=""/teams/DNA/1975.html"">Denver Nuggets</a></td><td class=""right"" data-stat=""visitor_pts"">108</td><td class=""left"" csk=""UTS.197504090UTS"" data-stat=""home_team_name""><a href=""/teams/UTS/1975.html"">Utah Stars</a></td><td class=""right"" data-stat=""home_pts"">122</td><td class=""center"" data-stat=""box_score_text""><a href=""/boxscores/197504090UTS.html"">Box Score</a></td><td class=""center iz"" data-stat=""overtimes""></td><td class=""right"" data-stat=""attendance"">5,694</td><td class=""left iz"" data-stat=""game_remarks""></td></tr>"
49,"<tr><th class=""left"" csk=""197504100MMS"" data-stat=""date_game"" scope=""row""><a href=""/boxscores/index.fcgi?month=4&amp;day=10&amp;year=1975"">Thu, Apr 10, 1975</a></th><td class=""left"" csk=""KEN.197504100MMS"" data-stat=""visitor_team_name""><a href=""/teams/KEN/1975.html"">Kentucky Colonels</a></td><td class=""right"" data-stat=""visitor_pts"">101</td><td class=""left"" csk=""MMS.197504100MMS"" data-stat=""home_team_name""><a href=""/teams/MMS/1975.html"">Memphis Sounds</a></td><td class=""right"" data-stat=""home_pts"">80</td><td class=""center"" data-stat=""box_score_text""><a href=""/boxscores/197504100MMS.html"">Box Score</a></td><td class=""center iz"" data-stat=""overtimes""></td><td class=""right"" data-stat=""attendance"">5,415</td><td class=""left iz"" data-stat=""game_remarks""></td></tr>"
51,"<tr><th class=""left"" csk=""197504100INA"" data-stat=""date_game"" scope=""row""><a href=""/boxscores/index.fcgi?month=4&amp;day=10&amp;year=1975"">Thu, Apr 10, 1975</a></th><td class=""left"" csk=""SAA.197504100INA"" data-stat=""visitor_team_name""><a href=""/teams/SAA/1975.html"">San Antonio Spurs</a></td><td class=""right"" data-stat=""visitor_pts"">103</td><td class=""left"" csk=""INA.197504100INA"" data-stat=""home_team_name""><a href=""/teams/INA/1975.html"">Indiana Pacers</a></td><td class=""right"" data-stat=""home_pts"">113</td><td class=""center"" data-stat=""box_score_text""><a href=""/boxscores/197504100INA.html"">Box Score</a></td><td class=""center"" data-stat=""overtimes"">OT</td><td class=""right"" data-stat=""attendance"">12,217</td><td class=""left iz"" data-stat=""game_remarks""></td></tr>"
53,"<tr><th class=""left"" csk=""197504110MMS"" data-stat=""date_game"" scope=""row""><a href=""/boxscores/index.fcgi?month=4&amp;day=11&amp;year=1975"">Fri, Apr 11, 1975</a></th><td class=""left"" csk=""KEN.197504110MMS"" data-stat=""visitor_team_name""><a href=""/teams/KEN/1975.html"">Kentucky Colonels</a></td><td class=""right"" data-stat=""visitor_pts"">93</td><td class=""left"" csk=""MMS.197504110MMS"" data-stat=""home_team_name""><a href=""/teams/MMS/1975.html"">Memphis Sounds</a></td><td class=""right"" data-stat=""home_pts"">107</td><td class=""center"" data-stat=""box_score_text""><a href=""/boxscores/197504110MMS.html"">Box Score</a></td><td class=""center iz"" data-stat=""overtimes""></td><td class=""right"" data-stat=""attendance"">4,771</td><td class=""left iz"" data-stat=""game_remarks""></td></tr>"
55,"<tr><th class=""left"" csk=""197504110SSL"" data-stat=""date_game"" scope=""row""><a href=""/boxscores/index.fcgi?month=4&amp;day=11&amp;year=1975"">Fri, Apr 11, 1975</a></th><td class=""left"" csk=""NYA.197504110SSL"" data-stat=""visitor_team_name""><a href=""/teams/NYA/1975.html"">New York Nets</a></td><td class=""right"" data-stat=""visitor_pts"">108</td><td class=""left"" csk=""SSL.197504110SSL"" data-stat=""home_team_name""><a href=""/teams/SSL/1975.html"">Spirits of St. Louis</a></td><td class=""right"" data-stat=""home_pts"">113</td><td class=""center"" data-stat=""box_score_text""><a href=""/boxscores/197504110SSL.html"">Box Score</a></td><td class=""center iz"" data-stat=""overtimes""></td><td class=""right"" data-stat=""attendance"">6,199</td><td class=""left iz"" data-stat=""game_remarks""></td></tr>"
57,"<tr><th class=""left"" csk=""197504110UTS"" data-stat=""date_game"" scope=""row""><a href=""/boxscores/index.fcgi?month=4&amp;day=11&amp;year=1975"">Fri, Apr 11, 1975</a></th><td class=""left"" csk=""DNA.197504110UTS"" data-stat=""visitor_team_name""><a href=""/teams/DNA/1975.html"">Denver Nuggets</a></td><td class=""right"" data-stat=""visitor_pts"">110</td><td class=""left"" csk=""UTS.197504110UTS"" data-stat=""home_team_name""><a href=""/teams/UTS/1975.html"">Utah Stars</a></td><td class=""right"" data-stat=""home_pts"">132</td><td class=""center"" data-stat=""box_score_text""><a href=""/boxscores/197504110UTS.html"">Box Score</a></td><td class=""center iz"" data-stat=""overtimes""></td><td class=""right"" data-stat=""attendance"">9,106</td><td class=""left iz"" data-stat=""game_remarks""></td></tr>"
59,"<tr><th class=""left"" csk=""197504120INA"" data-stat=""date_game"" scope=""row""><a href=""/boxscores/index.fcgi?month=4&amp;day=12&amp;year=1975"">Sat, Apr 12, 1975</a></th><td class=""left"" csk=""SAA.197504120INA"" data-stat=""visitor_team_name""><a href=""/teams/SAA/1975.html"">San Antonio Spurs</a></td><td class=""right"" data-stat=""visitor_pts"">110</td><td class=""left"" csk=""INA.197504120INA"" data-stat=""home_team_name""><a href=""/teams/INA/1975.html"">Indiana Pacers</a></td><td class=""right"" data-stat=""home_pts"">109</td><td class=""center"" data-stat=""box_score_text""><a href=""/boxscores/197504120INA.html"">Box Score</a></td><td class=""center iz"" data-stat=""overtimes""></td><td class=""right"" data-stat=""attendance"">17,389</td><td class=""left iz"" data-stat=""game_remarks""></td></tr>"
61,"<tr><th class=""left"" csk=""197504120DNA"" data-stat=""date_game"" scope=""row""><a href=""/boxscores/index.fcgi?month=4&amp;day=12&amp;year=1975"">Sat, Apr 12, 1975</a></th><td class=""left"" csk=""UTS.197504120DNA"" data-stat=""visitor_team_name""><a href=""/teams/UTS/1975.html"">Utah Stars</a></td><td class=""right"" data-stat=""visitor_pts"">119</td><td class=""left"" csk=""DNA.197504120DNA"" data-stat=""home_team_name""><a href=""/teams/DNA/1975.html"">Denver Nuggets</a></td><td class=""right"" data-stat=""home_pts"">130</td><td class=""center"" data-stat=""box_score_text""><a href=""/boxscores/197504120DNA.html"">Box Score</a></td><td class=""center iz"" data-stat=""overtimes""></td><td class=""right"" data-stat=""attendance"">7,498</td><td class=""left iz"" data-stat=""game_remarks""></td></tr>"
63,"<tr><th class=""left"" csk=""197504130KEN"" data-stat=""date_game"" scope=""row""><a href=""/boxscores/index.fcgi?month=4&amp;day=13&amp;year=1975"">Sun, Apr 13, 1975</a></th><td class=""left"" csk=""MMS.197504130KEN"" data-stat=""visitor_team_name""><a href=""/teams/MMS/1975.html"">Memphis Sounds</a></td><td class=""right"" data-stat=""visitor_pts"">99</td><td class=""left"" csk=""KEN.197504130KEN"" data-stat=""home_team_name""><a href=""/teams/KEN/1975.html"">Kentucky Colonels</a></td><td class=""right"" data-stat=""home_pts"">111</td><td class=""center"" data-stat=""box_score_text""><a href=""/boxscores/197504130KEN.html"">Box Score</a></td><td class=""center iz"" data-stat=""overtimes""></td><td class=""right"" data-stat=""attendance"">3,543</td><td class=""left iz"" data-stat=""game_remarks""></td></tr>"
65,"<tr><th class=""left"" csk=""197504130SSL"" data-stat=""date_game"" scope=""row""><a href=""/boxscores/index.fcgi?month=4&amp;day=13&amp;year=1975"">Sun, Apr 13, 1975</a></th><td class=""left"" csk=""NYA.197504130SSL"" data-stat=""visitor_team_name""><a href=""/teams/NYA/1975.html"">New York Nets</a></td><td class=""right"" data-stat=""visitor_pts"">89</td><td class=""left"" csk=""SSL.197504130SSL"" data-stat=""home_team_name""><a href=""/teams/SSL/1975.html"">Spirits of St. Louis</a></td><td class=""right"" data-stat=""home_pts"">100</td><td class=""center"" data-stat=""box_score_text""><a href=""/boxscores/197504130SSL.html"">Box Score</a></td><td class=""center iz"" data-stat=""overtimes""></td><td class=""right"" data-stat=""attendance"">7,719</td><td class=""left iz"" data-stat=""game_remarks""></td></tr>"
67,"<tr><th class=""left"" csk=""197504140SAA"" data-stat=""date_game"" scope=""row""><a href=""/boxscores/index.fcgi?month=4&amp;day=14&amp;year=1975"">Mon, Apr 14, 1975</a></th><td class=""left"" csk=""INA.197504140SAA"" data-stat=""visitor_team_name""><a href=""/teams/INA/1975.html"">Indiana Pacers</a></td><td class=""right"" data-stat=""visitor_pts"">117</td><td class=""left"" csk=""SAA.197504140SAA"" data-stat=""home_team_name""><a href=""/teams/SAA/1975.html"">San Antonio Spurs</a></td><td class=""right"" data-stat=""home_pts"">123</td><td class=""center"" data-stat=""box_score_text""><a href=""/boxscores/197504140SAA.html"">Box Score</a></td><td class=""center iz"" data-stat=""overtimes""></td><td class=""right"" data-stat=""attendance"">10,986</td><td class=""left iz"" data-stat=""game_remarks""></td></tr>"
69,"<tr><th class=""left"" csk=""197504140UTS"" data-stat=""date_game"" scope=""row""><a href=""/boxscores/index.fcgi?month=4&amp;day=14&amp;year=1975"">Mon, Apr 14, 1975</a></th><td class=""left"" csk=""DNA.197504140UTS"" data-stat=""visitor_team_name""><a href=""/teams/DNA/1975.html"">Denver Nuggets</a></td><td class=""right"" data-stat=""visitor_pts"">115</td><td class=""left"" csk=""UTS.197504140UTS"" data-stat=""home_team_name""><a href=""/teams/UTS/1975.html"">Utah Stars</a></td><td class=""right"" data-stat=""home_pts"">113</td><td class=""center"" data-stat=""box_score_text""><a href=""/boxscores/197504140UTS.html"">Box Score</a></td><td class=""center iz"" data-stat=""overtimes""></td><td class=""right"" data-stat=""attendance"">8,448</td><td class=""left iz"" data-stat=""game_remarks""></td></tr>"
71,"<tr><th class=""left"" csk=""197504150NYA"" data-stat=""date_game"" scope=""row""><a href=""/boxscores/index.fcgi?month=4&amp;day=15&amp;year=1975"">Tue, Apr 15, 1975</a></th><td class=""left"" csk=""SSL.197504150NYA"" data-stat=""visitor_team_name""><a href=""/teams/SSL/1975.html"">Spirits of St. Louis</a></td><td class=""right"" data-stat=""visitor_pts"">108</td><td class=""left"" csk=""NYA.197504150NYA"" data-stat=""home_team_name""><a href=""/teams/NYA/1975.html"">New York Nets</a></td><td class=""right"" data-stat=""home_pts"">107</td><td class=""center"" data-stat=""box_score_text""><a href=""/boxscores/197504150NYA.html"">Box Score</a></td><td class=""center iz"" data-stat=""overtimes""></td><td class=""right"" data-stat=""attendance"">9,664</td><td class=""left iz"" data-stat=""game_remarks""></td></tr>"
73,"<tr><th class=""left"" csk=""197504160INA"" data-stat=""date_game"" scope=""row""><a href=""/boxscores/index.fcgi?month=4&amp;day=16&amp;year=1975"">Wed, Apr 16, 1975</a></th><td class=""left"" csk=""SAA.197504160INA"" data-stat=""visitor_team_name""><a href=""/teams/SAA/1975.html"">San Antonio Spurs</a></td><td class=""right"" data-stat=""visitor_pts"">100</td><td class=""left"" csk=""INA.197504160INA"" data-stat=""home_team_name""><a href=""/teams/INA/1975.html"">Indiana Pacers</a></td><td class=""right"" data-stat=""home_pts"">115</td><td class=""center"" data-stat=""box_score_text""><a href=""/boxscores/197504160INA.html"">Box Score</a></td><td class=""center iz"" data-stat=""overtimes""></td><td class=""right"" data-stat=""attendance"">15,675</td><td class=""left iz"" data-stat=""game_remarks""></td></tr>"
75,"<tr><th class=""left"" csk=""197504200DNA"" data-stat=""date_game"" scope=""row""><a href=""/boxscores/index.fcgi?month=4&amp;day=20&amp;year=1975"">Sun, Apr 20, 1975</a></th><td class=""left"" csk=""INA.197504200DNA"" data-stat=""visitor_team_name""><a href=""/teams/INA/1975.html"">Indiana Pacers</a></td><td class=""right"" data-stat=""visitor_pts"">128</td><td class=""left"" csk=""DNA.197504200DNA"" data-stat=""home_team_name""><a href=""/teams/DNA/1975.html"">Denver Nuggets</a></td><td class=""right"" data-stat=""home_pts"">131</td><td class=""center"" data-stat=""box_score_text""><a href=""/boxscores/197504200DNA.html"">Box Score</a></td><td class=""center iz"" data-stat=""overtimes""></td><td class=""right"" data-stat=""attendance"">7,444</td><td class=""left iz"" data-stat=""game_remarks""></td></tr>"
77,"<tr><th class=""left"" csk=""197504210KEN"" data-stat=""date_game"" scope=""row""><a href=""/boxscores/index.fcgi?month=4&amp;day=21&amp;year=1975"">Mon, Apr 21, 1975</a></th><td class=""left"" csk=""SSL.197504210KEN"" data-stat=""visitor_team_name""><a href=""/teams/SSL/1975.html"">Spirits of St. Louis</a></td><td class=""right"" data-stat=""visitor_pts"">109</td><td class=""left"" csk=""KEN.197504210KEN"" data-stat=""home_team_name""><a href=""/teams/KEN/1975.html"">Kentucky Colonels</a></td><td class=""right"" data-stat=""home_pts"">112</td><td class=""center"" data-stat=""box_score_text""><a href=""/boxscores/197504210KEN.html"">Box Score</a></td><td class=""center iz"" data-stat=""overtimes""></td><td class=""right"" data-stat=""attendance"">6,612</td><td class=""left iz"" data-stat=""game_remarks""></td></tr>"
79,"<tr><th class=""left"" csk=""197504220DNA"" data-stat=""date_game"" scope=""row""><a href=""/boxscores/index.fcgi?month=4&amp;day=22&amp;year=1975"">Tue, Apr 22, 1975</a></th><td class=""left"" csk=""INA.197504220DNA"" data-stat=""visitor_team_name""><a href=""/teams/INA/1975.html"">Indiana Pacers</a></td><td class=""right"" data-stat=""visitor_pts"">131</td><td class=""left"" csk=""DNA.197504220DNA"" data-stat=""home_team_name""><a href=""/teams/DNA/1975.html"">Denver Nuggets</a></td><td class=""right"" data-stat=""home_pts"">124</td><td class=""center"" data-stat=""box_score_text""><a href=""/boxscores/197504220DNA.html"">Box Score</a></td><td class=""center iz"" data-stat=""overtimes""></td><td class=""right"" data-stat=""attendance"">7,491</td><td class=""left iz"" data-stat=""game_remarks""></td></tr>"
81,"<tr><th class=""left"" csk=""197504230KEN"" data-stat=""date_game"" scope=""row""><a href=""/boxscores/index.fcgi?month=4&amp;day=23&amp;year=1975"">Wed, Apr 23, 1975</a></th><td class=""left"" csk=""SSL.197504230KEN"" data-stat=""visitor_team_name""><a href=""/teams/SSL/1975.html"">Spirits of St. Louis</a></td><td class=""right"" data-stat=""visitor_pts"">103</td><td class=""left"" csk=""KEN.197504230KEN"" data-stat=""home_team_name""><a href=""/teams/KEN/1975.html"">Kentucky Colonels</a></td><td class=""right"" data-stat=""home_pts"">108</td><td class=""center"" data-stat=""box_score_text""><a href=""/boxscores/197504230KEN.html"">Box Score</a></td><td class=""center iz"" data-stat=""overtimes""></td><td class=""right"" data-stat=""attendance"">8,422</td><td class=""left iz"" data-stat=""game_remarks""></td></tr>"
83,"<tr><th class=""left"" csk=""197504240INA"" data-stat=""date_game"" scope=""row""><a href=""/boxscores/index.fcgi?month=4&amp;day=24&amp;year=1975"">Thu, Apr 24, 1975</a></th><td class=""left"" csk=""DNA.197504240INA"" data-stat=""visitor_team_name""><a href=""/teams/DNA/1975.html"">Denver Nuggets</a></td><td class=""right"" data-stat=""visitor_pts"">112</td><td class=""left"" csk=""INA.197504240INA"" data-stat=""home_team_name""><a href=""/teams/INA/1975.html"">Indiana Pacers</a></td><td class=""right"" data-stat=""home_pts"">118</td><td class=""center"" data-stat=""box_score_text""><a href=""/boxscores/197504240INA.html"">Box Score</a></td><td class=""center iz"" data-stat=""overtimes""></td><td class=""right"" data-stat=""attendance"">15,496</td><td class=""left iz"" data-stat=""game_remarks""></td></tr>"
85,"<tr><th class=""left"" csk=""197504250SSL"" data-stat=""date_game"" scope=""row""><a href=""/boxscores/index.fcgi?month=4&amp;day=25&amp;year=1975"">Fri, Apr 25, 1975</a></th><td class=""left"" csk=""KEN.197504250SSL"" data-stat=""visitor_team_name""><a href=""/teams/KEN/1975.html"">Kentucky Colonels</a></td><td class=""right"" data-stat=""visitor_pts"">97</td><td class=""left"" csk=""SSL.197504250SSL"" data-stat=""home_team_name""><a href=""/teams/SSL/1975.html"">Spirits of St. Louis</a></td><td class=""right"" data-stat=""home_pts"">103</td><td class=""center"" data-stat=""box_score_text""><a href=""/boxscores/197504250SSL.html"">Box Score</a></td><td class=""center iz"" data-stat=""overtimes""></td><td class=""right"" data-stat=""attendance"">10,142</td><td class=""left iz"" data-stat=""game_remarks""></td></tr>"
87,"<tr><th class=""left"" csk=""197504250INA"" data-stat=""date_game"" scope=""row""><a href=""/boxscores/index.fcgi?month=4&amp;day=25&amp;year=1975"">Fri, Apr 25, 1975</a></th><td class=""left"" csk=""DNA.197504250INA"" data-stat=""visitor_team_name""><a href=""/teams/DNA/1975.html"">Denver Nuggets</a></td><td class=""right"" data-stat=""visitor_pts"">126</td><td class=""left"" csk=""INA.197504250INA"" data-stat=""home_team_name""><a href=""/teams/INA/1975.html"">Indiana Pacers</a></td><td class=""right"" data-stat=""home_pts"">109</td><td class=""center"" data-stat=""box_score_text""><a href=""/boxscores/197504250INA.html"">Box Score</a></td><td class=""center iz"" data-stat=""overtimes""></td><td class=""right"" data-stat=""attendance"">17,389</td><td class=""left iz"" data-stat=""game_remarks""></td></tr>"
89,"<tr><th class=""left"" csk=""197504270DNA"" data-stat=""date_game"" scope=""row""><a href=""/boxscores/index.fcgi?month=4&amp;day=27&amp;year=1975"">Sun, Apr 27, 1975</a></th><td class=""left"" csk=""INA.197504270DNA"" data-stat=""visitor_team_name""><a href=""/teams/INA/1975.html"">Indiana Pacers</a></td><td class=""right"" data-stat=""visitor_pts"">109</td><td class=""left"" csk=""DNA.197504270DNA"" data-stat=""home_team_name""><a href=""/teams/DNA/1975.html"">Denver Nuggets</a></td><td class=""right"" data-stat=""home_pts"">90</td><td class=""center"" data-stat=""box_score_text""><a href=""/boxscores/197504270DNA.html"">Box Score</a></td><td class=""center iz"" data-stat=""overtimes""></td><td class=""right"" data-stat=""attendance"">7,483</td><td class=""left iz"" data-stat=""game_remarks""></td></tr>"
91,"<tr><th class=""left"" csk=""197504270SSL"" data-stat=""date_game"" scope=""row""><a href=""/boxscores/index.fcgi?month=4&amp;day=27&amp;year=1975"">Sun, Apr 27, 1975</a></th><td class=""left"" csk=""KEN.197504270SSL"" data-stat=""visitor_team_name""><a href=""/teams/KEN/1975.html"">Kentucky Colonels</a></td><td class=""right"" data-stat=""visitor_pts"">117</td><td class=""left"" csk=""SSL.197504270SSL"" data-stat=""home_team_name""><a href=""/teams/SSL/1975.html"">Spirits of St. Louis</a></td><td class=""right"" data-stat=""home_pts"">98</td><td class=""center"" data-stat=""box_score_text""><a href=""/boxscores/197504270SSL.html"">Box Score</a></td><td class=""center iz"" data-stat=""overtimes""></td><td class=""right"" data-stat=""attendance"">11,688</td><td class=""left iz"" data-stat=""game_remarks""></td></tr>"
93,"<tr><th class=""left"" csk=""197504280KEN"" data-stat=""date_game"" scope=""row""><a href=""/boxscores/index.fcgi?month=4&amp;day=28&amp;year=1975"">Mon, Apr 28, 1975</a></th><td class=""left"" csk=""SSL.197504280KEN"" data-stat=""visitor_team_name""><a href=""/teams/SSL/1975.html"">Spirits of St. Louis</a></td><td class=""right"" data-stat=""visitor_pts"">103</td><td class=""left"" csk=""KEN.197504280KEN"" data-stat=""home_team_name""><a href=""/teams/KEN/1975.html"">Kentucky Colonels</a></td><td class=""right"" data-stat=""home_pts"">123</td><td class=""center"" data-stat=""box_score_text""><a href=""/boxscores/197504280KEN.html"">Box Score</a></td><td class=""center iz"" data-stat=""overtimes""></td><td class=""right"" data-stat=""attendance"">8,726</td><td class=""left iz"" data-stat=""game_remarks""></td></tr>"
95,"<tr><th class=""left"" csk=""197504300INA"" data-stat=""date_game"" scope=""row""><a href=""/boxscores/index.fcgi?month=4&amp;day=30&amp;year=1975"">Wed, Apr 30, 1975</a></th><td class=""left"" csk=""DNA.197504300INA"" data-stat=""visitor_team_name""><a href=""/teams/DNA/1975.html"">Denver Nuggets</a></td><td class=""right"" data-stat=""visitor_pts"">104</td><td class=""left"" csk=""INA.197504300INA"" data-stat=""home_team_name""><a href=""/teams/INA/1975.html"">Indiana Pacers</a></td><td class=""right"" data-stat=""home_pts"">99</td><td class=""center"" data-stat=""box_score_text""><a href=""/boxscores/197504300INA.html"">Box Score</a></td><td class=""center iz"" data-stat=""overtimes""></td><td class=""right"" data-stat=""attendance"">17,421</td><td class=""left iz"" data-stat=""game_remarks""></td></tr>"
