,0
1,"<tr><th class=""left"" csk=""197512020KEN"" data-stat=""date_game"" scope=""row""><a href=""/boxscores/index.fcgi?month=12&amp;day=2&amp;year=1975"">Tue, Dec 2, 1975</a></th><td class=""right iz"" data-stat=""game_start_time""></td><td class=""left"" csk=""SSL.197512020KEN"" data-stat=""visitor_team_name""><a href=""/teams/SSL/1976.html"">Spirits of St. Louis</a></td><td class=""right"" data-stat=""visitor_pts"">122</td><td class=""left"" csk=""KEN.197512020KEN"" data-stat=""home_team_name""><a href=""/teams/KEN/1976.html"">Kentucky Colonels</a></td><td class=""right"" data-stat=""home_pts"">112</td><td class=""center"" data-stat=""box_score_text""><a href=""/boxscores/197512020KEN.html"">Box Score</a></td><td class=""center iz"" data-stat=""overtimes""></td><td class=""right"" data-stat=""attendance"">2,191</td><td class=""left"" data-stat=""game_remarks"">at Cincinnati, OH</td></tr>"
3,"<tr><th class=""left"" csk=""197512020SAA"" data-stat=""date_game"" scope=""row""><a href=""/boxscores/index.fcgi?month=12&amp;day=2&amp;year=1975"">Tue, Dec 2, 1975</a></th><td class=""right iz"" data-stat=""game_start_time""></td><td class=""left"" csk=""VIR.197512020SAA"" data-stat=""visitor_team_name""><a href=""/teams/VIR/1976.html"">Virginia Squires</a></td><td class=""right"" data-stat=""visitor_pts"">101</td><td class=""left"" csk=""SAA.197512020SAA"" data-stat=""home_team_name""><a href=""/teams/SAA/1976.html"">San Antonio Spurs</a></td><td class=""right"" data-stat=""home_pts"">119</td><td class=""center"" data-stat=""box_score_text""><a href=""/boxscores/197512020SAA.html"">Box Score</a></td><td class=""center iz"" data-stat=""overtimes""></td><td class=""right"" data-stat=""attendance"">6,539</td><td class=""left iz"" data-stat=""game_remarks""></td></tr>"
5,"<tr><th class=""left"" csk=""197512030INA"" data-stat=""date_game"" scope=""row""><a href=""/boxscores/index.fcgi?month=12&amp;day=3&amp;year=1975"">Wed, Dec 3, 1975</a></th><td class=""right iz"" data-stat=""game_start_time""></td><td class=""left"" csk=""KEN.197512030INA"" data-stat=""visitor_team_name""><a href=""/teams/KEN/1976.html"">Kentucky Colonels</a></td><td class=""right"" data-stat=""visitor_pts"">100</td><td class=""left"" csk=""INA.197512030INA"" data-stat=""home_team_name""><a href=""/teams/INA/1976.html"">Indiana Pacers</a></td><td class=""right"" data-stat=""home_pts"">113</td><td class=""center"" data-stat=""box_score_text""><a href=""/boxscores/197512030INA.html"">Box Score</a></td><td class=""center iz"" data-stat=""overtimes""></td><td class=""right"" data-stat=""attendance"">7,475</td><td class=""left iz"" data-stat=""game_remarks""></td></tr>"
7,"<tr><th class=""left"" csk=""197512030SSL"" data-stat=""date_game"" scope=""row""><a href=""/boxscores/index.fcgi?month=12&amp;day=3&amp;year=1975"">Wed, Dec 3, 1975</a></th><td class=""right iz"" data-stat=""game_start_time""></td><td class=""left"" csk=""VIR.197512030SSL"" data-stat=""visitor_team_name""><a href=""/teams/VIR/1976.html"">Virginia Squires</a></td><td class=""right"" data-stat=""visitor_pts"">114</td><td class=""left"" csk=""SSL.197512030SSL"" data-stat=""home_team_name""><a href=""/teams/SSL/1976.html"">Spirits of St. Louis</a></td><td class=""right"" data-stat=""home_pts"">112</td><td class=""center"" data-stat=""box_score_text""><a href=""/boxscores/197512030SSL.html"">Box Score</a></td><td class=""center iz"" data-stat=""overtimes""></td><td class=""right"" data-stat=""attendance"">1,588</td><td class=""left iz"" data-stat=""game_remarks""></td></tr>"
9,"<tr><th class=""left"" csk=""197512050INA"" data-stat=""date_game"" scope=""row""><a href=""/boxscores/index.fcgi?month=12&amp;day=5&amp;year=1975"">Fri, Dec 5, 1975</a></th><td class=""right iz"" data-stat=""game_start_time""></td><td class=""left"" csk=""SSL.197512050INA"" data-stat=""visitor_team_name""><a href=""/teams/SSL/1976.html"">Spirits of St. Louis</a></td><td class=""right"" data-stat=""visitor_pts"">105</td><td class=""left"" csk=""INA.197512050INA"" data-stat=""home_team_name""><a href=""/teams/INA/1976.html"">Indiana Pacers</a></td><td class=""right"" data-stat=""home_pts"">123</td><td class=""center"" data-stat=""box_score_text""><a href=""/boxscores/197512050INA.html"">Box Score</a></td><td class=""center iz"" data-stat=""overtimes""></td><td class=""right"" data-stat=""attendance"">6,934</td><td class=""left iz"" data-stat=""game_remarks""></td></tr>"
11,"<tr><th class=""left"" csk=""197512050VIR"" data-stat=""date_game"" scope=""row""><a href=""/boxscores/index.fcgi?month=12&amp;day=5&amp;year=1975"">Fri, Dec 5, 1975</a></th><td class=""right iz"" data-stat=""game_start_time""></td><td class=""left"" csk=""KEN.197512050VIR"" data-stat=""visitor_team_name""><a href=""/teams/KEN/1976.html"">Kentucky Colonels</a></td><td class=""right"" data-stat=""visitor_pts"">120</td><td class=""left"" csk=""VIR.197512050VIR"" data-stat=""home_team_name""><a href=""/teams/VIR/1976.html"">Virginia Squires</a></td><td class=""right"" data-stat=""home_pts"">111</td><td class=""center"" data-stat=""box_score_text""><a href=""/boxscores/197512050VIR.html"">Box Score</a></td><td class=""center iz"" data-stat=""overtimes""></td><td class=""right"" data-stat=""attendance"">7,357</td><td class=""left"" data-stat=""game_remarks"">at Norfolk, VA</td></tr>"
13,"<tr><th class=""left"" csk=""197512060SAA"" data-stat=""date_game"" scope=""row""><a href=""/boxscores/index.fcgi?month=12&amp;day=6&amp;year=1975"">Sat, Dec 6, 1975</a></th><td class=""right iz"" data-stat=""game_start_time""></td><td class=""left"" csk=""SSL.197512060SAA"" data-stat=""visitor_team_name""><a href=""/teams/SSL/1976.html"">Spirits of St. Louis</a></td><td class=""right"" data-stat=""visitor_pts"">104</td><td class=""left"" csk=""SAA.197512060SAA"" data-stat=""home_team_name""><a href=""/teams/SAA/1976.html"">San Antonio Spurs</a></td><td class=""right"" data-stat=""home_pts"">118</td><td class=""center"" data-stat=""box_score_text""><a href=""/boxscores/197512060SAA.html"">Box Score</a></td><td class=""center iz"" data-stat=""overtimes""></td><td class=""right"" data-stat=""attendance"">9,008</td><td class=""left iz"" data-stat=""game_remarks""></td></tr>"
15,"<tr><th class=""left"" csk=""197512060DNA"" data-stat=""date_game"" scope=""row""><a href=""/boxscores/index.fcgi?month=12&amp;day=6&amp;year=1975"">Sat, Dec 6, 1975</a></th><td class=""right iz"" data-stat=""game_start_time""></td><td class=""left"" csk=""INA.197512060DNA"" data-stat=""visitor_team_name""><a href=""/teams/INA/1976.html"">Indiana Pacers</a></td><td class=""right"" data-stat=""visitor_pts"">118</td><td class=""left"" csk=""DNA.197512060DNA"" data-stat=""home_team_name""><a href=""/teams/DNA/1976.html"">Denver Nuggets</a></td><td class=""right"" data-stat=""home_pts"">126</td><td class=""center"" data-stat=""box_score_text""><a href=""/boxscores/197512060DNA.html"">Box Score</a></td><td class=""center iz"" data-stat=""overtimes""></td><td class=""right"" data-stat=""attendance"">13,638</td><td class=""left iz"" data-stat=""game_remarks""></td></tr>"
17,"<tr><th class=""left"" csk=""197512070KEN"" data-stat=""date_game"" scope=""row""><a href=""/boxscores/index.fcgi?month=12&amp;day=7&amp;year=1975"">Sun, Dec 7, 1975</a></th><td class=""right iz"" data-stat=""game_start_time""></td><td class=""left"" csk=""VIR.197512070KEN"" data-stat=""visitor_team_name""><a href=""/teams/VIR/1976.html"">Virginia Squires</a></td><td class=""right"" data-stat=""visitor_pts"">98</td><td class=""left"" csk=""KEN.197512070KEN"" data-stat=""home_team_name""><a href=""/teams/KEN/1976.html"">Kentucky Colonels</a></td><td class=""right"" data-stat=""home_pts"">112</td><td class=""center"" data-stat=""box_score_text""><a href=""/boxscores/197512070KEN.html"">Box Score</a></td><td class=""center iz"" data-stat=""overtimes""></td><td class=""right"" data-stat=""attendance"">6,867</td><td class=""left iz"" data-stat=""game_remarks""></td></tr>"
19,"<tr><th class=""left"" csk=""197512070NYA"" data-stat=""date_game"" scope=""row""><a href=""/boxscores/index.fcgi?month=12&amp;day=7&amp;year=1975"">Sun, Dec 7, 1975</a></th><td class=""right iz"" data-stat=""game_start_time""></td><td class=""left"" csk=""DNA.197512070NYA"" data-stat=""visitor_team_name""><a href=""/teams/DNA/1976.html"">Denver Nuggets</a></td><td class=""right"" data-stat=""visitor_pts"">123</td><td class=""left"" csk=""NYA.197512070NYA"" data-stat=""home_team_name""><a href=""/teams/NYA/1976.html"">New York Nets</a></td><td class=""right"" data-stat=""home_pts"">119</td><td class=""center"" data-stat=""box_score_text""><a href=""/boxscores/197512070NYA.html"">Box Score</a></td><td class=""center iz"" data-stat=""overtimes""></td><td class=""right"" data-stat=""attendance"">10,390</td><td class=""left iz"" data-stat=""game_remarks""></td></tr>"
21,"<tr><th class=""left"" csk=""197512100INA"" data-stat=""date_game"" scope=""row""><a href=""/boxscores/index.fcgi?month=12&amp;day=10&amp;year=1975"">Wed, Dec 10, 1975</a></th><td class=""right iz"" data-stat=""game_start_time""></td><td class=""left"" csk=""SAA.197512100INA"" data-stat=""visitor_team_name""><a href=""/teams/SAA/1976.html"">San Antonio Spurs</a></td><td class=""right"" data-stat=""visitor_pts"">104</td><td class=""left"" csk=""INA.197512100INA"" data-stat=""home_team_name""><a href=""/teams/INA/1976.html"">Indiana Pacers</a></td><td class=""right"" data-stat=""home_pts"">122</td><td class=""center"" data-stat=""box_score_text""><a href=""/boxscores/197512100INA.html"">Box Score</a></td><td class=""center iz"" data-stat=""overtimes""></td><td class=""right"" data-stat=""attendance"">5,189</td><td class=""left iz"" data-stat=""game_remarks""></td></tr>"
23,"<tr><th class=""left"" csk=""197512100SSL"" data-stat=""date_game"" scope=""row""><a href=""/boxscores/index.fcgi?month=12&amp;day=10&amp;year=1975"">Wed, Dec 10, 1975</a></th><td class=""right iz"" data-stat=""game_start_time""></td><td class=""left"" csk=""DNA.197512100SSL"" data-stat=""visitor_team_name""><a href=""/teams/DNA/1976.html"">Denver Nuggets</a></td><td class=""right"" data-stat=""visitor_pts"">146</td><td class=""left"" csk=""SSL.197512100SSL"" data-stat=""home_team_name""><a href=""/teams/SSL/1976.html"">Spirits of St. Louis</a></td><td class=""right"" data-stat=""home_pts"">137</td><td class=""center"" data-stat=""box_score_text""><a href=""/boxscores/197512100SSL.html"">Box Score</a></td><td class=""center iz"" data-stat=""overtimes""></td><td class=""right"" data-stat=""attendance"">3,063</td><td class=""left iz"" data-stat=""game_remarks""></td></tr>"
25,"<tr><th class=""left"" csk=""197512110VIR"" data-stat=""date_game"" scope=""row""><a href=""/boxscores/index.fcgi?month=12&amp;day=11&amp;year=1975"">Thu, Dec 11, 1975</a></th><td class=""right iz"" data-stat=""game_start_time""></td><td class=""left"" csk=""DNA.197512110VIR"" data-stat=""visitor_team_name""><a href=""/teams/DNA/1976.html"">Denver Nuggets</a></td><td class=""right"" data-stat=""visitor_pts"">111</td><td class=""left"" csk=""VIR.197512110VIR"" data-stat=""home_team_name""><a href=""/teams/VIR/1976.html"">Virginia Squires</a></td><td class=""right"" data-stat=""home_pts"">100</td><td class=""center"" data-stat=""box_score_text""><a href=""/boxscores/197512110VIR.html"">Box Score</a></td><td class=""center iz"" data-stat=""overtimes""></td><td class=""right"" data-stat=""attendance"">6,186</td><td class=""left"" data-stat=""game_remarks"">at Richmond, VA</td></tr>"
27,"<tr><th class=""left"" csk=""197512110INA"" data-stat=""date_game"" scope=""row""><a href=""/boxscores/index.fcgi?month=12&amp;day=11&amp;year=1975"">Thu, Dec 11, 1975</a></th><td class=""right iz"" data-stat=""game_start_time""></td><td class=""left"" csk=""NYA.197512110INA"" data-stat=""visitor_team_name""><a href=""/teams/NYA/1976.html"">New York Nets</a></td><td class=""right"" data-stat=""visitor_pts"">124</td><td class=""left"" csk=""INA.197512110INA"" data-stat=""home_team_name""><a href=""/teams/INA/1976.html"">Indiana Pacers</a></td><td class=""right"" data-stat=""home_pts"">123</td><td class=""center"" data-stat=""box_score_text""><a href=""/boxscores/197512110INA.html"">Box Score</a></td><td class=""center"" data-stat=""overtimes"">OT</td><td class=""right"" data-stat=""attendance"">5,392</td><td class=""left iz"" data-stat=""game_remarks""></td></tr>"
29,"<tr><th class=""left"" csk=""197512120KEN"" data-stat=""date_game"" scope=""row""><a href=""/boxscores/index.fcgi?month=12&amp;day=12&amp;year=1975"">Fri, Dec 12, 1975</a></th><td class=""right iz"" data-stat=""game_start_time""></td><td class=""left"" csk=""SAA.197512120KEN"" data-stat=""visitor_team_name""><a href=""/teams/SAA/1976.html"">San Antonio Spurs</a></td><td class=""right"" data-stat=""visitor_pts"">107</td><td class=""left"" csk=""KEN.197512120KEN"" data-stat=""home_team_name""><a href=""/teams/KEN/1976.html"">Kentucky Colonels</a></td><td class=""right"" data-stat=""home_pts"">100</td><td class=""center"" data-stat=""box_score_text""><a href=""/boxscores/197512120KEN.html"">Box Score</a></td><td class=""center iz"" data-stat=""overtimes""></td><td class=""right"" data-stat=""attendance"">5,885</td><td class=""left iz"" data-stat=""game_remarks""></td></tr>"
31,"<tr><th class=""left"" csk=""197512120NYA"" data-stat=""date_game"" scope=""row""><a href=""/boxscores/index.fcgi?month=12&amp;day=12&amp;year=1975"">Fri, Dec 12, 1975</a></th><td class=""right iz"" data-stat=""game_start_time""></td><td class=""left"" csk=""SSL.197512120NYA"" data-stat=""visitor_team_name""><a href=""/teams/SSL/1976.html"">Spirits of St. Louis</a></td><td class=""right"" data-stat=""visitor_pts"">98</td><td class=""left"" csk=""NYA.197512120NYA"" data-stat=""home_team_name""><a href=""/teams/NYA/1976.html"">New York Nets</a></td><td class=""right"" data-stat=""home_pts"">106</td><td class=""center"" data-stat=""box_score_text""><a href=""/boxscores/197512120NYA.html"">Box Score</a></td><td class=""center iz"" data-stat=""overtimes""></td><td class=""right"" data-stat=""attendance"">9,327</td><td class=""left iz"" data-stat=""game_remarks""></td></tr>"
33,"<tr><th class=""left"" csk=""197512120VIR"" data-stat=""date_game"" scope=""row""><a href=""/boxscores/index.fcgi?month=12&amp;day=12&amp;year=1975"">Fri, Dec 12, 1975</a></th><td class=""right iz"" data-stat=""game_start_time""></td><td class=""left"" csk=""DNA.197512120VIR"" data-stat=""visitor_team_name""><a href=""/teams/DNA/1976.html"">Denver Nuggets</a></td><td class=""right"" data-stat=""visitor_pts"">110</td><td class=""left"" csk=""VIR.197512120VIR"" data-stat=""home_team_name""><a href=""/teams/VIR/1976.html"">Virginia Squires</a></td><td class=""right"" data-stat=""home_pts"">107</td><td class=""center"" data-stat=""box_score_text""><a href=""/boxscores/197512120VIR.html"">Box Score</a></td><td class=""center iz"" data-stat=""overtimes""></td><td class=""right"" data-stat=""attendance"">5,564</td><td class=""left"" data-stat=""game_remarks"">at Hampton, VA</td></tr>"
35,"<tr><th class=""left"" csk=""197512130SSL"" data-stat=""date_game"" scope=""row""><a href=""/boxscores/index.fcgi?month=12&amp;day=13&amp;year=1975"">Sat, Dec 13, 1975</a></th><td class=""right iz"" data-stat=""game_start_time""></td><td class=""left"" csk=""INA.197512130SSL"" data-stat=""visitor_team_name""><a href=""/teams/INA/1976.html"">Indiana Pacers</a></td><td class=""right"" data-stat=""visitor_pts"">119</td><td class=""left"" csk=""SSL.197512130SSL"" data-stat=""home_team_name""><a href=""/teams/SSL/1976.html"">Spirits of St. Louis</a></td><td class=""right"" data-stat=""home_pts"">111</td><td class=""center"" data-stat=""box_score_text""><a href=""/boxscores/197512130SSL.html"">Box Score</a></td><td class=""center iz"" data-stat=""overtimes""></td><td class=""right iz"" data-stat=""attendance""></td><td class=""left iz"" data-stat=""game_remarks""></td></tr>"
37,"<tr><th class=""left"" csk=""197512130SAA"" data-stat=""date_game"" scope=""row""><a href=""/boxscores/index.fcgi?month=12&amp;day=13&amp;year=1975"">Sat, Dec 13, 1975</a></th><td class=""right iz"" data-stat=""game_start_time""></td><td class=""left"" csk=""KEN.197512130SAA"" data-stat=""visitor_team_name""><a href=""/teams/KEN/1976.html"">Kentucky Colonels</a></td><td class=""right"" data-stat=""visitor_pts"">108</td><td class=""left"" csk=""SAA.197512130SAA"" data-stat=""home_team_name""><a href=""/teams/SAA/1976.html"">San Antonio Spurs</a></td><td class=""right"" data-stat=""home_pts"">123</td><td class=""center"" data-stat=""box_score_text""><a href=""/boxscores/197512130SAA.html"">Box Score</a></td><td class=""center iz"" data-stat=""overtimes""></td><td class=""right"" data-stat=""attendance"">7,112</td><td class=""left iz"" data-stat=""game_remarks""></td></tr>"
39,"<tr><th class=""left"" csk=""197512140NYA"" data-stat=""date_game"" scope=""row""><a href=""/boxscores/index.fcgi?month=12&amp;day=14&amp;year=1975"">Sun, Dec 14, 1975</a></th><td class=""right iz"" data-stat=""game_start_time""></td><td class=""left"" csk=""INA.197512140NYA"" data-stat=""visitor_team_name""><a href=""/teams/INA/1976.html"">Indiana Pacers</a></td><td class=""right"" data-stat=""visitor_pts"">93</td><td class=""left"" csk=""NYA.197512140NYA"" data-stat=""home_team_name""><a href=""/teams/NYA/1976.html"">New York Nets</a></td><td class=""right"" data-stat=""home_pts"">99</td><td class=""center"" data-stat=""box_score_text""><a href=""/boxscores/197512140NYA.html"">Box Score</a></td><td class=""center iz"" data-stat=""overtimes""></td><td class=""right"" data-stat=""attendance"">7,103</td><td class=""left iz"" data-stat=""game_remarks""></td></tr>"
41,"<tr><th class=""left"" csk=""197512150VIR"" data-stat=""date_game"" scope=""row""><a href=""/boxscores/index.fcgi?month=12&amp;day=15&amp;year=1975"">Mon, Dec 15, 1975</a></th><td class=""right iz"" data-stat=""game_start_time""></td><td class=""left"" csk=""DNA.197512150VIR"" data-stat=""visitor_team_name""><a href=""/teams/DNA/1976.html"">Denver Nuggets</a></td><td class=""right"" data-stat=""visitor_pts"">131</td><td class=""left"" csk=""VIR.197512150VIR"" data-stat=""home_team_name""><a href=""/teams/VIR/1976.html"">Virginia Squires</a></td><td class=""right"" data-stat=""home_pts"">110</td><td class=""center"" data-stat=""box_score_text""><a href=""/boxscores/197512150VIR.html"">Box Score</a></td><td class=""center iz"" data-stat=""overtimes""></td><td class=""right"" data-stat=""attendance"">10,010</td><td class=""left"" data-stat=""game_remarks"">at Norfolk, VA</td></tr>"
43,"<tr><th class=""left"" csk=""197512160NYA"" data-stat=""date_game"" scope=""row""><a href=""/boxscores/index.fcgi?month=12&amp;day=16&amp;year=1975"">Tue, Dec 16, 1975</a></th><td class=""right iz"" data-stat=""game_start_time""></td><td class=""left"" csk=""KEN.197512160NYA"" data-stat=""visitor_team_name""><a href=""/teams/KEN/1976.html"">Kentucky Colonels</a></td><td class=""right"" data-stat=""visitor_pts"">96</td><td class=""left"" csk=""NYA.197512160NYA"" data-stat=""home_team_name""><a href=""/teams/NYA/1976.html"">New York Nets</a></td><td class=""right"" data-stat=""home_pts"">98</td><td class=""center"" data-stat=""box_score_text""><a href=""/boxscores/197512160NYA.html"">Box Score</a></td><td class=""center iz"" data-stat=""overtimes""></td><td class=""right"" data-stat=""attendance"">6,004</td><td class=""left iz"" data-stat=""game_remarks""></td></tr>"
45,"<tr><th class=""left"" csk=""197512160SSL"" data-stat=""date_game"" scope=""row""><a href=""/boxscores/index.fcgi?month=12&amp;day=16&amp;year=1975"">Tue, Dec 16, 1975</a></th><td class=""right iz"" data-stat=""game_start_time""></td><td class=""left"" csk=""SAA.197512160SSL"" data-stat=""visitor_team_name""><a href=""/teams/SAA/1976.html"">San Antonio Spurs</a></td><td class=""right"" data-stat=""visitor_pts"">103</td><td class=""left"" csk=""SSL.197512160SSL"" data-stat=""home_team_name""><a href=""/teams/SSL/1976.html"">Spirits of St. Louis</a></td><td class=""right"" data-stat=""home_pts"">106</td><td class=""center"" data-stat=""box_score_text""><a href=""/boxscores/197512160SSL.html"">Box Score</a></td><td class=""center iz"" data-stat=""overtimes""></td><td class=""right"" data-stat=""attendance"">855</td><td class=""left iz"" data-stat=""game_remarks""></td></tr>"
47,"<tr><th class=""left"" csk=""197512170INA"" data-stat=""date_game"" scope=""row""><a href=""/boxscores/index.fcgi?month=12&amp;day=17&amp;year=1975"">Wed, Dec 17, 1975</a></th><td class=""right iz"" data-stat=""game_start_time""></td><td class=""left"" csk=""SSL.197512170INA"" data-stat=""visitor_team_name""><a href=""/teams/SSL/1976.html"">Spirits of St. Louis</a></td><td class=""right"" data-stat=""visitor_pts"">102</td><td class=""left"" csk=""INA.197512170INA"" data-stat=""home_team_name""><a href=""/teams/INA/1976.html"">Indiana Pacers</a></td><td class=""right"" data-stat=""home_pts"">113</td><td class=""center"" data-stat=""box_score_text""><a href=""/boxscores/197512170INA.html"">Box Score</a></td><td class=""center iz"" data-stat=""overtimes""></td><td class=""right"" data-stat=""attendance"">4,880</td><td class=""left iz"" data-stat=""game_remarks""></td></tr>"
49,"<tr><th class=""left"" csk=""197512170DNA"" data-stat=""date_game"" scope=""row""><a href=""/boxscores/index.fcgi?month=12&amp;day=17&amp;year=1975"">Wed, Dec 17, 1975</a></th><td class=""right iz"" data-stat=""game_start_time""></td><td class=""left"" csk=""NYA.197512170DNA"" data-stat=""visitor_team_name""><a href=""/teams/NYA/1976.html"">New York Nets</a></td><td class=""right"" data-stat=""visitor_pts"">103</td><td class=""left"" csk=""DNA.197512170DNA"" data-stat=""home_team_name""><a href=""/teams/DNA/1976.html"">Denver Nuggets</a></td><td class=""right"" data-stat=""home_pts"">106</td><td class=""center"" data-stat=""box_score_text""><a href=""/boxscores/197512170DNA.html"">Box Score</a></td><td class=""center iz"" data-stat=""overtimes""></td><td class=""right"" data-stat=""attendance"">13,336</td><td class=""left iz"" data-stat=""game_remarks""></td></tr>"
51,"<tr><th class=""left"" csk=""197512180KEN"" data-stat=""date_game"" scope=""row""><a href=""/boxscores/index.fcgi?month=12&amp;day=18&amp;year=1975"">Thu, Dec 18, 1975</a></th><td class=""right iz"" data-stat=""game_start_time""></td><td class=""left"" csk=""SAA.197512180KEN"" data-stat=""visitor_team_name""><a href=""/teams/SAA/1976.html"">San Antonio Spurs</a></td><td class=""right"" data-stat=""visitor_pts"">115</td><td class=""left"" csk=""KEN.197512180KEN"" data-stat=""home_team_name""><a href=""/teams/KEN/1976.html"">Kentucky Colonels</a></td><td class=""right"" data-stat=""home_pts"">102</td><td class=""center"" data-stat=""box_score_text""><a href=""/boxscores/197512180KEN.html"">Box Score</a></td><td class=""center iz"" data-stat=""overtimes""></td><td class=""right"" data-stat=""attendance"">2,761</td><td class=""left iz"" data-stat=""game_remarks""></td></tr>"
53,"<tr><th class=""left"" csk=""197512180VIR"" data-stat=""date_game"" scope=""row""><a href=""/boxscores/index.fcgi?month=12&amp;day=18&amp;year=1975"">Thu, Dec 18, 1975</a></th><td class=""right iz"" data-stat=""game_start_time""></td><td class=""left"" csk=""NYA.197512180VIR"" data-stat=""visitor_team_name""><a href=""/teams/NYA/1976.html"">New York Nets</a></td><td class=""right"" data-stat=""visitor_pts"">90</td><td class=""left"" csk=""VIR.197512180VIR"" data-stat=""home_team_name""><a href=""/teams/VIR/1976.html"">Virginia Squires</a></td><td class=""right"" data-stat=""home_pts"">94</td><td class=""center"" data-stat=""box_score_text""><a href=""/boxscores/197512180VIR.html"">Box Score</a></td><td class=""center"" data-stat=""overtimes"">OT</td><td class=""right"" data-stat=""attendance"">2,703</td><td class=""left"" data-stat=""game_remarks"">at Norfolk, VA</td></tr>"
55,"<tr><th class=""left"" csk=""197512190KEN"" data-stat=""date_game"" scope=""row""><a href=""/boxscores/index.fcgi?month=12&amp;day=19&amp;year=1975"">Fri, Dec 19, 1975</a></th><td class=""right iz"" data-stat=""game_start_time""></td><td class=""left"" csk=""INA.197512190KEN"" data-stat=""visitor_team_name""><a href=""/teams/INA/1976.html"">Indiana Pacers</a></td><td class=""right"" data-stat=""visitor_pts"">116</td><td class=""left"" csk=""KEN.197512190KEN"" data-stat=""home_team_name""><a href=""/teams/KEN/1976.html"">Kentucky Colonels</a></td><td class=""right"" data-stat=""home_pts"">131</td><td class=""center"" data-stat=""box_score_text""><a href=""/boxscores/197512190KEN.html"">Box Score</a></td><td class=""center iz"" data-stat=""overtimes""></td><td class=""right"" data-stat=""attendance"">7,711</td><td class=""left iz"" data-stat=""game_remarks""></td></tr>"
57,"<tr><th class=""left"" csk=""197512190NYA"" data-stat=""date_game"" scope=""row""><a href=""/boxscores/index.fcgi?month=12&amp;day=19&amp;year=1975"">Fri, Dec 19, 1975</a></th><td class=""right iz"" data-stat=""game_start_time""></td><td class=""left"" csk=""SAA.197512190NYA"" data-stat=""visitor_team_name""><a href=""/teams/SAA/1976.html"">San Antonio Spurs</a></td><td class=""right"" data-stat=""visitor_pts"">97</td><td class=""left"" csk=""NYA.197512190NYA"" data-stat=""home_team_name""><a href=""/teams/NYA/1976.html"">New York Nets</a></td><td class=""right"" data-stat=""home_pts"">113</td><td class=""center"" data-stat=""box_score_text""><a href=""/boxscores/197512190NYA.html"">Box Score</a></td><td class=""center iz"" data-stat=""overtimes""></td><td class=""right"" data-stat=""attendance"">6,149</td><td class=""left iz"" data-stat=""game_remarks""></td></tr>"
59,"<tr><th class=""left"" csk=""197512190SSL"" data-stat=""date_game"" scope=""row""><a href=""/boxscores/index.fcgi?month=12&amp;day=19&amp;year=1975"">Fri, Dec 19, 1975</a></th><td class=""right iz"" data-stat=""game_start_time""></td><td class=""left"" csk=""VIR.197512190SSL"" data-stat=""visitor_team_name""><a href=""/teams/VIR/1976.html"">Virginia Squires</a></td><td class=""right"" data-stat=""visitor_pts"">107</td><td class=""left"" csk=""SSL.197512190SSL"" data-stat=""home_team_name""><a href=""/teams/SSL/1976.html"">Spirits of St. Louis</a></td><td class=""right"" data-stat=""home_pts"">139</td><td class=""center"" data-stat=""box_score_text""><a href=""/boxscores/197512190SSL.html"">Box Score</a></td><td class=""center iz"" data-stat=""overtimes""></td><td class=""right"" data-stat=""attendance"">1,431</td><td class=""left iz"" data-stat=""game_remarks""></td></tr>"
61,"<tr><th class=""left"" csk=""197512200SAA"" data-stat=""date_game"" scope=""row""><a href=""/boxscores/index.fcgi?month=12&amp;day=20&amp;year=1975"">Sat, Dec 20, 1975</a></th><td class=""right iz"" data-stat=""game_start_time""></td><td class=""left"" csk=""DNA.197512200SAA"" data-stat=""visitor_team_name""><a href=""/teams/DNA/1976.html"">Denver Nuggets</a></td><td class=""right"" data-stat=""visitor_pts"">121</td><td class=""left"" csk=""SAA.197512200SAA"" data-stat=""home_team_name""><a href=""/teams/SAA/1976.html"">San Antonio Spurs</a></td><td class=""right"" data-stat=""home_pts"">132</td><td class=""center"" data-stat=""box_score_text""><a href=""/boxscores/197512200SAA.html"">Box Score</a></td><td class=""center iz"" data-stat=""overtimes""></td><td class=""right"" data-stat=""attendance"">6,831</td><td class=""left iz"" data-stat=""game_remarks""></td></tr>"
63,"<tr><th class=""left"" csk=""197512200INA"" data-stat=""date_game"" scope=""row""><a href=""/boxscores/index.fcgi?month=12&amp;day=20&amp;year=1975"">Sat, Dec 20, 1975</a></th><td class=""right iz"" data-stat=""game_start_time""></td><td class=""left"" csk=""KEN.197512200INA"" data-stat=""visitor_team_name""><a href=""/teams/KEN/1976.html"">Kentucky Colonels</a></td><td class=""right"" data-stat=""visitor_pts"">109</td><td class=""left"" csk=""INA.197512200INA"" data-stat=""home_team_name""><a href=""/teams/INA/1976.html"">Indiana Pacers</a></td><td class=""right"" data-stat=""home_pts"">112</td><td class=""center"" data-stat=""box_score_text""><a href=""/boxscores/197512200INA.html"">Box Score</a></td><td class=""center iz"" data-stat=""overtimes""></td><td class=""right"" data-stat=""attendance"">8,046</td><td class=""left iz"" data-stat=""game_remarks""></td></tr>"
65,"<tr><th class=""left"" csk=""197512210DNA"" data-stat=""date_game"" scope=""row""><a href=""/boxscores/index.fcgi?month=12&amp;day=21&amp;year=1975"">Sun, Dec 21, 1975</a></th><td class=""right iz"" data-stat=""game_start_time""></td><td class=""left"" csk=""INA.197512210DNA"" data-stat=""visitor_team_name""><a href=""/teams/INA/1976.html"">Indiana Pacers</a></td><td class=""right"" data-stat=""visitor_pts"">117</td><td class=""left"" csk=""DNA.197512210DNA"" data-stat=""home_team_name""><a href=""/teams/DNA/1976.html"">Denver Nuggets</a></td><td class=""right"" data-stat=""home_pts"">122</td><td class=""center"" data-stat=""box_score_text""><a href=""/boxscores/197512210DNA.html"">Box Score</a></td><td class=""center iz"" data-stat=""overtimes""></td><td class=""right"" data-stat=""attendance"">13,087</td><td class=""left iz"" data-stat=""game_remarks""></td></tr>"
67,"<tr><th class=""left"" csk=""197512210NYA"" data-stat=""date_game"" scope=""row""><a href=""/boxscores/index.fcgi?month=12&amp;day=21&amp;year=1975"">Sun, Dec 21, 1975</a></th><td class=""right iz"" data-stat=""game_start_time""></td><td class=""left"" csk=""VIR.197512210NYA"" data-stat=""visitor_team_name""><a href=""/teams/VIR/1976.html"">Virginia Squires</a></td><td class=""right"" data-stat=""visitor_pts"">91</td><td class=""left"" csk=""NYA.197512210NYA"" data-stat=""home_team_name""><a href=""/teams/NYA/1976.html"">New York Nets</a></td><td class=""right"" data-stat=""home_pts"">118</td><td class=""center"" data-stat=""box_score_text""><a href=""/boxscores/197512210NYA.html"">Box Score</a></td><td class=""center iz"" data-stat=""overtimes""></td><td class=""right"" data-stat=""attendance"">6,703</td><td class=""left iz"" data-stat=""game_remarks""></td></tr>"
69,"<tr><th class=""left"" csk=""197512210SSL"" data-stat=""date_game"" scope=""row""><a href=""/boxscores/index.fcgi?month=12&amp;day=21&amp;year=1975"">Sun, Dec 21, 1975</a></th><td class=""right iz"" data-stat=""game_start_time""></td><td class=""left"" csk=""SAA.197512210SSL"" data-stat=""visitor_team_name""><a href=""/teams/SAA/1976.html"">San Antonio Spurs</a></td><td class=""right"" data-stat=""visitor_pts"">108</td><td class=""left"" csk=""SSL.197512210SSL"" data-stat=""home_team_name""><a href=""/teams/SSL/1976.html"">Spirits of St. Louis</a></td><td class=""right"" data-stat=""home_pts"">106</td><td class=""center"" data-stat=""box_score_text""><a href=""/boxscores/197512210SSL.html"">Box Score</a></td><td class=""center iz"" data-stat=""overtimes""></td><td class=""right"" data-stat=""attendance"">1,112</td><td class=""left iz"" data-stat=""game_remarks""></td></tr>"
71,"<tr><th class=""left"" csk=""197512220KEN"" data-stat=""date_game"" scope=""row""><a href=""/boxscores/index.fcgi?month=12&amp;day=22&amp;year=1975"">Mon, Dec 22, 1975</a></th><td class=""right iz"" data-stat=""game_start_time""></td><td class=""left"" csk=""SSL.197512220KEN"" data-stat=""visitor_team_name""><a href=""/teams/SSL/1976.html"">Spirits of St. Louis</a></td><td class=""right"" data-stat=""visitor_pts"">101</td><td class=""left"" csk=""KEN.197512220KEN"" data-stat=""home_team_name""><a href=""/teams/KEN/1976.html"">Kentucky Colonels</a></td><td class=""right"" data-stat=""home_pts"">126</td><td class=""center"" data-stat=""box_score_text""><a href=""/boxscores/197512220KEN.html"">Box Score</a></td><td class=""center iz"" data-stat=""overtimes""></td><td class=""right"" data-stat=""attendance"">4,481</td><td class=""left"" data-stat=""game_remarks"">at Cincinnati, OH</td></tr>"
73,"<tr><th class=""left"" csk=""197512230VIR"" data-stat=""date_game"" scope=""row""><a href=""/boxscores/index.fcgi?month=12&amp;day=23&amp;year=1975"">Tue, Dec 23, 1975</a></th><td class=""right iz"" data-stat=""game_start_time""></td><td class=""left"" csk=""SSL.197512230VIR"" data-stat=""visitor_team_name""><a href=""/teams/SSL/1976.html"">Spirits of St. Louis</a></td><td class=""right"" data-stat=""visitor_pts"">115</td><td class=""left"" csk=""VIR.197512230VIR"" data-stat=""home_team_name""><a href=""/teams/VIR/1976.html"">Virginia Squires</a></td><td class=""right"" data-stat=""home_pts"">103</td><td class=""center"" data-stat=""box_score_text""><a href=""/boxscores/197512230VIR.html"">Box Score</a></td><td class=""center iz"" data-stat=""overtimes""></td><td class=""right"" data-stat=""attendance"">4,437</td><td class=""left"" data-stat=""game_remarks"">at Norfolk, VA</td></tr>"
75,"<tr><th class=""left"" csk=""197512230SAA"" data-stat=""date_game"" scope=""row""><a href=""/boxscores/index.fcgi?month=12&amp;day=23&amp;year=1975"">Tue, Dec 23, 1975</a></th><td class=""right iz"" data-stat=""game_start_time""></td><td class=""left"" csk=""INA.197512230SAA"" data-stat=""visitor_team_name""><a href=""/teams/INA/1976.html"">Indiana Pacers</a></td><td class=""right"" data-stat=""visitor_pts"">111</td><td class=""left"" csk=""SAA.197512230SAA"" data-stat=""home_team_name""><a href=""/teams/SAA/1976.html"">San Antonio Spurs</a></td><td class=""right"" data-stat=""home_pts"">106</td><td class=""center"" data-stat=""box_score_text""><a href=""/boxscores/197512230SAA.html"">Box Score</a></td><td class=""center iz"" data-stat=""overtimes""></td><td class=""right"" data-stat=""attendance"">7,591</td><td class=""left iz"" data-stat=""game_remarks""></td></tr>"
77,"<tr><th class=""left"" csk=""197512230KEN"" data-stat=""date_game"" scope=""row""><a href=""/boxscores/index.fcgi?month=12&amp;day=23&amp;year=1975"">Tue, Dec 23, 1975</a></th><td class=""right iz"" data-stat=""game_start_time""></td><td class=""left"" csk=""NYA.197512230KEN"" data-stat=""visitor_team_name""><a href=""/teams/NYA/1976.html"">New York Nets</a></td><td class=""right"" data-stat=""visitor_pts"">107</td><td class=""left"" csk=""KEN.197512230KEN"" data-stat=""home_team_name""><a href=""/teams/KEN/1976.html"">Kentucky Colonels</a></td><td class=""right"" data-stat=""home_pts"">102</td><td class=""center"" data-stat=""box_score_text""><a href=""/boxscores/197512230KEN.html"">Box Score</a></td><td class=""center iz"" data-stat=""overtimes""></td><td class=""right"" data-stat=""attendance"">8,113</td><td class=""left iz"" data-stat=""game_remarks""></td></tr>"
79,"<tr><th class=""left"" csk=""197512260DNA"" data-stat=""date_game"" scope=""row""><a href=""/boxscores/index.fcgi?month=12&amp;day=26&amp;year=1975"">Fri, Dec 26, 1975</a></th><td class=""right iz"" data-stat=""game_start_time""></td><td class=""left"" csk=""SAA.197512260DNA"" data-stat=""visitor_team_name""><a href=""/teams/SAA/1976.html"">San Antonio Spurs</a></td><td class=""right"" data-stat=""visitor_pts"">117</td><td class=""left"" csk=""DNA.197512260DNA"" data-stat=""home_team_name""><a href=""/teams/DNA/1976.html"">Denver Nuggets</a></td><td class=""right"" data-stat=""home_pts"">106</td><td class=""center"" data-stat=""box_score_text""><a href=""/boxscores/197512260DNA.html"">Box Score</a></td><td class=""center iz"" data-stat=""overtimes""></td><td class=""right"" data-stat=""attendance"">13,981</td><td class=""left iz"" data-stat=""game_remarks""></td></tr>"
81,"<tr><th class=""left"" csk=""197512260NYA"" data-stat=""date_game"" scope=""row""><a href=""/boxscores/index.fcgi?month=12&amp;day=26&amp;year=1975"">Fri, Dec 26, 1975</a></th><td class=""right iz"" data-stat=""game_start_time""></td><td class=""left"" csk=""SSL.197512260NYA"" data-stat=""visitor_team_name""><a href=""/teams/SSL/1976.html"">Spirits of St. Louis</a></td><td class=""right"" data-stat=""visitor_pts"">101</td><td class=""left"" csk=""NYA.197512260NYA"" data-stat=""home_team_name""><a href=""/teams/NYA/1976.html"">New York Nets</a></td><td class=""right"" data-stat=""home_pts"">105</td><td class=""center"" data-stat=""box_score_text""><a href=""/boxscores/197512260NYA.html"">Box Score</a></td><td class=""center iz"" data-stat=""overtimes""></td><td class=""right"" data-stat=""attendance"">16,881</td><td class=""left iz"" data-stat=""game_remarks""></td></tr>"
83,"<tr><th class=""left"" csk=""197512270DNA"" data-stat=""date_game"" scope=""row""><a href=""/boxscores/index.fcgi?month=12&amp;day=27&amp;year=1975"">Sat, Dec 27, 1975</a></th><td class=""right iz"" data-stat=""game_start_time""></td><td class=""left"" csk=""NYA.197512270DNA"" data-stat=""visitor_team_name""><a href=""/teams/NYA/1976.html"">New York Nets</a></td><td class=""right"" data-stat=""visitor_pts"">113</td><td class=""left"" csk=""DNA.197512270DNA"" data-stat=""home_team_name""><a href=""/teams/DNA/1976.html"">Denver Nuggets</a></td><td class=""right"" data-stat=""home_pts"">130</td><td class=""center"" data-stat=""box_score_text""><a href=""/boxscores/197512270DNA.html"">Box Score</a></td><td class=""center iz"" data-stat=""overtimes""></td><td class=""right"" data-stat=""attendance"">17,298</td><td class=""left iz"" data-stat=""game_remarks""></td></tr>"
85,"<tr><th class=""left"" csk=""197512270VIR"" data-stat=""date_game"" scope=""row""><a href=""/boxscores/index.fcgi?month=12&amp;day=27&amp;year=1975"">Sat, Dec 27, 1975</a></th><td class=""right iz"" data-stat=""game_start_time""></td><td class=""left"" csk=""INA.197512270VIR"" data-stat=""visitor_team_name""><a href=""/teams/INA/1976.html"">Indiana Pacers</a></td><td class=""right"" data-stat=""visitor_pts"">97</td><td class=""left"" csk=""VIR.197512270VIR"" data-stat=""home_team_name""><a href=""/teams/VIR/1976.html"">Virginia Squires</a></td><td class=""right"" data-stat=""home_pts"">94</td><td class=""center"" data-stat=""box_score_text""><a href=""/boxscores/197512270VIR.html"">Box Score</a></td><td class=""center iz"" data-stat=""overtimes""></td><td class=""right"" data-stat=""attendance"">4,316</td><td class=""left"" data-stat=""game_remarks"">at Norfolk, VA</td></tr>"
87,"<tr><th class=""left"" csk=""197512280SSL"" data-stat=""date_game"" scope=""row""><a href=""/boxscores/index.fcgi?month=12&amp;day=28&amp;year=1975"">Sun, Dec 28, 1975</a></th><td class=""right iz"" data-stat=""game_start_time""></td><td class=""left"" csk=""VIR.197512280SSL"" data-stat=""visitor_team_name""><a href=""/teams/VIR/1976.html"">Virginia Squires</a></td><td class=""right"" data-stat=""visitor_pts"">97</td><td class=""left"" csk=""SSL.197512280SSL"" data-stat=""home_team_name""><a href=""/teams/SSL/1976.html"">Spirits of St. Louis</a></td><td class=""right"" data-stat=""home_pts"">102</td><td class=""center"" data-stat=""box_score_text""><a href=""/boxscores/197512280SSL.html"">Box Score</a></td><td class=""center iz"" data-stat=""overtimes""></td><td class=""right"" data-stat=""attendance"">2,184</td><td class=""left iz"" data-stat=""game_remarks""></td></tr>"
89,"<tr><th class=""left"" csk=""197512280INA"" data-stat=""date_game"" scope=""row""><a href=""/boxscores/index.fcgi?month=12&amp;day=28&amp;year=1975"">Sun, Dec 28, 1975</a></th><td class=""right iz"" data-stat=""game_start_time""></td><td class=""left"" csk=""DNA.197512280INA"" data-stat=""visitor_team_name""><a href=""/teams/DNA/1976.html"">Denver Nuggets</a></td><td class=""right"" data-stat=""visitor_pts"">110</td><td class=""left"" csk=""INA.197512280INA"" data-stat=""home_team_name""><a href=""/teams/INA/1976.html"">Indiana Pacers</a></td><td class=""right"" data-stat=""home_pts"">105</td><td class=""center"" data-stat=""box_score_text""><a href=""/boxscores/197512280INA.html"">Box Score</a></td><td class=""center iz"" data-stat=""overtimes""></td><td class=""right"" data-stat=""attendance"">8,994</td><td class=""left iz"" data-stat=""game_remarks""></td></tr>"
91,"<tr><th class=""left"" csk=""197512290KEN"" data-stat=""date_game"" scope=""row""><a href=""/boxscores/index.fcgi?month=12&amp;day=29&amp;year=1975"">Mon, Dec 29, 1975</a></th><td class=""right iz"" data-stat=""game_start_time""></td><td class=""left"" csk=""NYA.197512290KEN"" data-stat=""visitor_team_name""><a href=""/teams/NYA/1976.html"">New York Nets</a></td><td class=""right"" data-stat=""visitor_pts"">102</td><td class=""left"" csk=""KEN.197512290KEN"" data-stat=""home_team_name""><a href=""/teams/KEN/1976.html"">Kentucky Colonels</a></td><td class=""right"" data-stat=""home_pts"">110</td><td class=""center"" data-stat=""box_score_text""><a href=""/boxscores/197512290KEN.html"">Box Score</a></td><td class=""center iz"" data-stat=""overtimes""></td><td class=""right"" data-stat=""attendance"">8,191</td><td class=""left"" data-stat=""game_remarks"">at Cincinnati, OH</td></tr>"
93,"<tr><th class=""left"" csk=""197512300INA"" data-stat=""date_game"" scope=""row""><a href=""/boxscores/index.fcgi?month=12&amp;day=30&amp;year=1975"">Tue, Dec 30, 1975</a></th><td class=""right iz"" data-stat=""game_start_time""></td><td class=""left"" csk=""SAA.197512300INA"" data-stat=""visitor_team_name""><a href=""/teams/SAA/1976.html"">San Antonio Spurs</a></td><td class=""right"" data-stat=""visitor_pts"">105</td><td class=""left"" csk=""INA.197512300INA"" data-stat=""home_team_name""><a href=""/teams/INA/1976.html"">Indiana Pacers</a></td><td class=""right"" data-stat=""home_pts"">99</td><td class=""center"" data-stat=""box_score_text""><a href=""/boxscores/197512300INA.html"">Box Score</a></td><td class=""center iz"" data-stat=""overtimes""></td><td class=""right"" data-stat=""attendance"">7,130</td><td class=""left iz"" data-stat=""game_remarks""></td></tr>"
95,"<tr><th class=""left"" csk=""197512300SSL"" data-stat=""date_game"" scope=""row""><a href=""/boxscores/index.fcgi?month=12&amp;day=30&amp;year=1975"">Tue, Dec 30, 1975</a></th><td class=""right iz"" data-stat=""game_start_time""></td><td class=""left"" csk=""DNA.197512300SSL"" data-stat=""visitor_team_name""><a href=""/teams/DNA/1976.html"">Denver Nuggets</a></td><td class=""right"" data-stat=""visitor_pts"">104</td><td class=""left"" csk=""SSL.197512300SSL"" data-stat=""home_team_name""><a href=""/teams/SSL/1976.html"">Spirits of St. Louis</a></td><td class=""right"" data-stat=""home_pts"">106</td><td class=""center"" data-stat=""box_score_text""><a href=""/boxscores/197512300SSL.html"">Box Score</a></td><td class=""center iz"" data-stat=""overtimes""></td><td class=""right"" data-stat=""attendance"">9,141</td><td class=""left iz"" data-stat=""game_remarks""></td></tr>"
97,"<tr><th class=""left"" csk=""197512310DNA"" data-stat=""date_game"" scope=""row""><a href=""/boxscores/index.fcgi?month=12&amp;day=31&amp;year=1975"">Wed, Dec 31, 1975</a></th><td class=""right iz"" data-stat=""game_start_time""></td><td class=""left"" csk=""KEN.197512310DNA"" data-stat=""visitor_team_name""><a href=""/teams/KEN/1976.html"">Kentucky Colonels</a></td><td class=""right"" data-stat=""visitor_pts"">137</td><td class=""left"" csk=""DNA.197512310DNA"" data-stat=""home_team_name""><a href=""/teams/DNA/1976.html"">Denver Nuggets</a></td><td class=""right"" data-stat=""home_pts"">141</td><td class=""center"" data-stat=""box_score_text""><a href=""/boxscores/197512310DNA.html"">Box Score</a></td><td class=""center iz"" data-stat=""overtimes""></td><td class=""right"" data-stat=""attendance"">11,555</td><td class=""left iz"" data-stat=""game_remarks""></td></tr>"
