,0
1,"<tr><th class=""left"" csk=""197102020CAR"" data-stat=""date_game"" scope=""row""><a href=""/boxscores/index.fcgi?month=2&amp;day=2&amp;year=1971"">Tue, Feb 2, 1971</a></th><td class=""left"" csk=""FLO.197102020CAR"" data-stat=""visitor_team_name""><a href=""/teams/FLO/1971.html"">The Floridians</a></td><td class=""right"" data-stat=""visitor_pts"">110</td><td class=""left"" csk=""CAR.197102020CAR"" data-stat=""home_team_name""><a href=""/teams/CAR/1971.html"">Carolina Cougars</a></td><td class=""right"" data-stat=""home_pts"">102</td><td class=""center"" data-stat=""box_score_text""><a href=""/boxscores/197102020CAR.html"">Box Score</a></td><td class=""center iz"" data-stat=""overtimes""></td><td class=""right"" data-stat=""attendance"">2,357</td><td class=""left"" data-stat=""game_remarks"">at Pittsburgh, PA</td></tr>"
3,"<tr><th class=""left"" csk=""197102020PTC"" data-stat=""date_game"" scope=""row""><a href=""/boxscores/index.fcgi?month=2&amp;day=2&amp;year=1971"">Tue, Feb 2, 1971</a></th><td class=""left"" csk=""NYA.197102020PTC"" data-stat=""visitor_team_name""><a href=""/teams/NYA/1971.html"">New York Nets</a></td><td class=""right"" data-stat=""visitor_pts"">111</td><td class=""left"" csk=""PTC.197102020PTC"" data-stat=""home_team_name""><a href=""/teams/PTC/1971.html"">Pittsburgh Condors</a></td><td class=""right"" data-stat=""home_pts"">119</td><td class=""center"" data-stat=""box_score_text""><a href=""/boxscores/197102020PTC.html"">Box Score</a></td><td class=""center iz"" data-stat=""overtimes""></td><td class=""right"" data-stat=""attendance"">2,357</td><td class=""left iz"" data-stat=""game_remarks""></td></tr>"
5,"<tr><th class=""left"" csk=""197102020TEX"" data-stat=""date_game"" scope=""row""><a href=""/boxscores/index.fcgi?month=2&amp;day=2&amp;year=1971"">Tue, Feb 2, 1971</a></th><td class=""left"" csk=""KEN.197102020TEX"" data-stat=""visitor_team_name""><a href=""/teams/KEN/1971.html"">Kentucky Colonels</a></td><td class=""right"" data-stat=""visitor_pts"">122</td><td class=""left"" csk=""TEX.197102020TEX"" data-stat=""home_team_name""><a href=""/teams/TEX/1971.html"">Texas Chaparrals</a></td><td class=""right"" data-stat=""home_pts"">116</td><td class=""center"" data-stat=""box_score_text""><a href=""/boxscores/197102020TEX.html"">Box Score</a></td><td class=""center iz"" data-stat=""overtimes""></td><td class=""right"" data-stat=""attendance"">3,691</td><td class=""left"" data-stat=""game_remarks"">at Fort Worth, TX</td></tr>"
7,"<tr><th class=""left"" csk=""197102020VIR"" data-stat=""date_game"" scope=""row""><a href=""/boxscores/index.fcgi?month=2&amp;day=2&amp;year=1971"">Tue, Feb 2, 1971</a></th><td class=""left"" csk=""MMP.197102020VIR"" data-stat=""visitor_team_name""><a href=""/teams/MMP/1971.html"">Memphis Pros</a></td><td class=""right"" data-stat=""visitor_pts"">111</td><td class=""left"" csk=""VIR.197102020VIR"" data-stat=""home_team_name""><a href=""/teams/VIR/1971.html"">Virginia Squires</a></td><td class=""right"" data-stat=""home_pts"">114</td><td class=""center"" data-stat=""box_score_text""><a href=""/boxscores/197102020VIR.html"">Box Score</a></td><td class=""center iz"" data-stat=""overtimes""></td><td class=""right"" data-stat=""attendance"">3,005</td><td class=""left"" data-stat=""game_remarks"">at Hampton, VA</td></tr>"
9,"<tr><th class=""left"" csk=""197102030UTS"" data-stat=""date_game"" scope=""row""><a href=""/boxscores/index.fcgi?month=2&amp;day=3&amp;year=1971"">Wed, Feb 3, 1971</a></th><td class=""left"" csk=""INA.197102030UTS"" data-stat=""visitor_team_name""><a href=""/teams/INA/1971.html"">Indiana Pacers</a></td><td class=""right"" data-stat=""visitor_pts"">111</td><td class=""left"" csk=""UTS.197102030UTS"" data-stat=""home_team_name""><a href=""/teams/UTS/1971.html"">Utah Stars</a></td><td class=""right"" data-stat=""home_pts"">120</td><td class=""center"" data-stat=""box_score_text""><a href=""/boxscores/197102030UTS.html"">Box Score</a></td><td class=""center iz"" data-stat=""overtimes""></td><td class=""right"" data-stat=""attendance"">11,123</td><td class=""left iz"" data-stat=""game_remarks""></td></tr>"
11,"<tr><th class=""left"" csk=""197102030NYA"" data-stat=""date_game"" scope=""row""><a href=""/boxscores/index.fcgi?month=2&amp;day=3&amp;year=1971"">Wed, Feb 3, 1971</a></th><td class=""left"" csk=""FLO.197102030NYA"" data-stat=""visitor_team_name""><a href=""/teams/FLO/1971.html"">The Floridians</a></td><td class=""right"" data-stat=""visitor_pts"">100</td><td class=""left"" csk=""NYA.197102030NYA"" data-stat=""home_team_name""><a href=""/teams/NYA/1971.html"">New York Nets</a></td><td class=""right"" data-stat=""home_pts"">104</td><td class=""center"" data-stat=""box_score_text""><a href=""/boxscores/197102030NYA.html"">Box Score</a></td><td class=""center iz"" data-stat=""overtimes""></td><td class=""right"" data-stat=""attendance"">4,561</td><td class=""left iz"" data-stat=""game_remarks""></td></tr>"
13,"<tr><th class=""left"" csk=""197102030MMP"" data-stat=""date_game"" scope=""row""><a href=""/boxscores/index.fcgi?month=2&amp;day=3&amp;year=1971"">Wed, Feb 3, 1971</a></th><td class=""left"" csk=""CAR.197102030MMP"" data-stat=""visitor_team_name""><a href=""/teams/CAR/1971.html"">Carolina Cougars</a></td><td class=""right"" data-stat=""visitor_pts"">109</td><td class=""left"" csk=""MMP.197102030MMP"" data-stat=""home_team_name""><a href=""/teams/MMP/1971.html"">Memphis Pros</a></td><td class=""right"" data-stat=""home_pts"">118</td><td class=""center"" data-stat=""box_score_text""><a href=""/boxscores/197102030MMP.html"">Box Score</a></td><td class=""center iz"" data-stat=""overtimes""></td><td class=""right"" data-stat=""attendance"">8,429</td><td class=""left iz"" data-stat=""game_remarks""></td></tr>"
15,"<tr><th class=""left"" csk=""197102030DNR"" data-stat=""date_game"" scope=""row""><a href=""/boxscores/index.fcgi?month=2&amp;day=3&amp;year=1971"">Wed, Feb 3, 1971</a></th><td class=""left"" csk=""TEX.197102030DNR"" data-stat=""visitor_team_name""><a href=""/teams/TEX/1971.html"">Texas Chaparrals</a></td><td class=""right"" data-stat=""visitor_pts"">127</td><td class=""left"" csk=""DNR.197102030DNR"" data-stat=""home_team_name""><a href=""/teams/DNR/1971.html"">Denver Rockets</a></td><td class=""right"" data-stat=""home_pts"">119</td><td class=""center"" data-stat=""box_score_text""><a href=""/boxscores/197102030DNR.html"">Box Score</a></td><td class=""center iz"" data-stat=""overtimes""></td><td class=""right"" data-stat=""attendance"">3,290</td><td class=""left iz"" data-stat=""game_remarks""></td></tr>"
17,"<tr><th class=""left"" csk=""197102040FLO"" data-stat=""date_game"" scope=""row""><a href=""/boxscores/index.fcgi?month=2&amp;day=4&amp;year=1971"">Thu, Feb 4, 1971</a></th><td class=""left"" csk=""VIR.197102040FLO"" data-stat=""visitor_team_name""><a href=""/teams/VIR/1971.html"">Virginia Squires</a></td><td class=""right"" data-stat=""visitor_pts"">138</td><td class=""left"" csk=""FLO.197102040FLO"" data-stat=""home_team_name""><a href=""/teams/FLO/1971.html"">The Floridians</a></td><td class=""right"" data-stat=""home_pts"">129</td><td class=""center"" data-stat=""box_score_text""><a href=""/boxscores/197102040FLO.html"">Box Score</a></td><td class=""center"" data-stat=""overtimes"">2OT</td><td class=""right"" data-stat=""attendance"">5,218</td><td class=""left"" data-stat=""game_remarks"">at West Palm Beach, FL</td></tr>"
19,"<tr><th class=""left"" csk=""197102040KEN"" data-stat=""date_game"" scope=""row""><a href=""/boxscores/index.fcgi?month=2&amp;day=4&amp;year=1971"">Thu, Feb 4, 1971</a></th><td class=""left"" csk=""NYA.197102040KEN"" data-stat=""visitor_team_name""><a href=""/teams/NYA/1971.html"">New York Nets</a></td><td class=""right"" data-stat=""visitor_pts"">99</td><td class=""left"" csk=""KEN.197102040KEN"" data-stat=""home_team_name""><a href=""/teams/KEN/1971.html"">Kentucky Colonels</a></td><td class=""right"" data-stat=""home_pts"">106</td><td class=""center"" data-stat=""box_score_text""><a href=""/boxscores/197102040KEN.html"">Box Score</a></td><td class=""center iz"" data-stat=""overtimes""></td><td class=""right"" data-stat=""attendance"">9,411</td><td class=""left iz"" data-stat=""game_remarks""></td></tr>"
21,"<tr><th class=""left"" csk=""197102050VIR"" data-stat=""date_game"" scope=""row""><a href=""/boxscores/index.fcgi?month=2&amp;day=5&amp;year=1971"">Fri, Feb 5, 1971</a></th><td class=""left"" csk=""PTC.197102050VIR"" data-stat=""visitor_team_name""><a href=""/teams/PTC/1971.html"">Pittsburgh Condors</a></td><td class=""right"" data-stat=""visitor_pts"">119</td><td class=""left"" csk=""VIR.197102050VIR"" data-stat=""home_team_name""><a href=""/teams/VIR/1971.html"">Virginia Squires</a></td><td class=""right"" data-stat=""home_pts"">122</td><td class=""center"" data-stat=""box_score_text""><a href=""/boxscores/197102050VIR.html"">Box Score</a></td><td class=""center iz"" data-stat=""overtimes""></td><td class=""right"" data-stat=""attendance"">4,542</td><td class=""left"" data-stat=""game_remarks"">at Roanoke, VA</td></tr>"
23,"<tr><th class=""left"" csk=""197102050UTS"" data-stat=""date_game"" scope=""row""><a href=""/boxscores/index.fcgi?month=2&amp;day=5&amp;year=1971"">Fri, Feb 5, 1971</a></th><td class=""left"" csk=""TEX.197102050UTS"" data-stat=""visitor_team_name""><a href=""/teams/TEX/1971.html"">Texas Chaparrals</a></td><td class=""right"" data-stat=""visitor_pts"">117</td><td class=""left"" csk=""UTS.197102050UTS"" data-stat=""home_team_name""><a href=""/teams/UTS/1971.html"">Utah Stars</a></td><td class=""right"" data-stat=""home_pts"">138</td><td class=""center"" data-stat=""box_score_text""><a href=""/boxscores/197102050UTS.html"">Box Score</a></td><td class=""center iz"" data-stat=""overtimes""></td><td class=""right"" data-stat=""attendance"">7,367</td><td class=""left iz"" data-stat=""game_remarks""></td></tr>"
25,"<tr><th class=""left"" csk=""197102050DNR"" data-stat=""date_game"" scope=""row""><a href=""/boxscores/index.fcgi?month=2&amp;day=5&amp;year=1971"">Fri, Feb 5, 1971</a></th><td class=""left"" csk=""FLO.197102050DNR"" data-stat=""visitor_team_name""><a href=""/teams/FLO/1971.html"">The Floridians</a></td><td class=""right"" data-stat=""visitor_pts"">120</td><td class=""left"" csk=""DNR.197102050DNR"" data-stat=""home_team_name""><a href=""/teams/DNR/1971.html"">Denver Rockets</a></td><td class=""right"" data-stat=""home_pts"">132</td><td class=""center"" data-stat=""box_score_text""><a href=""/boxscores/197102050DNR.html"">Box Score</a></td><td class=""center"" data-stat=""overtimes"">OT</td><td class=""right"" data-stat=""attendance"">4,402</td><td class=""left iz"" data-stat=""game_remarks""></td></tr>"
27,"<tr><th class=""left"" csk=""197102050CAR"" data-stat=""date_game"" scope=""row""><a href=""/boxscores/index.fcgi?month=2&amp;day=5&amp;year=1971"">Fri, Feb 5, 1971</a></th><td class=""left"" csk=""KEN.197102050CAR"" data-stat=""visitor_team_name""><a href=""/teams/KEN/1971.html"">Kentucky Colonels</a></td><td class=""right"" data-stat=""visitor_pts"">139</td><td class=""left"" csk=""CAR.197102050CAR"" data-stat=""home_team_name""><a href=""/teams/CAR/1971.html"">Carolina Cougars</a></td><td class=""right"" data-stat=""home_pts"">156</td><td class=""center"" data-stat=""box_score_text""><a href=""/boxscores/197102050CAR.html"">Box Score</a></td><td class=""center iz"" data-stat=""overtimes""></td><td class=""right"" data-stat=""attendance"">6,713</td><td class=""left"" data-stat=""game_remarks"">at Greensboro, NC</td></tr>"
29,"<tr><th class=""left"" csk=""197102060CAR"" data-stat=""date_game"" scope=""row""><a href=""/boxscores/index.fcgi?month=2&amp;day=6&amp;year=1971"">Sat, Feb 6, 1971</a></th><td class=""left"" csk=""KEN.197102060CAR"" data-stat=""visitor_team_name""><a href=""/teams/KEN/1971.html"">Kentucky Colonels</a></td><td class=""right"" data-stat=""visitor_pts"">132</td><td class=""left"" csk=""CAR.197102060CAR"" data-stat=""home_team_name""><a href=""/teams/CAR/1971.html"">Carolina Cougars</a></td><td class=""right"" data-stat=""home_pts"">139</td><td class=""center"" data-stat=""box_score_text""><a href=""/boxscores/197102060CAR.html"">Box Score</a></td><td class=""center iz"" data-stat=""overtimes""></td><td class=""right"" data-stat=""attendance"">6,003</td><td class=""left"" data-stat=""game_remarks"">at Raleigh, NC</td></tr>"
31,"<tr><th class=""left"" csk=""197102060INA"" data-stat=""date_game"" scope=""row""><a href=""/boxscores/index.fcgi?month=2&amp;day=6&amp;year=1971"">Sat, Feb 6, 1971</a></th><td class=""left"" csk=""NYA.197102060INA"" data-stat=""visitor_team_name""><a href=""/teams/NYA/1971.html"">New York Nets</a></td><td class=""right"" data-stat=""visitor_pts"">109</td><td class=""left"" csk=""INA.197102060INA"" data-stat=""home_team_name""><a href=""/teams/INA/1971.html"">Indiana Pacers</a></td><td class=""right"" data-stat=""home_pts"">110</td><td class=""center"" data-stat=""box_score_text""><a href=""/boxscores/197102060INA.html"">Box Score</a></td><td class=""center"" data-stat=""overtimes"">OT</td><td class=""right"" data-stat=""attendance"">9,250</td><td class=""left iz"" data-stat=""game_remarks""></td></tr>"
33,"<tr><th class=""left"" csk=""197102060PTC"" data-stat=""date_game"" scope=""row""><a href=""/boxscores/index.fcgi?month=2&amp;day=6&amp;year=1971"">Sat, Feb 6, 1971</a></th><td class=""left"" csk=""DNR.197102060PTC"" data-stat=""visitor_team_name""><a href=""/teams/DNR/1971.html"">Denver Rockets</a></td><td class=""right"" data-stat=""visitor_pts"">115</td><td class=""left"" csk=""PTC.197102060PTC"" data-stat=""home_team_name""><a href=""/teams/PTC/1971.html"">Pittsburgh Condors</a></td><td class=""right"" data-stat=""home_pts"">114</td><td class=""center"" data-stat=""box_score_text""><a href=""/boxscores/197102060PTC.html"">Box Score</a></td><td class=""center iz"" data-stat=""overtimes""></td><td class=""right"" data-stat=""attendance"">2,037</td><td class=""left iz"" data-stat=""game_remarks""></td></tr>"
35,"<tr><th class=""left"" csk=""197102060VIR"" data-stat=""date_game"" scope=""row""><a href=""/boxscores/index.fcgi?month=2&amp;day=6&amp;year=1971"">Sat, Feb 6, 1971</a></th><td class=""left"" csk=""UTS.197102060VIR"" data-stat=""visitor_team_name""><a href=""/teams/UTS/1971.html"">Utah Stars</a></td><td class=""right"" data-stat=""visitor_pts"">127</td><td class=""left"" csk=""VIR.197102060VIR"" data-stat=""home_team_name""><a href=""/teams/VIR/1971.html"">Virginia Squires</a></td><td class=""right"" data-stat=""home_pts"">122</td><td class=""center"" data-stat=""box_score_text""><a href=""/boxscores/197102060VIR.html"">Box Score</a></td><td class=""center iz"" data-stat=""overtimes""></td><td class=""right"" data-stat=""attendance"">4,019</td><td class=""left"" data-stat=""game_remarks"">at Norfolk, VA</td></tr>"
37,"<tr><th class=""left"" csk=""197102070PTC"" data-stat=""date_game"" scope=""row""><a href=""/boxscores/index.fcgi?month=2&amp;day=7&amp;year=1971"">Sun, Feb 7, 1971</a></th><td class=""left"" csk=""CAR.197102070PTC"" data-stat=""visitor_team_name""><a href=""/teams/CAR/1971.html"">Carolina Cougars</a></td><td class=""right"" data-stat=""visitor_pts"">101</td><td class=""left"" csk=""PTC.197102070PTC"" data-stat=""home_team_name""><a href=""/teams/PTC/1971.html"">Pittsburgh Condors</a></td><td class=""right"" data-stat=""home_pts"">121</td><td class=""center"" data-stat=""box_score_text""><a href=""/boxscores/197102070PTC.html"">Box Score</a></td><td class=""center iz"" data-stat=""overtimes""></td><td class=""right"" data-stat=""attendance"">1,461</td><td class=""left iz"" data-stat=""game_remarks""></td></tr>"
39,"<tr><th class=""left"" csk=""197102070NYA"" data-stat=""date_game"" scope=""row""><a href=""/boxscores/index.fcgi?month=2&amp;day=7&amp;year=1971"">Sun, Feb 7, 1971</a></th><td class=""left"" csk=""MMP.197102070NYA"" data-stat=""visitor_team_name""><a href=""/teams/MMP/1971.html"">Memphis Pros</a></td><td class=""right"" data-stat=""visitor_pts"">84</td><td class=""left"" csk=""NYA.197102070NYA"" data-stat=""home_team_name""><a href=""/teams/NYA/1971.html"">New York Nets</a></td><td class=""right"" data-stat=""home_pts"">103</td><td class=""center"" data-stat=""box_score_text""><a href=""/boxscores/197102070NYA.html"">Box Score</a></td><td class=""center iz"" data-stat=""overtimes""></td><td class=""right"" data-stat=""attendance"">5,589</td><td class=""left iz"" data-stat=""game_remarks""></td></tr>"
41,"<tr><th class=""left"" csk=""197102070KEN"" data-stat=""date_game"" scope=""row""><a href=""/boxscores/index.fcgi?month=2&amp;day=7&amp;year=1971"">Sun, Feb 7, 1971</a></th><td class=""left"" csk=""UTS.197102070KEN"" data-stat=""visitor_team_name""><a href=""/teams/UTS/1971.html"">Utah Stars</a></td><td class=""right"" data-stat=""visitor_pts"">118</td><td class=""left"" csk=""KEN.197102070KEN"" data-stat=""home_team_name""><a href=""/teams/KEN/1971.html"">Kentucky Colonels</a></td><td class=""right"" data-stat=""home_pts"">130</td><td class=""center"" data-stat=""box_score_text""><a href=""/boxscores/197102070KEN.html"">Box Score</a></td><td class=""center iz"" data-stat=""overtimes""></td><td class=""right"" data-stat=""attendance"">9,982</td><td class=""left iz"" data-stat=""game_remarks""></td></tr>"
43,"<tr><th class=""left"" csk=""197102070INA"" data-stat=""date_game"" scope=""row""><a href=""/boxscores/index.fcgi?month=2&amp;day=7&amp;year=1971"">Sun, Feb 7, 1971</a></th><td class=""left"" csk=""DNR.197102070INA"" data-stat=""visitor_team_name""><a href=""/teams/DNR/1971.html"">Denver Rockets</a></td><td class=""right"" data-stat=""visitor_pts"">133</td><td class=""left"" csk=""INA.197102070INA"" data-stat=""home_team_name""><a href=""/teams/INA/1971.html"">Indiana Pacers</a></td><td class=""right"" data-stat=""home_pts"">131</td><td class=""center"" data-stat=""box_score_text""><a href=""/boxscores/197102070INA.html"">Box Score</a></td><td class=""center"" data-stat=""overtimes"">OT</td><td class=""right"" data-stat=""attendance"">7,742</td><td class=""left iz"" data-stat=""game_remarks""></td></tr>"
45,"<tr><th class=""left"" csk=""197102070FLO"" data-stat=""date_game"" scope=""row""><a href=""/boxscores/index.fcgi?month=2&amp;day=7&amp;year=1971"">Sun, Feb 7, 1971</a></th><td class=""left"" csk=""TEX.197102070FLO"" data-stat=""visitor_team_name""><a href=""/teams/TEX/1971.html"">Texas Chaparrals</a></td><td class=""right"" data-stat=""visitor_pts"">109</td><td class=""left"" csk=""FLO.197102070FLO"" data-stat=""home_team_name""><a href=""/teams/FLO/1971.html"">The Floridians</a></td><td class=""right"" data-stat=""home_pts"">126</td><td class=""center"" data-stat=""box_score_text""><a href=""/boxscores/197102070FLO.html"">Box Score</a></td><td class=""center iz"" data-stat=""overtimes""></td><td class=""right"" data-stat=""attendance"">4,009</td><td class=""left iz"" data-stat=""game_remarks""></td></tr>"
47,"<tr><th class=""left"" csk=""197102080FLO"" data-stat=""date_game"" scope=""row""><a href=""/boxscores/index.fcgi?month=2&amp;day=8&amp;year=1971"">Mon, Feb 8, 1971</a></th><td class=""left"" csk=""PTC.197102080FLO"" data-stat=""visitor_team_name""><a href=""/teams/PTC/1971.html"">Pittsburgh Condors</a></td><td class=""right"" data-stat=""visitor_pts"">97</td><td class=""left"" csk=""FLO.197102080FLO"" data-stat=""home_team_name""><a href=""/teams/FLO/1971.html"">The Floridians</a></td><td class=""right"" data-stat=""home_pts"">106</td><td class=""center"" data-stat=""box_score_text""><a href=""/boxscores/197102080FLO.html"">Box Score</a></td><td class=""center iz"" data-stat=""overtimes""></td><td class=""right"" data-stat=""attendance"">3,918</td><td class=""left iz"" data-stat=""game_remarks""></td></tr>"
49,"<tr><th class=""left"" csk=""197102100UTS"" data-stat=""date_game"" scope=""row""><a href=""/boxscores/index.fcgi?month=2&amp;day=10&amp;year=1971"">Wed, Feb 10, 1971</a></th><td class=""left"" csk=""KEN.197102100UTS"" data-stat=""visitor_team_name""><a href=""/teams/KEN/1971.html"">Kentucky Colonels</a></td><td class=""right"" data-stat=""visitor_pts"">127</td><td class=""left"" csk=""UTS.197102100UTS"" data-stat=""home_team_name""><a href=""/teams/UTS/1971.html"">Utah Stars</a></td><td class=""right"" data-stat=""home_pts"">149</td><td class=""center"" data-stat=""box_score_text""><a href=""/boxscores/197102100UTS.html"">Box Score</a></td><td class=""center iz"" data-stat=""overtimes""></td><td class=""right"" data-stat=""attendance"">5,678</td><td class=""left iz"" data-stat=""game_remarks""></td></tr>"
51,"<tr><th class=""left"" csk=""197102100INA"" data-stat=""date_game"" scope=""row""><a href=""/boxscores/index.fcgi?month=2&amp;day=10&amp;year=1971"">Wed, Feb 10, 1971</a></th><td class=""left"" csk=""TEX.197102100INA"" data-stat=""visitor_team_name""><a href=""/teams/TEX/1971.html"">Texas Chaparrals</a></td><td class=""right"" data-stat=""visitor_pts"">104</td><td class=""left"" csk=""INA.197102100INA"" data-stat=""home_team_name""><a href=""/teams/INA/1971.html"">Indiana Pacers</a></td><td class=""right"" data-stat=""home_pts"">115</td><td class=""center"" data-stat=""box_score_text""><a href=""/boxscores/197102100INA.html"">Box Score</a></td><td class=""center iz"" data-stat=""overtimes""></td><td class=""right"" data-stat=""attendance"">6,224</td><td class=""left iz"" data-stat=""game_remarks""></td></tr>"
53,"<tr><th class=""left"" csk=""197102100FLO"" data-stat=""date_game"" scope=""row""><a href=""/boxscores/index.fcgi?month=2&amp;day=10&amp;year=1971"">Wed, Feb 10, 1971</a></th><td class=""left"" csk=""PTC.197102100FLO"" data-stat=""visitor_team_name""><a href=""/teams/PTC/1971.html"">Pittsburgh Condors</a></td><td class=""right"" data-stat=""visitor_pts"">104</td><td class=""left"" csk=""FLO.197102100FLO"" data-stat=""home_team_name""><a href=""/teams/FLO/1971.html"">The Floridians</a></td><td class=""right"" data-stat=""home_pts"">115</td><td class=""center"" data-stat=""box_score_text""><a href=""/boxscores/197102100FLO.html"">Box Score</a></td><td class=""center iz"" data-stat=""overtimes""></td><td class=""right"" data-stat=""attendance"">4,738</td><td class=""left iz"" data-stat=""game_remarks""></td></tr>"
55,"<tr><th class=""left"" csk=""197102100DNR"" data-stat=""date_game"" scope=""row""><a href=""/boxscores/index.fcgi?month=2&amp;day=10&amp;year=1971"">Wed, Feb 10, 1971</a></th><td class=""left"" csk=""MMP.197102100DNR"" data-stat=""visitor_team_name""><a href=""/teams/MMP/1971.html"">Memphis Pros</a></td><td class=""right"" data-stat=""visitor_pts"">123</td><td class=""left"" csk=""DNR.197102100DNR"" data-stat=""home_team_name""><a href=""/teams/DNR/1971.html"">Denver Rockets</a></td><td class=""right"" data-stat=""home_pts"">106</td><td class=""center"" data-stat=""box_score_text""><a href=""/boxscores/197102100DNR.html"">Box Score</a></td><td class=""center iz"" data-stat=""overtimes""></td><td class=""right"" data-stat=""attendance"">3,609</td><td class=""left iz"" data-stat=""game_remarks""></td></tr>"
57,"<tr><th class=""left"" csk=""197102110FLO"" data-stat=""date_game"" scope=""row""><a href=""/boxscores/index.fcgi?month=2&amp;day=11&amp;year=1971"">Thu, Feb 11, 1971</a></th><td class=""left"" csk=""VIR.197102110FLO"" data-stat=""visitor_team_name""><a href=""/teams/VIR/1971.html"">Virginia Squires</a></td><td class=""right"" data-stat=""visitor_pts"">125</td><td class=""left"" csk=""FLO.197102110FLO"" data-stat=""home_team_name""><a href=""/teams/FLO/1971.html"">The Floridians</a></td><td class=""right"" data-stat=""home_pts"">119</td><td class=""center"" data-stat=""box_score_text""><a href=""/boxscores/197102110FLO.html"">Box Score</a></td><td class=""center iz"" data-stat=""overtimes""></td><td class=""right"" data-stat=""attendance"">3,676</td><td class=""left iz"" data-stat=""game_remarks""></td></tr>"
59,"<tr><th class=""left"" csk=""197102110PTC"" data-stat=""date_game"" scope=""row""><a href=""/boxscores/index.fcgi?month=2&amp;day=11&amp;year=1971"">Thu, Feb 11, 1971</a></th><td class=""left"" csk=""NYA.197102110PTC"" data-stat=""visitor_team_name""><a href=""/teams/NYA/1971.html"">New York Nets</a></td><td class=""right"" data-stat=""visitor_pts"">110</td><td class=""left"" csk=""PTC.197102110PTC"" data-stat=""home_team_name""><a href=""/teams/PTC/1971.html"">Pittsburgh Condors</a></td><td class=""right"" data-stat=""home_pts"">114</td><td class=""center"" data-stat=""box_score_text""><a href=""/boxscores/197102110PTC.html"">Box Score</a></td><td class=""center iz"" data-stat=""overtimes""></td><td class=""right"" data-stat=""attendance"">1,294</td><td class=""left iz"" data-stat=""game_remarks""></td></tr>"
61,"<tr><th class=""left"" csk=""197102120UTS"" data-stat=""date_game"" scope=""row""><a href=""/boxscores/index.fcgi?month=2&amp;day=12&amp;year=1971"">Fri, Feb 12, 1971</a></th><td class=""left"" csk=""MMP.197102120UTS"" data-stat=""visitor_team_name""><a href=""/teams/MMP/1971.html"">Memphis Pros</a></td><td class=""right"" data-stat=""visitor_pts"">102</td><td class=""left"" csk=""UTS.197102120UTS"" data-stat=""home_team_name""><a href=""/teams/UTS/1971.html"">Utah Stars</a></td><td class=""right"" data-stat=""home_pts"">113</td><td class=""center"" data-stat=""box_score_text""><a href=""/boxscores/197102120UTS.html"">Box Score</a></td><td class=""center iz"" data-stat=""overtimes""></td><td class=""right"" data-stat=""attendance"">5,575</td><td class=""left iz"" data-stat=""game_remarks""></td></tr>"
63,"<tr><th class=""left"" csk=""197102120TEX"" data-stat=""date_game"" scope=""row""><a href=""/boxscores/index.fcgi?month=2&amp;day=12&amp;year=1971"">Fri, Feb 12, 1971</a></th><td class=""left"" csk=""FLO.197102120TEX"" data-stat=""visitor_team_name""><a href=""/teams/FLO/1971.html"">The Floridians</a></td><td class=""right"" data-stat=""visitor_pts"">114</td><td class=""left"" csk=""TEX.197102120TEX"" data-stat=""home_team_name""><a href=""/teams/TEX/1971.html"">Texas Chaparrals</a></td><td class=""right"" data-stat=""home_pts"">111</td><td class=""center"" data-stat=""box_score_text""><a href=""/boxscores/197102120TEX.html"">Box Score</a></td><td class=""center"" data-stat=""overtimes"">OT</td><td class=""right"" data-stat=""attendance"">6,695</td><td class=""left"" data-stat=""game_remarks"">at Lubbock, TX</td></tr>"
65,"<tr><th class=""left"" csk=""197102120INA"" data-stat=""date_game"" scope=""row""><a href=""/boxscores/index.fcgi?month=2&amp;day=12&amp;year=1971"">Fri, Feb 12, 1971</a></th><td class=""left"" csk=""PTC.197102120INA"" data-stat=""visitor_team_name""><a href=""/teams/PTC/1971.html"">Pittsburgh Condors</a></td><td class=""right"" data-stat=""visitor_pts"">109</td><td class=""left"" csk=""INA.197102120INA"" data-stat=""home_team_name""><a href=""/teams/INA/1971.html"">Indiana Pacers</a></td><td class=""right"" data-stat=""home_pts"">120</td><td class=""center"" data-stat=""box_score_text""><a href=""/boxscores/197102120INA.html"">Box Score</a></td><td class=""center iz"" data-stat=""overtimes""></td><td class=""right"" data-stat=""attendance"">7,418</td><td class=""left iz"" data-stat=""game_remarks""></td></tr>"
67,"<tr><th class=""left"" csk=""197102120DNR"" data-stat=""date_game"" scope=""row""><a href=""/boxscores/index.fcgi?month=2&amp;day=12&amp;year=1971"">Fri, Feb 12, 1971</a></th><td class=""left"" csk=""KEN.197102120DNR"" data-stat=""visitor_team_name""><a href=""/teams/KEN/1971.html"">Kentucky Colonels</a></td><td class=""right"" data-stat=""visitor_pts"">142</td><td class=""left"" csk=""DNR.197102120DNR"" data-stat=""home_team_name""><a href=""/teams/DNR/1971.html"">Denver Rockets</a></td><td class=""right"" data-stat=""home_pts"">138</td><td class=""center"" data-stat=""box_score_text""><a href=""/boxscores/197102120DNR.html"">Box Score</a></td><td class=""center iz"" data-stat=""overtimes""></td><td class=""right"" data-stat=""attendance"">4,508</td><td class=""left iz"" data-stat=""game_remarks""></td></tr>"
69,"<tr><th class=""left"" csk=""197102130NYA"" data-stat=""date_game"" scope=""row""><a href=""/boxscores/index.fcgi?month=2&amp;day=13&amp;year=1971"">Sat, Feb 13, 1971</a></th><td class=""left"" csk=""MMP.197102130NYA"" data-stat=""visitor_team_name""><a href=""/teams/MMP/1971.html"">Memphis Pros</a></td><td class=""right"" data-stat=""visitor_pts"">109</td><td class=""left"" csk=""NYA.197102130NYA"" data-stat=""home_team_name""><a href=""/teams/NYA/1971.html"">New York Nets</a></td><td class=""right"" data-stat=""home_pts"">105</td><td class=""center"" data-stat=""box_score_text""><a href=""/boxscores/197102130NYA.html"">Box Score</a></td><td class=""center iz"" data-stat=""overtimes""></td><td class=""right"" data-stat=""attendance"">3,398</td><td class=""left iz"" data-stat=""game_remarks""></td></tr>"
71,"<tr><th class=""left"" csk=""197102130TEX"" data-stat=""date_game"" scope=""row""><a href=""/boxscores/index.fcgi?month=2&amp;day=13&amp;year=1971"">Sat, Feb 13, 1971</a></th><td class=""left"" csk=""UTS.197102130TEX"" data-stat=""visitor_team_name""><a href=""/teams/UTS/1971.html"">Utah Stars</a></td><td class=""right"" data-stat=""visitor_pts"">121</td><td class=""left"" csk=""TEX.197102130TEX"" data-stat=""home_team_name""><a href=""/teams/TEX/1971.html"">Texas Chaparrals</a></td><td class=""right"" data-stat=""home_pts"">114</td><td class=""center"" data-stat=""box_score_text""><a href=""/boxscores/197102130TEX.html"">Box Score</a></td><td class=""center iz"" data-stat=""overtimes""></td><td class=""right"" data-stat=""attendance"">4,054</td><td class=""left"" data-stat=""game_remarks"">at Dallas, TX</td></tr>"
73,"<tr><th class=""left"" csk=""197102130VIR"" data-stat=""date_game"" scope=""row""><a href=""/boxscores/index.fcgi?month=2&amp;day=13&amp;year=1971"">Sat, Feb 13, 1971</a></th><td class=""left"" csk=""KEN.197102130VIR"" data-stat=""visitor_team_name""><a href=""/teams/KEN/1971.html"">Kentucky Colonels</a></td><td class=""right"" data-stat=""visitor_pts"">123</td><td class=""left"" csk=""VIR.197102130VIR"" data-stat=""home_team_name""><a href=""/teams/VIR/1971.html"">Virginia Squires</a></td><td class=""right"" data-stat=""home_pts"">128</td><td class=""center"" data-stat=""box_score_text""><a href=""/boxscores/197102130VIR.html"">Box Score</a></td><td class=""center iz"" data-stat=""overtimes""></td><td class=""right"" data-stat=""attendance"">6,412</td><td class=""left"" data-stat=""game_remarks"">at Hampton, VA</td></tr>"
75,"<tr><th class=""left"" csk=""197102140VIR"" data-stat=""date_game"" scope=""row""><a href=""/boxscores/index.fcgi?month=2&amp;day=14&amp;year=1971"">Sun, Feb 14, 1971</a></th><td class=""left"" csk=""KEN.197102140VIR"" data-stat=""visitor_team_name""><a href=""/teams/KEN/1971.html"">Kentucky Colonels</a></td><td class=""right"" data-stat=""visitor_pts"">140</td><td class=""left"" csk=""VIR.197102140VIR"" data-stat=""home_team_name""><a href=""/teams/VIR/1971.html"">Virginia Squires</a></td><td class=""right"" data-stat=""home_pts"">144</td><td class=""center"" data-stat=""box_score_text""><a href=""/boxscores/197102140VIR.html"">Box Score</a></td><td class=""center iz"" data-stat=""overtimes""></td><td class=""right"" data-stat=""attendance"">3,824</td><td class=""left"" data-stat=""game_remarks"">at Norfolk, VA</td></tr>"
77,"<tr><th class=""left"" csk=""197102140PTC"" data-stat=""date_game"" scope=""row""><a href=""/boxscores/index.fcgi?month=2&amp;day=14&amp;year=1971"">Sun, Feb 14, 1971</a></th><td class=""left"" csk=""UTS.197102140PTC"" data-stat=""visitor_team_name""><a href=""/teams/UTS/1971.html"">Utah Stars</a></td><td class=""right"" data-stat=""visitor_pts"">128</td><td class=""left"" csk=""PTC.197102140PTC"" data-stat=""home_team_name""><a href=""/teams/PTC/1971.html"">Pittsburgh Condors</a></td><td class=""right"" data-stat=""home_pts"">118</td><td class=""center"" data-stat=""box_score_text""><a href=""/boxscores/197102140PTC.html"">Box Score</a></td><td class=""center iz"" data-stat=""overtimes""></td><td class=""right"" data-stat=""attendance"">1,246</td><td class=""left iz"" data-stat=""game_remarks""></td></tr>"
79,"<tr><th class=""left"" csk=""197102140INA"" data-stat=""date_game"" scope=""row""><a href=""/boxscores/index.fcgi?month=2&amp;day=14&amp;year=1971"">Sun, Feb 14, 1971</a></th><td class=""left"" csk=""MMP.197102140INA"" data-stat=""visitor_team_name""><a href=""/teams/MMP/1971.html"">Memphis Pros</a></td><td class=""right"" data-stat=""visitor_pts"">111</td><td class=""left"" csk=""INA.197102140INA"" data-stat=""home_team_name""><a href=""/teams/INA/1971.html"">Indiana Pacers</a></td><td class=""right"" data-stat=""home_pts"">116</td><td class=""center"" data-stat=""box_score_text""><a href=""/boxscores/197102140INA.html"">Box Score</a></td><td class=""center"" data-stat=""overtimes"">OT</td><td class=""right"" data-stat=""attendance"">7,451</td><td class=""left iz"" data-stat=""game_remarks""></td></tr>"
81,"<tr><th class=""left"" csk=""197102140DNR"" data-stat=""date_game"" scope=""row""><a href=""/boxscores/index.fcgi?month=2&amp;day=14&amp;year=1971"">Sun, Feb 14, 1971</a></th><td class=""left"" csk=""NYA.197102140DNR"" data-stat=""visitor_team_name""><a href=""/teams/NYA/1971.html"">New York Nets</a></td><td class=""right"" data-stat=""visitor_pts"">118</td><td class=""left"" csk=""DNR.197102140DNR"" data-stat=""home_team_name""><a href=""/teams/DNR/1971.html"">Denver Rockets</a></td><td class=""right"" data-stat=""home_pts"">117</td><td class=""center"" data-stat=""box_score_text""><a href=""/boxscores/197102140DNR.html"">Box Score</a></td><td class=""center iz"" data-stat=""overtimes""></td><td class=""right"" data-stat=""attendance"">4,299</td><td class=""left iz"" data-stat=""game_remarks""></td></tr>"
83,"<tr><th class=""left"" csk=""197102140CAR"" data-stat=""date_game"" scope=""row""><a href=""/boxscores/index.fcgi?month=2&amp;day=14&amp;year=1971"">Sun, Feb 14, 1971</a></th><td class=""left"" csk=""FLO.197102140CAR"" data-stat=""visitor_team_name""><a href=""/teams/FLO/1971.html"">The Floridians</a></td><td class=""right"" data-stat=""visitor_pts"">109</td><td class=""left"" csk=""CAR.197102140CAR"" data-stat=""home_team_name""><a href=""/teams/CAR/1971.html"">Carolina Cougars</a></td><td class=""right"" data-stat=""home_pts"">106</td><td class=""center"" data-stat=""box_score_text""><a href=""/boxscores/197102140CAR.html"">Box Score</a></td><td class=""center iz"" data-stat=""overtimes""></td><td class=""right"" data-stat=""attendance"">4,099</td><td class=""left"" data-stat=""game_remarks"">at Raleigh, NC</td></tr>"
85,"<tr><th class=""left"" csk=""197102150INA"" data-stat=""date_game"" scope=""row""><a href=""/boxscores/index.fcgi?month=2&amp;day=15&amp;year=1971"">Mon, Feb 15, 1971</a></th><td class=""left"" csk=""TEX.197102150INA"" data-stat=""visitor_team_name""><a href=""/teams/TEX/1971.html"">Texas Chaparrals</a></td><td class=""right"" data-stat=""visitor_pts"">119</td><td class=""left"" csk=""INA.197102150INA"" data-stat=""home_team_name""><a href=""/teams/INA/1971.html"">Indiana Pacers</a></td><td class=""right"" data-stat=""home_pts"">118</td><td class=""center"" data-stat=""box_score_text""><a href=""/boxscores/197102150INA.html"">Box Score</a></td><td class=""center iz"" data-stat=""overtimes""></td><td class=""right"" data-stat=""attendance"">7,359</td><td class=""left iz"" data-stat=""game_remarks""></td></tr>"
87,"<tr><th class=""left"" csk=""197102150UTS"" data-stat=""date_game"" scope=""row""><a href=""/boxscores/index.fcgi?month=2&amp;day=15&amp;year=1971"">Mon, Feb 15, 1971</a></th><td class=""left"" csk=""NYA.197102150UTS"" data-stat=""visitor_team_name""><a href=""/teams/NYA/1971.html"">New York Nets</a></td><td class=""right"" data-stat=""visitor_pts"">98</td><td class=""left"" csk=""UTS.197102150UTS"" data-stat=""home_team_name""><a href=""/teams/UTS/1971.html"">Utah Stars</a></td><td class=""right"" data-stat=""home_pts"">89</td><td class=""center"" data-stat=""box_score_text""><a href=""/boxscores/197102150UTS.html"">Box Score</a></td><td class=""center iz"" data-stat=""overtimes""></td><td class=""right"" data-stat=""attendance"">9,863</td><td class=""left iz"" data-stat=""game_remarks""></td></tr>"
89,"<tr><th class=""left"" csk=""197102160DNR"" data-stat=""date_game"" scope=""row""><a href=""/boxscores/index.fcgi?month=2&amp;day=16&amp;year=1971"">Tue, Feb 16, 1971</a></th><td class=""left"" csk=""MMP.197102160DNR"" data-stat=""visitor_team_name""><a href=""/teams/MMP/1971.html"">Memphis Pros</a></td><td class=""right"" data-stat=""visitor_pts"">120</td><td class=""left"" csk=""DNR.197102160DNR"" data-stat=""home_team_name""><a href=""/teams/DNR/1971.html"">Denver Rockets</a></td><td class=""right"" data-stat=""home_pts"">125</td><td class=""center"" data-stat=""box_score_text""><a href=""/boxscores/197102160DNR.html"">Box Score</a></td><td class=""center iz"" data-stat=""overtimes""></td><td class=""right"" data-stat=""attendance"">3,279</td><td class=""left iz"" data-stat=""game_remarks""></td></tr>"
91,"<tr><th class=""left"" csk=""197102170CAR"" data-stat=""date_game"" scope=""row""><a href=""/boxscores/index.fcgi?month=2&amp;day=17&amp;year=1971"">Wed, Feb 17, 1971</a></th><td class=""left"" csk=""TEX.197102170CAR"" data-stat=""visitor_team_name""><a href=""/teams/TEX/1971.html"">Texas Chaparrals</a></td><td class=""right"" data-stat=""visitor_pts"">111</td><td class=""left"" csk=""CAR.197102170CAR"" data-stat=""home_team_name""><a href=""/teams/CAR/1971.html"">Carolina Cougars</a></td><td class=""right"" data-stat=""home_pts"">116</td><td class=""center"" data-stat=""box_score_text""><a href=""/boxscores/197102170CAR.html"">Box Score</a></td><td class=""center iz"" data-stat=""overtimes""></td><td class=""right"" data-stat=""attendance"">5,581</td><td class=""left"" data-stat=""game_remarks"">at Charlotte, NC</td></tr>"
93,"<tr><th class=""left"" csk=""197102170VIR"" data-stat=""date_game"" scope=""row""><a href=""/boxscores/index.fcgi?month=2&amp;day=17&amp;year=1971"">Wed, Feb 17, 1971</a></th><td class=""left"" csk=""NYA.197102170VIR"" data-stat=""visitor_team_name""><a href=""/teams/NYA/1971.html"">New York Nets</a></td><td class=""right"" data-stat=""visitor_pts"">128</td><td class=""left"" csk=""VIR.197102170VIR"" data-stat=""home_team_name""><a href=""/teams/VIR/1971.html"">Virginia Squires</a></td><td class=""right"" data-stat=""home_pts"">120</td><td class=""center"" data-stat=""box_score_text""><a href=""/boxscores/197102170VIR.html"">Box Score</a></td><td class=""center iz"" data-stat=""overtimes""></td><td class=""right"" data-stat=""attendance"">4,817</td><td class=""left"" data-stat=""game_remarks"">at Richmond, VA</td></tr>"
95,"<tr><th class=""left"" csk=""197102190TEX"" data-stat=""date_game"" scope=""row""><a href=""/boxscores/index.fcgi?month=2&amp;day=19&amp;year=1971"">Fri, Feb 19, 1971</a></th><td class=""left"" csk=""UTS.197102190TEX"" data-stat=""visitor_team_name""><a href=""/teams/UTS/1971.html"">Utah Stars</a></td><td class=""right"" data-stat=""visitor_pts"">126</td><td class=""left"" csk=""TEX.197102190TEX"" data-stat=""home_team_name""><a href=""/teams/TEX/1971.html"">Texas Chaparrals</a></td><td class=""right"" data-stat=""home_pts"">114</td><td class=""center"" data-stat=""box_score_text""><a href=""/boxscores/197102190TEX.html"">Box Score</a></td><td class=""center iz"" data-stat=""overtimes""></td><td class=""right"" data-stat=""attendance"">1,400</td><td class=""left"" data-stat=""game_remarks"">at Fort Worth, TX</td></tr>"
97,"<tr><th class=""left"" csk=""197102190PTC"" data-stat=""date_game"" scope=""row""><a href=""/boxscores/index.fcgi?month=2&amp;day=19&amp;year=1971"">Fri, Feb 19, 1971</a></th><td class=""left"" csk=""VIR.197102190PTC"" data-stat=""visitor_team_name""><a href=""/teams/VIR/1971.html"">Virginia Squires</a></td><td class=""right"" data-stat=""visitor_pts"">131</td><td class=""left"" csk=""PTC.197102190PTC"" data-stat=""home_team_name""><a href=""/teams/PTC/1971.html"">Pittsburgh Condors</a></td><td class=""right"" data-stat=""home_pts"">132</td><td class=""center"" data-stat=""box_score_text""><a href=""/boxscores/197102190PTC.html"">Box Score</a></td><td class=""center iz"" data-stat=""overtimes""></td><td class=""right"" data-stat=""attendance"">6,676</td><td class=""left iz"" data-stat=""game_remarks""></td></tr>"
99,"<tr><th class=""left"" csk=""197102190KEN"" data-stat=""date_game"" scope=""row""><a href=""/boxscores/index.fcgi?month=2&amp;day=19&amp;year=1971"">Fri, Feb 19, 1971</a></th><td class=""left"" csk=""INA.197102190KEN"" data-stat=""visitor_team_name""><a href=""/teams/INA/1971.html"">Indiana Pacers</a></td><td class=""right"" data-stat=""visitor_pts"">126</td><td class=""left"" csk=""KEN.197102190KEN"" data-stat=""home_team_name""><a href=""/teams/KEN/1971.html"">Kentucky Colonels</a></td><td class=""right"" data-stat=""home_pts"">121</td><td class=""center"" data-stat=""box_score_text""><a href=""/boxscores/197102190KEN.html"">Box Score</a></td><td class=""center iz"" data-stat=""overtimes""></td><td class=""right"" data-stat=""attendance"">5,733</td><td class=""left iz"" data-stat=""game_remarks""></td></tr>"
101,"<tr><th class=""left"" csk=""197102190CAR"" data-stat=""date_game"" scope=""row""><a href=""/boxscores/index.fcgi?month=2&amp;day=19&amp;year=1971"">Fri, Feb 19, 1971</a></th><td class=""left"" csk=""NYA.197102190CAR"" data-stat=""visitor_team_name""><a href=""/teams/NYA/1971.html"">New York Nets</a></td><td class=""right"" data-stat=""visitor_pts"">109</td><td class=""left"" csk=""CAR.197102190CAR"" data-stat=""home_team_name""><a href=""/teams/CAR/1971.html"">Carolina Cougars</a></td><td class=""right"" data-stat=""home_pts"">105</td><td class=""center"" data-stat=""box_score_text""><a href=""/boxscores/197102190CAR.html"">Box Score</a></td><td class=""center iz"" data-stat=""overtimes""></td><td class=""right"" data-stat=""attendance"">10,712</td><td class=""left"" data-stat=""game_remarks"">at Greensboro, NC</td></tr>"
103,"<tr><th class=""left"" csk=""197102200TEX"" data-stat=""date_game"" scope=""row""><a href=""/boxscores/index.fcgi?month=2&amp;day=20&amp;year=1971"">Sat, Feb 20, 1971</a></th><td class=""left"" csk=""NYA.197102200TEX"" data-stat=""visitor_team_name""><a href=""/teams/NYA/1971.html"">New York Nets</a></td><td class=""right"" data-stat=""visitor_pts"">120</td><td class=""left"" csk=""TEX.197102200TEX"" data-stat=""home_team_name""><a href=""/teams/TEX/1971.html"">Texas Chaparrals</a></td><td class=""right"" data-stat=""home_pts"">100</td><td class=""center"" data-stat=""box_score_text""><a href=""/boxscores/197102200TEX.html"">Box Score</a></td><td class=""center iz"" data-stat=""overtimes""></td><td class=""right"" data-stat=""attendance"">3,250</td><td class=""left"" data-stat=""game_remarks"">at Dallas, TX</td></tr>"
105,"<tr><th class=""left"" csk=""197102210DNR"" data-stat=""date_game"" scope=""row""><a href=""/boxscores/index.fcgi?month=2&amp;day=21&amp;year=1971"">Sun, Feb 21, 1971</a></th><td class=""left"" csk=""UTS.197102210DNR"" data-stat=""visitor_team_name""><a href=""/teams/UTS/1971.html"">Utah Stars</a></td><td class=""right"" data-stat=""visitor_pts"">120</td><td class=""left"" csk=""DNR.197102210DNR"" data-stat=""home_team_name""><a href=""/teams/DNR/1971.html"">Denver Rockets</a></td><td class=""right"" data-stat=""home_pts"">107</td><td class=""center"" data-stat=""box_score_text""><a href=""/boxscores/197102210DNR.html"">Box Score</a></td><td class=""center iz"" data-stat=""overtimes""></td><td class=""right"" data-stat=""attendance"">4,493</td><td class=""left iz"" data-stat=""game_remarks""></td></tr>"
107,"<tr><th class=""left"" csk=""197102210FLO"" data-stat=""date_game"" scope=""row""><a href=""/boxscores/index.fcgi?month=2&amp;day=21&amp;year=1971"">Sun, Feb 21, 1971</a></th><td class=""left"" csk=""INA.197102210FLO"" data-stat=""visitor_team_name""><a href=""/teams/INA/1971.html"">Indiana Pacers</a></td><td class=""right"" data-stat=""visitor_pts"">121</td><td class=""left"" csk=""FLO.197102210FLO"" data-stat=""home_team_name""><a href=""/teams/FLO/1971.html"">The Floridians</a></td><td class=""right"" data-stat=""home_pts"">107</td><td class=""center"" data-stat=""box_score_text""><a href=""/boxscores/197102210FLO.html"">Box Score</a></td><td class=""center iz"" data-stat=""overtimes""></td><td class=""right"" data-stat=""attendance"">4,427</td><td class=""left"" data-stat=""game_remarks"">at Tampa, FL</td></tr>"
109,"<tr><th class=""left"" csk=""197102210KEN"" data-stat=""date_game"" scope=""row""><a href=""/boxscores/index.fcgi?month=2&amp;day=21&amp;year=1971"">Sun, Feb 21, 1971</a></th><td class=""left"" csk=""NYA.197102210KEN"" data-stat=""visitor_team_name""><a href=""/teams/NYA/1971.html"">New York Nets</a></td><td class=""right"" data-stat=""visitor_pts"">121</td><td class=""left"" csk=""KEN.197102210KEN"" data-stat=""home_team_name""><a href=""/teams/KEN/1971.html"">Kentucky Colonels</a></td><td class=""right"" data-stat=""home_pts"">125</td><td class=""center"" data-stat=""box_score_text""><a href=""/boxscores/197102210KEN.html"">Box Score</a></td><td class=""center iz"" data-stat=""overtimes""></td><td class=""right"" data-stat=""attendance"">6,481</td><td class=""left iz"" data-stat=""game_remarks""></td></tr>"
111,"<tr><th class=""left"" csk=""197102210VIR"" data-stat=""date_game"" scope=""row""><a href=""/boxscores/index.fcgi?month=2&amp;day=21&amp;year=1971"">Sun, Feb 21, 1971</a></th><td class=""left"" csk=""CAR.197102210VIR"" data-stat=""visitor_team_name""><a href=""/teams/CAR/1971.html"">Carolina Cougars</a></td><td class=""right"" data-stat=""visitor_pts"">119</td><td class=""left"" csk=""VIR.197102210VIR"" data-stat=""home_team_name""><a href=""/teams/VIR/1971.html"">Virginia Squires</a></td><td class=""right"" data-stat=""home_pts"">124</td><td class=""center"" data-stat=""box_score_text""><a href=""/boxscores/197102210VIR.html"">Box Score</a></td><td class=""center iz"" data-stat=""overtimes""></td><td class=""right"" data-stat=""attendance"">3,253</td><td class=""left"" data-stat=""game_remarks"">at Norfolk, VA</td></tr>"
113,"<tr><th class=""left"" csk=""197102220MMP"" data-stat=""date_game"" scope=""row""><a href=""/boxscores/index.fcgi?month=2&amp;day=22&amp;year=1971"">Mon, Feb 22, 1971</a></th><td class=""left"" csk=""INA.197102220MMP"" data-stat=""visitor_team_name""><a href=""/teams/INA/1971.html"">Indiana Pacers</a></td><td class=""right"" data-stat=""visitor_pts"">102</td><td class=""left"" csk=""MMP.197102220MMP"" data-stat=""home_team_name""><a href=""/teams/MMP/1971.html"">Memphis Pros</a></td><td class=""right"" data-stat=""home_pts"">99</td><td class=""center"" data-stat=""box_score_text""><a href=""/boxscores/197102220MMP.html"">Box Score</a></td><td class=""center iz"" data-stat=""overtimes""></td><td class=""right"" data-stat=""attendance"">4,229</td><td class=""left iz"" data-stat=""game_remarks""></td></tr>"
115,"<tr><th class=""left"" csk=""197102230UTS"" data-stat=""date_game"" scope=""row""><a href=""/boxscores/index.fcgi?month=2&amp;day=23&amp;year=1971"">Tue, Feb 23, 1971</a></th><td class=""left"" csk=""DNR.197102230UTS"" data-stat=""visitor_team_name""><a href=""/teams/DNR/1971.html"">Denver Rockets</a></td><td class=""right"" data-stat=""visitor_pts"">103</td><td class=""left"" csk=""UTS.197102230UTS"" data-stat=""home_team_name""><a href=""/teams/UTS/1971.html"">Utah Stars</a></td><td class=""right"" data-stat=""home_pts"">133</td><td class=""center"" data-stat=""box_score_text""><a href=""/boxscores/197102230UTS.html"">Box Score</a></td><td class=""center iz"" data-stat=""overtimes""></td><td class=""right"" data-stat=""attendance"">3,628</td><td class=""left iz"" data-stat=""game_remarks""></td></tr>"
117,"<tr><th class=""left"" csk=""197102230PTC"" data-stat=""date_game"" scope=""row""><a href=""/boxscores/index.fcgi?month=2&amp;day=23&amp;year=1971"">Tue, Feb 23, 1971</a></th><td class=""left"" csk=""KEN.197102230PTC"" data-stat=""visitor_team_name""><a href=""/teams/KEN/1971.html"">Kentucky Colonels</a></td><td class=""right"" data-stat=""visitor_pts"">130</td><td class=""left"" csk=""PTC.197102230PTC"" data-stat=""home_team_name""><a href=""/teams/PTC/1971.html"">Pittsburgh Condors</a></td><td class=""right"" data-stat=""home_pts"">133</td><td class=""center"" data-stat=""box_score_text""><a href=""/boxscores/197102230PTC.html"">Box Score</a></td><td class=""center iz"" data-stat=""overtimes""></td><td class=""right"" data-stat=""attendance"">3,024</td><td class=""left iz"" data-stat=""game_remarks""></td></tr>"
119,"<tr><th class=""left"" csk=""197102230MMP"" data-stat=""date_game"" scope=""row""><a href=""/boxscores/index.fcgi?month=2&amp;day=23&amp;year=1971"">Tue, Feb 23, 1971</a></th><td class=""left"" csk=""VIR.197102230MMP"" data-stat=""visitor_team_name""><a href=""/teams/VIR/1971.html"">Virginia Squires</a></td><td class=""right"" data-stat=""visitor_pts"">106</td><td class=""left"" csk=""MMP.197102230MMP"" data-stat=""home_team_name""><a href=""/teams/MMP/1971.html"">Memphis Pros</a></td><td class=""right"" data-stat=""home_pts"">97</td><td class=""center"" data-stat=""box_score_text""><a href=""/boxscores/197102230MMP.html"">Box Score</a></td><td class=""center iz"" data-stat=""overtimes""></td><td class=""right"" data-stat=""attendance"">3,681</td><td class=""left iz"" data-stat=""game_remarks""></td></tr>"
121,"<tr><th class=""left"" csk=""197102240CAR"" data-stat=""date_game"" scope=""row""><a href=""/boxscores/index.fcgi?month=2&amp;day=24&amp;year=1971"">Wed, Feb 24, 1971</a></th><td class=""left"" csk=""VIR.197102240CAR"" data-stat=""visitor_team_name""><a href=""/teams/VIR/1971.html"">Virginia Squires</a></td><td class=""right"" data-stat=""visitor_pts"">137</td><td class=""left"" csk=""CAR.197102240CAR"" data-stat=""home_team_name""><a href=""/teams/CAR/1971.html"">Carolina Cougars</a></td><td class=""right"" data-stat=""home_pts"">144</td><td class=""center"" data-stat=""box_score_text""><a href=""/boxscores/197102240CAR.html"">Box Score</a></td><td class=""center"" data-stat=""overtimes"">OT</td><td class=""right"" data-stat=""attendance"">6,501</td><td class=""left"" data-stat=""game_remarks"">at Charlotte, NC</td></tr>"
123,"<tr><th class=""left"" csk=""197102240FLO"" data-stat=""date_game"" scope=""row""><a href=""/boxscores/index.fcgi?month=2&amp;day=24&amp;year=1971"">Wed, Feb 24, 1971</a></th><td class=""left"" csk=""DNR.197102240FLO"" data-stat=""visitor_team_name""><a href=""/teams/DNR/1971.html"">Denver Rockets</a></td><td class=""right"" data-stat=""visitor_pts"">110</td><td class=""left"" csk=""FLO.197102240FLO"" data-stat=""home_team_name""><a href=""/teams/FLO/1971.html"">The Floridians</a></td><td class=""right"" data-stat=""home_pts"">112</td><td class=""center"" data-stat=""box_score_text""><a href=""/boxscores/197102240FLO.html"">Box Score</a></td><td class=""center iz"" data-stat=""overtimes""></td><td class=""right"" data-stat=""attendance"">3,471</td><td class=""left iz"" data-stat=""game_remarks""></td></tr>"
125,"<tr><th class=""left"" csk=""197102240KEN"" data-stat=""date_game"" scope=""row""><a href=""/boxscores/index.fcgi?month=2&amp;day=24&amp;year=1971"">Wed, Feb 24, 1971</a></th><td class=""left"" csk=""MMP.197102240KEN"" data-stat=""visitor_team_name""><a href=""/teams/MMP/1971.html"">Memphis Pros</a></td><td class=""right"" data-stat=""visitor_pts"">115</td><td class=""left"" csk=""KEN.197102240KEN"" data-stat=""home_team_name""><a href=""/teams/KEN/1971.html"">Kentucky Colonels</a></td><td class=""right"" data-stat=""home_pts"">126</td><td class=""center"" data-stat=""box_score_text""><a href=""/boxscores/197102240KEN.html"">Box Score</a></td><td class=""center iz"" data-stat=""overtimes""></td><td class=""right"" data-stat=""attendance"">4,471</td><td class=""left iz"" data-stat=""game_remarks""></td></tr>"
127,"<tr><th class=""left"" csk=""197102240NYA"" data-stat=""date_game"" scope=""row""><a href=""/boxscores/index.fcgi?month=2&amp;day=24&amp;year=1971"">Wed, Feb 24, 1971</a></th><td class=""left"" csk=""PTC.197102240NYA"" data-stat=""visitor_team_name""><a href=""/teams/PTC/1971.html"">Pittsburgh Condors</a></td><td class=""right"" data-stat=""visitor_pts"">108</td><td class=""left"" csk=""NYA.197102240NYA"" data-stat=""home_team_name""><a href=""/teams/NYA/1971.html"">New York Nets</a></td><td class=""right"" data-stat=""home_pts"">134</td><td class=""center"" data-stat=""box_score_text""><a href=""/boxscores/197102240NYA.html"">Box Score</a></td><td class=""center iz"" data-stat=""overtimes""></td><td class=""right"" data-stat=""attendance"">5,234</td><td class=""left iz"" data-stat=""game_remarks""></td></tr>"
129,"<tr><th class=""left"" csk=""197102240TEX"" data-stat=""date_game"" scope=""row""><a href=""/boxscores/index.fcgi?month=2&amp;day=24&amp;year=1971"">Wed, Feb 24, 1971</a></th><td class=""left"" csk=""INA.197102240TEX"" data-stat=""visitor_team_name""><a href=""/teams/INA/1971.html"">Indiana Pacers</a></td><td class=""right"" data-stat=""visitor_pts"">117</td><td class=""left"" csk=""TEX.197102240TEX"" data-stat=""home_team_name""><a href=""/teams/TEX/1971.html"">Texas Chaparrals</a></td><td class=""right"" data-stat=""home_pts"">113</td><td class=""center"" data-stat=""box_score_text""><a href=""/boxscores/197102240TEX.html"">Box Score</a></td><td class=""center iz"" data-stat=""overtimes""></td><td class=""right"" data-stat=""attendance"">2,164</td><td class=""left"" data-stat=""game_remarks"">at Fort Worth, TX</td></tr>"
131,"<tr><th class=""left"" csk=""197102250PTC"" data-stat=""date_game"" scope=""row""><a href=""/boxscores/index.fcgi?month=2&amp;day=25&amp;year=1971"">Thu, Feb 25, 1971</a></th><td class=""left"" csk=""FLO.197102250PTC"" data-stat=""visitor_team_name""><a href=""/teams/FLO/1971.html"">The Floridians</a></td><td class=""right"" data-stat=""visitor_pts"">115</td><td class=""left"" csk=""PTC.197102250PTC"" data-stat=""home_team_name""><a href=""/teams/PTC/1971.html"">Pittsburgh Condors</a></td><td class=""right"" data-stat=""home_pts"">129</td><td class=""center"" data-stat=""box_score_text""><a href=""/boxscores/197102250PTC.html"">Box Score</a></td><td class=""center iz"" data-stat=""overtimes""></td><td class=""right"" data-stat=""attendance"">2,876</td><td class=""left iz"" data-stat=""game_remarks""></td></tr>"
133,"<tr><th class=""left"" csk=""197102250UTS"" data-stat=""date_game"" scope=""row""><a href=""/boxscores/index.fcgi?month=2&amp;day=25&amp;year=1971"">Thu, Feb 25, 1971</a></th><td class=""left"" csk=""INA.197102250UTS"" data-stat=""visitor_team_name""><a href=""/teams/INA/1971.html"">Indiana Pacers</a></td><td class=""right"" data-stat=""visitor_pts"">109</td><td class=""left"" csk=""UTS.197102250UTS"" data-stat=""home_team_name""><a href=""/teams/UTS/1971.html"">Utah Stars</a></td><td class=""right"" data-stat=""home_pts"">112</td><td class=""center"" data-stat=""box_score_text""><a href=""/boxscores/197102250UTS.html"">Box Score</a></td><td class=""center iz"" data-stat=""overtimes""></td><td class=""right"" data-stat=""attendance"">10,286</td><td class=""left iz"" data-stat=""game_remarks""></td></tr>"
135,"<tr><th class=""left"" csk=""197102250VIR"" data-stat=""date_game"" scope=""row""><a href=""/boxscores/index.fcgi?month=2&amp;day=25&amp;year=1971"">Thu, Feb 25, 1971</a></th><td class=""left"" csk=""CAR.197102250VIR"" data-stat=""visitor_team_name""><a href=""/teams/CAR/1971.html"">Carolina Cougars</a></td><td class=""right"" data-stat=""visitor_pts"">114</td><td class=""left"" csk=""VIR.197102250VIR"" data-stat=""home_team_name""><a href=""/teams/VIR/1971.html"">Virginia Squires</a></td><td class=""right"" data-stat=""home_pts"">127</td><td class=""center"" data-stat=""box_score_text""><a href=""/boxscores/197102250VIR.html"">Box Score</a></td><td class=""center iz"" data-stat=""overtimes""></td><td class=""right"" data-stat=""attendance"">4,720</td><td class=""left"" data-stat=""game_remarks"">at Hampton, VA</td></tr>"
137,"<tr><th class=""left"" csk=""197102260TEX"" data-stat=""date_game"" scope=""row""><a href=""/boxscores/index.fcgi?month=2&amp;day=26&amp;year=1971"">Fri, Feb 26, 1971</a></th><td class=""left"" csk=""DNR.197102260TEX"" data-stat=""visitor_team_name""><a href=""/teams/DNR/1971.html"">Denver Rockets</a></td><td class=""right"" data-stat=""visitor_pts"">142</td><td class=""left"" csk=""TEX.197102260TEX"" data-stat=""home_team_name""><a href=""/teams/TEX/1971.html"">Texas Chaparrals</a></td><td class=""right"" data-stat=""home_pts"">120</td><td class=""center"" data-stat=""box_score_text""><a href=""/boxscores/197102260TEX.html"">Box Score</a></td><td class=""center iz"" data-stat=""overtimes""></td><td class=""right"" data-stat=""attendance"">2,002</td><td class=""left"" data-stat=""game_remarks"">at Dallas, TX</td></tr>"
139,"<tr><th class=""left"" csk=""197102270NYA"" data-stat=""date_game"" scope=""row""><a href=""/boxscores/index.fcgi?month=2&amp;day=27&amp;year=1971"">Sat, Feb 27, 1971</a></th><td class=""left"" csk=""DNR.197102270NYA"" data-stat=""visitor_team_name""><a href=""/teams/DNR/1971.html"">Denver Rockets</a></td><td class=""right"" data-stat=""visitor_pts"">115</td><td class=""left"" csk=""NYA.197102270NYA"" data-stat=""home_team_name""><a href=""/teams/NYA/1971.html"">New York Nets</a></td><td class=""right"" data-stat=""home_pts"">122</td><td class=""center"" data-stat=""box_score_text""><a href=""/boxscores/197102270NYA.html"">Box Score</a></td><td class=""center iz"" data-stat=""overtimes""></td><td class=""right"" data-stat=""attendance"">5,528</td><td class=""left iz"" data-stat=""game_remarks""></td></tr>"
141,"<tr><th class=""left"" csk=""197102270PTC"" data-stat=""date_game"" scope=""row""><a href=""/boxscores/index.fcgi?month=2&amp;day=27&amp;year=1971"">Sat, Feb 27, 1971</a></th><td class=""left"" csk=""VIR.197102270PTC"" data-stat=""visitor_team_name""><a href=""/teams/VIR/1971.html"">Virginia Squires</a></td><td class=""right"" data-stat=""visitor_pts"">116</td><td class=""left"" csk=""PTC.197102270PTC"" data-stat=""home_team_name""><a href=""/teams/PTC/1971.html"">Pittsburgh Condors</a></td><td class=""right"" data-stat=""home_pts"">127</td><td class=""center"" data-stat=""box_score_text""><a href=""/boxscores/197102270PTC.html"">Box Score</a></td><td class=""center iz"" data-stat=""overtimes""></td><td class=""right"" data-stat=""attendance"">1,549</td><td class=""left iz"" data-stat=""game_remarks""></td></tr>"
143,"<tr><th class=""left"" csk=""197102270TEX"" data-stat=""date_game"" scope=""row""><a href=""/boxscores/index.fcgi?month=2&amp;day=27&amp;year=1971"">Sat, Feb 27, 1971</a></th><td class=""left"" csk=""MMP.197102270TEX"" data-stat=""visitor_team_name""><a href=""/teams/MMP/1971.html"">Memphis Pros</a></td><td class=""right"" data-stat=""visitor_pts"">113</td><td class=""left"" csk=""TEX.197102270TEX"" data-stat=""home_team_name""><a href=""/teams/TEX/1971.html"">Texas Chaparrals</a></td><td class=""right"" data-stat=""home_pts"">115</td><td class=""center"" data-stat=""box_score_text""><a href=""/boxscores/197102270TEX.html"">Box Score</a></td><td class=""center iz"" data-stat=""overtimes""></td><td class=""right"" data-stat=""attendance"">1,657</td><td class=""left"" data-stat=""game_remarks"">at Dallas, TX</td></tr>"
145,"<tr><th class=""left"" csk=""197102280CAR"" data-stat=""date_game"" scope=""row""><a href=""/boxscores/index.fcgi?month=2&amp;day=28&amp;year=1971"">Sun, Feb 28, 1971</a></th><td class=""left"" csk=""KEN.197102280CAR"" data-stat=""visitor_team_name""><a href=""/teams/KEN/1971.html"">Kentucky Colonels</a></td><td class=""right"" data-stat=""visitor_pts"">122</td><td class=""left"" csk=""CAR.197102280CAR"" data-stat=""home_team_name""><a href=""/teams/CAR/1971.html"">Carolina Cougars</a></td><td class=""right"" data-stat=""home_pts"">112</td><td class=""center"" data-stat=""box_score_text""><a href=""/boxscores/197102280CAR.html"">Box Score</a></td><td class=""center iz"" data-stat=""overtimes""></td><td class=""right"" data-stat=""attendance"">10,003</td><td class=""left"" data-stat=""game_remarks"">at Charlotte, NC</td></tr>"
147,"<tr><th class=""left"" csk=""197102280MMP"" data-stat=""date_game"" scope=""row""><a href=""/boxscores/index.fcgi?month=2&amp;day=28&amp;year=1971"">Sun, Feb 28, 1971</a></th><td class=""left"" csk=""DNR.197102280MMP"" data-stat=""visitor_team_name""><a href=""/teams/DNR/1971.html"">Denver Rockets</a></td><td class=""right"" data-stat=""visitor_pts"">118</td><td class=""left"" csk=""MMP.197102280MMP"" data-stat=""home_team_name""><a href=""/teams/MMP/1971.html"">Memphis Pros</a></td><td class=""right"" data-stat=""home_pts"">111</td><td class=""center"" data-stat=""box_score_text""><a href=""/boxscores/197102280MMP.html"">Box Score</a></td><td class=""center iz"" data-stat=""overtimes""></td><td class=""right"" data-stat=""attendance"">4,327</td><td class=""left iz"" data-stat=""game_remarks""></td></tr>"
149,"<tr><th class=""left"" csk=""197102280PTC"" data-stat=""date_game"" scope=""row""><a href=""/boxscores/index.fcgi?month=2&amp;day=28&amp;year=1971"">Sun, Feb 28, 1971</a></th><td class=""left"" csk=""INA.197102280PTC"" data-stat=""visitor_team_name""><a href=""/teams/INA/1971.html"">Indiana Pacers</a></td><td class=""right"" data-stat=""visitor_pts"">110</td><td class=""left"" csk=""PTC.197102280PTC"" data-stat=""home_team_name""><a href=""/teams/PTC/1971.html"">Pittsburgh Condors</a></td><td class=""right"" data-stat=""home_pts"">113</td><td class=""center"" data-stat=""box_score_text""><a href=""/boxscores/197102280PTC.html"">Box Score</a></td><td class=""center iz"" data-stat=""overtimes""></td><td class=""right"" data-stat=""attendance"">3,012</td><td class=""left iz"" data-stat=""game_remarks""></td></tr>"
151,"<tr><th class=""left"" csk=""197102280TEX"" data-stat=""date_game"" scope=""row""><a href=""/boxscores/index.fcgi?month=2&amp;day=28&amp;year=1971"">Sun, Feb 28, 1971</a></th><td class=""left"" csk=""UTS.197102280TEX"" data-stat=""visitor_team_name""><a href=""/teams/UTS/1971.html"">Utah Stars</a></td><td class=""right"" data-stat=""visitor_pts"">125</td><td class=""left"" csk=""TEX.197102280TEX"" data-stat=""home_team_name""><a href=""/teams/TEX/1971.html"">Texas Chaparrals</a></td><td class=""right"" data-stat=""home_pts"">123</td><td class=""center"" data-stat=""box_score_text""><a href=""/boxscores/197102280TEX.html"">Box Score</a></td><td class=""center iz"" data-stat=""overtimes""></td><td class=""right"" data-stat=""attendance"">1,552</td><td class=""left"" data-stat=""game_remarks"">at Dallas, TX</td></tr>"
153,"<tr><th class=""left"" csk=""197102280VIR"" data-stat=""date_game"" scope=""row""><a href=""/boxscores/index.fcgi?month=2&amp;day=28&amp;year=1971"">Sun, Feb 28, 1971</a></th><td class=""left"" csk=""FLO.197102280VIR"" data-stat=""visitor_team_name""><a href=""/teams/FLO/1971.html"">The Floridians</a></td><td class=""right"" data-stat=""visitor_pts"">136</td><td class=""left"" csk=""VIR.197102280VIR"" data-stat=""home_team_name""><a href=""/teams/VIR/1971.html"">Virginia Squires</a></td><td class=""right"" data-stat=""home_pts"">128</td><td class=""center"" data-stat=""box_score_text""><a href=""/boxscores/197102280VIR.html"">Box Score</a></td><td class=""center iz"" data-stat=""overtimes""></td><td class=""right"" data-stat=""attendance"">3,296</td><td class=""left"" data-stat=""game_remarks"">at Roanoke, VA</td></tr>"
