,0
1,"<tr><th class=""left"" csk=""197101020CAR"" data-stat=""date_game"" scope=""row""><a href=""/boxscores/index.fcgi?month=1&amp;day=2&amp;year=1971"">Sat, Jan 2, 1971</a></th><td class=""left"" csk=""NYA.197101020CAR"" data-stat=""visitor_team_name""><a href=""/teams/NYA/1971.html"">New York Nets</a></td><td class=""right"" data-stat=""visitor_pts"">99</td><td class=""left"" csk=""CAR.197101020CAR"" data-stat=""home_team_name""><a href=""/teams/CAR/1971.html"">Carolina Cougars</a></td><td class=""right"" data-stat=""home_pts"">118</td><td class=""center"" data-stat=""box_score_text""><a href=""/boxscores/197101020CAR.html"">Box Score</a></td><td class=""center iz"" data-stat=""overtimes""></td><td class=""right"" data-stat=""attendance"">4,401</td><td class=""left"" data-stat=""game_remarks"">at Greensboro, NC</td></tr>"
3,"<tr><th class=""left"" csk=""197101020KEN"" data-stat=""date_game"" scope=""row""><a href=""/boxscores/index.fcgi?month=1&amp;day=2&amp;year=1971"">Sat, Jan 2, 1971</a></th><td class=""left"" csk=""INA.197101020KEN"" data-stat=""visitor_team_name""><a href=""/teams/INA/1971.html"">Indiana Pacers</a></td><td class=""right"" data-stat=""visitor_pts"">134</td><td class=""left"" csk=""KEN.197101020KEN"" data-stat=""home_team_name""><a href=""/teams/KEN/1971.html"">Kentucky Colonels</a></td><td class=""right"" data-stat=""home_pts"">132</td><td class=""center"" data-stat=""box_score_text""><a href=""/boxscores/197101020KEN.html"">Box Score</a></td><td class=""center iz"" data-stat=""overtimes""></td><td class=""right"" data-stat=""attendance"">5,733</td><td class=""left iz"" data-stat=""game_remarks""></td></tr>"
5,"<tr><th class=""left"" csk=""197101020UTS"" data-stat=""date_game"" scope=""row""><a href=""/boxscores/index.fcgi?month=1&amp;day=2&amp;year=1971"">Sat, Jan 2, 1971</a></th><td class=""left"" csk=""TEX.197101020UTS"" data-stat=""visitor_team_name""><a href=""/teams/TEX/1971.html"">Texas Chaparrals</a></td><td class=""right"" data-stat=""visitor_pts"">109</td><td class=""left"" csk=""UTS.197101020UTS"" data-stat=""home_team_name""><a href=""/teams/UTS/1971.html"">Utah Stars</a></td><td class=""right"" data-stat=""home_pts"">134</td><td class=""center"" data-stat=""box_score_text""><a href=""/boxscores/197101020UTS.html"">Box Score</a></td><td class=""center iz"" data-stat=""overtimes""></td><td class=""right"" data-stat=""attendance"">3,754</td><td class=""left"" data-stat=""game_remarks"">at Logan, UT</td></tr>"
7,"<tr><th class=""left"" csk=""197101020VIR"" data-stat=""date_game"" scope=""row""><a href=""/boxscores/index.fcgi?month=1&amp;day=2&amp;year=1971"">Sat, Jan 2, 1971</a></th><td class=""left"" csk=""PTC.197101020VIR"" data-stat=""visitor_team_name""><a href=""/teams/PTC/1971.html"">Pittsburgh Condors</a></td><td class=""right"" data-stat=""visitor_pts"">126</td><td class=""left"" csk=""VIR.197101020VIR"" data-stat=""home_team_name""><a href=""/teams/VIR/1971.html"">Virginia Squires</a></td><td class=""right"" data-stat=""home_pts"">137</td><td class=""center"" data-stat=""box_score_text""><a href=""/boxscores/197101020VIR.html"">Box Score</a></td><td class=""center iz"" data-stat=""overtimes""></td><td class=""right"" data-stat=""attendance"">7,144</td><td class=""left"" data-stat=""game_remarks"">at Hampton, VA</td></tr>"
9,"<tr><th class=""left"" csk=""197101030VIR"" data-stat=""date_game"" scope=""row""><a href=""/boxscores/index.fcgi?month=1&amp;day=3&amp;year=1971"">Sun, Jan 3, 1971</a></th><td class=""left"" csk=""CAR.197101030VIR"" data-stat=""visitor_team_name""><a href=""/teams/CAR/1971.html"">Carolina Cougars</a></td><td class=""right"" data-stat=""visitor_pts"">124</td><td class=""left"" csk=""VIR.197101030VIR"" data-stat=""home_team_name""><a href=""/teams/VIR/1971.html"">Virginia Squires</a></td><td class=""right"" data-stat=""home_pts"">135</td><td class=""center"" data-stat=""box_score_text""><a href=""/boxscores/197101030VIR.html"">Box Score</a></td><td class=""center iz"" data-stat=""overtimes""></td><td class=""right"" data-stat=""attendance"">3,076</td><td class=""left"" data-stat=""game_remarks"">at Norfolk, VA</td></tr>"
11,"<tr><th class=""left"" csk=""197101030PTC"" data-stat=""date_game"" scope=""row""><a href=""/boxscores/index.fcgi?month=1&amp;day=3&amp;year=1971"">Sun, Jan 3, 1971</a></th><td class=""left"" csk=""NYA.197101030PTC"" data-stat=""visitor_team_name""><a href=""/teams/NYA/1971.html"">New York Nets</a></td><td class=""right"" data-stat=""visitor_pts"">109</td><td class=""left"" csk=""PTC.197101030PTC"" data-stat=""home_team_name""><a href=""/teams/PTC/1971.html"">Pittsburgh Condors</a></td><td class=""right"" data-stat=""home_pts"">115</td><td class=""center"" data-stat=""box_score_text""><a href=""/boxscores/197101030PTC.html"">Box Score</a></td><td class=""center iz"" data-stat=""overtimes""></td><td class=""right"" data-stat=""attendance"">1,991</td><td class=""left iz"" data-stat=""game_remarks""></td></tr>"
13,"<tr><th class=""left"" csk=""197101030FLO"" data-stat=""date_game"" scope=""row""><a href=""/boxscores/index.fcgi?month=1&amp;day=3&amp;year=1971"">Sun, Jan 3, 1971</a></th><td class=""left"" csk=""KEN.197101030FLO"" data-stat=""visitor_team_name""><a href=""/teams/KEN/1971.html"">Kentucky Colonels</a></td><td class=""right"" data-stat=""visitor_pts"">124</td><td class=""left"" csk=""FLO.197101030FLO"" data-stat=""home_team_name""><a href=""/teams/FLO/1971.html"">The Floridians</a></td><td class=""right"" data-stat=""home_pts"">119</td><td class=""center"" data-stat=""box_score_text""><a href=""/boxscores/197101030FLO.html"">Box Score</a></td><td class=""center iz"" data-stat=""overtimes""></td><td class=""right"" data-stat=""attendance"">4,103</td><td class=""left"" data-stat=""game_remarks"">at Jacksonville, FL</td></tr>"
15,"<tr><th class=""left"" csk=""197101030DNR"" data-stat=""date_game"" scope=""row""><a href=""/boxscores/index.fcgi?month=1&amp;day=3&amp;year=1971"">Sun, Jan 3, 1971</a></th><td class=""left"" csk=""TEX.197101030DNR"" data-stat=""visitor_team_name""><a href=""/teams/TEX/1971.html"">Texas Chaparrals</a></td><td class=""right"" data-stat=""visitor_pts"">124</td><td class=""left"" csk=""DNR.197101030DNR"" data-stat=""home_team_name""><a href=""/teams/DNR/1971.html"">Denver Rockets</a></td><td class=""right"" data-stat=""home_pts"">129</td><td class=""center"" data-stat=""box_score_text""><a href=""/boxscores/197101030DNR.html"">Box Score</a></td><td class=""center"" data-stat=""overtimes"">OT</td><td class=""right"" data-stat=""attendance"">3,101</td><td class=""left iz"" data-stat=""game_remarks""></td></tr>"
17,"<tr><th class=""left"" csk=""197101040INA"" data-stat=""date_game"" scope=""row""><a href=""/boxscores/index.fcgi?month=1&amp;day=4&amp;year=1971"">Mon, Jan 4, 1971</a></th><td class=""left"" csk=""FLO.197101040INA"" data-stat=""visitor_team_name""><a href=""/teams/FLO/1971.html"">The Floridians</a></td><td class=""right"" data-stat=""visitor_pts"">99</td><td class=""left"" csk=""INA.197101040INA"" data-stat=""home_team_name""><a href=""/teams/INA/1971.html"">Indiana Pacers</a></td><td class=""right"" data-stat=""home_pts"">111</td><td class=""center"" data-stat=""box_score_text""><a href=""/boxscores/197101040INA.html"">Box Score</a></td><td class=""center iz"" data-stat=""overtimes""></td><td class=""right"" data-stat=""attendance"">6,489</td><td class=""left iz"" data-stat=""game_remarks""></td></tr>"
19,"<tr><th class=""left"" csk=""197101050DNR"" data-stat=""date_game"" scope=""row""><a href=""/boxscores/index.fcgi?month=1&amp;day=5&amp;year=1971"">Tue, Jan 5, 1971</a></th><td class=""left"" csk=""UTS.197101050DNR"" data-stat=""visitor_team_name""><a href=""/teams/UTS/1971.html"">Utah Stars</a></td><td class=""right"" data-stat=""visitor_pts"">114</td><td class=""left"" csk=""DNR.197101050DNR"" data-stat=""home_team_name""><a href=""/teams/DNR/1971.html"">Denver Rockets</a></td><td class=""right"" data-stat=""home_pts"">99</td><td class=""center"" data-stat=""box_score_text""><a href=""/boxscores/197101050DNR.html"">Box Score</a></td><td class=""center iz"" data-stat=""overtimes""></td><td class=""right"" data-stat=""attendance"">3,511</td><td class=""left iz"" data-stat=""game_remarks""></td></tr>"
21,"<tr><th class=""left"" csk=""197101050MMP"" data-stat=""date_game"" scope=""row""><a href=""/boxscores/index.fcgi?month=1&amp;day=5&amp;year=1971"">Tue, Jan 5, 1971</a></th><td class=""left"" csk=""INA.197101050MMP"" data-stat=""visitor_team_name""><a href=""/teams/INA/1971.html"">Indiana Pacers</a></td><td class=""right"" data-stat=""visitor_pts"">92</td><td class=""left"" csk=""MMP.197101050MMP"" data-stat=""home_team_name""><a href=""/teams/MMP/1971.html"">Memphis Pros</a></td><td class=""right"" data-stat=""home_pts"">88</td><td class=""center"" data-stat=""box_score_text""><a href=""/boxscores/197101050MMP.html"">Box Score</a></td><td class=""center iz"" data-stat=""overtimes""></td><td class=""right"" data-stat=""attendance"">3,821</td><td class=""left iz"" data-stat=""game_remarks""></td></tr>"
23,"<tr><th class=""left"" csk=""197101050TEX"" data-stat=""date_game"" scope=""row""><a href=""/boxscores/index.fcgi?month=1&amp;day=5&amp;year=1971"">Tue, Jan 5, 1971</a></th><td class=""left"" csk=""PTC.197101050TEX"" data-stat=""visitor_team_name""><a href=""/teams/PTC/1971.html"">Pittsburgh Condors</a></td><td class=""right"" data-stat=""visitor_pts"">133</td><td class=""left"" csk=""TEX.197101050TEX"" data-stat=""home_team_name""><a href=""/teams/TEX/1971.html"">Texas Chaparrals</a></td><td class=""right"" data-stat=""home_pts"">142</td><td class=""center"" data-stat=""box_score_text""><a href=""/boxscores/197101050TEX.html"">Box Score</a></td><td class=""center iz"" data-stat=""overtimes""></td><td class=""right"" data-stat=""attendance"">500</td><td class=""left"" data-stat=""game_remarks"">at Fort Worth, TX</td></tr>"
25,"<tr><th class=""left"" csk=""197101060NYA"" data-stat=""date_game"" scope=""row""><a href=""/boxscores/index.fcgi?month=1&amp;day=6&amp;year=1971"">Wed, Jan 6, 1971</a></th><td class=""left"" csk=""MMP.197101060NYA"" data-stat=""visitor_team_name""><a href=""/teams/MMP/1971.html"">Memphis Pros</a></td><td class=""right"" data-stat=""visitor_pts"">101</td><td class=""left"" csk=""NYA.197101060NYA"" data-stat=""home_team_name""><a href=""/teams/NYA/1971.html"">New York Nets</a></td><td class=""right"" data-stat=""home_pts"">110</td><td class=""center"" data-stat=""box_score_text""><a href=""/boxscores/197101060NYA.html"">Box Score</a></td><td class=""center iz"" data-stat=""overtimes""></td><td class=""right"" data-stat=""attendance"">3,727</td><td class=""left iz"" data-stat=""game_remarks""></td></tr>"
27,"<tr><th class=""left"" csk=""197101060KEN"" data-stat=""date_game"" scope=""row""><a href=""/boxscores/index.fcgi?month=1&amp;day=6&amp;year=1971"">Wed, Jan 6, 1971</a></th><td class=""left"" csk=""VIR.197101060KEN"" data-stat=""visitor_team_name""><a href=""/teams/VIR/1971.html"">Virginia Squires</a></td><td class=""right"" data-stat=""visitor_pts"">137</td><td class=""left"" csk=""KEN.197101060KEN"" data-stat=""home_team_name""><a href=""/teams/KEN/1971.html"">Kentucky Colonels</a></td><td class=""right"" data-stat=""home_pts"">145</td><td class=""center"" data-stat=""box_score_text""><a href=""/boxscores/197101060KEN.html"">Box Score</a></td><td class=""center iz"" data-stat=""overtimes""></td><td class=""right"" data-stat=""attendance"">4,988</td><td class=""left iz"" data-stat=""game_remarks""></td></tr>"
29,"<tr><th class=""left"" csk=""197101060INA"" data-stat=""date_game"" scope=""row""><a href=""/boxscores/index.fcgi?month=1&amp;day=6&amp;year=1971"">Wed, Jan 6, 1971</a></th><td class=""left"" csk=""UTS.197101060INA"" data-stat=""visitor_team_name""><a href=""/teams/UTS/1971.html"">Utah Stars</a></td><td class=""right"" data-stat=""visitor_pts"">106</td><td class=""left"" csk=""INA.197101060INA"" data-stat=""home_team_name""><a href=""/teams/INA/1971.html"">Indiana Pacers</a></td><td class=""right"" data-stat=""home_pts"">111</td><td class=""center"" data-stat=""box_score_text""><a href=""/boxscores/197101060INA.html"">Box Score</a></td><td class=""center iz"" data-stat=""overtimes""></td><td class=""right"" data-stat=""attendance"">8,772</td><td class=""left iz"" data-stat=""game_remarks""></td></tr>"
31,"<tr><th class=""left"" csk=""197101060CAR"" data-stat=""date_game"" scope=""row""><a href=""/boxscores/index.fcgi?month=1&amp;day=6&amp;year=1971"">Wed, Jan 6, 1971</a></th><td class=""left"" csk=""FLO.197101060CAR"" data-stat=""visitor_team_name""><a href=""/teams/FLO/1971.html"">The Floridians</a></td><td class=""right"" data-stat=""visitor_pts"">113</td><td class=""left"" csk=""CAR.197101060CAR"" data-stat=""home_team_name""><a href=""/teams/CAR/1971.html"">Carolina Cougars</a></td><td class=""right"" data-stat=""home_pts"">120</td><td class=""center"" data-stat=""box_score_text""><a href=""/boxscores/197101060CAR.html"">Box Score</a></td><td class=""center iz"" data-stat=""overtimes""></td><td class=""right"" data-stat=""attendance"">3,601</td><td class=""left"" data-stat=""game_remarks"">at Charlotte, NC</td></tr>"
33,"<tr><th class=""left"" csk=""197101070DNR"" data-stat=""date_game"" scope=""row""><a href=""/boxscores/index.fcgi?month=1&amp;day=7&amp;year=1971"">Thu, Jan 7, 1971</a></th><td class=""left"" csk=""PTC.197101070DNR"" data-stat=""visitor_team_name""><a href=""/teams/PTC/1971.html"">Pittsburgh Condors</a></td><td class=""right"" data-stat=""visitor_pts"">131</td><td class=""left"" csk=""DNR.197101070DNR"" data-stat=""home_team_name""><a href=""/teams/DNR/1971.html"">Denver Rockets</a></td><td class=""right"" data-stat=""home_pts"">116</td><td class=""center"" data-stat=""box_score_text""><a href=""/boxscores/197101070DNR.html"">Box Score</a></td><td class=""center iz"" data-stat=""overtimes""></td><td class=""right"" data-stat=""attendance"">3,465</td><td class=""left iz"" data-stat=""game_remarks""></td></tr>"
35,"<tr><th class=""left"" csk=""197101070FLO"" data-stat=""date_game"" scope=""row""><a href=""/boxscores/index.fcgi?month=1&amp;day=7&amp;year=1971"">Thu, Jan 7, 1971</a></th><td class=""left"" csk=""VIR.197101070FLO"" data-stat=""visitor_team_name""><a href=""/teams/VIR/1971.html"">Virginia Squires</a></td><td class=""right"" data-stat=""visitor_pts"">113</td><td class=""left"" csk=""FLO.197101070FLO"" data-stat=""home_team_name""><a href=""/teams/FLO/1971.html"">The Floridians</a></td><td class=""right"" data-stat=""home_pts"">118</td><td class=""center"" data-stat=""box_score_text""><a href=""/boxscores/197101070FLO.html"">Box Score</a></td><td class=""center iz"" data-stat=""overtimes""></td><td class=""right"" data-stat=""attendance"">3,642</td><td class=""left iz"" data-stat=""game_remarks""></td></tr>"
37,"<tr><th class=""left"" csk=""197101070UTS"" data-stat=""date_game"" scope=""row""><a href=""/boxscores/index.fcgi?month=1&amp;day=7&amp;year=1971"">Thu, Jan 7, 1971</a></th><td class=""left"" csk=""TEX.197101070UTS"" data-stat=""visitor_team_name""><a href=""/teams/TEX/1971.html"">Texas Chaparrals</a></td><td class=""right"" data-stat=""visitor_pts"">107</td><td class=""left"" csk=""UTS.197101070UTS"" data-stat=""home_team_name""><a href=""/teams/UTS/1971.html"">Utah Stars</a></td><td class=""right"" data-stat=""home_pts"">114</td><td class=""center"" data-stat=""box_score_text""><a href=""/boxscores/197101070UTS.html"">Box Score</a></td><td class=""center iz"" data-stat=""overtimes""></td><td class=""right"" data-stat=""attendance"">3,878</td><td class=""left iz"" data-stat=""game_remarks""></td></tr>"
39,"<tr><th class=""left"" csk=""197101080TEX"" data-stat=""date_game"" scope=""row""><a href=""/boxscores/index.fcgi?month=1&amp;day=8&amp;year=1971"">Fri, Jan 8, 1971</a></th><td class=""left"" csk=""DNR.197101080TEX"" data-stat=""visitor_team_name""><a href=""/teams/DNR/1971.html"">Denver Rockets</a></td><td class=""right"" data-stat=""visitor_pts"">126</td><td class=""left"" csk=""TEX.197101080TEX"" data-stat=""home_team_name""><a href=""/teams/TEX/1971.html"">Texas Chaparrals</a></td><td class=""right"" data-stat=""home_pts"">132</td><td class=""center"" data-stat=""box_score_text""><a href=""/boxscores/197101080TEX.html"">Box Score</a></td><td class=""center iz"" data-stat=""overtimes""></td><td class=""right"" data-stat=""attendance"">3,175</td><td class=""left"" data-stat=""game_remarks"">at Lubbock, TX</td></tr>"
41,"<tr><th class=""left"" csk=""197101080NYA"" data-stat=""date_game"" scope=""row""><a href=""/boxscores/index.fcgi?month=1&amp;day=8&amp;year=1971"">Fri, Jan 8, 1971</a></th><td class=""left"" csk=""KEN.197101080NYA"" data-stat=""visitor_team_name""><a href=""/teams/KEN/1971.html"">Kentucky Colonels</a></td><td class=""right"" data-stat=""visitor_pts"">111</td><td class=""left"" csk=""NYA.197101080NYA"" data-stat=""home_team_name""><a href=""/teams/NYA/1971.html"">New York Nets</a></td><td class=""right"" data-stat=""home_pts"">125</td><td class=""center"" data-stat=""box_score_text""><a href=""/boxscores/197101080NYA.html"">Box Score</a></td><td class=""center iz"" data-stat=""overtimes""></td><td class=""right"" data-stat=""attendance"">4,933</td><td class=""left iz"" data-stat=""game_remarks""></td></tr>"
43,"<tr><th class=""left"" csk=""197101080FLO"" data-stat=""date_game"" scope=""row""><a href=""/boxscores/index.fcgi?month=1&amp;day=8&amp;year=1971"">Fri, Jan 8, 1971</a></th><td class=""left"" csk=""MMP.197101080FLO"" data-stat=""visitor_team_name""><a href=""/teams/MMP/1971.html"">Memphis Pros</a></td><td class=""right"" data-stat=""visitor_pts"">112</td><td class=""left"" csk=""FLO.197101080FLO"" data-stat=""home_team_name""><a href=""/teams/FLO/1971.html"">The Floridians</a></td><td class=""right"" data-stat=""home_pts"">119</td><td class=""center"" data-stat=""box_score_text""><a href=""/boxscores/197101080FLO.html"">Box Score</a></td><td class=""center iz"" data-stat=""overtimes""></td><td class=""right"" data-stat=""attendance"">4,112</td><td class=""left iz"" data-stat=""game_remarks""></td></tr>"
45,"<tr><th class=""left"" csk=""197101080CAR"" data-stat=""date_game"" scope=""row""><a href=""/boxscores/index.fcgi?month=1&amp;day=8&amp;year=1971"">Fri, Jan 8, 1971</a></th><td class=""left"" csk=""PTC.197101080CAR"" data-stat=""visitor_team_name""><a href=""/teams/PTC/1971.html"">Pittsburgh Condors</a></td><td class=""right"" data-stat=""visitor_pts"">100</td><td class=""left"" csk=""CAR.197101080CAR"" data-stat=""home_team_name""><a href=""/teams/CAR/1971.html"">Carolina Cougars</a></td><td class=""right"" data-stat=""home_pts"">115</td><td class=""center"" data-stat=""box_score_text""><a href=""/boxscores/197101080CAR.html"">Box Score</a></td><td class=""center iz"" data-stat=""overtimes""></td><td class=""right"" data-stat=""attendance"">5,423</td><td class=""left"" data-stat=""game_remarks"">at Greensboro, NC</td></tr>"
47,"<tr><th class=""left"" csk=""197101090VIR"" data-stat=""date_game"" scope=""row""><a href=""/boxscores/index.fcgi?month=1&amp;day=9&amp;year=1971"">Sat, Jan 9, 1971</a></th><td class=""left"" csk=""FLO.197101090VIR"" data-stat=""visitor_team_name""><a href=""/teams/FLO/1971.html"">The Floridians</a></td><td class=""right"" data-stat=""visitor_pts"">114</td><td class=""left"" csk=""VIR.197101090VIR"" data-stat=""home_team_name""><a href=""/teams/VIR/1971.html"">Virginia Squires</a></td><td class=""right"" data-stat=""home_pts"">135</td><td class=""center"" data-stat=""box_score_text""><a href=""/boxscores/197101090VIR.html"">Box Score</a></td><td class=""center iz"" data-stat=""overtimes""></td><td class=""right"" data-stat=""attendance"">4,217</td><td class=""left"" data-stat=""game_remarks"">at Norfolk, VA</td></tr>"
49,"<tr><th class=""left"" csk=""197101090TEX"" data-stat=""date_game"" scope=""row""><a href=""/boxscores/index.fcgi?month=1&amp;day=9&amp;year=1971"">Sat, Jan 9, 1971</a></th><td class=""left"" csk=""MMP.197101090TEX"" data-stat=""visitor_team_name""><a href=""/teams/MMP/1971.html"">Memphis Pros</a></td><td class=""right"" data-stat=""visitor_pts"">113</td><td class=""left"" csk=""TEX.197101090TEX"" data-stat=""home_team_name""><a href=""/teams/TEX/1971.html"">Texas Chaparrals</a></td><td class=""right"" data-stat=""home_pts"">112</td><td class=""center"" data-stat=""box_score_text""><a href=""/boxscores/197101090TEX.html"">Box Score</a></td><td class=""center iz"" data-stat=""overtimes""></td><td class=""right"" data-stat=""attendance"">9,276</td><td class=""left iz"" data-stat=""game_remarks""></td></tr>"
51,"<tr><th class=""left"" csk=""197101090KEN"" data-stat=""date_game"" scope=""row""><a href=""/boxscores/index.fcgi?month=1&amp;day=9&amp;year=1971"">Sat, Jan 9, 1971</a></th><td class=""left"" csk=""CAR.197101090KEN"" data-stat=""visitor_team_name""><a href=""/teams/CAR/1971.html"">Carolina Cougars</a></td><td class=""right"" data-stat=""visitor_pts"">130</td><td class=""left"" csk=""KEN.197101090KEN"" data-stat=""home_team_name""><a href=""/teams/KEN/1971.html"">Kentucky Colonels</a></td><td class=""right"" data-stat=""home_pts"">125</td><td class=""center"" data-stat=""box_score_text""><a href=""/boxscores/197101090KEN.html"">Box Score</a></td><td class=""center iz"" data-stat=""overtimes""></td><td class=""right"" data-stat=""attendance"">5,691</td><td class=""left iz"" data-stat=""game_remarks""></td></tr>"
53,"<tr><th class=""left"" csk=""197101090INA"" data-stat=""date_game"" scope=""row""><a href=""/boxscores/index.fcgi?month=1&amp;day=9&amp;year=1971"">Sat, Jan 9, 1971</a></th><td class=""left"" csk=""NYA.197101090INA"" data-stat=""visitor_team_name""><a href=""/teams/NYA/1971.html"">New York Nets</a></td><td class=""right"" data-stat=""visitor_pts"">88</td><td class=""left"" csk=""INA.197101090INA"" data-stat=""home_team_name""><a href=""/teams/INA/1971.html"">Indiana Pacers</a></td><td class=""right"" data-stat=""home_pts"">116</td><td class=""center"" data-stat=""box_score_text""><a href=""/boxscores/197101090INA.html"">Box Score</a></td><td class=""center iz"" data-stat=""overtimes""></td><td class=""right"" data-stat=""attendance"">9,389</td><td class=""left iz"" data-stat=""game_remarks""></td></tr>"
55,"<tr><th class=""left"" csk=""197101100DNR"" data-stat=""date_game"" scope=""row""><a href=""/boxscores/index.fcgi?month=1&amp;day=10&amp;year=1971"">Sun, Jan 10, 1971</a></th><td class=""left"" csk=""CAR.197101100DNR"" data-stat=""visitor_team_name""><a href=""/teams/CAR/1971.html"">Carolina Cougars</a></td><td class=""right"" data-stat=""visitor_pts"">118</td><td class=""left"" csk=""DNR.197101100DNR"" data-stat=""home_team_name""><a href=""/teams/DNR/1971.html"">Denver Rockets</a></td><td class=""right"" data-stat=""home_pts"">124</td><td class=""center"" data-stat=""box_score_text""><a href=""/boxscores/197101100DNR.html"">Box Score</a></td><td class=""center"" data-stat=""overtimes"">OT</td><td class=""right"" data-stat=""attendance"">3,441</td><td class=""left iz"" data-stat=""game_remarks""></td></tr>"
57,"<tr><th class=""left"" csk=""197101100MMP"" data-stat=""date_game"" scope=""row""><a href=""/boxscores/index.fcgi?month=1&amp;day=10&amp;year=1971"">Sun, Jan 10, 1971</a></th><td class=""left"" csk=""PTC.197101100MMP"" data-stat=""visitor_team_name""><a href=""/teams/PTC/1971.html"">Pittsburgh Condors</a></td><td class=""right"" data-stat=""visitor_pts"">106</td><td class=""left"" csk=""MMP.197101100MMP"" data-stat=""home_team_name""><a href=""/teams/MMP/1971.html"">Memphis Pros</a></td><td class=""right"" data-stat=""home_pts"">114</td><td class=""center"" data-stat=""box_score_text""><a href=""/boxscores/197101100MMP.html"">Box Score</a></td><td class=""center iz"" data-stat=""overtimes""></td><td class=""right"" data-stat=""attendance"">1,620</td><td class=""left iz"" data-stat=""game_remarks""></td></tr>"
59,"<tr><th class=""left"" csk=""197101100NYA"" data-stat=""date_game"" scope=""row""><a href=""/boxscores/index.fcgi?month=1&amp;day=10&amp;year=1971"">Sun, Jan 10, 1971</a></th><td class=""left"" csk=""VIR.197101100NYA"" data-stat=""visitor_team_name""><a href=""/teams/VIR/1971.html"">Virginia Squires</a></td><td class=""right"" data-stat=""visitor_pts"">117</td><td class=""left"" csk=""NYA.197101100NYA"" data-stat=""home_team_name""><a href=""/teams/NYA/1971.html"">New York Nets</a></td><td class=""right"" data-stat=""home_pts"">107</td><td class=""center"" data-stat=""box_score_text""><a href=""/boxscores/197101100NYA.html"">Box Score</a></td><td class=""center"" data-stat=""overtimes"">OT</td><td class=""right"" data-stat=""attendance"">4,261</td><td class=""left iz"" data-stat=""game_remarks""></td></tr>"
61,"<tr><th class=""left"" csk=""197101100UTS"" data-stat=""date_game"" scope=""row""><a href=""/boxscores/index.fcgi?month=1&amp;day=10&amp;year=1971"">Sun, Jan 10, 1971</a></th><td class=""left"" csk=""FLO.197101100UTS"" data-stat=""visitor_team_name""><a href=""/teams/FLO/1971.html"">The Floridians</a></td><td class=""right"" data-stat=""visitor_pts"">116</td><td class=""left"" csk=""UTS.197101100UTS"" data-stat=""home_team_name""><a href=""/teams/UTS/1971.html"">Utah Stars</a></td><td class=""right"" data-stat=""home_pts"">129</td><td class=""center"" data-stat=""box_score_text""><a href=""/boxscores/197101100UTS.html"">Box Score</a></td><td class=""center iz"" data-stat=""overtimes""></td><td class=""right"" data-stat=""attendance"">4,365</td><td class=""left iz"" data-stat=""game_remarks""></td></tr>"
63,"<tr><th class=""left"" csk=""197101110INA"" data-stat=""date_game"" scope=""row""><a href=""/boxscores/index.fcgi?month=1&amp;day=11&amp;year=1971"">Mon, Jan 11, 1971</a></th><td class=""left"" csk=""UTS.197101110INA"" data-stat=""visitor_team_name""><a href=""/teams/UTS/1971.html"">Utah Stars</a></td><td class=""right"" data-stat=""visitor_pts"">101</td><td class=""left"" csk=""INA.197101110INA"" data-stat=""home_team_name""><a href=""/teams/INA/1971.html"">Indiana Pacers</a></td><td class=""right"" data-stat=""home_pts"">111</td><td class=""center"" data-stat=""box_score_text""><a href=""/boxscores/197101110INA.html"">Box Score</a></td><td class=""center iz"" data-stat=""overtimes""></td><td class=""right"" data-stat=""attendance"">9,513</td><td class=""left iz"" data-stat=""game_remarks""></td></tr>"
65,"<tr><th class=""left"" csk=""197101110MMP"" data-stat=""date_game"" scope=""row""><a href=""/boxscores/index.fcgi?month=1&amp;day=11&amp;year=1971"">Mon, Jan 11, 1971</a></th><td class=""left"" csk=""KEN.197101110MMP"" data-stat=""visitor_team_name""><a href=""/teams/KEN/1971.html"">Kentucky Colonels</a></td><td class=""right"" data-stat=""visitor_pts"">107</td><td class=""left"" csk=""MMP.197101110MMP"" data-stat=""home_team_name""><a href=""/teams/MMP/1971.html"">Memphis Pros</a></td><td class=""right"" data-stat=""home_pts"">121</td><td class=""center"" data-stat=""box_score_text""><a href=""/boxscores/197101110MMP.html"">Box Score</a></td><td class=""center iz"" data-stat=""overtimes""></td><td class=""right"" data-stat=""attendance"">3,796</td><td class=""left"" data-stat=""game_remarks"">at Nashville, TN</td></tr>"
67,"<tr><th class=""left"" csk=""197101120UTS"" data-stat=""date_game"" scope=""row""><a href=""/boxscores/index.fcgi?month=1&amp;day=12&amp;year=1971"">Tue, Jan 12, 1971</a></th><td class=""left"" csk=""CAR.197101120UTS"" data-stat=""visitor_team_name""><a href=""/teams/CAR/1971.html"">Carolina Cougars</a></td><td class=""right"" data-stat=""visitor_pts"">120</td><td class=""left"" csk=""UTS.197101120UTS"" data-stat=""home_team_name""><a href=""/teams/UTS/1971.html"">Utah Stars</a></td><td class=""right"" data-stat=""home_pts"">131</td><td class=""center"" data-stat=""box_score_text""><a href=""/boxscores/197101120UTS.html"">Box Score</a></td><td class=""center iz"" data-stat=""overtimes""></td><td class=""right"" data-stat=""attendance"">3,465</td><td class=""left iz"" data-stat=""game_remarks""></td></tr>"
69,"<tr><th class=""left"" csk=""197101120PTC"" data-stat=""date_game"" scope=""row""><a href=""/boxscores/index.fcgi?month=1&amp;day=12&amp;year=1971"">Tue, Jan 12, 1971</a></th><td class=""left"" csk=""FLO.197101120PTC"" data-stat=""visitor_team_name""><a href=""/teams/FLO/1971.html"">The Floridians</a></td><td class=""right"" data-stat=""visitor_pts"">106</td><td class=""left"" csk=""PTC.197101120PTC"" data-stat=""home_team_name""><a href=""/teams/PTC/1971.html"">Pittsburgh Condors</a></td><td class=""right"" data-stat=""home_pts"">122</td><td class=""center"" data-stat=""box_score_text""><a href=""/boxscores/197101120PTC.html"">Box Score</a></td><td class=""center iz"" data-stat=""overtimes""></td><td class=""right"" data-stat=""attendance"">1,579</td><td class=""left iz"" data-stat=""game_remarks""></td></tr>"
71,"<tr><th class=""left"" csk=""197101120DNR"" data-stat=""date_game"" scope=""row""><a href=""/boxscores/index.fcgi?month=1&amp;day=12&amp;year=1971"">Tue, Jan 12, 1971</a></th><td class=""left"" csk=""TEX.197101120DNR"" data-stat=""visitor_team_name""><a href=""/teams/TEX/1971.html"">Texas Chaparrals</a></td><td class=""right"" data-stat=""visitor_pts"">112</td><td class=""left"" csk=""DNR.197101120DNR"" data-stat=""home_team_name""><a href=""/teams/DNR/1971.html"">Denver Rockets</a></td><td class=""right"" data-stat=""home_pts"">120</td><td class=""center"" data-stat=""box_score_text""><a href=""/boxscores/197101120DNR.html"">Box Score</a></td><td class=""center iz"" data-stat=""overtimes""></td><td class=""right"" data-stat=""attendance"">3,307</td><td class=""left iz"" data-stat=""game_remarks""></td></tr>"
73,"<tr><th class=""left"" csk=""197101130KEN"" data-stat=""date_game"" scope=""row""><a href=""/boxscores/index.fcgi?month=1&amp;day=13&amp;year=1971"">Wed, Jan 13, 1971</a></th><td class=""left"" csk=""FLO.197101130KEN"" data-stat=""visitor_team_name""><a href=""/teams/FLO/1971.html"">The Floridians</a></td><td class=""right"" data-stat=""visitor_pts"">117</td><td class=""left"" csk=""KEN.197101130KEN"" data-stat=""home_team_name""><a href=""/teams/KEN/1971.html"">Kentucky Colonels</a></td><td class=""right"" data-stat=""home_pts"">133</td><td class=""center"" data-stat=""box_score_text""><a href=""/boxscores/197101130KEN.html"">Box Score</a></td><td class=""center iz"" data-stat=""overtimes""></td><td class=""right"" data-stat=""attendance"">4,066</td><td class=""left iz"" data-stat=""game_remarks""></td></tr>"
75,"<tr><th class=""left"" csk=""197101140FLO"" data-stat=""date_game"" scope=""row""><a href=""/boxscores/index.fcgi?month=1&amp;day=14&amp;year=1971"">Thu, Jan 14, 1971</a></th><td class=""left"" csk=""CAR.197101140FLO"" data-stat=""visitor_team_name""><a href=""/teams/CAR/1971.html"">Carolina Cougars</a></td><td class=""right"" data-stat=""visitor_pts"">133</td><td class=""left"" csk=""FLO.197101140FLO"" data-stat=""home_team_name""><a href=""/teams/FLO/1971.html"">The Floridians</a></td><td class=""right"" data-stat=""home_pts"">130</td><td class=""center"" data-stat=""box_score_text""><a href=""/boxscores/197101140FLO.html"">Box Score</a></td><td class=""center iz"" data-stat=""overtimes""></td><td class=""right"" data-stat=""attendance"">2,174</td><td class=""left iz"" data-stat=""game_remarks""></td></tr>"
77,"<tr><th class=""left"" csk=""197101140PTC"" data-stat=""date_game"" scope=""row""><a href=""/boxscores/index.fcgi?month=1&amp;day=14&amp;year=1971"">Thu, Jan 14, 1971</a></th><td class=""left"" csk=""KEN.197101140PTC"" data-stat=""visitor_team_name""><a href=""/teams/KEN/1971.html"">Kentucky Colonels</a></td><td class=""right"" data-stat=""visitor_pts"">111</td><td class=""left"" csk=""PTC.197101140PTC"" data-stat=""home_team_name""><a href=""/teams/PTC/1971.html"">Pittsburgh Condors</a></td><td class=""right"" data-stat=""home_pts"">122</td><td class=""center"" data-stat=""box_score_text""><a href=""/boxscores/197101140PTC.html"">Box Score</a></td><td class=""center iz"" data-stat=""overtimes""></td><td class=""right"" data-stat=""attendance"">1,121</td><td class=""left iz"" data-stat=""game_remarks""></td></tr>"
79,"<tr><th class=""left"" csk=""197101140UTS"" data-stat=""date_game"" scope=""row""><a href=""/boxscores/index.fcgi?month=1&amp;day=14&amp;year=1971"">Thu, Jan 14, 1971</a></th><td class=""left"" csk=""MMP.197101140UTS"" data-stat=""visitor_team_name""><a href=""/teams/MMP/1971.html"">Memphis Pros</a></td><td class=""right"" data-stat=""visitor_pts"">102</td><td class=""left"" csk=""UTS.197101140UTS"" data-stat=""home_team_name""><a href=""/teams/UTS/1971.html"">Utah Stars</a></td><td class=""right"" data-stat=""home_pts"">116</td><td class=""center"" data-stat=""box_score_text""><a href=""/boxscores/197101140UTS.html"">Box Score</a></td><td class=""center iz"" data-stat=""overtimes""></td><td class=""right"" data-stat=""attendance"">5,565</td><td class=""left iz"" data-stat=""game_remarks""></td></tr>"
81,"<tr><th class=""left"" csk=""197101150TEX"" data-stat=""date_game"" scope=""row""><a href=""/boxscores/index.fcgi?month=1&amp;day=15&amp;year=1971"">Fri, Jan 15, 1971</a></th><td class=""left"" csk=""UTS.197101150TEX"" data-stat=""visitor_team_name""><a href=""/teams/UTS/1971.html"">Utah Stars</a></td><td class=""right"" data-stat=""visitor_pts"">104</td><td class=""left"" csk=""TEX.197101150TEX"" data-stat=""home_team_name""><a href=""/teams/TEX/1971.html"">Texas Chaparrals</a></td><td class=""right"" data-stat=""home_pts"">125</td><td class=""center"" data-stat=""box_score_text""><a href=""/boxscores/197101150TEX.html"">Box Score</a></td><td class=""center iz"" data-stat=""overtimes""></td><td class=""right"" data-stat=""attendance"">4,827</td><td class=""left"" data-stat=""game_remarks"">at Dallas, TX</td></tr>"
83,"<tr><th class=""left"" csk=""197101150NYA"" data-stat=""date_game"" scope=""row""><a href=""/boxscores/index.fcgi?month=1&amp;day=15&amp;year=1971"">Fri, Jan 15, 1971</a></th><td class=""left"" csk=""PTC.197101150NYA"" data-stat=""visitor_team_name""><a href=""/teams/PTC/1971.html"">Pittsburgh Condors</a></td><td class=""right"" data-stat=""visitor_pts"">120</td><td class=""left"" csk=""NYA.197101150NYA"" data-stat=""home_team_name""><a href=""/teams/NYA/1971.html"">New York Nets</a></td><td class=""right"" data-stat=""home_pts"">117</td><td class=""center"" data-stat=""box_score_text""><a href=""/boxscores/197101150NYA.html"">Box Score</a></td><td class=""center iz"" data-stat=""overtimes""></td><td class=""right"" data-stat=""attendance"">5,179</td><td class=""left iz"" data-stat=""game_remarks""></td></tr>"
85,"<tr><th class=""left"" csk=""197101150INA"" data-stat=""date_game"" scope=""row""><a href=""/boxscores/index.fcgi?month=1&amp;day=15&amp;year=1971"">Fri, Jan 15, 1971</a></th><td class=""left"" csk=""VIR.197101150INA"" data-stat=""visitor_team_name""><a href=""/teams/VIR/1971.html"">Virginia Squires</a></td><td class=""right"" data-stat=""visitor_pts"">119</td><td class=""left"" csk=""INA.197101150INA"" data-stat=""home_team_name""><a href=""/teams/INA/1971.html"">Indiana Pacers</a></td><td class=""right"" data-stat=""home_pts"">125</td><td class=""center"" data-stat=""box_score_text""><a href=""/boxscores/197101150INA.html"">Box Score</a></td><td class=""center iz"" data-stat=""overtimes""></td><td class=""right"" data-stat=""attendance"">9,828</td><td class=""left iz"" data-stat=""game_remarks""></td></tr>"
87,"<tr><th class=""left"" csk=""197101150CAR"" data-stat=""date_game"" scope=""row""><a href=""/boxscores/index.fcgi?month=1&amp;day=15&amp;year=1971"">Fri, Jan 15, 1971</a></th><td class=""left"" csk=""DNR.197101150CAR"" data-stat=""visitor_team_name""><a href=""/teams/DNR/1971.html"">Denver Rockets</a></td><td class=""right"" data-stat=""visitor_pts"">114</td><td class=""left"" csk=""CAR.197101150CAR"" data-stat=""home_team_name""><a href=""/teams/CAR/1971.html"">Carolina Cougars</a></td><td class=""right"" data-stat=""home_pts"">125</td><td class=""center"" data-stat=""box_score_text""><a href=""/boxscores/197101150CAR.html"">Box Score</a></td><td class=""center iz"" data-stat=""overtimes""></td><td class=""right"" data-stat=""attendance"">6,144</td><td class=""left"" data-stat=""game_remarks"">at Greensboro, NC</td></tr>"
89,"<tr><th class=""left"" csk=""197101160VIR"" data-stat=""date_game"" scope=""row""><a href=""/boxscores/index.fcgi?month=1&amp;day=16&amp;year=1971"">Sat, Jan 16, 1971</a></th><td class=""left"" csk=""DNR.197101160VIR"" data-stat=""visitor_team_name""><a href=""/teams/DNR/1971.html"">Denver Rockets</a></td><td class=""right"" data-stat=""visitor_pts"">131</td><td class=""left"" csk=""VIR.197101160VIR"" data-stat=""home_team_name""><a href=""/teams/VIR/1971.html"">Virginia Squires</a></td><td class=""right"" data-stat=""home_pts"">141</td><td class=""center"" data-stat=""box_score_text""><a href=""/boxscores/197101160VIR.html"">Box Score</a></td><td class=""center iz"" data-stat=""overtimes""></td><td class=""right"" data-stat=""attendance"">5,042</td><td class=""left"" data-stat=""game_remarks"">at Norfolk, VA</td></tr>"
91,"<tr><th class=""left"" csk=""197101160TEX"" data-stat=""date_game"" scope=""row""><a href=""/boxscores/index.fcgi?month=1&amp;day=16&amp;year=1971"">Sat, Jan 16, 1971</a></th><td class=""left"" csk=""MMP.197101160TEX"" data-stat=""visitor_team_name""><a href=""/teams/MMP/1971.html"">Memphis Pros</a></td><td class=""right"" data-stat=""visitor_pts"">114</td><td class=""left"" csk=""TEX.197101160TEX"" data-stat=""home_team_name""><a href=""/teams/TEX/1971.html"">Texas Chaparrals</a></td><td class=""right"" data-stat=""home_pts"">112</td><td class=""center"" data-stat=""box_score_text""><a href=""/boxscores/197101160TEX.html"">Box Score</a></td><td class=""center"" data-stat=""overtimes"">OT</td><td class=""right"" data-stat=""attendance"">4,857</td><td class=""left"" data-stat=""game_remarks"">at Fort Worth, TX</td></tr>"
93,"<tr><th class=""left"" csk=""197101160PTC"" data-stat=""date_game"" scope=""row""><a href=""/boxscores/index.fcgi?month=1&amp;day=16&amp;year=1971"">Sat, Jan 16, 1971</a></th><td class=""left"" csk=""INA.197101160PTC"" data-stat=""visitor_team_name""><a href=""/teams/INA/1971.html"">Indiana Pacers</a></td><td class=""right"" data-stat=""visitor_pts"">115</td><td class=""left"" csk=""PTC.197101160PTC"" data-stat=""home_team_name""><a href=""/teams/PTC/1971.html"">Pittsburgh Condors</a></td><td class=""right"" data-stat=""home_pts"">107</td><td class=""center"" data-stat=""box_score_text""><a href=""/boxscores/197101160PTC.html"">Box Score</a></td><td class=""center iz"" data-stat=""overtimes""></td><td class=""right"" data-stat=""attendance"">4,392</td><td class=""left iz"" data-stat=""game_remarks""></td></tr>"
95,"<tr><th class=""left"" csk=""197101160KEN"" data-stat=""date_game"" scope=""row""><a href=""/boxscores/index.fcgi?month=1&amp;day=16&amp;year=1971"">Sat, Jan 16, 1971</a></th><td class=""left"" csk=""NYA.197101160KEN"" data-stat=""visitor_team_name""><a href=""/teams/NYA/1971.html"">New York Nets</a></td><td class=""right"" data-stat=""visitor_pts"">117</td><td class=""left"" csk=""KEN.197101160KEN"" data-stat=""home_team_name""><a href=""/teams/KEN/1971.html"">Kentucky Colonels</a></td><td class=""right"" data-stat=""home_pts"">116</td><td class=""center"" data-stat=""box_score_text""><a href=""/boxscores/197101160KEN.html"">Box Score</a></td><td class=""center iz"" data-stat=""overtimes""></td><td class=""right"" data-stat=""attendance"">5,733</td><td class=""left iz"" data-stat=""game_remarks""></td></tr>"
97,"<tr><th class=""left"" csk=""197101160FLO"" data-stat=""date_game"" scope=""row""><a href=""/boxscores/index.fcgi?month=1&amp;day=16&amp;year=1971"">Sat, Jan 16, 1971</a></th><td class=""left"" csk=""UTS.197101160FLO"" data-stat=""visitor_team_name""><a href=""/teams/UTS/1971.html"">Utah Stars</a></td><td class=""right"" data-stat=""visitor_pts"">119</td><td class=""left"" csk=""FLO.197101160FLO"" data-stat=""home_team_name""><a href=""/teams/FLO/1971.html"">The Floridians</a></td><td class=""right"" data-stat=""home_pts"">123</td><td class=""center"" data-stat=""box_score_text""><a href=""/boxscores/197101160FLO.html"">Box Score</a></td><td class=""center"" data-stat=""overtimes"">OT</td><td class=""right"" data-stat=""attendance"">3,110</td><td class=""left iz"" data-stat=""game_remarks""></td></tr>"
99,"<tr><th class=""left"" csk=""197101170CAR"" data-stat=""date_game"" scope=""row""><a href=""/boxscores/index.fcgi?month=1&amp;day=17&amp;year=1971"">Sun, Jan 17, 1971</a></th><td class=""left"" csk=""NYA.197101170CAR"" data-stat=""visitor_team_name""><a href=""/teams/NYA/1971.html"">New York Nets</a></td><td class=""right"" data-stat=""visitor_pts"">120</td><td class=""left"" csk=""CAR.197101170CAR"" data-stat=""home_team_name""><a href=""/teams/CAR/1971.html"">Carolina Cougars</a></td><td class=""right"" data-stat=""home_pts"">112</td><td class=""center"" data-stat=""box_score_text""><a href=""/boxscores/197101170CAR.html"">Box Score</a></td><td class=""center iz"" data-stat=""overtimes""></td><td class=""right"" data-stat=""attendance"">4,799</td><td class=""left"" data-stat=""game_remarks"">at Greensboro, NC</td></tr>"
101,"<tr><th class=""left"" csk=""197101170DNR"" data-stat=""date_game"" scope=""row""><a href=""/boxscores/index.fcgi?month=1&amp;day=17&amp;year=1971"">Sun, Jan 17, 1971</a></th><td class=""left"" csk=""TEX.197101170DNR"" data-stat=""visitor_team_name""><a href=""/teams/TEX/1971.html"">Texas Chaparrals</a></td><td class=""right"" data-stat=""visitor_pts"">123</td><td class=""left"" csk=""DNR.197101170DNR"" data-stat=""home_team_name""><a href=""/teams/DNR/1971.html"">Denver Rockets</a></td><td class=""right"" data-stat=""home_pts"">129</td><td class=""center"" data-stat=""box_score_text""><a href=""/boxscores/197101170DNR.html"">Box Score</a></td><td class=""center iz"" data-stat=""overtimes""></td><td class=""right"" data-stat=""attendance"">3,454</td><td class=""left iz"" data-stat=""game_remarks""></td></tr>"
103,"<tr><th class=""left"" csk=""197101170INA"" data-stat=""date_game"" scope=""row""><a href=""/boxscores/index.fcgi?month=1&amp;day=17&amp;year=1971"">Sun, Jan 17, 1971</a></th><td class=""left"" csk=""KEN.197101170INA"" data-stat=""visitor_team_name""><a href=""/teams/KEN/1971.html"">Kentucky Colonels</a></td><td class=""right"" data-stat=""visitor_pts"">124</td><td class=""left"" csk=""INA.197101170INA"" data-stat=""home_team_name""><a href=""/teams/INA/1971.html"">Indiana Pacers</a></td><td class=""right"" data-stat=""home_pts"">137</td><td class=""center"" data-stat=""box_score_text""><a href=""/boxscores/197101170INA.html"">Box Score</a></td><td class=""center iz"" data-stat=""overtimes""></td><td class=""right"" data-stat=""attendance"">8,473</td><td class=""left iz"" data-stat=""game_remarks""></td></tr>"
105,"<tr><th class=""left"" csk=""197101170MMP"" data-stat=""date_game"" scope=""row""><a href=""/boxscores/index.fcgi?month=1&amp;day=17&amp;year=1971"">Sun, Jan 17, 1971</a></th><td class=""left"" csk=""UTS.197101170MMP"" data-stat=""visitor_team_name""><a href=""/teams/UTS/1971.html"">Utah Stars</a></td><td class=""right"" data-stat=""visitor_pts"">116</td><td class=""left"" csk=""MMP.197101170MMP"" data-stat=""home_team_name""><a href=""/teams/MMP/1971.html"">Memphis Pros</a></td><td class=""right"" data-stat=""home_pts"">117</td><td class=""center"" data-stat=""box_score_text""><a href=""/boxscores/197101170MMP.html"">Box Score</a></td><td class=""center iz"" data-stat=""overtimes""></td><td class=""right"" data-stat=""attendance"">6,198</td><td class=""left iz"" data-stat=""game_remarks""></td></tr>"
107,"<tr><th class=""left"" csk=""197101180VIR"" data-stat=""date_game"" scope=""row""><a href=""/boxscores/index.fcgi?month=1&amp;day=18&amp;year=1971"">Mon, Jan 18, 1971</a></th><td class=""left"" csk=""KEN.197101180VIR"" data-stat=""visitor_team_name""><a href=""/teams/KEN/1971.html"">Kentucky Colonels</a></td><td class=""right"" data-stat=""visitor_pts"">124</td><td class=""left"" csk=""VIR.197101180VIR"" data-stat=""home_team_name""><a href=""/teams/VIR/1971.html"">Virginia Squires</a></td><td class=""right"" data-stat=""home_pts"">114</td><td class=""center"" data-stat=""box_score_text""><a href=""/boxscores/197101180VIR.html"">Box Score</a></td><td class=""center iz"" data-stat=""overtimes""></td><td class=""right"" data-stat=""attendance"">6,132</td><td class=""left"" data-stat=""game_remarks"">at Hampton, VA</td></tr>"
109,"<tr><th class=""left"" csk=""197101190UTS"" data-stat=""date_game"" scope=""row""><a href=""/boxscores/index.fcgi?month=1&amp;day=19&amp;year=1971"">Tue, Jan 19, 1971</a></th><td class=""left"" csk=""INA.197101190UTS"" data-stat=""visitor_team_name""><a href=""/teams/INA/1971.html"">Indiana Pacers</a></td><td class=""right"" data-stat=""visitor_pts"">106</td><td class=""left"" csk=""UTS.197101190UTS"" data-stat=""home_team_name""><a href=""/teams/UTS/1971.html"">Utah Stars</a></td><td class=""right"" data-stat=""home_pts"">116</td><td class=""center"" data-stat=""box_score_text""><a href=""/boxscores/197101190UTS.html"">Box Score</a></td><td class=""center iz"" data-stat=""overtimes""></td><td class=""right"" data-stat=""attendance"">8,865</td><td class=""left iz"" data-stat=""game_remarks""></td></tr>"
111,"<tr><th class=""left"" csk=""197101190TEX"" data-stat=""date_game"" scope=""row""><a href=""/boxscores/index.fcgi?month=1&amp;day=19&amp;year=1971"">Tue, Jan 19, 1971</a></th><td class=""left"" csk=""DNR.197101190TEX"" data-stat=""visitor_team_name""><a href=""/teams/DNR/1971.html"">Denver Rockets</a></td><td class=""right"" data-stat=""visitor_pts"">127</td><td class=""left"" csk=""TEX.197101190TEX"" data-stat=""home_team_name""><a href=""/teams/TEX/1971.html"">Texas Chaparrals</a></td><td class=""right"" data-stat=""home_pts"">148</td><td class=""center"" data-stat=""box_score_text""><a href=""/boxscores/197101190TEX.html"">Box Score</a></td><td class=""center iz"" data-stat=""overtimes""></td><td class=""right"" data-stat=""attendance"">2,457</td><td class=""left"" data-stat=""game_remarks"">at Dallas, TX</td></tr>"
113,"<tr><th class=""left"" csk=""197101190PTC"" data-stat=""date_game"" scope=""row""><a href=""/boxscores/index.fcgi?month=1&amp;day=19&amp;year=1971"">Tue, Jan 19, 1971</a></th><td class=""left"" csk=""CAR.197101190PTC"" data-stat=""visitor_team_name""><a href=""/teams/CAR/1971.html"">Carolina Cougars</a></td><td class=""right"" data-stat=""visitor_pts"">125</td><td class=""left"" csk=""PTC.197101190PTC"" data-stat=""home_team_name""><a href=""/teams/PTC/1971.html"">Pittsburgh Condors</a></td><td class=""right"" data-stat=""home_pts"">136</td><td class=""center"" data-stat=""box_score_text""><a href=""/boxscores/197101190PTC.html"">Box Score</a></td><td class=""center iz"" data-stat=""overtimes""></td><td class=""right"" data-stat=""attendance"">1,429</td><td class=""left iz"" data-stat=""game_remarks""></td></tr>"
115,"<tr><th class=""left"" csk=""197101190KEN"" data-stat=""date_game"" scope=""row""><a href=""/boxscores/index.fcgi?month=1&amp;day=19&amp;year=1971"">Tue, Jan 19, 1971</a></th><td class=""left"" csk=""MMP.197101190KEN"" data-stat=""visitor_team_name""><a href=""/teams/MMP/1971.html"">Memphis Pros</a></td><td class=""right"" data-stat=""visitor_pts"">110</td><td class=""left"" csk=""KEN.197101190KEN"" data-stat=""home_team_name""><a href=""/teams/KEN/1971.html"">Kentucky Colonels</a></td><td class=""right"" data-stat=""home_pts"">117</td><td class=""center"" data-stat=""box_score_text""><a href=""/boxscores/197101190KEN.html"">Box Score</a></td><td class=""center iz"" data-stat=""overtimes""></td><td class=""right"" data-stat=""attendance"">5,214</td><td class=""left iz"" data-stat=""game_remarks""></td></tr>"
117,"<tr><th class=""left"" csk=""197101190FLO"" data-stat=""date_game"" scope=""row""><a href=""/boxscores/index.fcgi?month=1&amp;day=19&amp;year=1971"">Tue, Jan 19, 1971</a></th><td class=""left"" csk=""NYA.197101190FLO"" data-stat=""visitor_team_name""><a href=""/teams/NYA/1971.html"">New York Nets</a></td><td class=""right"" data-stat=""visitor_pts"">107</td><td class=""left"" csk=""FLO.197101190FLO"" data-stat=""home_team_name""><a href=""/teams/FLO/1971.html"">The Floridians</a></td><td class=""right"" data-stat=""home_pts"">112</td><td class=""center"" data-stat=""box_score_text""><a href=""/boxscores/197101190FLO.html"">Box Score</a></td><td class=""center iz"" data-stat=""overtimes""></td><td class=""right"" data-stat=""attendance"">1,429</td><td class=""left"" data-stat=""game_remarks"">at Pittsburgh, PA</td></tr>"
119,"<tr><th class=""left"" csk=""197101200CAR"" data-stat=""date_game"" scope=""row""><a href=""/boxscores/index.fcgi?month=1&amp;day=20&amp;year=1971"">Wed, Jan 20, 1971</a></th><td class=""left"" csk=""VIR.197101200CAR"" data-stat=""visitor_team_name""><a href=""/teams/VIR/1971.html"">Virginia Squires</a></td><td class=""right"" data-stat=""visitor_pts"">104</td><td class=""left"" csk=""CAR.197101200CAR"" data-stat=""home_team_name""><a href=""/teams/CAR/1971.html"">Carolina Cougars</a></td><td class=""right"" data-stat=""home_pts"">114</td><td class=""center"" data-stat=""box_score_text""><a href=""/boxscores/197101200CAR.html"">Box Score</a></td><td class=""center iz"" data-stat=""overtimes""></td><td class=""right"" data-stat=""attendance"">8,192</td><td class=""left"" data-stat=""game_remarks"">at Charlotte, NC</td></tr>"
121,"<tr><th class=""left"" csk=""197101200MMP"" data-stat=""date_game"" scope=""row""><a href=""/boxscores/index.fcgi?month=1&amp;day=20&amp;year=1971"">Wed, Jan 20, 1971</a></th><td class=""left"" csk=""DNR.197101200MMP"" data-stat=""visitor_team_name""><a href=""/teams/DNR/1971.html"">Denver Rockets</a></td><td class=""right"" data-stat=""visitor_pts"">103</td><td class=""left"" csk=""MMP.197101200MMP"" data-stat=""home_team_name""><a href=""/teams/MMP/1971.html"">Memphis Pros</a></td><td class=""right"" data-stat=""home_pts"">120</td><td class=""center"" data-stat=""box_score_text""><a href=""/boxscores/197101200MMP.html"">Box Score</a></td><td class=""center iz"" data-stat=""overtimes""></td><td class=""right"" data-stat=""attendance"">3,581</td><td class=""left iz"" data-stat=""game_remarks""></td></tr>"
123,"<tr><th class=""left"" csk=""197101200NYA"" data-stat=""date_game"" scope=""row""><a href=""/boxscores/index.fcgi?month=1&amp;day=20&amp;year=1971"">Wed, Jan 20, 1971</a></th><td class=""left"" csk=""FLO.197101200NYA"" data-stat=""visitor_team_name""><a href=""/teams/FLO/1971.html"">The Floridians</a></td><td class=""right"" data-stat=""visitor_pts"">106</td><td class=""left"" csk=""NYA.197101200NYA"" data-stat=""home_team_name""><a href=""/teams/NYA/1971.html"">New York Nets</a></td><td class=""right"" data-stat=""home_pts"">113</td><td class=""center"" data-stat=""box_score_text""><a href=""/boxscores/197101200NYA.html"">Box Score</a></td><td class=""center iz"" data-stat=""overtimes""></td><td class=""right"" data-stat=""attendance"">4,028</td><td class=""left iz"" data-stat=""game_remarks""></td></tr>"
125,"<tr><th class=""left"" csk=""197101210MMP"" data-stat=""date_game"" scope=""row""><a href=""/boxscores/index.fcgi?month=1&amp;day=21&amp;year=1971"">Thu, Jan 21, 1971</a></th><td class=""left"" csk=""FLO.197101210MMP"" data-stat=""visitor_team_name""><a href=""/teams/FLO/1971.html"">The Floridians</a></td><td class=""right"" data-stat=""visitor_pts"">106</td><td class=""left"" csk=""MMP.197101210MMP"" data-stat=""home_team_name""><a href=""/teams/MMP/1971.html"">Memphis Pros</a></td><td class=""right"" data-stat=""home_pts"">116</td><td class=""center"" data-stat=""box_score_text""><a href=""/boxscores/197101210MMP.html"">Box Score</a></td><td class=""center iz"" data-stat=""overtimes""></td><td class=""right"" data-stat=""attendance"">1,186</td><td class=""left"" data-stat=""game_remarks"">at Nashville, TN</td></tr>"
127,"<tr><th class=""left"" csk=""197101210DNR"" data-stat=""date_game"" scope=""row""><a href=""/boxscores/index.fcgi?month=1&amp;day=21&amp;year=1971"">Thu, Jan 21, 1971</a></th><td class=""left"" csk=""INA.197101210DNR"" data-stat=""visitor_team_name""><a href=""/teams/INA/1971.html"">Indiana Pacers</a></td><td class=""right"" data-stat=""visitor_pts"">118</td><td class=""left"" csk=""DNR.197101210DNR"" data-stat=""home_team_name""><a href=""/teams/DNR/1971.html"">Denver Rockets</a></td><td class=""right"" data-stat=""home_pts"">106</td><td class=""center"" data-stat=""box_score_text""><a href=""/boxscores/197101210DNR.html"">Box Score</a></td><td class=""center iz"" data-stat=""overtimes""></td><td class=""right"" data-stat=""attendance"">3,553</td><td class=""left iz"" data-stat=""game_remarks""></td></tr>"
129,"<tr><th class=""left"" csk=""197101240DNR"" data-stat=""date_game"" scope=""row""><a href=""/boxscores/index.fcgi?month=1&amp;day=24&amp;year=1971"">Sun, Jan 24, 1971</a></th><td class=""left"" csk=""KEN.197101240DNR"" data-stat=""visitor_team_name""><a href=""/teams/KEN/1971.html"">Kentucky Colonels</a></td><td class=""right"" data-stat=""visitor_pts"">116</td><td class=""left"" csk=""DNR.197101240DNR"" data-stat=""home_team_name""><a href=""/teams/DNR/1971.html"">Denver Rockets</a></td><td class=""right"" data-stat=""home_pts"">119</td><td class=""center"" data-stat=""box_score_text""><a href=""/boxscores/197101240DNR.html"">Box Score</a></td><td class=""center iz"" data-stat=""overtimes""></td><td class=""right"" data-stat=""attendance"">3,630</td><td class=""left iz"" data-stat=""game_remarks""></td></tr>"
131,"<tr><th class=""left"" csk=""197101240FLO"" data-stat=""date_game"" scope=""row""><a href=""/boxscores/index.fcgi?month=1&amp;day=24&amp;year=1971"">Sun, Jan 24, 1971</a></th><td class=""left"" csk=""MMP.197101240FLO"" data-stat=""visitor_team_name""><a href=""/teams/MMP/1971.html"">Memphis Pros</a></td><td class=""right"" data-stat=""visitor_pts"">112</td><td class=""left"" csk=""FLO.197101240FLO"" data-stat=""home_team_name""><a href=""/teams/FLO/1971.html"">The Floridians</a></td><td class=""right"" data-stat=""home_pts"">106</td><td class=""center"" data-stat=""box_score_text""><a href=""/boxscores/197101240FLO.html"">Box Score</a></td><td class=""center"" data-stat=""overtimes"">OT</td><td class=""right"" data-stat=""attendance"">4,274</td><td class=""left"" data-stat=""game_remarks"">at Jacksonville, FL</td></tr>"
133,"<tr><th class=""left"" csk=""197101240NYA"" data-stat=""date_game"" scope=""row""><a href=""/boxscores/index.fcgi?month=1&amp;day=24&amp;year=1971"">Sun, Jan 24, 1971</a></th><td class=""left"" csk=""UTS.197101240NYA"" data-stat=""visitor_team_name""><a href=""/teams/UTS/1971.html"">Utah Stars</a></td><td class=""right"" data-stat=""visitor_pts"">107</td><td class=""left"" csk=""NYA.197101240NYA"" data-stat=""home_team_name""><a href=""/teams/NYA/1971.html"">New York Nets</a></td><td class=""right"" data-stat=""home_pts"">108</td><td class=""center"" data-stat=""box_score_text""><a href=""/boxscores/197101240NYA.html"">Box Score</a></td><td class=""center"" data-stat=""overtimes"">OT</td><td class=""right"" data-stat=""attendance"">5,741</td><td class=""left iz"" data-stat=""game_remarks""></td></tr>"
135,"<tr><th class=""left"" csk=""197101240PTC"" data-stat=""date_game"" scope=""row""><a href=""/boxscores/index.fcgi?month=1&amp;day=24&amp;year=1971"">Sun, Jan 24, 1971</a></th><td class=""left"" csk=""CAR.197101240PTC"" data-stat=""visitor_team_name""><a href=""/teams/CAR/1971.html"">Carolina Cougars</a></td><td class=""right"" data-stat=""visitor_pts"">101</td><td class=""left"" csk=""PTC.197101240PTC"" data-stat=""home_team_name""><a href=""/teams/PTC/1971.html"">Pittsburgh Condors</a></td><td class=""right"" data-stat=""home_pts"">118</td><td class=""center"" data-stat=""box_score_text""><a href=""/boxscores/197101240PTC.html"">Box Score</a></td><td class=""center iz"" data-stat=""overtimes""></td><td class=""right"" data-stat=""attendance"">1,675</td><td class=""left iz"" data-stat=""game_remarks""></td></tr>"
137,"<tr><th class=""left"" csk=""197101240VIR"" data-stat=""date_game"" scope=""row""><a href=""/boxscores/index.fcgi?month=1&amp;day=24&amp;year=1971"">Sun, Jan 24, 1971</a></th><td class=""left"" csk=""INA.197101240VIR"" data-stat=""visitor_team_name""><a href=""/teams/INA/1971.html"">Indiana Pacers</a></td><td class=""right"" data-stat=""visitor_pts"">128</td><td class=""left"" csk=""VIR.197101240VIR"" data-stat=""home_team_name""><a href=""/teams/VIR/1971.html"">Virginia Squires</a></td><td class=""right"" data-stat=""home_pts"">130</td><td class=""center"" data-stat=""box_score_text""><a href=""/boxscores/197101240VIR.html"">Box Score</a></td><td class=""center iz"" data-stat=""overtimes""></td><td class=""right"" data-stat=""attendance"">3,127</td><td class=""left"" data-stat=""game_remarks"">at Norfolk, VA</td></tr>"
139,"<tr><th class=""left"" csk=""197101250CAR"" data-stat=""date_game"" scope=""row""><a href=""/boxscores/index.fcgi?month=1&amp;day=25&amp;year=1971"">Mon, Jan 25, 1971</a></th><td class=""left"" csk=""MMP.197101250CAR"" data-stat=""visitor_team_name""><a href=""/teams/MMP/1971.html"">Memphis Pros</a></td><td class=""right"" data-stat=""visitor_pts"">115</td><td class=""left"" csk=""CAR.197101250CAR"" data-stat=""home_team_name""><a href=""/teams/CAR/1971.html"">Carolina Cougars</a></td><td class=""right"" data-stat=""home_pts"">107</td><td class=""center"" data-stat=""box_score_text""><a href=""/boxscores/197101250CAR.html"">Box Score</a></td><td class=""center iz"" data-stat=""overtimes""></td><td class=""right"" data-stat=""attendance"">1,369</td><td class=""left"" data-stat=""game_remarks"">at Sikeston, MO</td></tr>"
141,"<tr><th class=""left"" csk=""197101260FLO"" data-stat=""date_game"" scope=""row""><a href=""/boxscores/index.fcgi?month=1&amp;day=26&amp;year=1971"">Tue, Jan 26, 1971</a></th><td class=""left"" csk=""NYA.197101260FLO"" data-stat=""visitor_team_name""><a href=""/teams/NYA/1971.html"">New York Nets</a></td><td class=""right"" data-stat=""visitor_pts"">97</td><td class=""left"" csk=""FLO.197101260FLO"" data-stat=""home_team_name""><a href=""/teams/FLO/1971.html"">The Floridians</a></td><td class=""right"" data-stat=""home_pts"">121</td><td class=""center"" data-stat=""box_score_text""><a href=""/boxscores/197101260FLO.html"">Box Score</a></td><td class=""center iz"" data-stat=""overtimes""></td><td class=""right"" data-stat=""attendance"">5,812</td><td class=""left"" data-stat=""game_remarks"">at Tampa, FL</td></tr>"
143,"<tr><th class=""left"" csk=""197101260MMP"" data-stat=""date_game"" scope=""row""><a href=""/boxscores/index.fcgi?month=1&amp;day=26&amp;year=1971"">Tue, Jan 26, 1971</a></th><td class=""left"" csk=""INA.197101260MMP"" data-stat=""visitor_team_name""><a href=""/teams/INA/1971.html"">Indiana Pacers</a></td><td class=""right"" data-stat=""visitor_pts"">102</td><td class=""left"" csk=""MMP.197101260MMP"" data-stat=""home_team_name""><a href=""/teams/MMP/1971.html"">Memphis Pros</a></td><td class=""right"" data-stat=""home_pts"">108</td><td class=""center"" data-stat=""box_score_text""><a href=""/boxscores/197101260MMP.html"">Box Score</a></td><td class=""center iz"" data-stat=""overtimes""></td><td class=""right"" data-stat=""attendance"">2,725</td><td class=""left iz"" data-stat=""game_remarks""></td></tr>"
145,"<tr><th class=""left"" csk=""197101260PTC"" data-stat=""date_game"" scope=""row""><a href=""/boxscores/index.fcgi?month=1&amp;day=26&amp;year=1971"">Tue, Jan 26, 1971</a></th><td class=""left"" csk=""UTS.197101260PTC"" data-stat=""visitor_team_name""><a href=""/teams/UTS/1971.html"">Utah Stars</a></td><td class=""right"" data-stat=""visitor_pts"">145</td><td class=""left"" csk=""PTC.197101260PTC"" data-stat=""home_team_name""><a href=""/teams/PTC/1971.html"">Pittsburgh Condors</a></td><td class=""right"" data-stat=""home_pts"">127</td><td class=""center"" data-stat=""box_score_text""><a href=""/boxscores/197101260PTC.html"">Box Score</a></td><td class=""center iz"" data-stat=""overtimes""></td><td class=""right"" data-stat=""attendance"">1,104</td><td class=""left iz"" data-stat=""game_remarks""></td></tr>"
147,"<tr><th class=""left"" csk=""197101260TEX"" data-stat=""date_game"" scope=""row""><a href=""/boxscores/index.fcgi?month=1&amp;day=26&amp;year=1971"">Tue, Jan 26, 1971</a></th><td class=""left"" csk=""KEN.197101260TEX"" data-stat=""visitor_team_name""><a href=""/teams/KEN/1971.html"">Kentucky Colonels</a></td><td class=""right"" data-stat=""visitor_pts"">125</td><td class=""left"" csk=""TEX.197101260TEX"" data-stat=""home_team_name""><a href=""/teams/TEX/1971.html"">Texas Chaparrals</a></td><td class=""right"" data-stat=""home_pts"">122</td><td class=""center"" data-stat=""box_score_text""><a href=""/boxscores/197101260TEX.html"">Box Score</a></td><td class=""center iz"" data-stat=""overtimes""></td><td class=""right"" data-stat=""attendance"">3,417</td><td class=""left"" data-stat=""game_remarks"">at Dallas, TX</td></tr>"
149,"<tr><th class=""left"" csk=""197101270VIR"" data-stat=""date_game"" scope=""row""><a href=""/boxscores/index.fcgi?month=1&amp;day=27&amp;year=1971"">Wed, Jan 27, 1971</a></th><td class=""left"" csk=""FLO.197101270VIR"" data-stat=""visitor_team_name""><a href=""/teams/FLO/1971.html"">The Floridians</a></td><td class=""right"" data-stat=""visitor_pts"">117</td><td class=""left"" csk=""VIR.197101270VIR"" data-stat=""home_team_name""><a href=""/teams/VIR/1971.html"">Virginia Squires</a></td><td class=""right"" data-stat=""home_pts"">126</td><td class=""center"" data-stat=""box_score_text""><a href=""/boxscores/197101270VIR.html"">Box Score</a></td><td class=""center iz"" data-stat=""overtimes""></td><td class=""right"" data-stat=""attendance"">4,366</td><td class=""left"" data-stat=""game_remarks"">at Hampton, VA</td></tr>"
151,"<tr><th class=""left"" csk=""197101270UTS"" data-stat=""date_game"" scope=""row""><a href=""/boxscores/index.fcgi?month=1&amp;day=27&amp;year=1971"">Wed, Jan 27, 1971</a></th><td class=""left"" csk=""DNR.197101270UTS"" data-stat=""visitor_team_name""><a href=""/teams/DNR/1971.html"">Denver Rockets</a></td><td class=""right"" data-stat=""visitor_pts"">105</td><td class=""left"" csk=""UTS.197101270UTS"" data-stat=""home_team_name""><a href=""/teams/UTS/1971.html"">Utah Stars</a></td><td class=""right"" data-stat=""home_pts"">111</td><td class=""center"" data-stat=""box_score_text""><a href=""/boxscores/197101270UTS.html"">Box Score</a></td><td class=""center iz"" data-stat=""overtimes""></td><td class=""right"" data-stat=""attendance"">4,621</td><td class=""left iz"" data-stat=""game_remarks""></td></tr>"
153,"<tr><th class=""left"" csk=""197101270INA"" data-stat=""date_game"" scope=""row""><a href=""/boxscores/index.fcgi?month=1&amp;day=27&amp;year=1971"">Wed, Jan 27, 1971</a></th><td class=""left"" csk=""NYA.197101270INA"" data-stat=""visitor_team_name""><a href=""/teams/NYA/1971.html"">New York Nets</a></td><td class=""right"" data-stat=""visitor_pts"">100</td><td class=""left"" csk=""INA.197101270INA"" data-stat=""home_team_name""><a href=""/teams/INA/1971.html"">Indiana Pacers</a></td><td class=""right"" data-stat=""home_pts"">116</td><td class=""center"" data-stat=""box_score_text""><a href=""/boxscores/197101270INA.html"">Box Score</a></td><td class=""center iz"" data-stat=""overtimes""></td><td class=""right"" data-stat=""attendance"">7,429</td><td class=""left iz"" data-stat=""game_remarks""></td></tr>"
155,"<tr><th class=""left"" csk=""197101280MMP"" data-stat=""date_game"" scope=""row""><a href=""/boxscores/index.fcgi?month=1&amp;day=28&amp;year=1971"">Thu, Jan 28, 1971</a></th><td class=""left"" csk=""TEX.197101280MMP"" data-stat=""visitor_team_name""><a href=""/teams/TEX/1971.html"">Texas Chaparrals</a></td><td class=""right"" data-stat=""visitor_pts"">99</td><td class=""left"" csk=""MMP.197101280MMP"" data-stat=""home_team_name""><a href=""/teams/MMP/1971.html"">Memphis Pros</a></td><td class=""right"" data-stat=""home_pts"">122</td><td class=""center"" data-stat=""box_score_text""><a href=""/boxscores/197101280MMP.html"">Box Score</a></td><td class=""center iz"" data-stat=""overtimes""></td><td class=""right"" data-stat=""attendance"">4,128</td><td class=""left iz"" data-stat=""game_remarks""></td></tr>"
157,"<tr><th class=""left"" csk=""197101290TEX"" data-stat=""date_game"" scope=""row""><a href=""/boxscores/index.fcgi?month=1&amp;day=29&amp;year=1971"">Fri, Jan 29, 1971</a></th><td class=""left"" csk=""UTS.197101290TEX"" data-stat=""visitor_team_name""><a href=""/teams/UTS/1971.html"">Utah Stars</a></td><td class=""right"" data-stat=""visitor_pts"">128</td><td class=""left"" csk=""TEX.197101290TEX"" data-stat=""home_team_name""><a href=""/teams/TEX/1971.html"">Texas Chaparrals</a></td><td class=""right"" data-stat=""home_pts"">123</td><td class=""center"" data-stat=""box_score_text""><a href=""/boxscores/197101290TEX.html"">Box Score</a></td><td class=""center iz"" data-stat=""overtimes""></td><td class=""right"" data-stat=""attendance"">4,521</td><td class=""left"" data-stat=""game_remarks"">at Dallas, TX</td></tr>"
159,"<tr><th class=""left"" csk=""197101290NYA"" data-stat=""date_game"" scope=""row""><a href=""/boxscores/index.fcgi?month=1&amp;day=29&amp;year=1971"">Fri, Jan 29, 1971</a></th><td class=""left"" csk=""PTC.197101290NYA"" data-stat=""visitor_team_name""><a href=""/teams/PTC/1971.html"">Pittsburgh Condors</a></td><td class=""right"" data-stat=""visitor_pts"">131</td><td class=""left"" csk=""NYA.197101290NYA"" data-stat=""home_team_name""><a href=""/teams/NYA/1971.html"">New York Nets</a></td><td class=""right"" data-stat=""home_pts"">132</td><td class=""center"" data-stat=""box_score_text""><a href=""/boxscores/197101290NYA.html"">Box Score</a></td><td class=""center"" data-stat=""overtimes"">OT</td><td class=""right"" data-stat=""attendance"">5,006</td><td class=""left iz"" data-stat=""game_remarks""></td></tr>"
161,"<tr><th class=""left"" csk=""197101290KEN"" data-stat=""date_game"" scope=""row""><a href=""/boxscores/index.fcgi?month=1&amp;day=29&amp;year=1971"">Fri, Jan 29, 1971</a></th><td class=""left"" csk=""VIR.197101290KEN"" data-stat=""visitor_team_name""><a href=""/teams/VIR/1971.html"">Virginia Squires</a></td><td class=""right"" data-stat=""visitor_pts"">147</td><td class=""left"" csk=""KEN.197101290KEN"" data-stat=""home_team_name""><a href=""/teams/KEN/1971.html"">Kentucky Colonels</a></td><td class=""right"" data-stat=""home_pts"">135</td><td class=""center"" data-stat=""box_score_text""><a href=""/boxscores/197101290KEN.html"">Box Score</a></td><td class=""center iz"" data-stat=""overtimes""></td><td class=""right"" data-stat=""attendance"">10,331</td><td class=""left iz"" data-stat=""game_remarks""></td></tr>"
163,"<tr><th class=""left"" csk=""197101290INA"" data-stat=""date_game"" scope=""row""><a href=""/boxscores/index.fcgi?month=1&amp;day=29&amp;year=1971"">Fri, Jan 29, 1971</a></th><td class=""left"" csk=""DNR.197101290INA"" data-stat=""visitor_team_name""><a href=""/teams/DNR/1971.html"">Denver Rockets</a></td><td class=""right"" data-stat=""visitor_pts"">123</td><td class=""left"" csk=""INA.197101290INA"" data-stat=""home_team_name""><a href=""/teams/INA/1971.html"">Indiana Pacers</a></td><td class=""right"" data-stat=""home_pts"">127</td><td class=""center"" data-stat=""box_score_text""><a href=""/boxscores/197101290INA.html"">Box Score</a></td><td class=""center iz"" data-stat=""overtimes""></td><td class=""right"" data-stat=""attendance"">9,901</td><td class=""left iz"" data-stat=""game_remarks""></td></tr>"
165,"<tr><th class=""left"" csk=""197101290CAR"" data-stat=""date_game"" scope=""row""><a href=""/boxscores/index.fcgi?month=1&amp;day=29&amp;year=1971"">Fri, Jan 29, 1971</a></th><td class=""left"" csk=""MMP.197101290CAR"" data-stat=""visitor_team_name""><a href=""/teams/MMP/1971.html"">Memphis Pros</a></td><td class=""right"" data-stat=""visitor_pts"">101</td><td class=""left"" csk=""CAR.197101290CAR"" data-stat=""home_team_name""><a href=""/teams/CAR/1971.html"">Carolina Cougars</a></td><td class=""right"" data-stat=""home_pts"">115</td><td class=""center"" data-stat=""box_score_text""><a href=""/boxscores/197101290CAR.html"">Box Score</a></td><td class=""center iz"" data-stat=""overtimes""></td><td class=""right"" data-stat=""attendance"">7,688</td><td class=""left"" data-stat=""game_remarks"">at Greensboro, NC</td></tr>"
167,"<tr><th class=""left"" csk=""197101300CAR"" data-stat=""date_game"" scope=""row""><a href=""/boxscores/index.fcgi?month=1&amp;day=30&amp;year=1971"">Sat, Jan 30, 1971</a></th><td class=""left"" csk=""DNR.197101300CAR"" data-stat=""visitor_team_name""><a href=""/teams/DNR/1971.html"">Denver Rockets</a></td><td class=""right"" data-stat=""visitor_pts"">109</td><td class=""left"" csk=""CAR.197101300CAR"" data-stat=""home_team_name""><a href=""/teams/CAR/1971.html"">Carolina Cougars</a></td><td class=""right"" data-stat=""home_pts"">114</td><td class=""center"" data-stat=""box_score_text""><a href=""/boxscores/197101300CAR.html"">Box Score</a></td><td class=""center iz"" data-stat=""overtimes""></td><td class=""right"" data-stat=""attendance"">5,210</td><td class=""left"" data-stat=""game_remarks"">at Raleigh, NC</td></tr>"
169,"<tr><th class=""left"" csk=""197101300MMP"" data-stat=""date_game"" scope=""row""><a href=""/boxscores/index.fcgi?month=1&amp;day=30&amp;year=1971"">Sat, Jan 30, 1971</a></th><td class=""left"" csk=""FLO.197101300MMP"" data-stat=""visitor_team_name""><a href=""/teams/FLO/1971.html"">The Floridians</a></td><td class=""right"" data-stat=""visitor_pts"">96</td><td class=""left"" csk=""MMP.197101300MMP"" data-stat=""home_team_name""><a href=""/teams/MMP/1971.html"">Memphis Pros</a></td><td class=""right"" data-stat=""home_pts"">109</td><td class=""center"" data-stat=""box_score_text""><a href=""/boxscores/197101300MMP.html"">Box Score</a></td><td class=""center iz"" data-stat=""overtimes""></td><td class=""right"" data-stat=""attendance"">1,096</td><td class=""left"" data-stat=""game_remarks"">at Jackson, TN</td></tr>"
171,"<tr><th class=""left"" csk=""197101300VIR"" data-stat=""date_game"" scope=""row""><a href=""/boxscores/index.fcgi?month=1&amp;day=30&amp;year=1971"">Sat, Jan 30, 1971</a></th><td class=""left"" csk=""NYA.197101300VIR"" data-stat=""visitor_team_name""><a href=""/teams/NYA/1971.html"">New York Nets</a></td><td class=""right"" data-stat=""visitor_pts"">115</td><td class=""left"" csk=""VIR.197101300VIR"" data-stat=""home_team_name""><a href=""/teams/VIR/1971.html"">Virginia Squires</a></td><td class=""right"" data-stat=""home_pts"">112</td><td class=""center"" data-stat=""box_score_text""><a href=""/boxscores/197101300VIR.html"">Box Score</a></td><td class=""center iz"" data-stat=""overtimes""></td><td class=""right"" data-stat=""attendance"">5,106</td><td class=""left"" data-stat=""game_remarks"">at Norfolk, VA</td></tr>"
173,"<tr><th class=""left"" csk=""197101310TEX"" data-stat=""date_game"" scope=""row""><a href=""/boxscores/index.fcgi?month=1&amp;day=31&amp;year=1971"">Sun, Jan 31, 1971</a></th><td class=""left"" csk=""FLO.197101310TEX"" data-stat=""visitor_team_name""><a href=""/teams/FLO/1971.html"">The Floridians</a></td><td class=""right"" data-stat=""visitor_pts"">95</td><td class=""left"" csk=""TEX.197101310TEX"" data-stat=""home_team_name""><a href=""/teams/TEX/1971.html"">Texas Chaparrals</a></td><td class=""right"" data-stat=""home_pts"">92</td><td class=""center"" data-stat=""box_score_text""><a href=""/boxscores/197101310TEX.html"">Box Score</a></td><td class=""center iz"" data-stat=""overtimes""></td><td class=""right"" data-stat=""attendance"">7,827</td><td class=""left iz"" data-stat=""game_remarks""></td></tr>"
175,"<tr><th class=""left"" csk=""197101310PTC"" data-stat=""date_game"" scope=""row""><a href=""/boxscores/index.fcgi?month=1&amp;day=31&amp;year=1971"">Sun, Jan 31, 1971</a></th><td class=""left"" csk=""VIR.197101310PTC"" data-stat=""visitor_team_name""><a href=""/teams/VIR/1971.html"">Virginia Squires</a></td><td class=""right"" data-stat=""visitor_pts"">126</td><td class=""left"" csk=""PTC.197101310PTC"" data-stat=""home_team_name""><a href=""/teams/PTC/1971.html"">Pittsburgh Condors</a></td><td class=""right"" data-stat=""home_pts"">122</td><td class=""center"" data-stat=""box_score_text""><a href=""/boxscores/197101310PTC.html"">Box Score</a></td><td class=""center iz"" data-stat=""overtimes""></td><td class=""right"" data-stat=""attendance"">2,590</td><td class=""left iz"" data-stat=""game_remarks""></td></tr>"
177,"<tr><th class=""left"" csk=""197101310NYA"" data-stat=""date_game"" scope=""row""><a href=""/boxscores/index.fcgi?month=1&amp;day=31&amp;year=1971"">Sun, Jan 31, 1971</a></th><td class=""left"" csk=""CAR.197101310NYA"" data-stat=""visitor_team_name""><a href=""/teams/CAR/1971.html"">Carolina Cougars</a></td><td class=""right"" data-stat=""visitor_pts"">125</td><td class=""left"" csk=""NYA.197101310NYA"" data-stat=""home_team_name""><a href=""/teams/NYA/1971.html"">New York Nets</a></td><td class=""right"" data-stat=""home_pts"">121</td><td class=""center"" data-stat=""box_score_text""><a href=""/boxscores/197101310NYA.html"">Box Score</a></td><td class=""center iz"" data-stat=""overtimes""></td><td class=""right"" data-stat=""attendance"">5,134</td><td class=""left iz"" data-stat=""game_remarks""></td></tr>"
179,"<tr><th class=""left"" csk=""197101310DNR"" data-stat=""date_game"" scope=""row""><a href=""/boxscores/index.fcgi?month=1&amp;day=31&amp;year=1971"">Sun, Jan 31, 1971</a></th><td class=""left"" csk=""INA.197101310DNR"" data-stat=""visitor_team_name""><a href=""/teams/INA/1971.html"">Indiana Pacers</a></td><td class=""right"" data-stat=""visitor_pts"">124</td><td class=""left"" csk=""DNR.197101310DNR"" data-stat=""home_team_name""><a href=""/teams/DNR/1971.html"">Denver Rockets</a></td><td class=""right"" data-stat=""home_pts"">104</td><td class=""center"" data-stat=""box_score_text""><a href=""/boxscores/197101310DNR.html"">Box Score</a></td><td class=""center iz"" data-stat=""overtimes""></td><td class=""right"" data-stat=""attendance"">3,898</td><td class=""left iz"" data-stat=""game_remarks""></td></tr>"
181,"<tr><th class=""left"" csk=""197101310UTS"" data-stat=""date_game"" scope=""row""><a href=""/boxscores/index.fcgi?month=1&amp;day=31&amp;year=1971"">Sun, Jan 31, 1971</a></th><td class=""left"" csk=""KEN.197101310UTS"" data-stat=""visitor_team_name""><a href=""/teams/KEN/1971.html"">Kentucky Colonels</a></td><td class=""right"" data-stat=""visitor_pts"">129</td><td class=""left"" csk=""UTS.197101310UTS"" data-stat=""home_team_name""><a href=""/teams/UTS/1971.html"">Utah Stars</a></td><td class=""right"" data-stat=""home_pts"">138</td><td class=""center"" data-stat=""box_score_text""><a href=""/boxscores/197101310UTS.html"">Box Score</a></td><td class=""center iz"" data-stat=""overtimes""></td><td class=""right"" data-stat=""attendance"">4,487</td><td class=""left iz"" data-stat=""game_remarks""></td></tr>"
