,0
1,"<tr><th class=""left"" csk=""194802010CHS"" data-stat=""date_game"" scope=""row""><a href=""/boxscores/index.fcgi?month=2&amp;day=1&amp;year=1948"">Sun, Feb 1, 1948</a></th><td class=""left"" csk=""PHW.194802010CHS"" data-stat=""visitor_team_name""><a href=""/teams/PHW/1948.html"">Philadelphia Warriors</a></td><td class=""right"" data-stat=""visitor_pts"">85</td><td class=""left"" csk=""CHS.194802010CHS"" data-stat=""home_team_name""><a href=""/teams/CHS/1948.html"">Chicago Stags</a></td><td class=""right"" data-stat=""home_pts"">78</td><td class=""center"" data-stat=""box_score_text""><a href=""/boxscores/194802010CHS.html"">Box Score</a></td><td class=""center iz"" data-stat=""overtimes""></td><td class=""right iz"" data-stat=""attendance""></td><td class=""left iz"" data-stat=""game_remarks""></td></tr>"
3,"<tr><th class=""left"" csk=""194802030PRO"" data-stat=""date_game"" scope=""row""><a href=""/boxscores/index.fcgi?month=2&amp;day=3&amp;year=1948"">Tue, Feb 3, 1948</a></th><td class=""left"" csk=""NYK.194802030PRO"" data-stat=""visitor_team_name""><a href=""/teams/NYK/1948.html"">New York Knicks</a></td><td class=""right"" data-stat=""visitor_pts"">78</td><td class=""left"" csk=""PRO.194802030PRO"" data-stat=""home_team_name""><a href=""/teams/PRO/1948.html"">Providence Steamrollers</a></td><td class=""right"" data-stat=""home_pts"">62</td><td class=""center"" data-stat=""box_score_text""><a href=""/boxscores/194802030PRO.html"">Box Score</a></td><td class=""center iz"" data-stat=""overtimes""></td><td class=""right iz"" data-stat=""attendance""></td><td class=""left iz"" data-stat=""game_remarks""></td></tr>"
5,"<tr><th class=""left"" csk=""194802040NYK"" data-stat=""date_game"" scope=""row""><a href=""/boxscores/index.fcgi?month=2&amp;day=4&amp;year=1948"">Wed, Feb 4, 1948</a></th><td class=""left"" csk=""PRO.194802040NYK"" data-stat=""visitor_team_name""><a href=""/teams/PRO/1948.html"">Providence Steamrollers</a></td><td class=""right"" data-stat=""visitor_pts"">69</td><td class=""left"" csk=""NYK.194802040NYK"" data-stat=""home_team_name""><a href=""/teams/NYK/1948.html"">New York Knicks</a></td><td class=""right"" data-stat=""home_pts"">108</td><td class=""center"" data-stat=""box_score_text""><a href=""/boxscores/194802040NYK.html"">Box Score</a></td><td class=""center iz"" data-stat=""overtimes""></td><td class=""right iz"" data-stat=""attendance""></td><td class=""left iz"" data-stat=""game_remarks""></td></tr>"
7,"<tr><th class=""left"" csk=""194802040WSC"" data-stat=""date_game"" scope=""row""><a href=""/boxscores/index.fcgi?month=2&amp;day=4&amp;year=1948"">Wed, Feb 4, 1948</a></th><td class=""left"" csk=""BLB.194802040WSC"" data-stat=""visitor_team_name""><a href=""/teams/BLB/1948.html"">Baltimore Bullets</a></td><td class=""right"" data-stat=""visitor_pts"">72</td><td class=""left"" csk=""WSC.194802040WSC"" data-stat=""home_team_name""><a href=""/teams/WSC/1948.html"">Washington Capitols</a></td><td class=""right"" data-stat=""home_pts"">77</td><td class=""center"" data-stat=""box_score_text""><a href=""/boxscores/194802040WSC.html"">Box Score</a></td><td class=""center iz"" data-stat=""overtimes""></td><td class=""right iz"" data-stat=""attendance""></td><td class=""left iz"" data-stat=""game_remarks""></td></tr>"
9,"<tr><th class=""left"" csk=""194802050STB"" data-stat=""date_game"" scope=""row""><a href=""/boxscores/index.fcgi?month=2&amp;day=5&amp;year=1948"">Thu, Feb 5, 1948</a></th><td class=""left"" csk=""CHS.194802050STB"" data-stat=""visitor_team_name""><a href=""/teams/CHS/1948.html"">Chicago Stags</a></td><td class=""right"" data-stat=""visitor_pts"">77</td><td class=""left"" csk=""STB.194802050STB"" data-stat=""home_team_name""><a href=""/teams/STB/1948.html"">St. Louis Bombers</a></td><td class=""right"" data-stat=""home_pts"">71</td><td class=""center"" data-stat=""box_score_text""><a href=""/boxscores/194802050STB.html"">Box Score</a></td><td class=""center iz"" data-stat=""overtimes""></td><td class=""right iz"" data-stat=""attendance""></td><td class=""left iz"" data-stat=""game_remarks""></td></tr>"
11,"<tr><th class=""left"" csk=""194802050PHW"" data-stat=""date_game"" scope=""row""><a href=""/boxscores/index.fcgi?month=2&amp;day=5&amp;year=1948"">Thu, Feb 5, 1948</a></th><td class=""left"" csk=""WSC.194802050PHW"" data-stat=""visitor_team_name""><a href=""/teams/WSC/1948.html"">Washington Capitols</a></td><td class=""right"" data-stat=""visitor_pts"">72</td><td class=""left"" csk=""PHW.194802050PHW"" data-stat=""home_team_name""><a href=""/teams/PHW/1948.html"">Philadelphia Warriors</a></td><td class=""right"" data-stat=""home_pts"">60</td><td class=""center"" data-stat=""box_score_text""><a href=""/boxscores/194802050PHW.html"">Box Score</a></td><td class=""center iz"" data-stat=""overtimes""></td><td class=""right iz"" data-stat=""attendance""></td><td class=""left iz"" data-stat=""game_remarks""></td></tr>"
13,"<tr><th class=""left"" csk=""194802050BLB"" data-stat=""date_game"" scope=""row""><a href=""/boxscores/index.fcgi?month=2&amp;day=5&amp;year=1948"">Thu, Feb 5, 1948</a></th><td class=""left"" csk=""PRO.194802050BLB"" data-stat=""visitor_team_name""><a href=""/teams/PRO/1948.html"">Providence Steamrollers</a></td><td class=""right"" data-stat=""visitor_pts"">74</td><td class=""left"" csk=""BLB.194802050BLB"" data-stat=""home_team_name""><a href=""/teams/BLB/1948.html"">Baltimore Bullets</a></td><td class=""right"" data-stat=""home_pts"">100</td><td class=""center"" data-stat=""box_score_text""><a href=""/boxscores/194802050BLB.html"">Box Score</a></td><td class=""center iz"" data-stat=""overtimes""></td><td class=""right iz"" data-stat=""attendance""></td><td class=""left iz"" data-stat=""game_remarks""></td></tr>"
15,"<tr><th class=""left"" csk=""194802060BOS"" data-stat=""date_game"" scope=""row""><a href=""/boxscores/index.fcgi?month=2&amp;day=6&amp;year=1948"">Fri, Feb 6, 1948</a></th><td class=""left"" csk=""NYK.194802060BOS"" data-stat=""visitor_team_name""><a href=""/teams/NYK/1948.html"">New York Knicks</a></td><td class=""right"" data-stat=""visitor_pts"">68</td><td class=""left"" csk=""BOS.194802060BOS"" data-stat=""home_team_name""><a href=""/teams/BOS/1948.html"">Boston Celtics</a></td><td class=""right"" data-stat=""home_pts"">57</td><td class=""center"" data-stat=""box_score_text""><a href=""/boxscores/194802060BOS.html"">Box Score</a></td><td class=""center iz"" data-stat=""overtimes""></td><td class=""right iz"" data-stat=""attendance""></td><td class=""left iz"" data-stat=""game_remarks""></td></tr>"
17,"<tr><th class=""left"" csk=""194802070PRO"" data-stat=""date_game"" scope=""row""><a href=""/boxscores/index.fcgi?month=2&amp;day=7&amp;year=1948"">Sat, Feb 7, 1948</a></th><td class=""left"" csk=""WSC.194802070PRO"" data-stat=""visitor_team_name""><a href=""/teams/WSC/1948.html"">Washington Capitols</a></td><td class=""right"" data-stat=""visitor_pts"">86</td><td class=""left"" csk=""PRO.194802070PRO"" data-stat=""home_team_name""><a href=""/teams/PRO/1948.html"">Providence Steamrollers</a></td><td class=""right"" data-stat=""home_pts"">64</td><td class=""center"" data-stat=""box_score_text""><a href=""/boxscores/194802070PRO.html"">Box Score</a></td><td class=""center iz"" data-stat=""overtimes""></td><td class=""right iz"" data-stat=""attendance""></td><td class=""left iz"" data-stat=""game_remarks""></td></tr>"
19,"<tr><th class=""left"" csk=""194802070STB"" data-stat=""date_game"" scope=""row""><a href=""/boxscores/index.fcgi?month=2&amp;day=7&amp;year=1948"">Sat, Feb 7, 1948</a></th><td class=""left"" csk=""PHW.194802070STB"" data-stat=""visitor_team_name""><a href=""/teams/PHW/1948.html"">Philadelphia Warriors</a></td><td class=""right"" data-stat=""visitor_pts"">54</td><td class=""left"" csk=""STB.194802070STB"" data-stat=""home_team_name""><a href=""/teams/STB/1948.html"">St. Louis Bombers</a></td><td class=""right"" data-stat=""home_pts"">67</td><td class=""center"" data-stat=""box_score_text""><a href=""/boxscores/194802070STB.html"">Box Score</a></td><td class=""center iz"" data-stat=""overtimes""></td><td class=""right iz"" data-stat=""attendance""></td><td class=""left iz"" data-stat=""game_remarks""></td></tr>"
21,"<tr><th class=""left"" csk=""194802080NYK"" data-stat=""date_game"" scope=""row""><a href=""/boxscores/index.fcgi?month=2&amp;day=8&amp;year=1948"">Sun, Feb 8, 1948</a></th><td class=""left"" csk=""BOS.194802080NYK"" data-stat=""visitor_team_name""><a href=""/teams/BOS/1948.html"">Boston Celtics</a></td><td class=""right"" data-stat=""visitor_pts"">68</td><td class=""left"" csk=""NYK.194802080NYK"" data-stat=""home_team_name""><a href=""/teams/NYK/1948.html"">New York Knicks</a></td><td class=""right"" data-stat=""home_pts"">80</td><td class=""center"" data-stat=""box_score_text""><a href=""/boxscores/194802080NYK.html"">Box Score</a></td><td class=""center iz"" data-stat=""overtimes""></td><td class=""right iz"" data-stat=""attendance""></td><td class=""left iz"" data-stat=""game_remarks""></td></tr>"
23,"<tr><th class=""left"" csk=""194802080CHS"" data-stat=""date_game"" scope=""row""><a href=""/boxscores/index.fcgi?month=2&amp;day=8&amp;year=1948"">Sun, Feb 8, 1948</a></th><td class=""left"" csk=""PHW.194802080CHS"" data-stat=""visitor_team_name""><a href=""/teams/PHW/1948.html"">Philadelphia Warriors</a></td><td class=""right"" data-stat=""visitor_pts"">74</td><td class=""left"" csk=""CHS.194802080CHS"" data-stat=""home_team_name""><a href=""/teams/CHS/1948.html"">Chicago Stags</a></td><td class=""right"" data-stat=""home_pts"">80</td><td class=""center"" data-stat=""box_score_text""><a href=""/boxscores/194802080CHS.html"">Box Score</a></td><td class=""center"" data-stat=""overtimes"">2OT</td><td class=""right iz"" data-stat=""attendance""></td><td class=""left iz"" data-stat=""game_remarks""></td></tr>"
25,"<tr><th class=""left"" csk=""194802100WSC"" data-stat=""date_game"" scope=""row""><a href=""/boxscores/index.fcgi?month=2&amp;day=10&amp;year=1948"">Tue, Feb 10, 1948</a></th><td class=""left"" csk=""PRO.194802100WSC"" data-stat=""visitor_team_name""><a href=""/teams/PRO/1948.html"">Providence Steamrollers</a></td><td class=""right"" data-stat=""visitor_pts"">60</td><td class=""left"" csk=""WSC.194802100WSC"" data-stat=""home_team_name""><a href=""/teams/WSC/1948.html"">Washington Capitols</a></td><td class=""right"" data-stat=""home_pts"">79</td><td class=""center"" data-stat=""box_score_text""><a href=""/boxscores/194802100WSC.html"">Box Score</a></td><td class=""center iz"" data-stat=""overtimes""></td><td class=""right iz"" data-stat=""attendance""></td><td class=""left iz"" data-stat=""game_remarks""></td></tr>"
27,"<tr><th class=""left"" csk=""194802110CHS"" data-stat=""date_game"" scope=""row""><a href=""/boxscores/index.fcgi?month=2&amp;day=11&amp;year=1948"">Wed, Feb 11, 1948</a></th><td class=""left"" csk=""STB.194802110CHS"" data-stat=""visitor_team_name""><a href=""/teams/STB/1948.html"">St. Louis Bombers</a></td><td class=""right"" data-stat=""visitor_pts"">80</td><td class=""left"" csk=""CHS.194802110CHS"" data-stat=""home_team_name""><a href=""/teams/CHS/1948.html"">Chicago Stags</a></td><td class=""right"" data-stat=""home_pts"">78</td><td class=""center"" data-stat=""box_score_text""><a href=""/boxscores/194802110CHS.html"">Box Score</a></td><td class=""center iz"" data-stat=""overtimes""></td><td class=""right iz"" data-stat=""attendance""></td><td class=""left iz"" data-stat=""game_remarks""></td></tr>"
29,"<tr><th class=""left"" csk=""194802110NYK"" data-stat=""date_game"" scope=""row""><a href=""/boxscores/index.fcgi?month=2&amp;day=11&amp;year=1948"">Wed, Feb 11, 1948</a></th><td class=""left"" csk=""PRO.194802110NYK"" data-stat=""visitor_team_name""><a href=""/teams/PRO/1948.html"">Providence Steamrollers</a></td><td class=""right"" data-stat=""visitor_pts"">63</td><td class=""left"" csk=""NYK.194802110NYK"" data-stat=""home_team_name""><a href=""/teams/NYK/1948.html"">New York Knicks</a></td><td class=""right"" data-stat=""home_pts"">86</td><td class=""center"" data-stat=""box_score_text""><a href=""/boxscores/194802110NYK.html"">Box Score</a></td><td class=""center iz"" data-stat=""overtimes""></td><td class=""right iz"" data-stat=""attendance""></td><td class=""left iz"" data-stat=""game_remarks""></td></tr>"
31,"<tr><th class=""left"" csk=""194802120STB"" data-stat=""date_game"" scope=""row""><a href=""/boxscores/index.fcgi?month=2&amp;day=12&amp;year=1948"">Thu, Feb 12, 1948</a></th><td class=""left"" csk=""CHS.194802120STB"" data-stat=""visitor_team_name""><a href=""/teams/CHS/1948.html"">Chicago Stags</a></td><td class=""right"" data-stat=""visitor_pts"">80</td><td class=""left"" csk=""STB.194802120STB"" data-stat=""home_team_name""><a href=""/teams/STB/1948.html"">St. Louis Bombers</a></td><td class=""right"" data-stat=""home_pts"">74</td><td class=""center"" data-stat=""box_score_text""><a href=""/boxscores/194802120STB.html"">Box Score</a></td><td class=""center iz"" data-stat=""overtimes""></td><td class=""right iz"" data-stat=""attendance""></td><td class=""left iz"" data-stat=""game_remarks""></td></tr>"
33,"<tr><th class=""left"" csk=""194802120PHW"" data-stat=""date_game"" scope=""row""><a href=""/boxscores/index.fcgi?month=2&amp;day=12&amp;year=1948"">Thu, Feb 12, 1948</a></th><td class=""left"" csk=""BOS.194802120PHW"" data-stat=""visitor_team_name""><a href=""/teams/BOS/1948.html"">Boston Celtics</a></td><td class=""right"" data-stat=""visitor_pts"">60</td><td class=""left"" csk=""PHW.194802120PHW"" data-stat=""home_team_name""><a href=""/teams/PHW/1948.html"">Philadelphia Warriors</a></td><td class=""right"" data-stat=""home_pts"">69</td><td class=""center"" data-stat=""box_score_text""><a href=""/boxscores/194802120PHW.html"">Box Score</a></td><td class=""center iz"" data-stat=""overtimes""></td><td class=""right iz"" data-stat=""attendance""></td><td class=""left iz"" data-stat=""game_remarks""></td></tr>"
35,"<tr><th class=""left"" csk=""194802120BLB"" data-stat=""date_game"" scope=""row""><a href=""/boxscores/index.fcgi?month=2&amp;day=12&amp;year=1948"">Thu, Feb 12, 1948</a></th><td class=""left"" csk=""NYK.194802120BLB"" data-stat=""visitor_team_name""><a href=""/teams/NYK/1948.html"">New York Knicks</a></td><td class=""right"" data-stat=""visitor_pts"">86</td><td class=""left"" csk=""BLB.194802120BLB"" data-stat=""home_team_name""><a href=""/teams/BLB/1948.html"">Baltimore Bullets</a></td><td class=""right"" data-stat=""home_pts"">96</td><td class=""center"" data-stat=""box_score_text""><a href=""/boxscores/194802120BLB.html"">Box Score</a></td><td class=""center iz"" data-stat=""overtimes""></td><td class=""right iz"" data-stat=""attendance""></td><td class=""left iz"" data-stat=""game_remarks""></td></tr>"
37,"<tr><th class=""left"" csk=""194802130BOS"" data-stat=""date_game"" scope=""row""><a href=""/boxscores/index.fcgi?month=2&amp;day=13&amp;year=1948"">Fri, Feb 13, 1948</a></th><td class=""left"" csk=""PRO.194802130BOS"" data-stat=""visitor_team_name""><a href=""/teams/PRO/1948.html"">Providence Steamrollers</a></td><td class=""right"" data-stat=""visitor_pts"">73</td><td class=""left"" csk=""BOS.194802130BOS"" data-stat=""home_team_name""><a href=""/teams/BOS/1948.html"">Boston Celtics</a></td><td class=""right"" data-stat=""home_pts"">79</td><td class=""center"" data-stat=""box_score_text""><a href=""/boxscores/194802130BOS.html"">Box Score</a></td><td class=""center iz"" data-stat=""overtimes""></td><td class=""right iz"" data-stat=""attendance""></td><td class=""left iz"" data-stat=""game_remarks""></td></tr>"
39,"<tr><th class=""left"" csk=""194802140NYK"" data-stat=""date_game"" scope=""row""><a href=""/boxscores/index.fcgi?month=2&amp;day=14&amp;year=1948"">Sat, Feb 14, 1948</a></th><td class=""left"" csk=""PHW.194802140NYK"" data-stat=""visitor_team_name""><a href=""/teams/PHW/1948.html"">Philadelphia Warriors</a></td><td class=""right"" data-stat=""visitor_pts"">47</td><td class=""left"" csk=""NYK.194802140NYK"" data-stat=""home_team_name""><a href=""/teams/NYK/1948.html"">New York Knicks</a></td><td class=""right"" data-stat=""home_pts"">78</td><td class=""center"" data-stat=""box_score_text""><a href=""/boxscores/194802140NYK.html"">Box Score</a></td><td class=""center iz"" data-stat=""overtimes""></td><td class=""right iz"" data-stat=""attendance""></td><td class=""left iz"" data-stat=""game_remarks""></td></tr>"
41,"<tr><th class=""left"" csk=""194802140WSC"" data-stat=""date_game"" scope=""row""><a href=""/boxscores/index.fcgi?month=2&amp;day=14&amp;year=1948"">Sat, Feb 14, 1948</a></th><td class=""left"" csk=""BOS.194802140WSC"" data-stat=""visitor_team_name""><a href=""/teams/BOS/1948.html"">Boston Celtics</a></td><td class=""right"" data-stat=""visitor_pts"">58</td><td class=""left"" csk=""WSC.194802140WSC"" data-stat=""home_team_name""><a href=""/teams/WSC/1948.html"">Washington Capitols</a></td><td class=""right"" data-stat=""home_pts"">72</td><td class=""center"" data-stat=""box_score_text""><a href=""/boxscores/194802140WSC.html"">Box Score</a></td><td class=""center iz"" data-stat=""overtimes""></td><td class=""right iz"" data-stat=""attendance""></td><td class=""left iz"" data-stat=""game_remarks""></td></tr>"
43,"<tr><th class=""left"" csk=""194802150STB"" data-stat=""date_game"" scope=""row""><a href=""/boxscores/index.fcgi?month=2&amp;day=15&amp;year=1948"">Sun, Feb 15, 1948</a></th><td class=""left"" csk=""BLB.194802150STB"" data-stat=""visitor_team_name""><a href=""/teams/BLB/1948.html"">Baltimore Bullets</a></td><td class=""right"" data-stat=""visitor_pts"">63</td><td class=""left"" csk=""STB.194802150STB"" data-stat=""home_team_name""><a href=""/teams/STB/1948.html"">St. Louis Bombers</a></td><td class=""right"" data-stat=""home_pts"">69</td><td class=""center"" data-stat=""box_score_text""><a href=""/boxscores/194802150STB.html"">Box Score</a></td><td class=""center iz"" data-stat=""overtimes""></td><td class=""right iz"" data-stat=""attendance""></td><td class=""left iz"" data-stat=""game_remarks""></td></tr>"
45,"<tr><th class=""left"" csk=""194802150CHS"" data-stat=""date_game"" scope=""row""><a href=""/boxscores/index.fcgi?month=2&amp;day=15&amp;year=1948"">Sun, Feb 15, 1948</a></th><td class=""left"" csk=""PRO.194802150CHS"" data-stat=""visitor_team_name""><a href=""/teams/PRO/1948.html"">Providence Steamrollers</a></td><td class=""right"" data-stat=""visitor_pts"">85</td><td class=""left"" csk=""CHS.194802150CHS"" data-stat=""home_team_name""><a href=""/teams/CHS/1948.html"">Chicago Stags</a></td><td class=""right"" data-stat=""home_pts"">79</td><td class=""center"" data-stat=""box_score_text""><a href=""/boxscores/194802150CHS.html"">Box Score</a></td><td class=""center iz"" data-stat=""overtimes""></td><td class=""right iz"" data-stat=""attendance""></td><td class=""left iz"" data-stat=""game_remarks""></td></tr>"
47,"<tr><th class=""left"" csk=""194802180WSC"" data-stat=""date_game"" scope=""row""><a href=""/boxscores/index.fcgi?month=2&amp;day=18&amp;year=1948"">Wed, Feb 18, 1948</a></th><td class=""left"" csk=""NYK.194802180WSC"" data-stat=""visitor_team_name""><a href=""/teams/NYK/1948.html"">New York Knicks</a></td><td class=""right"" data-stat=""visitor_pts"">79</td><td class=""left"" csk=""WSC.194802180WSC"" data-stat=""home_team_name""><a href=""/teams/WSC/1948.html"">Washington Capitols</a></td><td class=""right"" data-stat=""home_pts"">75</td><td class=""center"" data-stat=""box_score_text""><a href=""/boxscores/194802180WSC.html"">Box Score</a></td><td class=""center iz"" data-stat=""overtimes""></td><td class=""right iz"" data-stat=""attendance""></td><td class=""left iz"" data-stat=""game_remarks""></td></tr>"
49,"<tr><th class=""left"" csk=""194802190STB"" data-stat=""date_game"" scope=""row""><a href=""/boxscores/index.fcgi?month=2&amp;day=19&amp;year=1948"">Thu, Feb 19, 1948</a></th><td class=""left"" csk=""PRO.194802190STB"" data-stat=""visitor_team_name""><a href=""/teams/PRO/1948.html"">Providence Steamrollers</a></td><td class=""right"" data-stat=""visitor_pts"">69</td><td class=""left"" csk=""STB.194802190STB"" data-stat=""home_team_name""><a href=""/teams/STB/1948.html"">St. Louis Bombers</a></td><td class=""right"" data-stat=""home_pts"">78</td><td class=""center"" data-stat=""box_score_text""><a href=""/boxscores/194802190STB.html"">Box Score</a></td><td class=""center iz"" data-stat=""overtimes""></td><td class=""right iz"" data-stat=""attendance""></td><td class=""left iz"" data-stat=""game_remarks""></td></tr>"
51,"<tr><th class=""left"" csk=""194802190PHW"" data-stat=""date_game"" scope=""row""><a href=""/boxscores/index.fcgi?month=2&amp;day=19&amp;year=1948"">Thu, Feb 19, 1948</a></th><td class=""left"" csk=""WSC.194802190PHW"" data-stat=""visitor_team_name""><a href=""/teams/WSC/1948.html"">Washington Capitols</a></td><td class=""right"" data-stat=""visitor_pts"">76</td><td class=""left"" csk=""PHW.194802190PHW"" data-stat=""home_team_name""><a href=""/teams/PHW/1948.html"">Philadelphia Warriors</a></td><td class=""right"" data-stat=""home_pts"">84</td><td class=""center"" data-stat=""box_score_text""><a href=""/boxscores/194802190PHW.html"">Box Score</a></td><td class=""center iz"" data-stat=""overtimes""></td><td class=""right iz"" data-stat=""attendance""></td><td class=""left iz"" data-stat=""game_remarks""></td></tr>"
53,"<tr><th class=""left"" csk=""194802190CHS"" data-stat=""date_game"" scope=""row""><a href=""/boxscores/index.fcgi?month=2&amp;day=19&amp;year=1948"">Thu, Feb 19, 1948</a></th><td class=""left"" csk=""NYK.194802190CHS"" data-stat=""visitor_team_name""><a href=""/teams/NYK/1948.html"">New York Knicks</a></td><td class=""right"" data-stat=""visitor_pts"">74</td><td class=""left"" csk=""CHS.194802190CHS"" data-stat=""home_team_name""><a href=""/teams/CHS/1948.html"">Chicago Stags</a></td><td class=""right"" data-stat=""home_pts"">82</td><td class=""center"" data-stat=""box_score_text""><a href=""/boxscores/194802190CHS.html"">Box Score</a></td><td class=""center iz"" data-stat=""overtimes""></td><td class=""right iz"" data-stat=""attendance""></td><td class=""left iz"" data-stat=""game_remarks""></td></tr>"
55,"<tr><th class=""left"" csk=""194802190BOS"" data-stat=""date_game"" scope=""row""><a href=""/boxscores/index.fcgi?month=2&amp;day=19&amp;year=1948"">Thu, Feb 19, 1948</a></th><td class=""left"" csk=""BLB.194802190BOS"" data-stat=""visitor_team_name""><a href=""/teams/BLB/1948.html"">Baltimore Bullets</a></td><td class=""right"" data-stat=""visitor_pts"">79</td><td class=""left"" csk=""BOS.194802190BOS"" data-stat=""home_team_name""><a href=""/teams/BOS/1948.html"">Boston Celtics</a></td><td class=""right"" data-stat=""home_pts"">76</td><td class=""center"" data-stat=""box_score_text""><a href=""/boxscores/194802190BOS.html"">Box Score</a></td><td class=""center"" data-stat=""overtimes"">OT</td><td class=""right iz"" data-stat=""attendance""></td><td class=""left iz"" data-stat=""game_remarks""></td></tr>"
57,"<tr><th class=""left"" csk=""194802210PRO"" data-stat=""date_game"" scope=""row""><a href=""/boxscores/index.fcgi?month=2&amp;day=21&amp;year=1948"">Sat, Feb 21, 1948</a></th><td class=""left"" csk=""CHS.194802210PRO"" data-stat=""visitor_team_name""><a href=""/teams/CHS/1948.html"">Chicago Stags</a></td><td class=""right"" data-stat=""visitor_pts"">92</td><td class=""left"" csk=""PRO.194802210PRO"" data-stat=""home_team_name""><a href=""/teams/PRO/1948.html"">Providence Steamrollers</a></td><td class=""right"" data-stat=""home_pts"">73</td><td class=""center"" data-stat=""box_score_text""><a href=""/boxscores/194802210PRO.html"">Box Score</a></td><td class=""center iz"" data-stat=""overtimes""></td><td class=""right iz"" data-stat=""attendance""></td><td class=""left iz"" data-stat=""game_remarks""></td></tr>"
59,"<tr><th class=""left"" csk=""194802210WSC"" data-stat=""date_game"" scope=""row""><a href=""/boxscores/index.fcgi?month=2&amp;day=21&amp;year=1948"">Sat, Feb 21, 1948</a></th><td class=""left"" csk=""BLB.194802210WSC"" data-stat=""visitor_team_name""><a href=""/teams/BLB/1948.html"">Baltimore Bullets</a></td><td class=""right"" data-stat=""visitor_pts"">72</td><td class=""left"" csk=""WSC.194802210WSC"" data-stat=""home_team_name""><a href=""/teams/WSC/1948.html"">Washington Capitols</a></td><td class=""right"" data-stat=""home_pts"">85</td><td class=""center"" data-stat=""box_score_text""><a href=""/boxscores/194802210WSC.html"">Box Score</a></td><td class=""center iz"" data-stat=""overtimes""></td><td class=""right iz"" data-stat=""attendance""></td><td class=""left iz"" data-stat=""game_remarks""></td></tr>"
61,"<tr><th class=""left"" csk=""194802220BOS"" data-stat=""date_game"" scope=""row""><a href=""/boxscores/index.fcgi?month=2&amp;day=22&amp;year=1948"">Sun, Feb 22, 1948</a></th><td class=""left"" csk=""CHS.194802220BOS"" data-stat=""visitor_team_name""><a href=""/teams/CHS/1948.html"">Chicago Stags</a></td><td class=""right"" data-stat=""visitor_pts"">97</td><td class=""left"" csk=""BOS.194802220BOS"" data-stat=""home_team_name""><a href=""/teams/BOS/1948.html"">Boston Celtics</a></td><td class=""right"" data-stat=""home_pts"">77</td><td class=""center"" data-stat=""box_score_text""><a href=""/boxscores/194802220BOS.html"">Box Score</a></td><td class=""center iz"" data-stat=""overtimes""></td><td class=""right iz"" data-stat=""attendance""></td><td class=""left iz"" data-stat=""game_remarks""></td></tr>"
63,"<tr><th class=""left"" csk=""194802220STB"" data-stat=""date_game"" scope=""row""><a href=""/boxscores/index.fcgi?month=2&amp;day=22&amp;year=1948"">Sun, Feb 22, 1948</a></th><td class=""left"" csk=""NYK.194802220STB"" data-stat=""visitor_team_name""><a href=""/teams/NYK/1948.html"">New York Knicks</a></td><td class=""right"" data-stat=""visitor_pts"">71</td><td class=""left"" csk=""STB.194802220STB"" data-stat=""home_team_name""><a href=""/teams/STB/1948.html"">St. Louis Bombers</a></td><td class=""right"" data-stat=""home_pts"">80</td><td class=""center"" data-stat=""box_score_text""><a href=""/boxscores/194802220STB.html"">Box Score</a></td><td class=""center iz"" data-stat=""overtimes""></td><td class=""right iz"" data-stat=""attendance""></td><td class=""left iz"" data-stat=""game_remarks""></td></tr>"
65,"<tr><th class=""left"" csk=""194802240PHW"" data-stat=""date_game"" scope=""row""><a href=""/boxscores/index.fcgi?month=2&amp;day=24&amp;year=1948"">Tue, Feb 24, 1948</a></th><td class=""left"" csk=""BLB.194802240PHW"" data-stat=""visitor_team_name""><a href=""/teams/BLB/1948.html"">Baltimore Bullets</a></td><td class=""right"" data-stat=""visitor_pts"">71</td><td class=""left"" csk=""PHW.194802240PHW"" data-stat=""home_team_name""><a href=""/teams/PHW/1948.html"">Philadelphia Warriors</a></td><td class=""right"" data-stat=""home_pts"">83</td><td class=""center"" data-stat=""box_score_text""><a href=""/boxscores/194802240PHW.html"">Box Score</a></td><td class=""center iz"" data-stat=""overtimes""></td><td class=""right iz"" data-stat=""attendance""></td><td class=""left iz"" data-stat=""game_remarks""></td></tr>"
67,"<tr><th class=""left"" csk=""194802250WSC"" data-stat=""date_game"" scope=""row""><a href=""/boxscores/index.fcgi?month=2&amp;day=25&amp;year=1948"">Wed, Feb 25, 1948</a></th><td class=""left"" csk=""CHS.194802250WSC"" data-stat=""visitor_team_name""><a href=""/teams/CHS/1948.html"">Chicago Stags</a></td><td class=""right"" data-stat=""visitor_pts"">73</td><td class=""left"" csk=""WSC.194802250WSC"" data-stat=""home_team_name""><a href=""/teams/WSC/1948.html"">Washington Capitols</a></td><td class=""right"" data-stat=""home_pts"">66</td><td class=""center"" data-stat=""box_score_text""><a href=""/boxscores/194802250WSC.html"">Box Score</a></td><td class=""center iz"" data-stat=""overtimes""></td><td class=""right iz"" data-stat=""attendance""></td><td class=""left iz"" data-stat=""game_remarks""></td></tr>"
69,"<tr><th class=""left"" csk=""194802260BLB"" data-stat=""date_game"" scope=""row""><a href=""/boxscores/index.fcgi?month=2&amp;day=26&amp;year=1948"">Thu, Feb 26, 1948</a></th><td class=""left"" csk=""WSC.194802260BLB"" data-stat=""visitor_team_name""><a href=""/teams/WSC/1948.html"">Washington Capitols</a></td><td class=""right"" data-stat=""visitor_pts"">70</td><td class=""left"" csk=""BLB.194802260BLB"" data-stat=""home_team_name""><a href=""/teams/BLB/1948.html"">Baltimore Bullets</a></td><td class=""right"" data-stat=""home_pts"">97</td><td class=""center"" data-stat=""box_score_text""><a href=""/boxscores/194802260BLB.html"">Box Score</a></td><td class=""center iz"" data-stat=""overtimes""></td><td class=""right iz"" data-stat=""attendance""></td><td class=""left iz"" data-stat=""game_remarks""></td></tr>"
71,"<tr><th class=""left"" csk=""194802260PHW"" data-stat=""date_game"" scope=""row""><a href=""/boxscores/index.fcgi?month=2&amp;day=26&amp;year=1948"">Thu, Feb 26, 1948</a></th><td class=""left"" csk=""CHS.194802260PHW"" data-stat=""visitor_team_name""><a href=""/teams/CHS/1948.html"">Chicago Stags</a></td><td class=""right"" data-stat=""visitor_pts"">80</td><td class=""left"" csk=""PHW.194802260PHW"" data-stat=""home_team_name""><a href=""/teams/PHW/1948.html"">Philadelphia Warriors</a></td><td class=""right"" data-stat=""home_pts"">89</td><td class=""center"" data-stat=""box_score_text""><a href=""/boxscores/194802260PHW.html"">Box Score</a></td><td class=""center iz"" data-stat=""overtimes""></td><td class=""right iz"" data-stat=""attendance""></td><td class=""left iz"" data-stat=""game_remarks""></td></tr>"
73,"<tr><th class=""left"" csk=""194802260STB"" data-stat=""date_game"" scope=""row""><a href=""/boxscores/index.fcgi?month=2&amp;day=26&amp;year=1948"">Thu, Feb 26, 1948</a></th><td class=""left"" csk=""BOS.194802260STB"" data-stat=""visitor_team_name""><a href=""/teams/BOS/1948.html"">Boston Celtics</a></td><td class=""right"" data-stat=""visitor_pts"">92</td><td class=""left"" csk=""STB.194802260STB"" data-stat=""home_team_name""><a href=""/teams/STB/1948.html"">St. Louis Bombers</a></td><td class=""right"" data-stat=""home_pts"">94</td><td class=""center"" data-stat=""box_score_text""><a href=""/boxscores/194802260STB.html"">Box Score</a></td><td class=""center"" data-stat=""overtimes"">2OT</td><td class=""right iz"" data-stat=""attendance""></td><td class=""left iz"" data-stat=""game_remarks""></td></tr>"
75,"<tr><th class=""left"" csk=""194802270CHS"" data-stat=""date_game"" scope=""row""><a href=""/boxscores/index.fcgi?month=2&amp;day=27&amp;year=1948"">Fri, Feb 27, 1948</a></th><td class=""left"" csk=""BOS.194802270CHS"" data-stat=""visitor_team_name""><a href=""/teams/BOS/1948.html"">Boston Celtics</a></td><td class=""right"" data-stat=""visitor_pts"">83</td><td class=""left"" csk=""CHS.194802270CHS"" data-stat=""home_team_name""><a href=""/teams/CHS/1948.html"">Chicago Stags</a></td><td class=""right"" data-stat=""home_pts"">69</td><td class=""center"" data-stat=""box_score_text""><a href=""/boxscores/194802270CHS.html"">Box Score</a></td><td class=""center iz"" data-stat=""overtimes""></td><td class=""right iz"" data-stat=""attendance""></td><td class=""left iz"" data-stat=""game_remarks""></td></tr>"
77,"<tr><th class=""left"" csk=""194802280STB"" data-stat=""date_game"" scope=""row""><a href=""/boxscores/index.fcgi?month=2&amp;day=28&amp;year=1948"">Sat, Feb 28, 1948</a></th><td class=""left"" csk=""WSC.194802280STB"" data-stat=""visitor_team_name""><a href=""/teams/WSC/1948.html"">Washington Capitols</a></td><td class=""right"" data-stat=""visitor_pts"">61</td><td class=""left"" csk=""STB.194802280STB"" data-stat=""home_team_name""><a href=""/teams/STB/1948.html"">St. Louis Bombers</a></td><td class=""right"" data-stat=""home_pts"">82</td><td class=""center"" data-stat=""box_score_text""><a href=""/boxscores/194802280STB.html"">Box Score</a></td><td class=""center iz"" data-stat=""overtimes""></td><td class=""right iz"" data-stat=""attendance""></td><td class=""left iz"" data-stat=""game_remarks""></td></tr>"
79,"<tr><th class=""left"" csk=""194802280PRO"" data-stat=""date_game"" scope=""row""><a href=""/boxscores/index.fcgi?month=2&amp;day=28&amp;year=1948"">Sat, Feb 28, 1948</a></th><td class=""left"" csk=""PHW.194802280PRO"" data-stat=""visitor_team_name""><a href=""/teams/PHW/1948.html"">Philadelphia Warriors</a></td><td class=""right"" data-stat=""visitor_pts"">83</td><td class=""left"" csk=""PRO.194802280PRO"" data-stat=""home_team_name""><a href=""/teams/PRO/1948.html"">Providence Steamrollers</a></td><td class=""right"" data-stat=""home_pts"">82</td><td class=""center"" data-stat=""box_score_text""><a href=""/boxscores/194802280PRO.html"">Box Score</a></td><td class=""center iz"" data-stat=""overtimes""></td><td class=""right iz"" data-stat=""attendance""></td><td class=""left iz"" data-stat=""game_remarks""></td></tr>"
81,"<tr><th class=""left"" csk=""194802280NYK"" data-stat=""date_game"" scope=""row""><a href=""/boxscores/index.fcgi?month=2&amp;day=28&amp;year=1948"">Sat, Feb 28, 1948</a></th><td class=""left"" csk=""BLB.194802280NYK"" data-stat=""visitor_team_name""><a href=""/teams/BLB/1948.html"">Baltimore Bullets</a></td><td class=""right"" data-stat=""visitor_pts"">78</td><td class=""left"" csk=""NYK.194802280NYK"" data-stat=""home_team_name""><a href=""/teams/NYK/1948.html"">New York Knicks</a></td><td class=""right"" data-stat=""home_pts"">56</td><td class=""center"" data-stat=""box_score_text""><a href=""/boxscores/194802280NYK.html"">Box Score</a></td><td class=""center iz"" data-stat=""overtimes""></td><td class=""right iz"" data-stat=""attendance""></td><td class=""left iz"" data-stat=""game_remarks""></td></tr>"
83,"<tr><th class=""left"" csk=""194802290BOS"" data-stat=""date_game"" scope=""row""><a href=""/boxscores/index.fcgi?month=2&amp;day=29&amp;year=1948"">Sun, Feb 29, 1948</a></th><td class=""left"" csk=""BLB.194802290BOS"" data-stat=""visitor_team_name""><a href=""/teams/BLB/1948.html"">Baltimore Bullets</a></td><td class=""right"" data-stat=""visitor_pts"">62</td><td class=""left"" csk=""BOS.194802290BOS"" data-stat=""home_team_name""><a href=""/teams/BOS/1948.html"">Boston Celtics</a></td><td class=""right"" data-stat=""home_pts"">65</td><td class=""center"" data-stat=""box_score_text""><a href=""/boxscores/194802290BOS.html"">Box Score</a></td><td class=""center iz"" data-stat=""overtimes""></td><td class=""right iz"" data-stat=""attendance""></td><td class=""left iz"" data-stat=""game_remarks""></td></tr>"
85,"<tr><th class=""left"" csk=""194802290CHS"" data-stat=""date_game"" scope=""row""><a href=""/boxscores/index.fcgi?month=2&amp;day=29&amp;year=1948"">Sun, Feb 29, 1948</a></th><td class=""left"" csk=""WSC.194802290CHS"" data-stat=""visitor_team_name""><a href=""/teams/WSC/1948.html"">Washington Capitols</a></td><td class=""right"" data-stat=""visitor_pts"">75</td><td class=""left"" csk=""CHS.194802290CHS"" data-stat=""home_team_name""><a href=""/teams/CHS/1948.html"">Chicago Stags</a></td><td class=""right"" data-stat=""home_pts"">76</td><td class=""center"" data-stat=""box_score_text""><a href=""/boxscores/194802290CHS.html"">Box Score</a></td><td class=""center"" data-stat=""overtimes"">OT</td><td class=""right iz"" data-stat=""attendance""></td><td class=""left iz"" data-stat=""game_remarks""></td></tr>"
