,0
1,"<tr><th class=""left"" csk=""194712010NYK"" data-stat=""date_game"" scope=""row""><a href=""/boxscores/index.fcgi?month=12&amp;day=1&amp;year=1947"">Mon, Dec 1, 1947</a></th><td class=""left"" csk=""WSC.194712010NYK"" data-stat=""visitor_team_name""><a href=""/teams/WSC/1948.html"">Washington Capitols</a></td><td class=""right"" data-stat=""visitor_pts"">70</td><td class=""left"" csk=""NYK.194712010NYK"" data-stat=""home_team_name""><a href=""/teams/NYK/1948.html"">New York Knicks</a></td><td class=""right"" data-stat=""home_pts"">62</td><td class=""center"" data-stat=""box_score_text""><a href=""/boxscores/194712010NYK.html"">Box Score</a></td><td class=""center iz"" data-stat=""overtimes""></td><td class=""right iz"" data-stat=""attendance""></td><td class=""left iz"" data-stat=""game_remarks""></td></tr>"
3,"<tr><th class=""left"" csk=""194712020BOS"" data-stat=""date_game"" scope=""row""><a href=""/boxscores/index.fcgi?month=12&amp;day=2&amp;year=1947"">Tue, Dec 2, 1947</a></th><td class=""left"" csk=""BLB.194712020BOS"" data-stat=""visitor_team_name""><a href=""/teams/BLB/1948.html"">Baltimore Bullets</a></td><td class=""right"" data-stat=""visitor_pts"">77</td><td class=""left"" csk=""BOS.194712020BOS"" data-stat=""home_team_name""><a href=""/teams/BOS/1948.html"">Boston Celtics</a></td><td class=""right"" data-stat=""home_pts"">69</td><td class=""center"" data-stat=""box_score_text""><a href=""/boxscores/194712020BOS.html"">Box Score</a></td><td class=""center"" data-stat=""overtimes"">OT</td><td class=""right iz"" data-stat=""attendance""></td><td class=""left iz"" data-stat=""game_remarks""></td></tr>"
5,"<tr><th class=""left"" csk=""194712020PRO"" data-stat=""date_game"" scope=""row""><a href=""/boxscores/index.fcgi?month=12&amp;day=2&amp;year=1947"">Tue, Dec 2, 1947</a></th><td class=""left"" csk=""STB.194712020PRO"" data-stat=""visitor_team_name""><a href=""/teams/STB/1948.html"">St. Louis Bombers</a></td><td class=""right"" data-stat=""visitor_pts"">86</td><td class=""left"" csk=""PRO.194712020PRO"" data-stat=""home_team_name""><a href=""/teams/PRO/1948.html"">Providence Steamrollers</a></td><td class=""right"" data-stat=""home_pts"">66</td><td class=""center"" data-stat=""box_score_text""><a href=""/boxscores/194712020PRO.html"">Box Score</a></td><td class=""center iz"" data-stat=""overtimes""></td><td class=""right iz"" data-stat=""attendance""></td><td class=""left iz"" data-stat=""game_remarks""></td></tr>"
7,"<tr><th class=""left"" csk=""194712030CHS"" data-stat=""date_game"" scope=""row""><a href=""/boxscores/index.fcgi?month=12&amp;day=3&amp;year=1947"">Wed, Dec 3, 1947</a></th><td class=""left"" csk=""WSC.194712030CHS"" data-stat=""visitor_team_name""><a href=""/teams/WSC/1948.html"">Washington Capitols</a></td><td class=""right"" data-stat=""visitor_pts"">73</td><td class=""left"" csk=""CHS.194712030CHS"" data-stat=""home_team_name""><a href=""/teams/CHS/1948.html"">Chicago Stags</a></td><td class=""right"" data-stat=""home_pts"">81</td><td class=""center"" data-stat=""box_score_text""><a href=""/boxscores/194712030CHS.html"">Box Score</a></td><td class=""center iz"" data-stat=""overtimes""></td><td class=""right iz"" data-stat=""attendance""></td><td class=""left iz"" data-stat=""game_remarks""></td></tr>"
9,"<tr><th class=""left"" csk=""194712030PHW"" data-stat=""date_game"" scope=""row""><a href=""/boxscores/index.fcgi?month=12&amp;day=3&amp;year=1947"">Wed, Dec 3, 1947</a></th><td class=""left"" csk=""BLB.194712030PHW"" data-stat=""visitor_team_name""><a href=""/teams/BLB/1948.html"">Baltimore Bullets</a></td><td class=""right"" data-stat=""visitor_pts"">73</td><td class=""left"" csk=""PHW.194712030PHW"" data-stat=""home_team_name""><a href=""/teams/PHW/1948.html"">Philadelphia Warriors</a></td><td class=""right"" data-stat=""home_pts"">58</td><td class=""center"" data-stat=""box_score_text""><a href=""/boxscores/194712030PHW.html"">Box Score</a></td><td class=""center iz"" data-stat=""overtimes""></td><td class=""right iz"" data-stat=""attendance""></td><td class=""left iz"" data-stat=""game_remarks""></td></tr>"
11,"<tr><th class=""left"" csk=""194712040BLB"" data-stat=""date_game"" scope=""row""><a href=""/boxscores/index.fcgi?month=12&amp;day=4&amp;year=1947"">Thu, Dec 4, 1947</a></th><td class=""left"" csk=""STB.194712040BLB"" data-stat=""visitor_team_name""><a href=""/teams/STB/1948.html"">St. Louis Bombers</a></td><td class=""right"" data-stat=""visitor_pts"">65</td><td class=""left"" csk=""BLB.194712040BLB"" data-stat=""home_team_name""><a href=""/teams/BLB/1948.html"">Baltimore Bullets</a></td><td class=""right"" data-stat=""home_pts"">51</td><td class=""center"" data-stat=""box_score_text""><a href=""/boxscores/194712040BLB.html"">Box Score</a></td><td class=""center iz"" data-stat=""overtimes""></td><td class=""right iz"" data-stat=""attendance""></td><td class=""left iz"" data-stat=""game_remarks""></td></tr>"
13,"<tr><th class=""left"" csk=""194712050BOS"" data-stat=""date_game"" scope=""row""><a href=""/boxscores/index.fcgi?month=12&amp;day=5&amp;year=1947"">Fri, Dec 5, 1947</a></th><td class=""left"" csk=""PRO.194712050BOS"" data-stat=""visitor_team_name""><a href=""/teams/PRO/1948.html"">Providence Steamrollers</a></td><td class=""right"" data-stat=""visitor_pts"">69</td><td class=""left"" csk=""BOS.194712050BOS"" data-stat=""home_team_name""><a href=""/teams/BOS/1948.html"">Boston Celtics</a></td><td class=""right"" data-stat=""home_pts"">73</td><td class=""center"" data-stat=""box_score_text""><a href=""/boxscores/194712050BOS.html"">Box Score</a></td><td class=""center iz"" data-stat=""overtimes""></td><td class=""right iz"" data-stat=""attendance""></td><td class=""left iz"" data-stat=""game_remarks""></td></tr>"
15,"<tr><th class=""left"" csk=""194712060CHS"" data-stat=""date_game"" scope=""row""><a href=""/boxscores/index.fcgi?month=12&amp;day=6&amp;year=1947"">Sat, Dec 6, 1947</a></th><td class=""left"" csk=""BLB.194712060CHS"" data-stat=""visitor_team_name""><a href=""/teams/BLB/1948.html"">Baltimore Bullets</a></td><td class=""right"" data-stat=""visitor_pts"">65</td><td class=""left"" csk=""CHS.194712060CHS"" data-stat=""home_team_name""><a href=""/teams/CHS/1948.html"">Chicago Stags</a></td><td class=""right"" data-stat=""home_pts"">73</td><td class=""center"" data-stat=""box_score_text""><a href=""/boxscores/194712060CHS.html"">Box Score</a></td><td class=""center iz"" data-stat=""overtimes""></td><td class=""right iz"" data-stat=""attendance""></td><td class=""left iz"" data-stat=""game_remarks""></td></tr>"
17,"<tr><th class=""left"" csk=""194712060PRO"" data-stat=""date_game"" scope=""row""><a href=""/boxscores/index.fcgi?month=12&amp;day=6&amp;year=1947"">Sat, Dec 6, 1947</a></th><td class=""left"" csk=""NYK.194712060PRO"" data-stat=""visitor_team_name""><a href=""/teams/NYK/1948.html"">New York Knicks</a></td><td class=""right"" data-stat=""visitor_pts"">114</td><td class=""left"" csk=""PRO.194712060PRO"" data-stat=""home_team_name""><a href=""/teams/PRO/1948.html"">Providence Steamrollers</a></td><td class=""right"" data-stat=""home_pts"">85</td><td class=""center"" data-stat=""box_score_text""><a href=""/boxscores/194712060PRO.html"">Box Score</a></td><td class=""center iz"" data-stat=""overtimes""></td><td class=""right iz"" data-stat=""attendance""></td><td class=""left iz"" data-stat=""game_remarks""></td></tr>"
19,"<tr><th class=""left"" csk=""194712080NYK"" data-stat=""date_game"" scope=""row""><a href=""/boxscores/index.fcgi?month=12&amp;day=8&amp;year=1947"">Mon, Dec 8, 1947</a></th><td class=""left"" csk=""STB.194712080NYK"" data-stat=""visitor_team_name""><a href=""/teams/STB/1948.html"">St. Louis Bombers</a></td><td class=""right"" data-stat=""visitor_pts"">56</td><td class=""left"" csk=""NYK.194712080NYK"" data-stat=""home_team_name""><a href=""/teams/NYK/1948.html"">New York Knicks</a></td><td class=""right"" data-stat=""home_pts"">71</td><td class=""center"" data-stat=""box_score_text""><a href=""/boxscores/194712080NYK.html"">Box Score</a></td><td class=""center iz"" data-stat=""overtimes""></td><td class=""right iz"" data-stat=""attendance""></td><td class=""left iz"" data-stat=""game_remarks""></td></tr>"
21,"<tr><th class=""left"" csk=""194712090PHW"" data-stat=""date_game"" scope=""row""><a href=""/boxscores/index.fcgi?month=12&amp;day=9&amp;year=1947"">Tue, Dec 9, 1947</a></th><td class=""left"" csk=""PRO.194712090PHW"" data-stat=""visitor_team_name""><a href=""/teams/PRO/1948.html"">Providence Steamrollers</a></td><td class=""right"" data-stat=""visitor_pts"">74</td><td class=""left"" csk=""PHW.194712090PHW"" data-stat=""home_team_name""><a href=""/teams/PHW/1948.html"">Philadelphia Warriors</a></td><td class=""right"" data-stat=""home_pts"">78</td><td class=""center"" data-stat=""box_score_text""><a href=""/boxscores/194712090PHW.html"">Box Score</a></td><td class=""center"" data-stat=""overtimes"">OT</td><td class=""right iz"" data-stat=""attendance""></td><td class=""left iz"" data-stat=""game_remarks""></td></tr>"
23,"<tr><th class=""left"" csk=""194712100BOS"" data-stat=""date_game"" scope=""row""><a href=""/boxscores/index.fcgi?month=12&amp;day=10&amp;year=1947"">Wed, Dec 10, 1947</a></th><td class=""left"" csk=""NYK.194712100BOS"" data-stat=""visitor_team_name""><a href=""/teams/NYK/1948.html"">New York Knicks</a></td><td class=""right"" data-stat=""visitor_pts"">79</td><td class=""left"" csk=""BOS.194712100BOS"" data-stat=""home_team_name""><a href=""/teams/BOS/1948.html"">Boston Celtics</a></td><td class=""right"" data-stat=""home_pts"">75</td><td class=""center"" data-stat=""box_score_text""><a href=""/boxscores/194712100BOS.html"">Box Score</a></td><td class=""center iz"" data-stat=""overtimes""></td><td class=""right iz"" data-stat=""attendance""></td><td class=""left iz"" data-stat=""game_remarks""></td></tr>"
25,"<tr><th class=""left"" csk=""194712110BLB"" data-stat=""date_game"" scope=""row""><a href=""/boxscores/index.fcgi?month=12&amp;day=11&amp;year=1947"">Thu, Dec 11, 1947</a></th><td class=""left"" csk=""WSC.194712110BLB"" data-stat=""visitor_team_name""><a href=""/teams/WSC/1948.html"">Washington Capitols</a></td><td class=""right"" data-stat=""visitor_pts"">71</td><td class=""left"" csk=""BLB.194712110BLB"" data-stat=""home_team_name""><a href=""/teams/BLB/1948.html"">Baltimore Bullets</a></td><td class=""right"" data-stat=""home_pts"">69</td><td class=""center"" data-stat=""box_score_text""><a href=""/boxscores/194712110BLB.html"">Box Score</a></td><td class=""center"" data-stat=""overtimes"">OT</td><td class=""right iz"" data-stat=""attendance""></td><td class=""left iz"" data-stat=""game_remarks""></td></tr>"
27,"<tr><th class=""left"" csk=""194712110PHW"" data-stat=""date_game"" scope=""row""><a href=""/boxscores/index.fcgi?month=12&amp;day=11&amp;year=1947"">Thu, Dec 11, 1947</a></th><td class=""left"" csk=""STB.194712110PHW"" data-stat=""visitor_team_name""><a href=""/teams/STB/1948.html"">St. Louis Bombers</a></td><td class=""right"" data-stat=""visitor_pts"">74</td><td class=""left"" csk=""PHW.194712110PHW"" data-stat=""home_team_name""><a href=""/teams/PHW/1948.html"">Philadelphia Warriors</a></td><td class=""right"" data-stat=""home_pts"">69</td><td class=""center"" data-stat=""box_score_text""><a href=""/boxscores/194712110PHW.html"">Box Score</a></td><td class=""center iz"" data-stat=""overtimes""></td><td class=""right iz"" data-stat=""attendance""></td><td class=""left iz"" data-stat=""game_remarks""></td></tr>"
29,"<tr><th class=""left"" csk=""194712120BOS"" data-stat=""date_game"" scope=""row""><a href=""/boxscores/index.fcgi?month=12&amp;day=12&amp;year=1947"">Fri, Dec 12, 1947</a></th><td class=""left"" csk=""PHW.194712120BOS"" data-stat=""visitor_team_name""><a href=""/teams/PHW/1948.html"">Philadelphia Warriors</a></td><td class=""right"" data-stat=""visitor_pts"">67</td><td class=""left"" csk=""BOS.194712120BOS"" data-stat=""home_team_name""><a href=""/teams/BOS/1948.html"">Boston Celtics</a></td><td class=""right"" data-stat=""home_pts"">69</td><td class=""center"" data-stat=""box_score_text""><a href=""/boxscores/194712120BOS.html"">Box Score</a></td><td class=""center iz"" data-stat=""overtimes""></td><td class=""right iz"" data-stat=""attendance""></td><td class=""left iz"" data-stat=""game_remarks""></td></tr>"
31,"<tr><th class=""left"" csk=""194712120CHS"" data-stat=""date_game"" scope=""row""><a href=""/boxscores/index.fcgi?month=12&amp;day=12&amp;year=1947"">Fri, Dec 12, 1947</a></th><td class=""left"" csk=""STB.194712120CHS"" data-stat=""visitor_team_name""><a href=""/teams/STB/1948.html"">St. Louis Bombers</a></td><td class=""right"" data-stat=""visitor_pts"">85</td><td class=""left"" csk=""CHS.194712120CHS"" data-stat=""home_team_name""><a href=""/teams/CHS/1948.html"">Chicago Stags</a></td><td class=""right"" data-stat=""home_pts"">75</td><td class=""center"" data-stat=""box_score_text""><a href=""/boxscores/194712120CHS.html"">Box Score</a></td><td class=""center iz"" data-stat=""overtimes""></td><td class=""right iz"" data-stat=""attendance""></td><td class=""left iz"" data-stat=""game_remarks""></td></tr>"
33,"<tr><th class=""left"" csk=""194712130BLB"" data-stat=""date_game"" scope=""row""><a href=""/boxscores/index.fcgi?month=12&amp;day=13&amp;year=1947"">Sat, Dec 13, 1947</a></th><td class=""left"" csk=""NYK.194712130BLB"" data-stat=""visitor_team_name""><a href=""/teams/NYK/1948.html"">New York Knicks</a></td><td class=""right"" data-stat=""visitor_pts"">80</td><td class=""left"" csk=""BLB.194712130BLB"" data-stat=""home_team_name""><a href=""/teams/BLB/1948.html"">Baltimore Bullets</a></td><td class=""right"" data-stat=""home_pts"">66</td><td class=""center"" data-stat=""box_score_text""><a href=""/boxscores/194712130BLB.html"">Box Score</a></td><td class=""center iz"" data-stat=""overtimes""></td><td class=""right iz"" data-stat=""attendance""></td><td class=""left iz"" data-stat=""game_remarks""></td></tr>"
35,"<tr><th class=""left"" csk=""194712130WSC"" data-stat=""date_game"" scope=""row""><a href=""/boxscores/index.fcgi?month=12&amp;day=13&amp;year=1947"">Sat, Dec 13, 1947</a></th><td class=""left"" csk=""PRO.194712130WSC"" data-stat=""visitor_team_name""><a href=""/teams/PRO/1948.html"">Providence Steamrollers</a></td><td class=""right"" data-stat=""visitor_pts"">72</td><td class=""left"" csk=""WSC.194712130WSC"" data-stat=""home_team_name""><a href=""/teams/WSC/1948.html"">Washington Capitols</a></td><td class=""right"" data-stat=""home_pts"">88</td><td class=""center"" data-stat=""box_score_text""><a href=""/boxscores/194712130WSC.html"">Box Score</a></td><td class=""center iz"" data-stat=""overtimes""></td><td class=""right iz"" data-stat=""attendance""></td><td class=""left iz"" data-stat=""game_remarks""></td></tr>"
37,"<tr><th class=""left"" csk=""194712150NYK"" data-stat=""date_game"" scope=""row""><a href=""/boxscores/index.fcgi?month=12&amp;day=15&amp;year=1947"">Mon, Dec 15, 1947</a></th><td class=""left"" csk=""PHW.194712150NYK"" data-stat=""visitor_team_name""><a href=""/teams/PHW/1948.html"">Philadelphia Warriors</a></td><td class=""right"" data-stat=""visitor_pts"">74</td><td class=""left"" csk=""NYK.194712150NYK"" data-stat=""home_team_name""><a href=""/teams/NYK/1948.html"">New York Knicks</a></td><td class=""right"" data-stat=""home_pts"">71</td><td class=""center"" data-stat=""box_score_text""><a href=""/boxscores/194712150NYK.html"">Box Score</a></td><td class=""center iz"" data-stat=""overtimes""></td><td class=""right iz"" data-stat=""attendance""></td><td class=""left iz"" data-stat=""game_remarks""></td></tr>"
39,"<tr><th class=""left"" csk=""194712170WSC"" data-stat=""date_game"" scope=""row""><a href=""/boxscores/index.fcgi?month=12&amp;day=17&amp;year=1947"">Wed, Dec 17, 1947</a></th><td class=""left"" csk=""BLB.194712170WSC"" data-stat=""visitor_team_name""><a href=""/teams/BLB/1948.html"">Baltimore Bullets</a></td><td class=""right"" data-stat=""visitor_pts"">64</td><td class=""left"" csk=""WSC.194712170WSC"" data-stat=""home_team_name""><a href=""/teams/WSC/1948.html"">Washington Capitols</a></td><td class=""right"" data-stat=""home_pts"">66</td><td class=""center"" data-stat=""box_score_text""><a href=""/boxscores/194712170WSC.html"">Box Score</a></td><td class=""center iz"" data-stat=""overtimes""></td><td class=""right iz"" data-stat=""attendance""></td><td class=""left iz"" data-stat=""game_remarks""></td></tr>"
41,"<tr><th class=""left"" csk=""194712170BOS"" data-stat=""date_game"" scope=""row""><a href=""/boxscores/index.fcgi?month=12&amp;day=17&amp;year=1947"">Wed, Dec 17, 1947</a></th><td class=""left"" csk=""PRO.194712170BOS"" data-stat=""visitor_team_name""><a href=""/teams/PRO/1948.html"">Providence Steamrollers</a></td><td class=""right"" data-stat=""visitor_pts"">66</td><td class=""left"" csk=""BOS.194712170BOS"" data-stat=""home_team_name""><a href=""/teams/BOS/1948.html"">Boston Celtics</a></td><td class=""right"" data-stat=""home_pts"">67</td><td class=""center"" data-stat=""box_score_text""><a href=""/boxscores/194712170BOS.html"">Box Score</a></td><td class=""center iz"" data-stat=""overtimes""></td><td class=""right iz"" data-stat=""attendance""></td><td class=""left iz"" data-stat=""game_remarks""></td></tr>"
43,"<tr><th class=""left"" csk=""194712180BLB"" data-stat=""date_game"" scope=""row""><a href=""/boxscores/index.fcgi?month=12&amp;day=18&amp;year=1947"">Thu, Dec 18, 1947</a></th><td class=""left"" csk=""STB.194712180BLB"" data-stat=""visitor_team_name""><a href=""/teams/STB/1948.html"">St. Louis Bombers</a></td><td class=""right"" data-stat=""visitor_pts"">67</td><td class=""left"" csk=""BLB.194712180BLB"" data-stat=""home_team_name""><a href=""/teams/BLB/1948.html"">Baltimore Bullets</a></td><td class=""right"" data-stat=""home_pts"">74</td><td class=""center"" data-stat=""box_score_text""><a href=""/boxscores/194712180BLB.html"">Box Score</a></td><td class=""center iz"" data-stat=""overtimes""></td><td class=""right iz"" data-stat=""attendance""></td><td class=""left iz"" data-stat=""game_remarks""></td></tr>"
45,"<tr><th class=""left"" csk=""194712180CHS"" data-stat=""date_game"" scope=""row""><a href=""/boxscores/index.fcgi?month=12&amp;day=18&amp;year=1947"">Thu, Dec 18, 1947</a></th><td class=""left"" csk=""WSC.194712180CHS"" data-stat=""visitor_team_name""><a href=""/teams/WSC/1948.html"">Washington Capitols</a></td><td class=""right"" data-stat=""visitor_pts"">70</td><td class=""left"" csk=""CHS.194712180CHS"" data-stat=""home_team_name""><a href=""/teams/CHS/1948.html"">Chicago Stags</a></td><td class=""right"" data-stat=""home_pts"">64</td><td class=""center"" data-stat=""box_score_text""><a href=""/boxscores/194712180CHS.html"">Box Score</a></td><td class=""center iz"" data-stat=""overtimes""></td><td class=""right iz"" data-stat=""attendance""></td><td class=""left iz"" data-stat=""game_remarks""></td></tr>"
47,"<tr><th class=""left"" csk=""194712180PHW"" data-stat=""date_game"" scope=""row""><a href=""/boxscores/index.fcgi?month=12&amp;day=18&amp;year=1947"">Thu, Dec 18, 1947</a></th><td class=""left"" csk=""NYK.194712180PHW"" data-stat=""visitor_team_name""><a href=""/teams/NYK/1948.html"">New York Knicks</a></td><td class=""right"" data-stat=""visitor_pts"">99</td><td class=""left"" csk=""PHW.194712180PHW"" data-stat=""home_team_name""><a href=""/teams/PHW/1948.html"">Philadelphia Warriors</a></td><td class=""right"" data-stat=""home_pts"">71</td><td class=""center"" data-stat=""box_score_text""><a href=""/boxscores/194712180PHW.html"">Box Score</a></td><td class=""center iz"" data-stat=""overtimes""></td><td class=""right iz"" data-stat=""attendance""></td><td class=""left iz"" data-stat=""game_remarks""></td></tr>"
49,"<tr><th class=""left"" csk=""194712190BOS"" data-stat=""date_game"" scope=""row""><a href=""/boxscores/index.fcgi?month=12&amp;day=19&amp;year=1947"">Fri, Dec 19, 1947</a></th><td class=""left"" csk=""STB.194712190BOS"" data-stat=""visitor_team_name""><a href=""/teams/STB/1948.html"">St. Louis Bombers</a></td><td class=""right"" data-stat=""visitor_pts"">70</td><td class=""left"" csk=""BOS.194712190BOS"" data-stat=""home_team_name""><a href=""/teams/BOS/1948.html"">Boston Celtics</a></td><td class=""right"" data-stat=""home_pts"">78</td><td class=""center"" data-stat=""box_score_text""><a href=""/boxscores/194712190BOS.html"">Box Score</a></td><td class=""center iz"" data-stat=""overtimes""></td><td class=""right iz"" data-stat=""attendance""></td><td class=""left iz"" data-stat=""game_remarks""></td></tr>"
51,"<tr><th class=""left"" csk=""194712200WSC"" data-stat=""date_game"" scope=""row""><a href=""/boxscores/index.fcgi?month=12&amp;day=20&amp;year=1947"">Sat, Dec 20, 1947</a></th><td class=""left"" csk=""STB.194712200WSC"" data-stat=""visitor_team_name""><a href=""/teams/STB/1948.html"">St. Louis Bombers</a></td><td class=""right"" data-stat=""visitor_pts"">55</td><td class=""left"" csk=""WSC.194712200WSC"" data-stat=""home_team_name""><a href=""/teams/WSC/1948.html"">Washington Capitols</a></td><td class=""right"" data-stat=""home_pts"">52</td><td class=""center"" data-stat=""box_score_text""><a href=""/boxscores/194712200WSC.html"">Box Score</a></td><td class=""center iz"" data-stat=""overtimes""></td><td class=""right iz"" data-stat=""attendance""></td><td class=""left iz"" data-stat=""game_remarks""></td></tr>"
53,"<tr><th class=""left"" csk=""194712200PRO"" data-stat=""date_game"" scope=""row""><a href=""/boxscores/index.fcgi?month=12&amp;day=20&amp;year=1947"">Sat, Dec 20, 1947</a></th><td class=""left"" csk=""PHW.194712200PRO"" data-stat=""visitor_team_name""><a href=""/teams/PHW/1948.html"">Philadelphia Warriors</a></td><td class=""right"" data-stat=""visitor_pts"">80</td><td class=""left"" csk=""PRO.194712200PRO"" data-stat=""home_team_name""><a href=""/teams/PRO/1948.html"">Providence Steamrollers</a></td><td class=""right"" data-stat=""home_pts"">74</td><td class=""center"" data-stat=""box_score_text""><a href=""/boxscores/194712200PRO.html"">Box Score</a></td><td class=""center iz"" data-stat=""overtimes""></td><td class=""right iz"" data-stat=""attendance""></td><td class=""left iz"" data-stat=""game_remarks""></td></tr>"
55,"<tr><th class=""left"" csk=""194712200NYK"" data-stat=""date_game"" scope=""row""><a href=""/boxscores/index.fcgi?month=12&amp;day=20&amp;year=1947"">Sat, Dec 20, 1947</a></th><td class=""left"" csk=""BOS.194712200NYK"" data-stat=""visitor_team_name""><a href=""/teams/BOS/1948.html"">Boston Celtics</a></td><td class=""right"" data-stat=""visitor_pts"">58</td><td class=""left"" csk=""NYK.194712200NYK"" data-stat=""home_team_name""><a href=""/teams/NYK/1948.html"">New York Knicks</a></td><td class=""right"" data-stat=""home_pts"">70</td><td class=""center"" data-stat=""box_score_text""><a href=""/boxscores/194712200NYK.html"">Box Score</a></td><td class=""center iz"" data-stat=""overtimes""></td><td class=""right iz"" data-stat=""attendance""></td><td class=""left iz"" data-stat=""game_remarks""></td></tr>"
57,"<tr><th class=""left"" csk=""194712210CHS"" data-stat=""date_game"" scope=""row""><a href=""/boxscores/index.fcgi?month=12&amp;day=21&amp;year=1947"">Sun, Dec 21, 1947</a></th><td class=""left"" csk=""BLB.194712210CHS"" data-stat=""visitor_team_name""><a href=""/teams/BLB/1948.html"">Baltimore Bullets</a></td><td class=""right"" data-stat=""visitor_pts"">83</td><td class=""left"" csk=""CHS.194712210CHS"" data-stat=""home_team_name""><a href=""/teams/CHS/1948.html"">Chicago Stags</a></td><td class=""right"" data-stat=""home_pts"">93</td><td class=""center"" data-stat=""box_score_text""><a href=""/boxscores/194712210CHS.html"">Box Score</a></td><td class=""center iz"" data-stat=""overtimes""></td><td class=""right iz"" data-stat=""attendance""></td><td class=""left iz"" data-stat=""game_remarks""></td></tr>"
59,"<tr><th class=""left"" csk=""194712230PRO"" data-stat=""date_game"" scope=""row""><a href=""/boxscores/index.fcgi?month=12&amp;day=23&amp;year=1947"">Tue, Dec 23, 1947</a></th><td class=""left"" csk=""NYK.194712230PRO"" data-stat=""visitor_team_name""><a href=""/teams/NYK/1948.html"">New York Knicks</a></td><td class=""right"" data-stat=""visitor_pts"">58</td><td class=""left"" csk=""PRO.194712230PRO"" data-stat=""home_team_name""><a href=""/teams/PRO/1948.html"">Providence Steamrollers</a></td><td class=""right"" data-stat=""home_pts"">66</td><td class=""center"" data-stat=""box_score_text""><a href=""/boxscores/194712230PRO.html"">Box Score</a></td><td class=""center iz"" data-stat=""overtimes""></td><td class=""right iz"" data-stat=""attendance""></td><td class=""left iz"" data-stat=""game_remarks""></td></tr>"
61,"<tr><th class=""left"" csk=""194712230BOS"" data-stat=""date_game"" scope=""row""><a href=""/boxscores/index.fcgi?month=12&amp;day=23&amp;year=1947"">Tue, Dec 23, 1947</a></th><td class=""left"" csk=""CHS.194712230BOS"" data-stat=""visitor_team_name""><a href=""/teams/CHS/1948.html"">Chicago Stags</a></td><td class=""right"" data-stat=""visitor_pts"">83</td><td class=""left"" csk=""BOS.194712230BOS"" data-stat=""home_team_name""><a href=""/teams/BOS/1948.html"">Boston Celtics</a></td><td class=""right"" data-stat=""home_pts"">75</td><td class=""center"" data-stat=""box_score_text""><a href=""/boxscores/194712230BOS.html"">Box Score</a></td><td class=""center iz"" data-stat=""overtimes""></td><td class=""right iz"" data-stat=""attendance""></td><td class=""left iz"" data-stat=""game_remarks""></td></tr>"
63,"<tr><th class=""left"" csk=""194712250BLB"" data-stat=""date_game"" scope=""row""><a href=""/boxscores/index.fcgi?month=12&amp;day=25&amp;year=1947"">Thu, Dec 25, 1947</a></th><td class=""left"" csk=""CHS.194712250BLB"" data-stat=""visitor_team_name""><a href=""/teams/CHS/1948.html"">Chicago Stags</a></td><td class=""right"" data-stat=""visitor_pts"">70</td><td class=""left"" csk=""BLB.194712250BLB"" data-stat=""home_team_name""><a href=""/teams/BLB/1948.html"">Baltimore Bullets</a></td><td class=""right"" data-stat=""home_pts"">87</td><td class=""center"" data-stat=""box_score_text""><a href=""/boxscores/194712250BLB.html"">Box Score</a></td><td class=""center iz"" data-stat=""overtimes""></td><td class=""right iz"" data-stat=""attendance""></td><td class=""left iz"" data-stat=""game_remarks""></td></tr>"
65,"<tr><th class=""left"" csk=""194712250NYK"" data-stat=""date_game"" scope=""row""><a href=""/boxscores/index.fcgi?month=12&amp;day=25&amp;year=1947"">Thu, Dec 25, 1947</a></th><td class=""left"" csk=""PRO.194712250NYK"" data-stat=""visitor_team_name""><a href=""/teams/PRO/1948.html"">Providence Steamrollers</a></td><td class=""right"" data-stat=""visitor_pts"">75</td><td class=""left"" csk=""NYK.194712250NYK"" data-stat=""home_team_name""><a href=""/teams/NYK/1948.html"">New York Knicks</a></td><td class=""right"" data-stat=""home_pts"">89</td><td class=""center"" data-stat=""box_score_text""><a href=""/boxscores/194712250NYK.html"">Box Score</a></td><td class=""center iz"" data-stat=""overtimes""></td><td class=""right iz"" data-stat=""attendance""></td><td class=""left iz"" data-stat=""game_remarks""></td></tr>"
67,"<tr><th class=""left"" csk=""194712250STB"" data-stat=""date_game"" scope=""row""><a href=""/boxscores/index.fcgi?month=12&amp;day=25&amp;year=1947"">Thu, Dec 25, 1947</a></th><td class=""left"" csk=""WSC.194712250STB"" data-stat=""visitor_team_name""><a href=""/teams/WSC/1948.html"">Washington Capitols</a></td><td class=""right"" data-stat=""visitor_pts"">73</td><td class=""left"" csk=""STB.194712250STB"" data-stat=""home_team_name""><a href=""/teams/STB/1948.html"">St. Louis Bombers</a></td><td class=""right"" data-stat=""home_pts"">56</td><td class=""center"" data-stat=""box_score_text""><a href=""/boxscores/194712250STB.html"">Box Score</a></td><td class=""center iz"" data-stat=""overtimes""></td><td class=""right iz"" data-stat=""attendance""></td><td class=""left iz"" data-stat=""game_remarks""></td></tr>"
69,"<tr><th class=""left"" csk=""194712260PHW"" data-stat=""date_game"" scope=""row""><a href=""/boxscores/index.fcgi?month=12&amp;day=26&amp;year=1947"">Fri, Dec 26, 1947</a></th><td class=""left"" csk=""PRO.194712260PHW"" data-stat=""visitor_team_name""><a href=""/teams/PRO/1948.html"">Providence Steamrollers</a></td><td class=""right"" data-stat=""visitor_pts"">61</td><td class=""left"" csk=""PHW.194712260PHW"" data-stat=""home_team_name""><a href=""/teams/PHW/1948.html"">Philadelphia Warriors</a></td><td class=""right"" data-stat=""home_pts"">89</td><td class=""center"" data-stat=""box_score_text""><a href=""/boxscores/194712260PHW.html"">Box Score</a></td><td class=""center iz"" data-stat=""overtimes""></td><td class=""right iz"" data-stat=""attendance""></td><td class=""left iz"" data-stat=""game_remarks""></td></tr>"
71,"<tr><th class=""left"" csk=""194712270WSC"" data-stat=""date_game"" scope=""row""><a href=""/boxscores/index.fcgi?month=12&amp;day=27&amp;year=1947"">Sat, Dec 27, 1947</a></th><td class=""left"" csk=""PHW.194712270WSC"" data-stat=""visitor_team_name""><a href=""/teams/PHW/1948.html"">Philadelphia Warriors</a></td><td class=""right"" data-stat=""visitor_pts"">70</td><td class=""left"" csk=""WSC.194712270WSC"" data-stat=""home_team_name""><a href=""/teams/WSC/1948.html"">Washington Capitols</a></td><td class=""right"" data-stat=""home_pts"">72</td><td class=""center"" data-stat=""box_score_text""><a href=""/boxscores/194712270WSC.html"">Box Score</a></td><td class=""center iz"" data-stat=""overtimes""></td><td class=""right iz"" data-stat=""attendance""></td><td class=""left iz"" data-stat=""game_remarks""></td></tr>"
73,"<tr><th class=""left"" csk=""194712270NYK"" data-stat=""date_game"" scope=""row""><a href=""/boxscores/index.fcgi?month=12&amp;day=27&amp;year=1947"">Sat, Dec 27, 1947</a></th><td class=""left"" csk=""CHS.194712270NYK"" data-stat=""visitor_team_name""><a href=""/teams/CHS/1948.html"">Chicago Stags</a></td><td class=""right"" data-stat=""visitor_pts"">79</td><td class=""left"" csk=""NYK.194712270NYK"" data-stat=""home_team_name""><a href=""/teams/NYK/1948.html"">New York Knicks</a></td><td class=""right"" data-stat=""home_pts"">70</td><td class=""center"" data-stat=""box_score_text""><a href=""/boxscores/194712270NYK.html"">Box Score</a></td><td class=""center iz"" data-stat=""overtimes""></td><td class=""right iz"" data-stat=""attendance""></td><td class=""left iz"" data-stat=""game_remarks""></td></tr>"
75,"<tr><th class=""left"" csk=""194712270BOS"" data-stat=""date_game"" scope=""row""><a href=""/boxscores/index.fcgi?month=12&amp;day=27&amp;year=1947"">Sat, Dec 27, 1947</a></th><td class=""left"" csk=""PRO.194712270BOS"" data-stat=""visitor_team_name""><a href=""/teams/PRO/1948.html"">Providence Steamrollers</a></td><td class=""right"" data-stat=""visitor_pts"">63</td><td class=""left"" csk=""BOS.194712270BOS"" data-stat=""home_team_name""><a href=""/teams/BOS/1948.html"">Boston Celtics</a></td><td class=""right"" data-stat=""home_pts"">74</td><td class=""center"" data-stat=""box_score_text""><a href=""/boxscores/194712270BOS.html"">Box Score</a></td><td class=""center iz"" data-stat=""overtimes""></td><td class=""right iz"" data-stat=""attendance""></td><td class=""left iz"" data-stat=""game_remarks""></td></tr>"
77,"<tr><th class=""left"" csk=""194712280STB"" data-stat=""date_game"" scope=""row""><a href=""/boxscores/index.fcgi?month=12&amp;day=28&amp;year=1947"">Sun, Dec 28, 1947</a></th><td class=""left"" csk=""BLB.194712280STB"" data-stat=""visitor_team_name""><a href=""/teams/BLB/1948.html"">Baltimore Bullets</a></td><td class=""right"" data-stat=""visitor_pts"">63</td><td class=""left"" csk=""STB.194712280STB"" data-stat=""home_team_name""><a href=""/teams/STB/1948.html"">St. Louis Bombers</a></td><td class=""right"" data-stat=""home_pts"">67</td><td class=""center"" data-stat=""box_score_text""><a href=""/boxscores/194712280STB.html"">Box Score</a></td><td class=""center iz"" data-stat=""overtimes""></td><td class=""right iz"" data-stat=""attendance""></td><td class=""left iz"" data-stat=""game_remarks""></td></tr>"
79,"<tr><th class=""left"" csk=""194712300BOS"" data-stat=""date_game"" scope=""row""><a href=""/boxscores/index.fcgi?month=12&amp;day=30&amp;year=1947"">Tue, Dec 30, 1947</a></th><td class=""left"" csk=""PHW.194712300BOS"" data-stat=""visitor_team_name""><a href=""/teams/PHW/1948.html"">Philadelphia Warriors</a></td><td class=""right"" data-stat=""visitor_pts"">64</td><td class=""left"" csk=""BOS.194712300BOS"" data-stat=""home_team_name""><a href=""/teams/BOS/1948.html"">Boston Celtics</a></td><td class=""right"" data-stat=""home_pts"">70</td><td class=""center"" data-stat=""box_score_text""><a href=""/boxscores/194712300BOS.html"">Box Score</a></td><td class=""center iz"" data-stat=""overtimes""></td><td class=""right iz"" data-stat=""attendance""></td><td class=""left iz"" data-stat=""game_remarks""></td></tr>"
81,"<tr><th class=""left"" csk=""194712300PRO"" data-stat=""date_game"" scope=""row""><a href=""/boxscores/index.fcgi?month=12&amp;day=30&amp;year=1947"">Tue, Dec 30, 1947</a></th><td class=""left"" csk=""CHS.194712300PRO"" data-stat=""visitor_team_name""><a href=""/teams/CHS/1948.html"">Chicago Stags</a></td><td class=""right"" data-stat=""visitor_pts"">85</td><td class=""left"" csk=""PRO.194712300PRO"" data-stat=""home_team_name""><a href=""/teams/PRO/1948.html"">Providence Steamrollers</a></td><td class=""right"" data-stat=""home_pts"">73</td><td class=""center"" data-stat=""box_score_text""><a href=""/boxscores/194712300PRO.html"">Box Score</a></td><td class=""center iz"" data-stat=""overtimes""></td><td class=""right iz"" data-stat=""attendance""></td><td class=""left iz"" data-stat=""game_remarks""></td></tr>"
