,0
1,"<tr><th class=""left"" csk=""194904020WSC"" data-stat=""date_game"" scope=""row""><a href=""/boxscores/index.fcgi?month=4&amp;day=2&amp;year=1949"">Sat, Apr 2, 1949</a></th><td class=""left"" csk=""NYK.194904020WSC"" data-stat=""visitor_team_name""><a href=""/teams/NYK/1949.html"">New York Knicks</a></td><td class=""right"" data-stat=""visitor_pts"">76</td><td class=""left"" csk=""WSC.194904020WSC"" data-stat=""home_team_name""><a href=""/teams/WSC/1949.html"">Washington Capitols</a></td><td class=""right"" data-stat=""home_pts"">84</td><td class=""center"" data-stat=""box_score_text""><a href=""/boxscores/194904020WSC.html"">Box Score</a></td><td class=""center iz"" data-stat=""overtimes""></td><td class=""right iz"" data-stat=""attendance""></td><td class=""left"" data-stat=""game_remarks"">at Washington, DC (National Guard Armory)</td></tr>"
3,"<tr><th class=""left"" csk=""194904040MNL"" data-stat=""date_game"" scope=""row""><a href=""/boxscores/index.fcgi?month=4&amp;day=4&amp;year=1949"">Mon, Apr 4, 1949</a></th><td class=""left"" csk=""WSC.194904040MNL"" data-stat=""visitor_team_name""><a href=""/teams/WSC/1949.html"">Washington Capitols</a></td><td class=""right"" data-stat=""visitor_pts"">84</td><td class=""left"" csk=""MNL.194904040MNL"" data-stat=""home_team_name""><a href=""/teams/MNL/1949.html"">Minneapolis Lakers</a></td><td class=""right"" data-stat=""home_pts"">88</td><td class=""center"" data-stat=""box_score_text""><a href=""/boxscores/194904040MNL.html"">Box Score</a></td><td class=""center iz"" data-stat=""overtimes""></td><td class=""right"" data-stat=""attendance"">8,210</td><td class=""left iz"" data-stat=""game_remarks""></td></tr>"
5,"<tr><th class=""left"" csk=""194904060MNL"" data-stat=""date_game"" scope=""row""><a href=""/boxscores/index.fcgi?month=4&amp;day=6&amp;year=1949"">Wed, Apr 6, 1949</a></th><td class=""left"" csk=""WSC.194904060MNL"" data-stat=""visitor_team_name""><a href=""/teams/WSC/1949.html"">Washington Capitols</a></td><td class=""right"" data-stat=""visitor_pts"">62</td><td class=""left"" csk=""MNL.194904060MNL"" data-stat=""home_team_name""><a href=""/teams/MNL/1949.html"">Minneapolis Lakers</a></td><td class=""right"" data-stat=""home_pts"">76</td><td class=""center"" data-stat=""box_score_text""><a href=""/boxscores/194904060MNL.html"">Box Score</a></td><td class=""center iz"" data-stat=""overtimes""></td><td class=""right"" data-stat=""attendance"">10,212</td><td class=""left iz"" data-stat=""game_remarks""></td></tr>"
7,"<tr><th class=""left"" csk=""194904080WSC"" data-stat=""date_game"" scope=""row""><a href=""/boxscores/index.fcgi?month=4&amp;day=8&amp;year=1949"">Fri, Apr 8, 1949</a></th><td class=""left"" csk=""MNL.194904080WSC"" data-stat=""visitor_team_name""><a href=""/teams/MNL/1949.html"">Minneapolis Lakers</a></td><td class=""right"" data-stat=""visitor_pts"">94</td><td class=""left"" csk=""WSC.194904080WSC"" data-stat=""home_team_name""><a href=""/teams/WSC/1949.html"">Washington Capitols</a></td><td class=""right"" data-stat=""home_pts"">74</td><td class=""center"" data-stat=""box_score_text""><a href=""/boxscores/194904080WSC.html"">Box Score</a></td><td class=""center iz"" data-stat=""overtimes""></td><td class=""right"" data-stat=""attendance"">4,919</td><td class=""left iz"" data-stat=""game_remarks""></td></tr>"
9,"<tr><th class=""left"" csk=""194904090WSC"" data-stat=""date_game"" scope=""row""><a href=""/boxscores/index.fcgi?month=4&amp;day=9&amp;year=1949"">Sat, Apr 9, 1949</a></th><td class=""left"" csk=""MNL.194904090WSC"" data-stat=""visitor_team_name""><a href=""/teams/MNL/1949.html"">Minneapolis Lakers</a></td><td class=""right"" data-stat=""visitor_pts"">71</td><td class=""left"" csk=""WSC.194904090WSC"" data-stat=""home_team_name""><a href=""/teams/WSC/1949.html"">Washington Capitols</a></td><td class=""right"" data-stat=""home_pts"">83</td><td class=""center"" data-stat=""box_score_text""><a href=""/boxscores/194904090WSC.html"">Box Score</a></td><td class=""center iz"" data-stat=""overtimes""></td><td class=""right"" data-stat=""attendance"">4,471</td><td class=""left iz"" data-stat=""game_remarks""></td></tr>"
11,"<tr><th class=""left"" csk=""194904110WSC"" data-stat=""date_game"" scope=""row""><a href=""/boxscores/index.fcgi?month=4&amp;day=11&amp;year=1949"">Mon, Apr 11, 1949</a></th><td class=""left"" csk=""MNL.194904110WSC"" data-stat=""visitor_team_name""><a href=""/teams/MNL/1949.html"">Minneapolis Lakers</a></td><td class=""right"" data-stat=""visitor_pts"">65</td><td class=""left"" csk=""WSC.194904110WSC"" data-stat=""home_team_name""><a href=""/teams/WSC/1949.html"">Washington Capitols</a></td><td class=""right"" data-stat=""home_pts"">74</td><td class=""center"" data-stat=""box_score_text""><a href=""/boxscores/194904110WSC.html"">Box Score</a></td><td class=""center iz"" data-stat=""overtimes""></td><td class=""right"" data-stat=""attendance"">3,840</td><td class=""left iz"" data-stat=""game_remarks""></td></tr>"
13,"<tr><th class=""left"" csk=""194904130MNL"" data-stat=""date_game"" scope=""row""><a href=""/boxscores/index.fcgi?month=4&amp;day=13&amp;year=1949"">Wed, Apr 13, 1949</a></th><td class=""left"" csk=""WSC.194904130MNL"" data-stat=""visitor_team_name""><a href=""/teams/WSC/1949.html"">Washington Capitols</a></td><td class=""right"" data-stat=""visitor_pts"">56</td><td class=""left"" csk=""MNL.194904130MNL"" data-stat=""home_team_name""><a href=""/teams/MNL/1949.html"">Minneapolis Lakers</a></td><td class=""right"" data-stat=""home_pts"">77</td><td class=""center"" data-stat=""box_score_text""><a href=""/boxscores/194904130MNL.html"">Box Score</a></td><td class=""center iz"" data-stat=""overtimes""></td><td class=""right"" data-stat=""attendance"">10,482</td><td class=""left"" data-stat=""game_remarks"">at Saint Paul, MN</td></tr>"
