,0
1,"<tr><th class=""left"" csk=""194903010INJ"" data-stat=""date_game"" scope=""row""><a href=""/boxscores/index.fcgi?month=3&amp;day=1&amp;year=1949"">Tue, Mar 1, 1949</a></th><td class=""left"" csk=""CHS.194903010INJ"" data-stat=""visitor_team_name""><a href=""/teams/CHS/1949.html"">Chicago Stags</a></td><td class=""right"" data-stat=""visitor_pts"">69</td><td class=""left"" csk=""INJ.194903010INJ"" data-stat=""home_team_name""><a href=""/teams/INJ/1949.html"">Indianapolis Jets</a></td><td class=""right"" data-stat=""home_pts"">79</td><td class=""center"" data-stat=""box_score_text""><a href=""/boxscores/194903010INJ.html"">Box Score</a></td><td class=""center iz"" data-stat=""overtimes""></td><td class=""right iz"" data-stat=""attendance""></td><td class=""left iz"" data-stat=""game_remarks""></td></tr>"
3,"<tr><th class=""left"" csk=""194903010PHW"" data-stat=""date_game"" scope=""row""><a href=""/boxscores/index.fcgi?month=3&amp;day=1&amp;year=1949"">Tue, Mar 1, 1949</a></th><td class=""left"" csk=""STB.194903010PHW"" data-stat=""visitor_team_name""><a href=""/teams/STB/1949.html"">St. Louis Bombers</a></td><td class=""right"" data-stat=""visitor_pts"">83</td><td class=""left"" csk=""PHW.194903010PHW"" data-stat=""home_team_name""><a href=""/teams/PHW/1949.html"">Philadelphia Warriors</a></td><td class=""right"" data-stat=""home_pts"">89</td><td class=""center"" data-stat=""box_score_text""><a href=""/boxscores/194903010PHW.html"">Box Score</a></td><td class=""center iz"" data-stat=""overtimes""></td><td class=""right iz"" data-stat=""attendance""></td><td class=""left iz"" data-stat=""game_remarks""></td></tr>"
5,"<tr><th class=""left"" csk=""194903010ROC"" data-stat=""date_game"" scope=""row""><a href=""/boxscores/index.fcgi?month=3&amp;day=1&amp;year=1949"">Tue, Mar 1, 1949</a></th><td class=""left"" csk=""WSC.194903010ROC"" data-stat=""visitor_team_name""><a href=""/teams/WSC/1949.html"">Washington Capitols</a></td><td class=""right"" data-stat=""visitor_pts"">64</td><td class=""left"" csk=""ROC.194903010ROC"" data-stat=""home_team_name""><a href=""/teams/ROC/1949.html"">Rochester Royals</a></td><td class=""right"" data-stat=""home_pts"">67</td><td class=""center"" data-stat=""box_score_text""><a href=""/boxscores/194903010ROC.html"">Box Score</a></td><td class=""center iz"" data-stat=""overtimes""></td><td class=""right iz"" data-stat=""attendance""></td><td class=""left iz"" data-stat=""game_remarks""></td></tr>"
7,"<tr><th class=""left"" csk=""194903020NYK"" data-stat=""date_game"" scope=""row""><a href=""/boxscores/index.fcgi?month=3&amp;day=2&amp;year=1949"">Wed, Mar 2, 1949</a></th><td class=""left"" csk=""CHS.194903020NYK"" data-stat=""visitor_team_name""><a href=""/teams/CHS/1949.html"">Chicago Stags</a></td><td class=""right"" data-stat=""visitor_pts"">79</td><td class=""left"" csk=""NYK.194903020NYK"" data-stat=""home_team_name""><a href=""/teams/NYK/1949.html"">New York Knicks</a></td><td class=""right"" data-stat=""home_pts"">81</td><td class=""center"" data-stat=""box_score_text""><a href=""/boxscores/194903020NYK.html"">Box Score</a></td><td class=""center iz"" data-stat=""overtimes""></td><td class=""right iz"" data-stat=""attendance""></td><td class=""left iz"" data-stat=""game_remarks""></td></tr>"
9,"<tr><th class=""left"" csk=""194903020WSC"" data-stat=""date_game"" scope=""row""><a href=""/boxscores/index.fcgi?month=3&amp;day=2&amp;year=1949"">Wed, Mar 2, 1949</a></th><td class=""left"" csk=""STB.194903020WSC"" data-stat=""visitor_team_name""><a href=""/teams/STB/1949.html"">St. Louis Bombers</a></td><td class=""right"" data-stat=""visitor_pts"">82</td><td class=""left"" csk=""WSC.194903020WSC"" data-stat=""home_team_name""><a href=""/teams/WSC/1949.html"">Washington Capitols</a></td><td class=""right"" data-stat=""home_pts"">75</td><td class=""center"" data-stat=""box_score_text""><a href=""/boxscores/194903020WSC.html"">Box Score</a></td><td class=""center iz"" data-stat=""overtimes""></td><td class=""right iz"" data-stat=""attendance""></td><td class=""left iz"" data-stat=""game_remarks""></td></tr>"
11,"<tr><th class=""left"" csk=""194903030BLB"" data-stat=""date_game"" scope=""row""><a href=""/boxscores/index.fcgi?month=3&amp;day=3&amp;year=1949"">Thu, Mar 3, 1949</a></th><td class=""left"" csk=""STB.194903030BLB"" data-stat=""visitor_team_name""><a href=""/teams/STB/1949.html"">St. Louis Bombers</a></td><td class=""right"" data-stat=""visitor_pts"">66</td><td class=""left"" csk=""BLB.194903030BLB"" data-stat=""home_team_name""><a href=""/teams/BLB/1949.html"">Baltimore Bullets</a></td><td class=""right"" data-stat=""home_pts"">94</td><td class=""center"" data-stat=""box_score_text""><a href=""/boxscores/194903030BLB.html"">Box Score</a></td><td class=""center iz"" data-stat=""overtimes""></td><td class=""right iz"" data-stat=""attendance""></td><td class=""left iz"" data-stat=""game_remarks""></td></tr>"
13,"<tr><th class=""left"" csk=""194903030INJ"" data-stat=""date_game"" scope=""row""><a href=""/boxscores/index.fcgi?month=3&amp;day=3&amp;year=1949"">Thu, Mar 3, 1949</a></th><td class=""left"" csk=""MNL.194903030INJ"" data-stat=""visitor_team_name""><a href=""/teams/MNL/1949.html"">Minneapolis Lakers</a></td><td class=""right"" data-stat=""visitor_pts"">82</td><td class=""left"" csk=""INJ.194903030INJ"" data-stat=""home_team_name""><a href=""/teams/INJ/1949.html"">Indianapolis Jets</a></td><td class=""right"" data-stat=""home_pts"">79</td><td class=""center"" data-stat=""box_score_text""><a href=""/boxscores/194903030INJ.html"">Box Score</a></td><td class=""center iz"" data-stat=""overtimes""></td><td class=""right iz"" data-stat=""attendance""></td><td class=""left iz"" data-stat=""game_remarks""></td></tr>"
15,"<tr><th class=""left"" csk=""194903030NYK"" data-stat=""date_game"" scope=""row""><a href=""/boxscores/index.fcgi?month=3&amp;day=3&amp;year=1949"">Thu, Mar 3, 1949</a></th><td class=""left"" csk=""PRO.194903030NYK"" data-stat=""visitor_team_name""><a href=""/teams/PRO/1949.html"">Providence Steamrollers</a></td><td class=""right"" data-stat=""visitor_pts"">65</td><td class=""left"" csk=""NYK.194903030NYK"" data-stat=""home_team_name""><a href=""/teams/NYK/1949.html"">New York Knicks</a></td><td class=""right"" data-stat=""home_pts"">86</td><td class=""center"" data-stat=""box_score_text""><a href=""/boxscores/194903030NYK.html"">Box Score</a></td><td class=""center iz"" data-stat=""overtimes""></td><td class=""right iz"" data-stat=""attendance""></td><td class=""left iz"" data-stat=""game_remarks""></td></tr>"
17,"<tr><th class=""left"" csk=""194903030PHW"" data-stat=""date_game"" scope=""row""><a href=""/boxscores/index.fcgi?month=3&amp;day=3&amp;year=1949"">Thu, Mar 3, 1949</a></th><td class=""left"" csk=""CHS.194903030PHW"" data-stat=""visitor_team_name""><a href=""/teams/CHS/1949.html"">Chicago Stags</a></td><td class=""right"" data-stat=""visitor_pts"">75</td><td class=""left"" csk=""PHW.194903030PHW"" data-stat=""home_team_name""><a href=""/teams/PHW/1949.html"">Philadelphia Warriors</a></td><td class=""right"" data-stat=""home_pts"">90</td><td class=""center"" data-stat=""box_score_text""><a href=""/boxscores/194903030PHW.html"">Box Score</a></td><td class=""center iz"" data-stat=""overtimes""></td><td class=""right iz"" data-stat=""attendance""></td><td class=""left iz"" data-stat=""game_remarks""></td></tr>"
19,"<tr><th class=""left"" csk=""194903040BOS"" data-stat=""date_game"" scope=""row""><a href=""/boxscores/index.fcgi?month=3&amp;day=4&amp;year=1949"">Fri, Mar 4, 1949</a></th><td class=""left"" csk=""FTW.194903040BOS"" data-stat=""visitor_team_name""><a href=""/teams/FTW/1949.html"">Fort Wayne Pistons</a></td><td class=""right"" data-stat=""visitor_pts"">70</td><td class=""left"" csk=""BOS.194903040BOS"" data-stat=""home_team_name""><a href=""/teams/BOS/1949.html"">Boston Celtics</a></td><td class=""right"" data-stat=""home_pts"">76</td><td class=""center"" data-stat=""box_score_text""><a href=""/boxscores/194903040BOS.html"">Box Score</a></td><td class=""center iz"" data-stat=""overtimes""></td><td class=""right iz"" data-stat=""attendance""></td><td class=""left iz"" data-stat=""game_remarks""></td></tr>"
21,"<tr><th class=""left"" csk=""194903050BLB"" data-stat=""date_game"" scope=""row""><a href=""/boxscores/index.fcgi?month=3&amp;day=5&amp;year=1949"">Sat, Mar 5, 1949</a></th><td class=""left"" csk=""PHW.194903050BLB"" data-stat=""visitor_team_name""><a href=""/teams/PHW/1949.html"">Philadelphia Warriors</a></td><td class=""right"" data-stat=""visitor_pts"">85</td><td class=""left"" csk=""BLB.194903050BLB"" data-stat=""home_team_name""><a href=""/teams/BLB/1949.html"">Baltimore Bullets</a></td><td class=""right"" data-stat=""home_pts"">99</td><td class=""center"" data-stat=""box_score_text""><a href=""/boxscores/194903050BLB.html"">Box Score</a></td><td class=""center iz"" data-stat=""overtimes""></td><td class=""right iz"" data-stat=""attendance""></td><td class=""left iz"" data-stat=""game_remarks""></td></tr>"
23,"<tr><th class=""left"" csk=""194903050NYK"" data-stat=""date_game"" scope=""row""><a href=""/boxscores/index.fcgi?month=3&amp;day=5&amp;year=1949"">Sat, Mar 5, 1949</a></th><td class=""left"" csk=""BOS.194903050NYK"" data-stat=""visitor_team_name""><a href=""/teams/BOS/1949.html"">Boston Celtics</a></td><td class=""right"" data-stat=""visitor_pts"">61</td><td class=""left"" csk=""NYK.194903050NYK"" data-stat=""home_team_name""><a href=""/teams/NYK/1949.html"">New York Knicks</a></td><td class=""right"" data-stat=""home_pts"">66</td><td class=""center"" data-stat=""box_score_text""><a href=""/boxscores/194903050NYK.html"">Box Score</a></td><td class=""center iz"" data-stat=""overtimes""></td><td class=""right iz"" data-stat=""attendance""></td><td class=""left iz"" data-stat=""game_remarks""></td></tr>"
25,"<tr><th class=""left"" csk=""194903050ROC"" data-stat=""date_game"" scope=""row""><a href=""/boxscores/index.fcgi?month=3&amp;day=5&amp;year=1949"">Sat, Mar 5, 1949</a></th><td class=""left"" csk=""PRO.194903050ROC"" data-stat=""visitor_team_name""><a href=""/teams/PRO/1949.html"">Providence Steamrollers</a></td><td class=""right"" data-stat=""visitor_pts"">64</td><td class=""left"" csk=""ROC.194903050ROC"" data-stat=""home_team_name""><a href=""/teams/ROC/1949.html"">Rochester Royals</a></td><td class=""right"" data-stat=""home_pts"">81</td><td class=""center"" data-stat=""box_score_text""><a href=""/boxscores/194903050ROC.html"">Box Score</a></td><td class=""center iz"" data-stat=""overtimes""></td><td class=""right iz"" data-stat=""attendance""></td><td class=""left iz"" data-stat=""game_remarks""></td></tr>"
27,"<tr><th class=""left"" csk=""194903050WSC"" data-stat=""date_game"" scope=""row""><a href=""/boxscores/index.fcgi?month=3&amp;day=5&amp;year=1949"">Sat, Mar 5, 1949</a></th><td class=""left"" csk=""CHS.194903050WSC"" data-stat=""visitor_team_name""><a href=""/teams/CHS/1949.html"">Chicago Stags</a></td><td class=""right"" data-stat=""visitor_pts"">106</td><td class=""left"" csk=""WSC.194903050WSC"" data-stat=""home_team_name""><a href=""/teams/WSC/1949.html"">Washington Capitols</a></td><td class=""right"" data-stat=""home_pts"">95</td><td class=""center"" data-stat=""box_score_text""><a href=""/boxscores/194903050WSC.html"">Box Score</a></td><td class=""center iz"" data-stat=""overtimes""></td><td class=""right iz"" data-stat=""attendance""></td><td class=""left iz"" data-stat=""game_remarks""></td></tr>"
29,"<tr><th class=""left"" csk=""194903060FTW"" data-stat=""date_game"" scope=""row""><a href=""/boxscores/index.fcgi?month=3&amp;day=6&amp;year=1949"">Sun, Mar 6, 1949</a></th><td class=""left"" csk=""ROC.194903060FTW"" data-stat=""visitor_team_name""><a href=""/teams/ROC/1949.html"">Rochester Royals</a></td><td class=""right"" data-stat=""visitor_pts"">78</td><td class=""left"" csk=""FTW.194903060FTW"" data-stat=""home_team_name""><a href=""/teams/FTW/1949.html"">Fort Wayne Pistons</a></td><td class=""right"" data-stat=""home_pts"">66</td><td class=""center"" data-stat=""box_score_text""><a href=""/boxscores/194903060FTW.html"">Box Score</a></td><td class=""center iz"" data-stat=""overtimes""></td><td class=""right iz"" data-stat=""attendance""></td><td class=""left iz"" data-stat=""game_remarks""></td></tr>"
31,"<tr><th class=""left"" csk=""194903060MNL"" data-stat=""date_game"" scope=""row""><a href=""/boxscores/index.fcgi?month=3&amp;day=6&amp;year=1949"">Sun, Mar 6, 1949</a></th><td class=""left"" csk=""PRO.194903060MNL"" data-stat=""visitor_team_name""><a href=""/teams/PRO/1949.html"">Providence Steamrollers</a></td><td class=""right"" data-stat=""visitor_pts"">59</td><td class=""left"" csk=""MNL.194903060MNL"" data-stat=""home_team_name""><a href=""/teams/MNL/1949.html"">Minneapolis Lakers</a></td><td class=""right"" data-stat=""home_pts"">68</td><td class=""center"" data-stat=""box_score_text""><a href=""/boxscores/194903060MNL.html"">Box Score</a></td><td class=""center iz"" data-stat=""overtimes""></td><td class=""right iz"" data-stat=""attendance""></td><td class=""left iz"" data-stat=""game_remarks""></td></tr>"
33,"<tr><th class=""left"" csk=""194903070INJ"" data-stat=""date_game"" scope=""row""><a href=""/boxscores/index.fcgi?month=3&amp;day=7&amp;year=1949"">Mon, Mar 7, 1949</a></th><td class=""left"" csk=""BOS.194903070INJ"" data-stat=""visitor_team_name""><a href=""/teams/BOS/1949.html"">Boston Celtics</a></td><td class=""right"" data-stat=""visitor_pts"">107</td><td class=""left"" csk=""INJ.194903070INJ"" data-stat=""home_team_name""><a href=""/teams/INJ/1949.html"">Indianapolis Jets</a></td><td class=""right"" data-stat=""home_pts"">86</td><td class=""center"" data-stat=""box_score_text""><a href=""/boxscores/194903070INJ.html"">Box Score</a></td><td class=""center iz"" data-stat=""overtimes""></td><td class=""right iz"" data-stat=""attendance""></td><td class=""left iz"" data-stat=""game_remarks""></td></tr>"
35,"<tr><th class=""left"" csk=""194903080CHS"" data-stat=""date_game"" scope=""row""><a href=""/boxscores/index.fcgi?month=3&amp;day=8&amp;year=1949"">Tue, Mar 8, 1949</a></th><td class=""left"" csk=""PRO.194903080CHS"" data-stat=""visitor_team_name""><a href=""/teams/PRO/1949.html"">Providence Steamrollers</a></td><td class=""right"" data-stat=""visitor_pts"">82</td><td class=""left"" csk=""CHS.194903080CHS"" data-stat=""home_team_name""><a href=""/teams/CHS/1949.html"">Chicago Stags</a></td><td class=""right"" data-stat=""home_pts"">110</td><td class=""center"" data-stat=""box_score_text""><a href=""/boxscores/194903080CHS.html"">Box Score</a></td><td class=""center iz"" data-stat=""overtimes""></td><td class=""right iz"" data-stat=""attendance""></td><td class=""left iz"" data-stat=""game_remarks""></td></tr>"
37,"<tr><th class=""left"" csk=""194903080BOS"" data-stat=""date_game"" scope=""row""><a href=""/boxscores/index.fcgi?month=3&amp;day=8&amp;year=1949"">Tue, Mar 8, 1949</a></th><td class=""left"" csk=""FTW.194903080BOS"" data-stat=""visitor_team_name""><a href=""/teams/FTW/1949.html"">Fort Wayne Pistons</a></td><td class=""right"" data-stat=""visitor_pts"">60</td><td class=""left"" csk=""BOS.194903080BOS"" data-stat=""home_team_name""><a href=""/teams/BOS/1949.html"">Boston Celtics</a></td><td class=""right"" data-stat=""home_pts"">63</td><td class=""center"" data-stat=""box_score_text""><a href=""/boxscores/194903080BOS.html"">Box Score</a></td><td class=""center iz"" data-stat=""overtimes""></td><td class=""right iz"" data-stat=""attendance""></td><td class=""left"" data-stat=""game_remarks"">at Chicago, IL</td></tr>"
39,"<tr><th class=""left"" csk=""194903090FTW"" data-stat=""date_game"" scope=""row""><a href=""/boxscores/index.fcgi?month=3&amp;day=9&amp;year=1949"">Wed, Mar 9, 1949</a></th><td class=""left"" csk=""PRO.194903090FTW"" data-stat=""visitor_team_name""><a href=""/teams/PRO/1949.html"">Providence Steamrollers</a></td><td class=""right"" data-stat=""visitor_pts"">80</td><td class=""left"" csk=""FTW.194903090FTW"" data-stat=""home_team_name""><a href=""/teams/FTW/1949.html"">Fort Wayne Pistons</a></td><td class=""right"" data-stat=""home_pts"">84</td><td class=""center"" data-stat=""box_score_text""><a href=""/boxscores/194903090FTW.html"">Box Score</a></td><td class=""center iz"" data-stat=""overtimes""></td><td class=""right iz"" data-stat=""attendance""></td><td class=""left iz"" data-stat=""game_remarks""></td></tr>"
41,"<tr><th class=""left"" csk=""194903090INJ"" data-stat=""date_game"" scope=""row""><a href=""/boxscores/index.fcgi?month=3&amp;day=9&amp;year=1949"">Wed, Mar 9, 1949</a></th><td class=""left"" csk=""STB.194903090INJ"" data-stat=""visitor_team_name""><a href=""/teams/STB/1949.html"">St. Louis Bombers</a></td><td class=""right"" data-stat=""visitor_pts"">81</td><td class=""left"" csk=""INJ.194903090INJ"" data-stat=""home_team_name""><a href=""/teams/INJ/1949.html"">Indianapolis Jets</a></td><td class=""right"" data-stat=""home_pts"">80</td><td class=""center"" data-stat=""box_score_text""><a href=""/boxscores/194903090INJ.html"">Box Score</a></td><td class=""center iz"" data-stat=""overtimes""></td><td class=""right iz"" data-stat=""attendance""></td><td class=""left iz"" data-stat=""game_remarks""></td></tr>"
43,"<tr><th class=""left"" csk=""194903090MNL"" data-stat=""date_game"" scope=""row""><a href=""/boxscores/index.fcgi?month=3&amp;day=9&amp;year=1949"">Wed, Mar 9, 1949</a></th><td class=""left"" csk=""BOS.194903090MNL"" data-stat=""visitor_team_name""><a href=""/teams/BOS/1949.html"">Boston Celtics</a></td><td class=""right"" data-stat=""visitor_pts"">67</td><td class=""left"" csk=""MNL.194903090MNL"" data-stat=""home_team_name""><a href=""/teams/MNL/1949.html"">Minneapolis Lakers</a></td><td class=""right"" data-stat=""home_pts"">74</td><td class=""center"" data-stat=""box_score_text""><a href=""/boxscores/194903090MNL.html"">Box Score</a></td><td class=""center iz"" data-stat=""overtimes""></td><td class=""right iz"" data-stat=""attendance""></td><td class=""left iz"" data-stat=""game_remarks""></td></tr>"
45,"<tr><th class=""left"" csk=""194903090NYK"" data-stat=""date_game"" scope=""row""><a href=""/boxscores/index.fcgi?month=3&amp;day=9&amp;year=1949"">Wed, Mar 9, 1949</a></th><td class=""left"" csk=""WSC.194903090NYK"" data-stat=""visitor_team_name""><a href=""/teams/WSC/1949.html"">Washington Capitols</a></td><td class=""right"" data-stat=""visitor_pts"">74</td><td class=""left"" csk=""NYK.194903090NYK"" data-stat=""home_team_name""><a href=""/teams/NYK/1949.html"">New York Knicks</a></td><td class=""right"" data-stat=""home_pts"">90</td><td class=""center"" data-stat=""box_score_text""><a href=""/boxscores/194903090NYK.html"">Box Score</a></td><td class=""center iz"" data-stat=""overtimes""></td><td class=""right iz"" data-stat=""attendance""></td><td class=""left iz"" data-stat=""game_remarks""></td></tr>"
47,"<tr><th class=""left"" csk=""194903100BLB"" data-stat=""date_game"" scope=""row""><a href=""/boxscores/index.fcgi?month=3&amp;day=10&amp;year=1949"">Thu, Mar 10, 1949</a></th><td class=""left"" csk=""NYK.194903100BLB"" data-stat=""visitor_team_name""><a href=""/teams/NYK/1949.html"">New York Knicks</a></td><td class=""right"" data-stat=""visitor_pts"">99</td><td class=""left"" csk=""BLB.194903100BLB"" data-stat=""home_team_name""><a href=""/teams/BLB/1949.html"">Baltimore Bullets</a></td><td class=""right"" data-stat=""home_pts"">94</td><td class=""center"" data-stat=""box_score_text""><a href=""/boxscores/194903100BLB.html"">Box Score</a></td><td class=""center iz"" data-stat=""overtimes""></td><td class=""right iz"" data-stat=""attendance""></td><td class=""left iz"" data-stat=""game_remarks""></td></tr>"
49,"<tr><th class=""left"" csk=""194903100PHW"" data-stat=""date_game"" scope=""row""><a href=""/boxscores/index.fcgi?month=3&amp;day=10&amp;year=1949"">Thu, Mar 10, 1949</a></th><td class=""left"" csk=""ROC.194903100PHW"" data-stat=""visitor_team_name""><a href=""/teams/ROC/1949.html"">Rochester Royals</a></td><td class=""right"" data-stat=""visitor_pts"">73</td><td class=""left"" csk=""PHW.194903100PHW"" data-stat=""home_team_name""><a href=""/teams/PHW/1949.html"">Philadelphia Warriors</a></td><td class=""right"" data-stat=""home_pts"">71</td><td class=""center"" data-stat=""box_score_text""><a href=""/boxscores/194903100PHW.html"">Box Score</a></td><td class=""center iz"" data-stat=""overtimes""></td><td class=""right iz"" data-stat=""attendance""></td><td class=""left iz"" data-stat=""game_remarks""></td></tr>"
51,"<tr><th class=""left"" csk=""194903100STB"" data-stat=""date_game"" scope=""row""><a href=""/boxscores/index.fcgi?month=3&amp;day=10&amp;year=1949"">Thu, Mar 10, 1949</a></th><td class=""left"" csk=""MNL.194903100STB"" data-stat=""visitor_team_name""><a href=""/teams/MNL/1949.html"">Minneapolis Lakers</a></td><td class=""right"" data-stat=""visitor_pts"">71</td><td class=""left"" csk=""STB.194903100STB"" data-stat=""home_team_name""><a href=""/teams/STB/1949.html"">St. Louis Bombers</a></td><td class=""right"" data-stat=""home_pts"">88</td><td class=""center"" data-stat=""box_score_text""><a href=""/boxscores/194903100STB.html"">Box Score</a></td><td class=""center iz"" data-stat=""overtimes""></td><td class=""right iz"" data-stat=""attendance""></td><td class=""left iz"" data-stat=""game_remarks""></td></tr>"
53,"<tr><th class=""left"" csk=""194903110BOS"" data-stat=""date_game"" scope=""row""><a href=""/boxscores/index.fcgi?month=3&amp;day=11&amp;year=1949"">Fri, Mar 11, 1949</a></th><td class=""left"" csk=""PHW.194903110BOS"" data-stat=""visitor_team_name""><a href=""/teams/PHW/1949.html"">Philadelphia Warriors</a></td><td class=""right"" data-stat=""visitor_pts"">100</td><td class=""left"" csk=""BOS.194903110BOS"" data-stat=""home_team_name""><a href=""/teams/BOS/1949.html"">Boston Celtics</a></td><td class=""right"" data-stat=""home_pts"">108</td><td class=""center"" data-stat=""box_score_text""><a href=""/boxscores/194903110BOS.html"">Box Score</a></td><td class=""center iz"" data-stat=""overtimes""></td><td class=""right iz"" data-stat=""attendance""></td><td class=""left iz"" data-stat=""game_remarks""></td></tr>"
55,"<tr><th class=""left"" csk=""194903120BLB"" data-stat=""date_game"" scope=""row""><a href=""/boxscores/index.fcgi?month=3&amp;day=12&amp;year=1949"">Sat, Mar 12, 1949</a></th><td class=""left"" csk=""BOS.194903120BLB"" data-stat=""visitor_team_name""><a href=""/teams/BOS/1949.html"">Boston Celtics</a></td><td class=""right"" data-stat=""visitor_pts"">77</td><td class=""left"" csk=""BLB.194903120BLB"" data-stat=""home_team_name""><a href=""/teams/BLB/1949.html"">Baltimore Bullets</a></td><td class=""right"" data-stat=""home_pts"">89</td><td class=""center"" data-stat=""box_score_text""><a href=""/boxscores/194903120BLB.html"">Box Score</a></td><td class=""center iz"" data-stat=""overtimes""></td><td class=""right iz"" data-stat=""attendance""></td><td class=""left iz"" data-stat=""game_remarks""></td></tr>"
57,"<tr><th class=""left"" csk=""194903120CHS"" data-stat=""date_game"" scope=""row""><a href=""/boxscores/index.fcgi?month=3&amp;day=12&amp;year=1949"">Sat, Mar 12, 1949</a></th><td class=""left"" csk=""NYK.194903120CHS"" data-stat=""visitor_team_name""><a href=""/teams/NYK/1949.html"">New York Knicks</a></td><td class=""right"" data-stat=""visitor_pts"">85</td><td class=""left"" csk=""CHS.194903120CHS"" data-stat=""home_team_name""><a href=""/teams/CHS/1949.html"">Chicago Stags</a></td><td class=""right"" data-stat=""home_pts"">80</td><td class=""center"" data-stat=""box_score_text""><a href=""/boxscores/194903120CHS.html"">Box Score</a></td><td class=""center iz"" data-stat=""overtimes""></td><td class=""right iz"" data-stat=""attendance""></td><td class=""left iz"" data-stat=""game_remarks""></td></tr>"
59,"<tr><th class=""left"" csk=""194903120INJ"" data-stat=""date_game"" scope=""row""><a href=""/boxscores/index.fcgi?month=3&amp;day=12&amp;year=1949"">Sat, Mar 12, 1949</a></th><td class=""left"" csk=""MNL.194903120INJ"" data-stat=""visitor_team_name""><a href=""/teams/MNL/1949.html"">Minneapolis Lakers</a></td><td class=""right"" data-stat=""visitor_pts"">97</td><td class=""left"" csk=""INJ.194903120INJ"" data-stat=""home_team_name""><a href=""/teams/INJ/1949.html"">Indianapolis Jets</a></td><td class=""right"" data-stat=""home_pts"">69</td><td class=""center"" data-stat=""box_score_text""><a href=""/boxscores/194903120INJ.html"">Box Score</a></td><td class=""center iz"" data-stat=""overtimes""></td><td class=""right iz"" data-stat=""attendance""></td><td class=""left"" data-stat=""game_remarks"">at Chicago, IL</td></tr>"
61,"<tr><th class=""left"" csk=""194903120PRO"" data-stat=""date_game"" scope=""row""><a href=""/boxscores/index.fcgi?month=3&amp;day=12&amp;year=1949"">Sat, Mar 12, 1949</a></th><td class=""left"" csk=""PHW.194903120PRO"" data-stat=""visitor_team_name""><a href=""/teams/PHW/1949.html"">Philadelphia Warriors</a></td><td class=""right"" data-stat=""visitor_pts"">92</td><td class=""left"" csk=""PRO.194903120PRO"" data-stat=""home_team_name""><a href=""/teams/PRO/1949.html"">Providence Steamrollers</a></td><td class=""right"" data-stat=""home_pts"">70</td><td class=""center"" data-stat=""box_score_text""><a href=""/boxscores/194903120PRO.html"">Box Score</a></td><td class=""center iz"" data-stat=""overtimes""></td><td class=""right iz"" data-stat=""attendance""></td><td class=""left iz"" data-stat=""game_remarks""></td></tr>"
63,"<tr><th class=""left"" csk=""194903120ROC"" data-stat=""date_game"" scope=""row""><a href=""/boxscores/index.fcgi?month=3&amp;day=12&amp;year=1949"">Sat, Mar 12, 1949</a></th><td class=""left"" csk=""STB.194903120ROC"" data-stat=""visitor_team_name""><a href=""/teams/STB/1949.html"">St. Louis Bombers</a></td><td class=""right"" data-stat=""visitor_pts"">74</td><td class=""left"" csk=""ROC.194903120ROC"" data-stat=""home_team_name""><a href=""/teams/ROC/1949.html"">Rochester Royals</a></td><td class=""right"" data-stat=""home_pts"">104</td><td class=""center"" data-stat=""box_score_text""><a href=""/boxscores/194903120ROC.html"">Box Score</a></td><td class=""center iz"" data-stat=""overtimes""></td><td class=""right iz"" data-stat=""attendance""></td><td class=""left iz"" data-stat=""game_remarks""></td></tr>"
65,"<tr><th class=""left"" csk=""194903120WSC"" data-stat=""date_game"" scope=""row""><a href=""/boxscores/index.fcgi?month=3&amp;day=12&amp;year=1949"">Sat, Mar 12, 1949</a></th><td class=""left"" csk=""FTW.194903120WSC"" data-stat=""visitor_team_name""><a href=""/teams/FTW/1949.html"">Fort Wayne Pistons</a></td><td class=""right"" data-stat=""visitor_pts"">60</td><td class=""left"" csk=""WSC.194903120WSC"" data-stat=""home_team_name""><a href=""/teams/WSC/1949.html"">Washington Capitols</a></td><td class=""right"" data-stat=""home_pts"">87</td><td class=""center"" data-stat=""box_score_text""><a href=""/boxscores/194903120WSC.html"">Box Score</a></td><td class=""center iz"" data-stat=""overtimes""></td><td class=""right iz"" data-stat=""attendance""></td><td class=""left iz"" data-stat=""game_remarks""></td></tr>"
67,"<tr><th class=""left"" csk=""194903130STB"" data-stat=""date_game"" scope=""row""><a href=""/boxscores/index.fcgi?month=3&amp;day=13&amp;year=1949"">Sun, Mar 13, 1949</a></th><td class=""left"" csk=""INJ.194903130STB"" data-stat=""visitor_team_name""><a href=""/teams/INJ/1949.html"">Indianapolis Jets</a></td><td class=""right"" data-stat=""visitor_pts"">86</td><td class=""left"" csk=""STB.194903130STB"" data-stat=""home_team_name""><a href=""/teams/STB/1949.html"">St. Louis Bombers</a></td><td class=""right"" data-stat=""home_pts"">87</td><td class=""center"" data-stat=""box_score_text""><a href=""/boxscores/194903130STB.html"">Box Score</a></td><td class=""center iz"" data-stat=""overtimes""></td><td class=""right iz"" data-stat=""attendance""></td><td class=""left iz"" data-stat=""game_remarks""></td></tr>"
69,"<tr><th class=""left"" csk=""194903130MNL"" data-stat=""date_game"" scope=""row""><a href=""/boxscores/index.fcgi?month=3&amp;day=13&amp;year=1949"">Sun, Mar 13, 1949</a></th><td class=""left"" csk=""NYK.194903130MNL"" data-stat=""visitor_team_name""><a href=""/teams/NYK/1949.html"">New York Knicks</a></td><td class=""right"" data-stat=""visitor_pts"">90</td><td class=""left"" csk=""MNL.194903130MNL"" data-stat=""home_team_name""><a href=""/teams/MNL/1949.html"">Minneapolis Lakers</a></td><td class=""right"" data-stat=""home_pts"">100</td><td class=""center"" data-stat=""box_score_text""><a href=""/boxscores/194903130MNL.html"">Box Score</a></td><td class=""center iz"" data-stat=""overtimes""></td><td class=""right iz"" data-stat=""attendance""></td><td class=""left iz"" data-stat=""game_remarks""></td></tr>"
71,"<tr><th class=""left"" csk=""194903130FTW"" data-stat=""date_game"" scope=""row""><a href=""/boxscores/index.fcgi?month=3&amp;day=13&amp;year=1949"">Sun, Mar 13, 1949</a></th><td class=""left"" csk=""CHS.194903130FTW"" data-stat=""visitor_team_name""><a href=""/teams/CHS/1949.html"">Chicago Stags</a></td><td class=""right"" data-stat=""visitor_pts"">78</td><td class=""left"" csk=""FTW.194903130FTW"" data-stat=""home_team_name""><a href=""/teams/FTW/1949.html"">Fort Wayne Pistons</a></td><td class=""right"" data-stat=""home_pts"">81</td><td class=""center"" data-stat=""box_score_text""><a href=""/boxscores/194903130FTW.html"">Box Score</a></td><td class=""center iz"" data-stat=""overtimes""></td><td class=""right iz"" data-stat=""attendance""></td><td class=""left iz"" data-stat=""game_remarks""></td></tr>"
73,"<tr><th class=""left"" csk=""194903150BOS"" data-stat=""date_game"" scope=""row""><a href=""/boxscores/index.fcgi?month=3&amp;day=15&amp;year=1949"">Tue, Mar 15, 1949</a></th><td class=""left"" csk=""ROC.194903150BOS"" data-stat=""visitor_team_name""><a href=""/teams/ROC/1949.html"">Rochester Royals</a></td><td class=""right"" data-stat=""visitor_pts"">83</td><td class=""left"" csk=""BOS.194903150BOS"" data-stat=""home_team_name""><a href=""/teams/BOS/1949.html"">Boston Celtics</a></td><td class=""right"" data-stat=""home_pts"">86</td><td class=""center"" data-stat=""box_score_text""><a href=""/boxscores/194903150BOS.html"">Box Score</a></td><td class=""center iz"" data-stat=""overtimes""></td><td class=""right iz"" data-stat=""attendance""></td><td class=""left iz"" data-stat=""game_remarks""></td></tr>"
75,"<tr><th class=""left"" csk=""194903150INJ"" data-stat=""date_game"" scope=""row""><a href=""/boxscores/index.fcgi?month=3&amp;day=15&amp;year=1949"">Tue, Mar 15, 1949</a></th><td class=""left"" csk=""PRO.194903150INJ"" data-stat=""visitor_team_name""><a href=""/teams/PRO/1949.html"">Providence Steamrollers</a></td><td class=""right"" data-stat=""visitor_pts"">84</td><td class=""left"" csk=""INJ.194903150INJ"" data-stat=""home_team_name""><a href=""/teams/INJ/1949.html"">Indianapolis Jets</a></td><td class=""right"" data-stat=""home_pts"">90</td><td class=""center"" data-stat=""box_score_text""><a href=""/boxscores/194903150INJ.html"">Box Score</a></td><td class=""center iz"" data-stat=""overtimes""></td><td class=""right iz"" data-stat=""attendance""></td><td class=""left iz"" data-stat=""game_remarks""></td></tr>"
77,"<tr><th class=""left"" csk=""194903150PHW"" data-stat=""date_game"" scope=""row""><a href=""/boxscores/index.fcgi?month=3&amp;day=15&amp;year=1949"">Tue, Mar 15, 1949</a></th><td class=""left"" csk=""BLB.194903150PHW"" data-stat=""visitor_team_name""><a href=""/teams/BLB/1949.html"">Baltimore Bullets</a></td><td class=""right"" data-stat=""visitor_pts"">76</td><td class=""left"" csk=""PHW.194903150PHW"" data-stat=""home_team_name""><a href=""/teams/PHW/1949.html"">Philadelphia Warriors</a></td><td class=""right"" data-stat=""home_pts"">84</td><td class=""center"" data-stat=""box_score_text""><a href=""/boxscores/194903150PHW.html"">Box Score</a></td><td class=""center iz"" data-stat=""overtimes""></td><td class=""right iz"" data-stat=""attendance""></td><td class=""left iz"" data-stat=""game_remarks""></td></tr>"
79,"<tr><th class=""left"" csk=""194903160WSC"" data-stat=""date_game"" scope=""row""><a href=""/boxscores/index.fcgi?month=3&amp;day=16&amp;year=1949"">Wed, Mar 16, 1949</a></th><td class=""left"" csk=""MNL.194903160WSC"" data-stat=""visitor_team_name""><a href=""/teams/MNL/1949.html"">Minneapolis Lakers</a></td><td class=""right"" data-stat=""visitor_pts"">72</td><td class=""left"" csk=""WSC.194903160WSC"" data-stat=""home_team_name""><a href=""/teams/WSC/1949.html"">Washington Capitols</a></td><td class=""right"" data-stat=""home_pts"">85</td><td class=""center"" data-stat=""box_score_text""><a href=""/boxscores/194903160WSC.html"">Box Score</a></td><td class=""center iz"" data-stat=""overtimes""></td><td class=""right iz"" data-stat=""attendance""></td><td class=""left iz"" data-stat=""game_remarks""></td></tr>"
81,"<tr><th class=""left"" csk=""194903160STB"" data-stat=""date_game"" scope=""row""><a href=""/boxscores/index.fcgi?month=3&amp;day=16&amp;year=1949"">Wed, Mar 16, 1949</a></th><td class=""left"" csk=""PRO.194903160STB"" data-stat=""visitor_team_name""><a href=""/teams/PRO/1949.html"">Providence Steamrollers</a></td><td class=""right"" data-stat=""visitor_pts"">59</td><td class=""left"" csk=""STB.194903160STB"" data-stat=""home_team_name""><a href=""/teams/STB/1949.html"">St. Louis Bombers</a></td><td class=""right"" data-stat=""home_pts"">81</td><td class=""center"" data-stat=""box_score_text""><a href=""/boxscores/194903160STB.html"">Box Score</a></td><td class=""center iz"" data-stat=""overtimes""></td><td class=""right iz"" data-stat=""attendance""></td><td class=""left iz"" data-stat=""game_remarks""></td></tr>"
83,"<tr><th class=""left"" csk=""194903160NYK"" data-stat=""date_game"" scope=""row""><a href=""/boxscores/index.fcgi?month=3&amp;day=16&amp;year=1949"">Wed, Mar 16, 1949</a></th><td class=""left"" csk=""ROC.194903160NYK"" data-stat=""visitor_team_name""><a href=""/teams/ROC/1949.html"">Rochester Royals</a></td><td class=""right"" data-stat=""visitor_pts"">94</td><td class=""left"" csk=""NYK.194903160NYK"" data-stat=""home_team_name""><a href=""/teams/NYK/1949.html"">New York Knicks</a></td><td class=""right"" data-stat=""home_pts"">89</td><td class=""center"" data-stat=""box_score_text""><a href=""/boxscores/194903160NYK.html"">Box Score</a></td><td class=""center iz"" data-stat=""overtimes""></td><td class=""right iz"" data-stat=""attendance""></td><td class=""left iz"" data-stat=""game_remarks""></td></tr>"
85,"<tr><th class=""left"" csk=""194903160BOS"" data-stat=""date_game"" scope=""row""><a href=""/boxscores/index.fcgi?month=3&amp;day=16&amp;year=1949"">Wed, Mar 16, 1949</a></th><td class=""left"" csk=""CHS.194903160BOS"" data-stat=""visitor_team_name""><a href=""/teams/CHS/1949.html"">Chicago Stags</a></td><td class=""right"" data-stat=""visitor_pts"">107</td><td class=""left"" csk=""BOS.194903160BOS"" data-stat=""home_team_name""><a href=""/teams/BOS/1949.html"">Boston Celtics</a></td><td class=""right"" data-stat=""home_pts"">82</td><td class=""center"" data-stat=""box_score_text""><a href=""/boxscores/194903160BOS.html"">Box Score</a></td><td class=""center iz"" data-stat=""overtimes""></td><td class=""right iz"" data-stat=""attendance""></td><td class=""left"" data-stat=""game_remarks"">at New York, NY</td></tr>"
87,"<tr><th class=""left"" csk=""194903170BLB"" data-stat=""date_game"" scope=""row""><a href=""/boxscores/index.fcgi?month=3&amp;day=17&amp;year=1949"">Thu, Mar 17, 1949</a></th><td class=""left"" csk=""MNL.194903170BLB"" data-stat=""visitor_team_name""><a href=""/teams/MNL/1949.html"">Minneapolis Lakers</a></td><td class=""right"" data-stat=""visitor_pts"">67</td><td class=""left"" csk=""BLB.194903170BLB"" data-stat=""home_team_name""><a href=""/teams/BLB/1949.html"">Baltimore Bullets</a></td><td class=""right"" data-stat=""home_pts"">101</td><td class=""center"" data-stat=""box_score_text""><a href=""/boxscores/194903170BLB.html"">Box Score</a></td><td class=""center iz"" data-stat=""overtimes""></td><td class=""right iz"" data-stat=""attendance""></td><td class=""left iz"" data-stat=""game_remarks""></td></tr>"
89,"<tr><th class=""left"" csk=""194903170CHS"" data-stat=""date_game"" scope=""row""><a href=""/boxscores/index.fcgi?month=3&amp;day=17&amp;year=1949"">Thu, Mar 17, 1949</a></th><td class=""left"" csk=""STB.194903170CHS"" data-stat=""visitor_team_name""><a href=""/teams/STB/1949.html"">St. Louis Bombers</a></td><td class=""right"" data-stat=""visitor_pts"">79</td><td class=""left"" csk=""CHS.194903170CHS"" data-stat=""home_team_name""><a href=""/teams/CHS/1949.html"">Chicago Stags</a></td><td class=""right"" data-stat=""home_pts"">85</td><td class=""center"" data-stat=""box_score_text""><a href=""/boxscores/194903170CHS.html"">Box Score</a></td><td class=""center iz"" data-stat=""overtimes""></td><td class=""right iz"" data-stat=""attendance""></td><td class=""left iz"" data-stat=""game_remarks""></td></tr>"
91,"<tr><th class=""left"" csk=""194903170FTW"" data-stat=""date_game"" scope=""row""><a href=""/boxscores/index.fcgi?month=3&amp;day=17&amp;year=1949"">Thu, Mar 17, 1949</a></th><td class=""left"" csk=""PRO.194903170FTW"" data-stat=""visitor_team_name""><a href=""/teams/PRO/1949.html"">Providence Steamrollers</a></td><td class=""right"" data-stat=""visitor_pts"">72</td><td class=""left"" csk=""FTW.194903170FTW"" data-stat=""home_team_name""><a href=""/teams/FTW/1949.html"">Fort Wayne Pistons</a></td><td class=""right"" data-stat=""home_pts"">74</td><td class=""center"" data-stat=""box_score_text""><a href=""/boxscores/194903170FTW.html"">Box Score</a></td><td class=""center iz"" data-stat=""overtimes""></td><td class=""right iz"" data-stat=""attendance""></td><td class=""left"" data-stat=""game_remarks"">at Chicago, IL</td></tr>"
93,"<tr><th class=""left"" csk=""194903170PHW"" data-stat=""date_game"" scope=""row""><a href=""/boxscores/index.fcgi?month=3&amp;day=17&amp;year=1949"">Thu, Mar 17, 1949</a></th><td class=""left"" csk=""WSC.194903170PHW"" data-stat=""visitor_team_name""><a href=""/teams/WSC/1949.html"">Washington Capitols</a></td><td class=""right"" data-stat=""visitor_pts"">81</td><td class=""left"" csk=""PHW.194903170PHW"" data-stat=""home_team_name""><a href=""/teams/PHW/1949.html"">Philadelphia Warriors</a></td><td class=""right"" data-stat=""home_pts"">84</td><td class=""center"" data-stat=""box_score_text""><a href=""/boxscores/194903170PHW.html"">Box Score</a></td><td class=""center iz"" data-stat=""overtimes""></td><td class=""right iz"" data-stat=""attendance""></td><td class=""left iz"" data-stat=""game_remarks""></td></tr>"
95,"<tr><th class=""left"" csk=""194903180BOS"" data-stat=""date_game"" scope=""row""><a href=""/boxscores/index.fcgi?month=3&amp;day=18&amp;year=1949"">Fri, Mar 18, 1949</a></th><td class=""left"" csk=""NYK.194903180BOS"" data-stat=""visitor_team_name""><a href=""/teams/NYK/1949.html"">New York Knicks</a></td><td class=""right"" data-stat=""visitor_pts"">56</td><td class=""left"" csk=""BOS.194903180BOS"" data-stat=""home_team_name""><a href=""/teams/BOS/1949.html"">Boston Celtics</a></td><td class=""right"" data-stat=""home_pts"">70</td><td class=""center"" data-stat=""box_score_text""><a href=""/boxscores/194903180BOS.html"">Box Score</a></td><td class=""center iz"" data-stat=""overtimes""></td><td class=""right iz"" data-stat=""attendance""></td><td class=""left iz"" data-stat=""game_remarks""></td></tr>"
97,"<tr><th class=""left"" csk=""194903190WSC"" data-stat=""date_game"" scope=""row""><a href=""/boxscores/index.fcgi?month=3&amp;day=19&amp;year=1949"">Sat, Mar 19, 1949</a></th><td class=""left"" csk=""NYK.194903190WSC"" data-stat=""visitor_team_name""><a href=""/teams/NYK/1949.html"">New York Knicks</a></td><td class=""right"" data-stat=""visitor_pts"">82</td><td class=""left"" csk=""WSC.194903190WSC"" data-stat=""home_team_name""><a href=""/teams/WSC/1949.html"">Washington Capitols</a></td><td class=""right"" data-stat=""home_pts"">70</td><td class=""center"" data-stat=""box_score_text""><a href=""/boxscores/194903190WSC.html"">Box Score</a></td><td class=""center iz"" data-stat=""overtimes""></td><td class=""right iz"" data-stat=""attendance""></td><td class=""left iz"" data-stat=""game_remarks""></td></tr>"
99,"<tr><th class=""left"" csk=""194903190STB"" data-stat=""date_game"" scope=""row""><a href=""/boxscores/index.fcgi?month=3&amp;day=19&amp;year=1949"">Sat, Mar 19, 1949</a></th><td class=""left"" csk=""PHW.194903190STB"" data-stat=""visitor_team_name""><a href=""/teams/PHW/1949.html"">Philadelphia Warriors</a></td><td class=""right"" data-stat=""visitor_pts"">100</td><td class=""left"" csk=""STB.194903190STB"" data-stat=""home_team_name""><a href=""/teams/STB/1949.html"">St. Louis Bombers</a></td><td class=""right"" data-stat=""home_pts"">109</td><td class=""center"" data-stat=""box_score_text""><a href=""/boxscores/194903190STB.html"">Box Score</a></td><td class=""center iz"" data-stat=""overtimes""></td><td class=""right iz"" data-stat=""attendance""></td><td class=""left iz"" data-stat=""game_remarks""></td></tr>"
101,"<tr><th class=""left"" csk=""194903190ROC"" data-stat=""date_game"" scope=""row""><a href=""/boxscores/index.fcgi?month=3&amp;day=19&amp;year=1949"">Sat, Mar 19, 1949</a></th><td class=""left"" csk=""MNL.194903190ROC"" data-stat=""visitor_team_name""><a href=""/teams/MNL/1949.html"">Minneapolis Lakers</a></td><td class=""right"" data-stat=""visitor_pts"">99</td><td class=""left"" csk=""ROC.194903190ROC"" data-stat=""home_team_name""><a href=""/teams/ROC/1949.html"">Rochester Royals</a></td><td class=""right"" data-stat=""home_pts"">85</td><td class=""center"" data-stat=""box_score_text""><a href=""/boxscores/194903190ROC.html"">Box Score</a></td><td class=""center iz"" data-stat=""overtimes""></td><td class=""right iz"" data-stat=""attendance""></td><td class=""left iz"" data-stat=""game_remarks""></td></tr>"
103,"<tr><th class=""left"" csk=""194903190BLB"" data-stat=""date_game"" scope=""row""><a href=""/boxscores/index.fcgi?month=3&amp;day=19&amp;year=1949"">Sat, Mar 19, 1949</a></th><td class=""left"" csk=""FTW.194903190BLB"" data-stat=""visitor_team_name""><a href=""/teams/FTW/1949.html"">Fort Wayne Pistons</a></td><td class=""right"" data-stat=""visitor_pts"">79</td><td class=""left"" csk=""BLB.194903190BLB"" data-stat=""home_team_name""><a href=""/teams/BLB/1949.html"">Baltimore Bullets</a></td><td class=""right"" data-stat=""home_pts"">99</td><td class=""center"" data-stat=""box_score_text""><a href=""/boxscores/194903190BLB.html"">Box Score</a></td><td class=""center iz"" data-stat=""overtimes""></td><td class=""right iz"" data-stat=""attendance""></td><td class=""left iz"" data-stat=""game_remarks""></td></tr>"
105,"<tr><th class=""left"" csk=""194903200CHS"" data-stat=""date_game"" scope=""row""><a href=""/boxscores/index.fcgi?month=3&amp;day=20&amp;year=1949"">Sun, Mar 20, 1949</a></th><td class=""left"" csk=""ROC.194903200CHS"" data-stat=""visitor_team_name""><a href=""/teams/ROC/1949.html"">Rochester Royals</a></td><td class=""right"" data-stat=""visitor_pts"">61</td><td class=""left"" csk=""CHS.194903200CHS"" data-stat=""home_team_name""><a href=""/teams/CHS/1949.html"">Chicago Stags</a></td><td class=""right"" data-stat=""home_pts"">98</td><td class=""center"" data-stat=""box_score_text""><a href=""/boxscores/194903200CHS.html"">Box Score</a></td><td class=""center iz"" data-stat=""overtimes""></td><td class=""right iz"" data-stat=""attendance""></td><td class=""left iz"" data-stat=""game_remarks""></td></tr>"
107,"<tr><th class=""left"" csk=""194903200FTW"" data-stat=""date_game"" scope=""row""><a href=""/boxscores/index.fcgi?month=3&amp;day=20&amp;year=1949"">Sun, Mar 20, 1949</a></th><td class=""left"" csk=""STB.194903200FTW"" data-stat=""visitor_team_name""><a href=""/teams/STB/1949.html"">St. Louis Bombers</a></td><td class=""right"" data-stat=""visitor_pts"">87</td><td class=""left"" csk=""FTW.194903200FTW"" data-stat=""home_team_name""><a href=""/teams/FTW/1949.html"">Fort Wayne Pistons</a></td><td class=""right"" data-stat=""home_pts"">82</td><td class=""center"" data-stat=""box_score_text""><a href=""/boxscores/194903200FTW.html"">Box Score</a></td><td class=""center iz"" data-stat=""overtimes""></td><td class=""right iz"" data-stat=""attendance""></td><td class=""left iz"" data-stat=""game_remarks""></td></tr>"
109,"<tr><th class=""left"" csk=""194903200MNL"" data-stat=""date_game"" scope=""row""><a href=""/boxscores/index.fcgi?month=3&amp;day=20&amp;year=1949"">Sun, Mar 20, 1949</a></th><td class=""left"" csk=""PHW.194903200MNL"" data-stat=""visitor_team_name""><a href=""/teams/PHW/1949.html"">Philadelphia Warriors</a></td><td class=""right"" data-stat=""visitor_pts"">78</td><td class=""left"" csk=""MNL.194903200MNL"" data-stat=""home_team_name""><a href=""/teams/MNL/1949.html"">Minneapolis Lakers</a></td><td class=""right"" data-stat=""home_pts"">91</td><td class=""center"" data-stat=""box_score_text""><a href=""/boxscores/194903200MNL.html"">Box Score</a></td><td class=""center iz"" data-stat=""overtimes""></td><td class=""right iz"" data-stat=""attendance""></td><td class=""left iz"" data-stat=""game_remarks""></td></tr>"
111,"<tr class=""thead""><th colspan=""9"">Playoffs</th></tr>"
113,"<tr><th class=""left"" csk=""194903220ROC"" data-stat=""date_game"" scope=""row""><a href=""/boxscores/index.fcgi?month=3&amp;day=22&amp;year=1949"">Tue, Mar 22, 1949</a></th><td class=""left"" csk=""STB.194903220ROC"" data-stat=""visitor_team_name""><a href=""/teams/STB/1949.html"">St. Louis Bombers</a></td><td class=""right"" data-stat=""visitor_pts"">64</td><td class=""left"" csk=""ROC.194903220ROC"" data-stat=""home_team_name""><a href=""/teams/ROC/1949.html"">Rochester Royals</a></td><td class=""right"" data-stat=""home_pts"">93</td><td class=""center"" data-stat=""box_score_text""><a href=""/boxscores/194903220ROC.html"">Box Score</a></td><td class=""center iz"" data-stat=""overtimes""></td><td class=""right iz"" data-stat=""attendance""></td><td class=""left iz"" data-stat=""game_remarks""></td></tr>"
115,"<tr><th class=""left"" csk=""194903230STB"" data-stat=""date_game"" scope=""row""><a href=""/boxscores/index.fcgi?month=3&amp;day=23&amp;year=1949"">Wed, Mar 23, 1949</a></th><td class=""left"" csk=""ROC.194903230STB"" data-stat=""visitor_team_name""><a href=""/teams/ROC/1949.html"">Rochester Royals</a></td><td class=""right"" data-stat=""visitor_pts"">66</td><td class=""left"" csk=""STB.194903230STB"" data-stat=""home_team_name""><a href=""/teams/STB/1949.html"">St. Louis Bombers</a></td><td class=""right"" data-stat=""home_pts"">64</td><td class=""center"" data-stat=""box_score_text""><a href=""/boxscores/194903230STB.html"">Box Score</a></td><td class=""center iz"" data-stat=""overtimes""></td><td class=""right iz"" data-stat=""attendance""></td><td class=""left iz"" data-stat=""game_remarks""></td></tr>"
117,"<tr><th class=""left"" csk=""194903230PHW"" data-stat=""date_game"" scope=""row""><a href=""/boxscores/index.fcgi?month=3&amp;day=23&amp;year=1949"">Wed, Mar 23, 1949</a></th><td class=""left"" csk=""WSC.194903230PHW"" data-stat=""visitor_team_name""><a href=""/teams/WSC/1949.html"">Washington Capitols</a></td><td class=""right"" data-stat=""visitor_pts"">92</td><td class=""left"" csk=""PHW.194903230PHW"" data-stat=""home_team_name""><a href=""/teams/PHW/1949.html"">Philadelphia Warriors</a></td><td class=""right"" data-stat=""home_pts"">70</td><td class=""center"" data-stat=""box_score_text""><a href=""/boxscores/194903230PHW.html"">Box Score</a></td><td class=""center iz"" data-stat=""overtimes""></td><td class=""right iz"" data-stat=""attendance""></td><td class=""left iz"" data-stat=""game_remarks""></td></tr>"
119,"<tr><th class=""left"" csk=""194903230MNL"" data-stat=""date_game"" scope=""row""><a href=""/boxscores/index.fcgi?month=3&amp;day=23&amp;year=1949"">Wed, Mar 23, 1949</a></th><td class=""left"" csk=""CHS.194903230MNL"" data-stat=""visitor_team_name""><a href=""/teams/CHS/1949.html"">Chicago Stags</a></td><td class=""right"" data-stat=""visitor_pts"">77</td><td class=""left"" csk=""MNL.194903230MNL"" data-stat=""home_team_name""><a href=""/teams/MNL/1949.html"">Minneapolis Lakers</a></td><td class=""right"" data-stat=""home_pts"">84</td><td class=""center"" data-stat=""box_score_text""><a href=""/boxscores/194903230MNL.html"">Box Score</a></td><td class=""center iz"" data-stat=""overtimes""></td><td class=""right iz"" data-stat=""attendance""></td><td class=""left iz"" data-stat=""game_remarks""></td></tr>"
121,"<tr><th class=""left"" csk=""194903230BLB"" data-stat=""date_game"" scope=""row""><a href=""/boxscores/index.fcgi?month=3&amp;day=23&amp;year=1949"">Wed, Mar 23, 1949</a></th><td class=""left"" csk=""NYK.194903230BLB"" data-stat=""visitor_team_name""><a href=""/teams/NYK/1949.html"">New York Knicks</a></td><td class=""right"" data-stat=""visitor_pts"">81</td><td class=""left"" csk=""BLB.194903230BLB"" data-stat=""home_team_name""><a href=""/teams/BLB/1949.html"">Baltimore Bullets</a></td><td class=""right"" data-stat=""home_pts"">82</td><td class=""center"" data-stat=""box_score_text""><a href=""/boxscores/194903230BLB.html"">Box Score</a></td><td class=""center iz"" data-stat=""overtimes""></td><td class=""right iz"" data-stat=""attendance""></td><td class=""left iz"" data-stat=""game_remarks""></td></tr>"
123,"<tr><th class=""left"" csk=""194903240CHS"" data-stat=""date_game"" scope=""row""><a href=""/boxscores/index.fcgi?month=3&amp;day=24&amp;year=1949"">Thu, Mar 24, 1949</a></th><td class=""left"" csk=""MNL.194903240CHS"" data-stat=""visitor_team_name""><a href=""/teams/MNL/1949.html"">Minneapolis Lakers</a></td><td class=""right"" data-stat=""visitor_pts"">101</td><td class=""left"" csk=""CHS.194903240CHS"" data-stat=""home_team_name""><a href=""/teams/CHS/1949.html"">Chicago Stags</a></td><td class=""right"" data-stat=""home_pts"">85</td><td class=""center"" data-stat=""box_score_text""><a href=""/boxscores/194903240CHS.html"">Box Score</a></td><td class=""center iz"" data-stat=""overtimes""></td><td class=""right iz"" data-stat=""attendance""></td><td class=""left iz"" data-stat=""game_remarks""></td></tr>"
125,"<tr><th class=""left"" csk=""194903240NYK"" data-stat=""date_game"" scope=""row""><a href=""/boxscores/index.fcgi?month=3&amp;day=24&amp;year=1949"">Thu, Mar 24, 1949</a></th><td class=""left"" csk=""BLB.194903240NYK"" data-stat=""visitor_team_name""><a href=""/teams/BLB/1949.html"">Baltimore Bullets</a></td><td class=""right"" data-stat=""visitor_pts"">74</td><td class=""left"" csk=""NYK.194903240NYK"" data-stat=""home_team_name""><a href=""/teams/NYK/1949.html"">New York Knicks</a></td><td class=""right"" data-stat=""home_pts"">84</td><td class=""center"" data-stat=""box_score_text""><a href=""/boxscores/194903240NYK.html"">Box Score</a></td><td class=""center iz"" data-stat=""overtimes""></td><td class=""right iz"" data-stat=""attendance""></td><td class=""left iz"" data-stat=""game_remarks""></td></tr>"
127,"<tr><th class=""left"" csk=""194903240WSC"" data-stat=""date_game"" scope=""row""><a href=""/boxscores/index.fcgi?month=3&amp;day=24&amp;year=1949"">Thu, Mar 24, 1949</a></th><td class=""left"" csk=""PHW.194903240WSC"" data-stat=""visitor_team_name""><a href=""/teams/PHW/1949.html"">Philadelphia Warriors</a></td><td class=""right"" data-stat=""visitor_pts"">78</td><td class=""left"" csk=""WSC.194903240WSC"" data-stat=""home_team_name""><a href=""/teams/WSC/1949.html"">Washington Capitols</a></td><td class=""right"" data-stat=""home_pts"">80</td><td class=""center"" data-stat=""box_score_text""><a href=""/boxscores/194903240WSC.html"">Box Score</a></td><td class=""center iz"" data-stat=""overtimes""></td><td class=""right iz"" data-stat=""attendance""></td><td class=""left iz"" data-stat=""game_remarks""></td></tr>"
129,"<tr><th class=""left"" csk=""194903260NYK"" data-stat=""date_game"" scope=""row""><a href=""/boxscores/index.fcgi?month=3&amp;day=26&amp;year=1949"">Sat, Mar 26, 1949</a></th><td class=""left"" csk=""BLB.194903260NYK"" data-stat=""visitor_team_name""><a href=""/teams/BLB/1949.html"">Baltimore Bullets</a></td><td class=""right"" data-stat=""visitor_pts"">99</td><td class=""left"" csk=""NYK.194903260NYK"" data-stat=""home_team_name""><a href=""/teams/NYK/1949.html"">New York Knicks</a></td><td class=""right"" data-stat=""home_pts"">103</td><td class=""center"" data-stat=""box_score_text""><a href=""/boxscores/194903260NYK.html"">Box Score</a></td><td class=""center"" data-stat=""overtimes"">OT</td><td class=""right iz"" data-stat=""attendance""></td><td class=""left iz"" data-stat=""game_remarks""></td></tr>"
131,"<tr><th class=""left"" csk=""194903270ROC"" data-stat=""date_game"" scope=""row""><a href=""/boxscores/index.fcgi?month=3&amp;day=27&amp;year=1949"">Sun, Mar 27, 1949</a></th><td class=""left"" csk=""MNL.194903270ROC"" data-stat=""visitor_team_name""><a href=""/teams/MNL/1949.html"">Minneapolis Lakers</a></td><td class=""right"" data-stat=""visitor_pts"">80</td><td class=""left"" csk=""ROC.194903270ROC"" data-stat=""home_team_name""><a href=""/teams/ROC/1949.html"">Rochester Royals</a></td><td class=""right"" data-stat=""home_pts"">79</td><td class=""center"" data-stat=""box_score_text""><a href=""/boxscores/194903270ROC.html"">Box Score</a></td><td class=""center iz"" data-stat=""overtimes""></td><td class=""right iz"" data-stat=""attendance""></td><td class=""left iz"" data-stat=""game_remarks""></td></tr>"
133,"<tr><th class=""left"" csk=""194903290MNL"" data-stat=""date_game"" scope=""row""><a href=""/boxscores/index.fcgi?month=3&amp;day=29&amp;year=1949"">Tue, Mar 29, 1949</a></th><td class=""left"" csk=""ROC.194903290MNL"" data-stat=""visitor_team_name""><a href=""/teams/ROC/1949.html"">Rochester Royals</a></td><td class=""right"" data-stat=""visitor_pts"">55</td><td class=""left"" csk=""MNL.194903290MNL"" data-stat=""home_team_name""><a href=""/teams/MNL/1949.html"">Minneapolis Lakers</a></td><td class=""right"" data-stat=""home_pts"">67</td><td class=""center"" data-stat=""box_score_text""><a href=""/boxscores/194903290MNL.html"">Box Score</a></td><td class=""center iz"" data-stat=""overtimes""></td><td class=""right iz"" data-stat=""attendance""></td><td class=""left"" data-stat=""game_remarks"">at Saint Paul, MN</td></tr>"
135,"<tr><th class=""left"" csk=""194903290WSC"" data-stat=""date_game"" scope=""row""><a href=""/boxscores/index.fcgi?month=3&amp;day=29&amp;year=1949"">Tue, Mar 29, 1949</a></th><td class=""left"" csk=""NYK.194903290WSC"" data-stat=""visitor_team_name""><a href=""/teams/NYK/1949.html"">New York Knicks</a></td><td class=""right"" data-stat=""visitor_pts"">71</td><td class=""left"" csk=""WSC.194903290WSC"" data-stat=""home_team_name""><a href=""/teams/WSC/1949.html"">Washington Capitols</a></td><td class=""right"" data-stat=""home_pts"">77</td><td class=""center"" data-stat=""box_score_text""><a href=""/boxscores/194903290WSC.html"">Box Score</a></td><td class=""center iz"" data-stat=""overtimes""></td><td class=""right iz"" data-stat=""attendance""></td><td class=""left"" data-stat=""game_remarks"">at Washington, DC (National Guard Armory)</td></tr>"
137,"<tr><th class=""left"" csk=""194903310NYK"" data-stat=""date_game"" scope=""row""><a href=""/boxscores/index.fcgi?month=3&amp;day=31&amp;year=1949"">Thu, Mar 31, 1949</a></th><td class=""left"" csk=""WSC.194903310NYK"" data-stat=""visitor_team_name""><a href=""/teams/WSC/1949.html"">Washington Capitols</a></td><td class=""right"" data-stat=""visitor_pts"">84</td><td class=""left"" csk=""NYK.194903310NYK"" data-stat=""home_team_name""><a href=""/teams/NYK/1949.html"">New York Knicks</a></td><td class=""right"" data-stat=""home_pts"">86</td><td class=""center"" data-stat=""box_score_text""><a href=""/boxscores/194903310NYK.html"">Box Score</a></td><td class=""center"" data-stat=""overtimes"">OT</td><td class=""right iz"" data-stat=""attendance""></td><td class=""left iz"" data-stat=""game_remarks""></td></tr>"
