,0
1,"<tr><th class=""left"" csk=""194803020PHW"" data-stat=""date_game"" scope=""row""><a href=""/boxscores/index.fcgi?month=3&amp;day=2&amp;year=1948"">Tue, Mar 2, 1948</a></th><td class=""left"" csk=""NYK.194803020PHW"" data-stat=""visitor_team_name""><a href=""/teams/NYK/1948.html"">New York Knicks</a></td><td class=""right"" data-stat=""visitor_pts"">66</td><td class=""left"" csk=""PHW.194803020PHW"" data-stat=""home_team_name""><a href=""/teams/PHW/1948.html"">Philadelphia Warriors</a></td><td class=""right"" data-stat=""home_pts"">76</td><td class=""center"" data-stat=""box_score_text""><a href=""/boxscores/194803020PHW.html"">Box Score</a></td><td class=""center iz"" data-stat=""overtimes""></td><td class=""right iz"" data-stat=""attendance""></td><td class=""left iz"" data-stat=""game_remarks""></td></tr>"
3,"<tr><th class=""left"" csk=""194803040BLB"" data-stat=""date_game"" scope=""row""><a href=""/boxscores/index.fcgi?month=3&amp;day=4&amp;year=1948"">Thu, Mar 4, 1948</a></th><td class=""left"" csk=""STB.194803040BLB"" data-stat=""visitor_team_name""><a href=""/teams/STB/1948.html"">St. Louis Bombers</a></td><td class=""right"" data-stat=""visitor_pts"">75</td><td class=""left"" csk=""BLB.194803040BLB"" data-stat=""home_team_name""><a href=""/teams/BLB/1948.html"">Baltimore Bullets</a></td><td class=""right"" data-stat=""home_pts"">84</td><td class=""center"" data-stat=""box_score_text""><a href=""/boxscores/194803040BLB.html"">Box Score</a></td><td class=""center iz"" data-stat=""overtimes""></td><td class=""right iz"" data-stat=""attendance""></td><td class=""left iz"" data-stat=""game_remarks""></td></tr>"
5,"<tr><th class=""left"" csk=""194803040PHW"" data-stat=""date_game"" scope=""row""><a href=""/boxscores/index.fcgi?month=3&amp;day=4&amp;year=1948"">Thu, Mar 4, 1948</a></th><td class=""left"" csk=""BOS.194803040PHW"" data-stat=""visitor_team_name""><a href=""/teams/BOS/1948.html"">Boston Celtics</a></td><td class=""right"" data-stat=""visitor_pts"">62</td><td class=""left"" csk=""PHW.194803040PHW"" data-stat=""home_team_name""><a href=""/teams/PHW/1948.html"">Philadelphia Warriors</a></td><td class=""right"" data-stat=""home_pts"">82</td><td class=""center"" data-stat=""box_score_text""><a href=""/boxscores/194803040PHW.html"">Box Score</a></td><td class=""center iz"" data-stat=""overtimes""></td><td class=""right iz"" data-stat=""attendance""></td><td class=""left iz"" data-stat=""game_remarks""></td></tr>"
7,"<tr><th class=""left"" csk=""194803050BOS"" data-stat=""date_game"" scope=""row""><a href=""/boxscores/index.fcgi?month=3&amp;day=5&amp;year=1948"">Fri, Mar 5, 1948</a></th><td class=""left"" csk=""STB.194803050BOS"" data-stat=""visitor_team_name""><a href=""/teams/STB/1948.html"">St. Louis Bombers</a></td><td class=""right"" data-stat=""visitor_pts"">68</td><td class=""left"" csk=""BOS.194803050BOS"" data-stat=""home_team_name""><a href=""/teams/BOS/1948.html"">Boston Celtics</a></td><td class=""right"" data-stat=""home_pts"">71</td><td class=""center"" data-stat=""box_score_text""><a href=""/boxscores/194803050BOS.html"">Box Score</a></td><td class=""center iz"" data-stat=""overtimes""></td><td class=""right iz"" data-stat=""attendance""></td><td class=""left iz"" data-stat=""game_remarks""></td></tr>"
9,"<tr><th class=""left"" csk=""194803060NYK"" data-stat=""date_game"" scope=""row""><a href=""/boxscores/index.fcgi?month=3&amp;day=6&amp;year=1948"">Sat, Mar 6, 1948</a></th><td class=""left"" csk=""WSC.194803060NYK"" data-stat=""visitor_team_name""><a href=""/teams/WSC/1948.html"">Washington Capitols</a></td><td class=""right"" data-stat=""visitor_pts"">64</td><td class=""left"" csk=""NYK.194803060NYK"" data-stat=""home_team_name""><a href=""/teams/NYK/1948.html"">New York Knicks</a></td><td class=""right"" data-stat=""home_pts"">69</td><td class=""center"" data-stat=""box_score_text""><a href=""/boxscores/194803060NYK.html"">Box Score</a></td><td class=""center"" data-stat=""overtimes"">OT</td><td class=""right iz"" data-stat=""attendance""></td><td class=""left iz"" data-stat=""game_remarks""></td></tr>"
11,"<tr><th class=""left"" csk=""194803060BLB"" data-stat=""date_game"" scope=""row""><a href=""/boxscores/index.fcgi?month=3&amp;day=6&amp;year=1948"">Sat, Mar 6, 1948</a></th><td class=""left"" csk=""BOS.194803060BLB"" data-stat=""visitor_team_name""><a href=""/teams/BOS/1948.html"">Boston Celtics</a></td><td class=""right"" data-stat=""visitor_pts"">68</td><td class=""left"" csk=""BLB.194803060BLB"" data-stat=""home_team_name""><a href=""/teams/BLB/1948.html"">Baltimore Bullets</a></td><td class=""right"" data-stat=""home_pts"">81</td><td class=""center"" data-stat=""box_score_text""><a href=""/boxscores/194803060BLB.html"">Box Score</a></td><td class=""center iz"" data-stat=""overtimes""></td><td class=""right iz"" data-stat=""attendance""></td><td class=""left iz"" data-stat=""game_remarks""></td></tr>"
13,"<tr><th class=""left"" csk=""194803070CHS"" data-stat=""date_game"" scope=""row""><a href=""/boxscores/index.fcgi?month=3&amp;day=7&amp;year=1948"">Sun, Mar 7, 1948</a></th><td class=""left"" csk=""PRO.194803070CHS"" data-stat=""visitor_team_name""><a href=""/teams/PRO/1948.html"">Providence Steamrollers</a></td><td class=""right"" data-stat=""visitor_pts"">81</td><td class=""left"" csk=""CHS.194803070CHS"" data-stat=""home_team_name""><a href=""/teams/CHS/1948.html"">Chicago Stags</a></td><td class=""right"" data-stat=""home_pts"">89</td><td class=""center"" data-stat=""box_score_text""><a href=""/boxscores/194803070CHS.html"">Box Score</a></td><td class=""center iz"" data-stat=""overtimes""></td><td class=""right iz"" data-stat=""attendance""></td><td class=""left iz"" data-stat=""game_remarks""></td></tr>"
15,"<tr><th class=""left"" csk=""194803090PHW"" data-stat=""date_game"" scope=""row""><a href=""/boxscores/index.fcgi?month=3&amp;day=9&amp;year=1948"">Tue, Mar 9, 1948</a></th><td class=""left"" csk=""CHS.194803090PHW"" data-stat=""visitor_team_name""><a href=""/teams/CHS/1948.html"">Chicago Stags</a></td><td class=""right"" data-stat=""visitor_pts"">93</td><td class=""left"" csk=""PHW.194803090PHW"" data-stat=""home_team_name""><a href=""/teams/PHW/1948.html"">Philadelphia Warriors</a></td><td class=""right"" data-stat=""home_pts"">79</td><td class=""center"" data-stat=""box_score_text""><a href=""/boxscores/194803090PHW.html"">Box Score</a></td><td class=""center iz"" data-stat=""overtimes""></td><td class=""right iz"" data-stat=""attendance""></td><td class=""left iz"" data-stat=""game_remarks""></td></tr>"
17,"<tr><th class=""left"" csk=""194803090PRO"" data-stat=""date_game"" scope=""row""><a href=""/boxscores/index.fcgi?month=3&amp;day=9&amp;year=1948"">Tue, Mar 9, 1948</a></th><td class=""left"" csk=""STB.194803090PRO"" data-stat=""visitor_team_name""><a href=""/teams/STB/1948.html"">St. Louis Bombers</a></td><td class=""right"" data-stat=""visitor_pts"">75</td><td class=""left"" csk=""PRO.194803090PRO"" data-stat=""home_team_name""><a href=""/teams/PRO/1948.html"">Providence Steamrollers</a></td><td class=""right"" data-stat=""home_pts"">69</td><td class=""center"" data-stat=""box_score_text""><a href=""/boxscores/194803090PRO.html"">Box Score</a></td><td class=""center iz"" data-stat=""overtimes""></td><td class=""right iz"" data-stat=""attendance""></td><td class=""left iz"" data-stat=""game_remarks""></td></tr>"
19,"<tr><th class=""left"" csk=""194803100WSC"" data-stat=""date_game"" scope=""row""><a href=""/boxscores/index.fcgi?month=3&amp;day=10&amp;year=1948"">Wed, Mar 10, 1948</a></th><td class=""left"" csk=""CHS.194803100WSC"" data-stat=""visitor_team_name""><a href=""/teams/CHS/1948.html"">Chicago Stags</a></td><td class=""right"" data-stat=""visitor_pts"">71</td><td class=""left"" csk=""WSC.194803100WSC"" data-stat=""home_team_name""><a href=""/teams/WSC/1948.html"">Washington Capitols</a></td><td class=""right"" data-stat=""home_pts"">54</td><td class=""center"" data-stat=""box_score_text""><a href=""/boxscores/194803100WSC.html"">Box Score</a></td><td class=""center iz"" data-stat=""overtimes""></td><td class=""right iz"" data-stat=""attendance""></td><td class=""left iz"" data-stat=""game_remarks""></td></tr>"
21,"<tr><th class=""left"" csk=""194803100NYK"" data-stat=""date_game"" scope=""row""><a href=""/boxscores/index.fcgi?month=3&amp;day=10&amp;year=1948"">Wed, Mar 10, 1948</a></th><td class=""left"" csk=""STB.194803100NYK"" data-stat=""visitor_team_name""><a href=""/teams/STB/1948.html"">St. Louis Bombers</a></td><td class=""right"" data-stat=""visitor_pts"">82</td><td class=""left"" csk=""NYK.194803100NYK"" data-stat=""home_team_name""><a href=""/teams/NYK/1948.html"">New York Knicks</a></td><td class=""right"" data-stat=""home_pts"">73</td><td class=""center"" data-stat=""box_score_text""><a href=""/boxscores/194803100NYK.html"">Box Score</a></td><td class=""center iz"" data-stat=""overtimes""></td><td class=""right iz"" data-stat=""attendance""></td><td class=""left iz"" data-stat=""game_remarks""></td></tr>"
23,"<tr><th class=""left"" csk=""194803110BLB"" data-stat=""date_game"" scope=""row""><a href=""/boxscores/index.fcgi?month=3&amp;day=11&amp;year=1948"">Thu, Mar 11, 1948</a></th><td class=""left"" csk=""CHS.194803110BLB"" data-stat=""visitor_team_name""><a href=""/teams/CHS/1948.html"">Chicago Stags</a></td><td class=""right"" data-stat=""visitor_pts"">83</td><td class=""left"" csk=""BLB.194803110BLB"" data-stat=""home_team_name""><a href=""/teams/BLB/1948.html"">Baltimore Bullets</a></td><td class=""right"" data-stat=""home_pts"">86</td><td class=""center"" data-stat=""box_score_text""><a href=""/boxscores/194803110BLB.html"">Box Score</a></td><td class=""center iz"" data-stat=""overtimes""></td><td class=""right iz"" data-stat=""attendance""></td><td class=""left iz"" data-stat=""game_remarks""></td></tr>"
25,"<tr><th class=""left"" csk=""194803110PHW"" data-stat=""date_game"" scope=""row""><a href=""/boxscores/index.fcgi?month=3&amp;day=11&amp;year=1948"">Thu, Mar 11, 1948</a></th><td class=""left"" csk=""STB.194803110PHW"" data-stat=""visitor_team_name""><a href=""/teams/STB/1948.html"">St. Louis Bombers</a></td><td class=""right"" data-stat=""visitor_pts"">74</td><td class=""left"" csk=""PHW.194803110PHW"" data-stat=""home_team_name""><a href=""/teams/PHW/1948.html"">Philadelphia Warriors</a></td><td class=""right"" data-stat=""home_pts"">92</td><td class=""center"" data-stat=""box_score_text""><a href=""/boxscores/194803110PHW.html"">Box Score</a></td><td class=""center iz"" data-stat=""overtimes""></td><td class=""right iz"" data-stat=""attendance""></td><td class=""left iz"" data-stat=""game_remarks""></td></tr>"
27,"<tr><th class=""left"" csk=""194803130BLB"" data-stat=""date_game"" scope=""row""><a href=""/boxscores/index.fcgi?month=3&amp;day=13&amp;year=1948"">Sat, Mar 13, 1948</a></th><td class=""left"" csk=""PHW.194803130BLB"" data-stat=""visitor_team_name""><a href=""/teams/PHW/1948.html"">Philadelphia Warriors</a></td><td class=""right"" data-stat=""visitor_pts"">62</td><td class=""left"" csk=""BLB.194803130BLB"" data-stat=""home_team_name""><a href=""/teams/BLB/1948.html"">Baltimore Bullets</a></td><td class=""right"" data-stat=""home_pts"">64</td><td class=""center"" data-stat=""box_score_text""><a href=""/boxscores/194803130BLB.html"">Box Score</a></td><td class=""center iz"" data-stat=""overtimes""></td><td class=""right iz"" data-stat=""attendance""></td><td class=""left iz"" data-stat=""game_remarks""></td></tr>"
29,"<tr><th class=""left"" csk=""194803130CHS"" data-stat=""date_game"" scope=""row""><a href=""/boxscores/index.fcgi?month=3&amp;day=13&amp;year=1948"">Sat, Mar 13, 1948</a></th><td class=""left"" csk=""NYK.194803130CHS"" data-stat=""visitor_team_name""><a href=""/teams/NYK/1948.html"">New York Knicks</a></td><td class=""right"" data-stat=""visitor_pts"">51</td><td class=""left"" csk=""CHS.194803130CHS"" data-stat=""home_team_name""><a href=""/teams/CHS/1948.html"">Chicago Stags</a></td><td class=""right"" data-stat=""home_pts"">58</td><td class=""center"" data-stat=""box_score_text""><a href=""/boxscores/194803130CHS.html"">Box Score</a></td><td class=""center iz"" data-stat=""overtimes""></td><td class=""right iz"" data-stat=""attendance""></td><td class=""left iz"" data-stat=""game_remarks""></td></tr>"
31,"<tr><th class=""left"" csk=""194803130PRO"" data-stat=""date_game"" scope=""row""><a href=""/boxscores/index.fcgi?month=3&amp;day=13&amp;year=1948"">Sat, Mar 13, 1948</a></th><td class=""left"" csk=""BOS.194803130PRO"" data-stat=""visitor_team_name""><a href=""/teams/BOS/1948.html"">Boston Celtics</a></td><td class=""right"" data-stat=""visitor_pts"">86</td><td class=""left"" csk=""PRO.194803130PRO"" data-stat=""home_team_name""><a href=""/teams/PRO/1948.html"">Providence Steamrollers</a></td><td class=""right"" data-stat=""home_pts"">64</td><td class=""center"" data-stat=""box_score_text""><a href=""/boxscores/194803130PRO.html"">Box Score</a></td><td class=""center iz"" data-stat=""overtimes""></td><td class=""right iz"" data-stat=""attendance""></td><td class=""left iz"" data-stat=""game_remarks""></td></tr>"
33,"<tr><th class=""left"" csk=""194803130WSC"" data-stat=""date_game"" scope=""row""><a href=""/boxscores/index.fcgi?month=3&amp;day=13&amp;year=1948"">Sat, Mar 13, 1948</a></th><td class=""left"" csk=""STB.194803130WSC"" data-stat=""visitor_team_name""><a href=""/teams/STB/1948.html"">St. Louis Bombers</a></td><td class=""right"" data-stat=""visitor_pts"">69</td><td class=""left"" csk=""WSC.194803130WSC"" data-stat=""home_team_name""><a href=""/teams/WSC/1948.html"">Washington Capitols</a></td><td class=""right"" data-stat=""home_pts"">86</td><td class=""center"" data-stat=""box_score_text""><a href=""/boxscores/194803130WSC.html"">Box Score</a></td><td class=""center iz"" data-stat=""overtimes""></td><td class=""right iz"" data-stat=""attendance""></td><td class=""left iz"" data-stat=""game_remarks""></td></tr>"
35,"<tr><th class=""left"" csk=""194803160BOS"" data-stat=""date_game"" scope=""row""><a href=""/boxscores/index.fcgi?month=3&amp;day=16&amp;year=1948"">Tue, Mar 16, 1948</a></th><td class=""left"" csk=""WSC.194803160BOS"" data-stat=""visitor_team_name""><a href=""/teams/WSC/1948.html"">Washington Capitols</a></td><td class=""right"" data-stat=""visitor_pts"">76</td><td class=""left"" csk=""BOS.194803160BOS"" data-stat=""home_team_name""><a href=""/teams/BOS/1948.html"">Boston Celtics</a></td><td class=""right"" data-stat=""home_pts"">62</td><td class=""center"" data-stat=""box_score_text""><a href=""/boxscores/194803160BOS.html"">Box Score</a></td><td class=""center iz"" data-stat=""overtimes""></td><td class=""right iz"" data-stat=""attendance""></td><td class=""left iz"" data-stat=""game_remarks""></td></tr>"
37,"<tr><th class=""left"" csk=""194803160PRO"" data-stat=""date_game"" scope=""row""><a href=""/boxscores/index.fcgi?month=3&amp;day=16&amp;year=1948"">Tue, Mar 16, 1948</a></th><td class=""left"" csk=""PHW.194803160PRO"" data-stat=""visitor_team_name""><a href=""/teams/PHW/1948.html"">Philadelphia Warriors</a></td><td class=""right"" data-stat=""visitor_pts"">100</td><td class=""left"" csk=""PRO.194803160PRO"" data-stat=""home_team_name""><a href=""/teams/PRO/1948.html"">Providence Steamrollers</a></td><td class=""right"" data-stat=""home_pts"">78</td><td class=""center"" data-stat=""box_score_text""><a href=""/boxscores/194803160PRO.html"">Box Score</a></td><td class=""center iz"" data-stat=""overtimes""></td><td class=""right iz"" data-stat=""attendance""></td><td class=""left iz"" data-stat=""game_remarks""></td></tr>"
39,"<tr><th class=""left"" csk=""194803170WSC"" data-stat=""date_game"" scope=""row""><a href=""/boxscores/index.fcgi?month=3&amp;day=17&amp;year=1948"">Wed, Mar 17, 1948</a></th><td class=""left"" csk=""PRO.194803170WSC"" data-stat=""visitor_team_name""><a href=""/teams/PRO/1948.html"">Providence Steamrollers</a></td><td class=""right"" data-stat=""visitor_pts"">67</td><td class=""left"" csk=""WSC.194803170WSC"" data-stat=""home_team_name""><a href=""/teams/WSC/1948.html"">Washington Capitols</a></td><td class=""right"" data-stat=""home_pts"">82</td><td class=""center"" data-stat=""box_score_text""><a href=""/boxscores/194803170WSC.html"">Box Score</a></td><td class=""center iz"" data-stat=""overtimes""></td><td class=""right iz"" data-stat=""attendance""></td><td class=""left iz"" data-stat=""game_remarks""></td></tr>"
41,"<tr><th class=""left"" csk=""194803180BLB"" data-stat=""date_game"" scope=""row""><a href=""/boxscores/index.fcgi?month=3&amp;day=18&amp;year=1948"">Thu, Mar 18, 1948</a></th><td class=""left"" csk=""WSC.194803180BLB"" data-stat=""visitor_team_name""><a href=""/teams/WSC/1948.html"">Washington Capitols</a></td><td class=""right"" data-stat=""visitor_pts"">71</td><td class=""left"" csk=""BLB.194803180BLB"" data-stat=""home_team_name""><a href=""/teams/BLB/1948.html"">Baltimore Bullets</a></td><td class=""right"" data-stat=""home_pts"">64</td><td class=""center"" data-stat=""box_score_text""><a href=""/boxscores/194803180BLB.html"">Box Score</a></td><td class=""center iz"" data-stat=""overtimes""></td><td class=""right iz"" data-stat=""attendance""></td><td class=""left iz"" data-stat=""game_remarks""></td></tr>"
43,"<tr><th class=""left"" csk=""194803180CHS"" data-stat=""date_game"" scope=""row""><a href=""/boxscores/index.fcgi?month=3&amp;day=18&amp;year=1948"">Thu, Mar 18, 1948</a></th><td class=""left"" csk=""BOS.194803180CHS"" data-stat=""visitor_team_name""><a href=""/teams/BOS/1948.html"">Boston Celtics</a></td><td class=""right"" data-stat=""visitor_pts"">77</td><td class=""left"" csk=""CHS.194803180CHS"" data-stat=""home_team_name""><a href=""/teams/CHS/1948.html"">Chicago Stags</a></td><td class=""right"" data-stat=""home_pts"">72</td><td class=""center"" data-stat=""box_score_text""><a href=""/boxscores/194803180CHS.html"">Box Score</a></td><td class=""center iz"" data-stat=""overtimes""></td><td class=""right iz"" data-stat=""attendance""></td><td class=""left iz"" data-stat=""game_remarks""></td></tr>"
45,"<tr><th class=""left"" csk=""194803180PHW"" data-stat=""date_game"" scope=""row""><a href=""/boxscores/index.fcgi?month=3&amp;day=18&amp;year=1948"">Thu, Mar 18, 1948</a></th><td class=""left"" csk=""PRO.194803180PHW"" data-stat=""visitor_team_name""><a href=""/teams/PRO/1948.html"">Providence Steamrollers</a></td><td class=""right"" data-stat=""visitor_pts"">57</td><td class=""left"" csk=""PHW.194803180PHW"" data-stat=""home_team_name""><a href=""/teams/PHW/1948.html"">Philadelphia Warriors</a></td><td class=""right"" data-stat=""home_pts"">88</td><td class=""center"" data-stat=""box_score_text""><a href=""/boxscores/194803180PHW.html"">Box Score</a></td><td class=""center iz"" data-stat=""overtimes""></td><td class=""right iz"" data-stat=""attendance""></td><td class=""left iz"" data-stat=""game_remarks""></td></tr>"
47,"<tr><th class=""left"" csk=""194803180STB"" data-stat=""date_game"" scope=""row""><a href=""/boxscores/index.fcgi?month=3&amp;day=18&amp;year=1948"">Thu, Mar 18, 1948</a></th><td class=""left"" csk=""NYK.194803180STB"" data-stat=""visitor_team_name""><a href=""/teams/NYK/1948.html"">New York Knicks</a></td><td class=""right"" data-stat=""visitor_pts"">91</td><td class=""left"" csk=""STB.194803180STB"" data-stat=""home_team_name""><a href=""/teams/STB/1948.html"">St. Louis Bombers</a></td><td class=""right"" data-stat=""home_pts"">80</td><td class=""center"" data-stat=""box_score_text""><a href=""/boxscores/194803180STB.html"">Box Score</a></td><td class=""center iz"" data-stat=""overtimes""></td><td class=""right iz"" data-stat=""attendance""></td><td class=""left iz"" data-stat=""game_remarks""></td></tr>"
49,"<tr><th class=""left"" csk=""194803200BLB"" data-stat=""date_game"" scope=""row""><a href=""/boxscores/index.fcgi?month=3&amp;day=20&amp;year=1948"">Sat, Mar 20, 1948</a></th><td class=""left"" csk=""PRO.194803200BLB"" data-stat=""visitor_team_name""><a href=""/teams/PRO/1948.html"">Providence Steamrollers</a></td><td class=""right"" data-stat=""visitor_pts"">58</td><td class=""left"" csk=""BLB.194803200BLB"" data-stat=""home_team_name""><a href=""/teams/BLB/1948.html"">Baltimore Bullets</a></td><td class=""right"" data-stat=""home_pts"">75</td><td class=""center"" data-stat=""box_score_text""><a href=""/boxscores/194803200BLB.html"">Box Score</a></td><td class=""center iz"" data-stat=""overtimes""></td><td class=""right iz"" data-stat=""attendance""></td><td class=""left iz"" data-stat=""game_remarks""></td></tr>"
51,"<tr><th class=""left"" csk=""194803200STB"" data-stat=""date_game"" scope=""row""><a href=""/boxscores/index.fcgi?month=3&amp;day=20&amp;year=1948"">Sat, Mar 20, 1948</a></th><td class=""left"" csk=""CHS.194803200STB"" data-stat=""visitor_team_name""><a href=""/teams/CHS/1948.html"">Chicago Stags</a></td><td class=""right"" data-stat=""visitor_pts"">63</td><td class=""left"" csk=""STB.194803200STB"" data-stat=""home_team_name""><a href=""/teams/STB/1948.html"">St. Louis Bombers</a></td><td class=""right"" data-stat=""home_pts"">75</td><td class=""center"" data-stat=""box_score_text""><a href=""/boxscores/194803200STB.html"">Box Score</a></td><td class=""center iz"" data-stat=""overtimes""></td><td class=""right iz"" data-stat=""attendance""></td><td class=""left iz"" data-stat=""game_remarks""></td></tr>"
53,"<tr><th class=""left"" csk=""194803200WSC"" data-stat=""date_game"" scope=""row""><a href=""/boxscores/index.fcgi?month=3&amp;day=20&amp;year=1948"">Sat, Mar 20, 1948</a></th><td class=""left"" csk=""NYK.194803200WSC"" data-stat=""visitor_team_name""><a href=""/teams/NYK/1948.html"">New York Knicks</a></td><td class=""right"" data-stat=""visitor_pts"">82</td><td class=""left"" csk=""WSC.194803200WSC"" data-stat=""home_team_name""><a href=""/teams/WSC/1948.html"">Washington Capitols</a></td><td class=""right"" data-stat=""home_pts"">103</td><td class=""center"" data-stat=""box_score_text""><a href=""/boxscores/194803200WSC.html"">Box Score</a></td><td class=""center iz"" data-stat=""overtimes""></td><td class=""right iz"" data-stat=""attendance""></td><td class=""left iz"" data-stat=""game_remarks""></td></tr>"
55,"<tr><th class=""left"" csk=""194803210CHS"" data-stat=""date_game"" scope=""row""><a href=""/boxscores/index.fcgi?month=3&amp;day=21&amp;year=1948"">Sun, Mar 21, 1948</a></th><td class=""left"" csk=""STB.194803210CHS"" data-stat=""visitor_team_name""><a href=""/teams/STB/1948.html"">St. Louis Bombers</a></td><td class=""right"" data-stat=""visitor_pts"">82</td><td class=""left"" csk=""CHS.194803210CHS"" data-stat=""home_team_name""><a href=""/teams/CHS/1948.html"">Chicago Stags</a></td><td class=""right"" data-stat=""home_pts"">70</td><td class=""center"" data-stat=""box_score_text""><a href=""/boxscores/194803210CHS.html"">Box Score</a></td><td class=""center iz"" data-stat=""overtimes""></td><td class=""right iz"" data-stat=""attendance""></td><td class=""left iz"" data-stat=""game_remarks""></td></tr>"
57,"<tr class=""thead""><th colspan=""9"">Playoffs</th></tr>"
59,"<tr><th class=""left"" csk=""194803230STB"" data-stat=""date_game"" scope=""row""><a href=""/boxscores/index.fcgi?month=3&amp;day=23&amp;year=1948"">Tue, Mar 23, 1948</a></th><td class=""left"" csk=""PHW.194803230STB"" data-stat=""visitor_team_name""><a href=""/teams/PHW/1948.html"">Philadelphia Warriors</a></td><td class=""right"" data-stat=""visitor_pts"">58</td><td class=""left"" csk=""STB.194803230STB"" data-stat=""home_team_name""><a href=""/teams/STB/1948.html"">St. Louis Bombers</a></td><td class=""right"" data-stat=""home_pts"">60</td><td class=""center"" data-stat=""box_score_text""><a href=""/boxscores/194803230STB.html"">Box Score</a></td><td class=""center iz"" data-stat=""overtimes""></td><td class=""right iz"" data-stat=""attendance""></td><td class=""left iz"" data-stat=""game_remarks""></td></tr>"
61,"<tr><th class=""left"" csk=""194803230CHS"" data-stat=""date_game"" scope=""row""><a href=""/boxscores/index.fcgi?month=3&amp;day=23&amp;year=1948"">Tue, Mar 23, 1948</a></th><td class=""left"" csk=""WSC.194803230CHS"" data-stat=""visitor_team_name""><a href=""/teams/WSC/1948.html"">Washington Capitols</a></td><td class=""right"" data-stat=""visitor_pts"">70</td><td class=""left"" csk=""CHS.194803230CHS"" data-stat=""home_team_name""><a href=""/teams/CHS/1948.html"">Chicago Stags</a></td><td class=""right"" data-stat=""home_pts"">74</td><td class=""center"" data-stat=""box_score_text""><a href=""/boxscores/194803230CHS.html"">Box Score</a></td><td class=""center iz"" data-stat=""overtimes""></td><td class=""right iz"" data-stat=""attendance""></td><td class=""left"" data-stat=""game_remarks"">Tiebreaker</td></tr>"
63,"<tr><th class=""left"" csk=""194803250CHS"" data-stat=""date_game"" scope=""row""><a href=""/boxscores/index.fcgi?month=3&amp;day=25&amp;year=1948"">Thu, Mar 25, 1948</a></th><td class=""left"" csk=""BLB.194803250CHS"" data-stat=""visitor_team_name""><a href=""/teams/BLB/1948.html"">Baltimore Bullets</a></td><td class=""right"" data-stat=""visitor_pts"">75</td><td class=""left"" csk=""CHS.194803250CHS"" data-stat=""home_team_name""><a href=""/teams/CHS/1948.html"">Chicago Stags</a></td><td class=""right"" data-stat=""home_pts"">72</td><td class=""center"" data-stat=""box_score_text""><a href=""/boxscores/194803250CHS.html"">Box Score</a></td><td class=""center iz"" data-stat=""overtimes""></td><td class=""right iz"" data-stat=""attendance""></td><td class=""left"" data-stat=""game_remarks"">Tiebreaker</td></tr>"
65,"<tr><th class=""left"" csk=""194803250STB"" data-stat=""date_game"" scope=""row""><a href=""/boxscores/index.fcgi?month=3&amp;day=25&amp;year=1948"">Thu, Mar 25, 1948</a></th><td class=""left"" csk=""PHW.194803250STB"" data-stat=""visitor_team_name""><a href=""/teams/PHW/1948.html"">Philadelphia Warriors</a></td><td class=""right"" data-stat=""visitor_pts"">65</td><td class=""left"" csk=""STB.194803250STB"" data-stat=""home_team_name""><a href=""/teams/STB/1948.html"">St. Louis Bombers</a></td><td class=""right"" data-stat=""home_pts"">64</td><td class=""center"" data-stat=""box_score_text""><a href=""/boxscores/194803250STB.html"">Box Score</a></td><td class=""center iz"" data-stat=""overtimes""></td><td class=""right iz"" data-stat=""attendance""></td><td class=""left iz"" data-stat=""game_remarks""></td></tr>"
67,"<tr><th class=""left"" csk=""194803270BLB"" data-stat=""date_game"" scope=""row""><a href=""/boxscores/index.fcgi?month=3&amp;day=27&amp;year=1948"">Sat, Mar 27, 1948</a></th><td class=""left"" csk=""NYK.194803270BLB"" data-stat=""visitor_team_name""><a href=""/teams/NYK/1948.html"">New York Knicks</a></td><td class=""right"" data-stat=""visitor_pts"">81</td><td class=""left"" csk=""BLB.194803270BLB"" data-stat=""home_team_name""><a href=""/teams/BLB/1948.html"">Baltimore Bullets</a></td><td class=""right"" data-stat=""home_pts"">85</td><td class=""center"" data-stat=""box_score_text""><a href=""/boxscores/194803270BLB.html"">Box Score</a></td><td class=""center iz"" data-stat=""overtimes""></td><td class=""right iz"" data-stat=""attendance""></td><td class=""left iz"" data-stat=""game_remarks""></td></tr>"
69,"<tr><th class=""left"" csk=""194803270PHW"" data-stat=""date_game"" scope=""row""><a href=""/boxscores/index.fcgi?month=3&amp;day=27&amp;year=1948"">Sat, Mar 27, 1948</a></th><td class=""left"" csk=""STB.194803270PHW"" data-stat=""visitor_team_name""><a href=""/teams/STB/1948.html"">St. Louis Bombers</a></td><td class=""right"" data-stat=""visitor_pts"">56</td><td class=""left"" csk=""PHW.194803270PHW"" data-stat=""home_team_name""><a href=""/teams/PHW/1948.html"">Philadelphia Warriors</a></td><td class=""right"" data-stat=""home_pts"">84</td><td class=""center"" data-stat=""box_score_text""><a href=""/boxscores/194803270PHW.html"">Box Score</a></td><td class=""center iz"" data-stat=""overtimes""></td><td class=""right iz"" data-stat=""attendance""></td><td class=""left iz"" data-stat=""game_remarks""></td></tr>"
71,"<tr><th class=""left"" csk=""194803280BOS"" data-stat=""date_game"" scope=""row""><a href=""/boxscores/index.fcgi?month=3&amp;day=28&amp;year=1948"">Sun, Mar 28, 1948</a></th><td class=""left"" csk=""CHS.194803280BOS"" data-stat=""visitor_team_name""><a href=""/teams/CHS/1948.html"">Chicago Stags</a></td><td class=""right"" data-stat=""visitor_pts"">79</td><td class=""left"" csk=""BOS.194803280BOS"" data-stat=""home_team_name""><a href=""/teams/BOS/1948.html"">Boston Celtics</a></td><td class=""right"" data-stat=""home_pts"">72</td><td class=""center"" data-stat=""box_score_text""><a href=""/boxscores/194803280BOS.html"">Box Score</a></td><td class=""center iz"" data-stat=""overtimes""></td><td class=""right iz"" data-stat=""attendance""></td><td class=""left iz"" data-stat=""game_remarks""></td></tr>"
73,"<tr><th class=""left"" csk=""194803280NYK"" data-stat=""date_game"" scope=""row""><a href=""/boxscores/index.fcgi?month=3&amp;day=28&amp;year=1948"">Sun, Mar 28, 1948</a></th><td class=""left"" csk=""BLB.194803280NYK"" data-stat=""visitor_team_name""><a href=""/teams/BLB/1948.html"">Baltimore Bullets</a></td><td class=""right"" data-stat=""visitor_pts"">69</td><td class=""left"" csk=""NYK.194803280NYK"" data-stat=""home_team_name""><a href=""/teams/NYK/1948.html"">New York Knicks</a></td><td class=""right"" data-stat=""home_pts"">79</td><td class=""center"" data-stat=""box_score_text""><a href=""/boxscores/194803280NYK.html"">Box Score</a></td><td class=""center iz"" data-stat=""overtimes""></td><td class=""right iz"" data-stat=""attendance""></td><td class=""left iz"" data-stat=""game_remarks""></td></tr>"
75,"<tr><th class=""left"" csk=""194803300PHW"" data-stat=""date_game"" scope=""row""><a href=""/boxscores/index.fcgi?month=3&amp;day=30&amp;year=1948"">Tue, Mar 30, 1948</a></th><td class=""left"" csk=""STB.194803300PHW"" data-stat=""visitor_team_name""><a href=""/teams/STB/1948.html"">St. Louis Bombers</a></td><td class=""right"" data-stat=""visitor_pts"">56</td><td class=""left"" csk=""PHW.194803300PHW"" data-stat=""home_team_name""><a href=""/teams/PHW/1948.html"">Philadelphia Warriors</a></td><td class=""right"" data-stat=""home_pts"">51</td><td class=""center"" data-stat=""box_score_text""><a href=""/boxscores/194803300PHW.html"">Box Score</a></td><td class=""center iz"" data-stat=""overtimes""></td><td class=""right iz"" data-stat=""attendance""></td><td class=""left iz"" data-stat=""game_remarks""></td></tr>"
77,"<tr><th class=""left"" csk=""194803310BOS"" data-stat=""date_game"" scope=""row""><a href=""/boxscores/index.fcgi?month=3&amp;day=31&amp;year=1948"">Wed, Mar 31, 1948</a></th><td class=""left"" csk=""CHS.194803310BOS"" data-stat=""visitor_team_name""><a href=""/teams/CHS/1948.html"">Chicago Stags</a></td><td class=""right"" data-stat=""visitor_pts"">77</td><td class=""left"" csk=""BOS.194803310BOS"" data-stat=""home_team_name""><a href=""/teams/BOS/1948.html"">Boston Celtics</a></td><td class=""right"" data-stat=""home_pts"">81</td><td class=""center"" data-stat=""box_score_text""><a href=""/boxscores/194803310BOS.html"">Box Score</a></td><td class=""center iz"" data-stat=""overtimes""></td><td class=""right iz"" data-stat=""attendance""></td><td class=""left iz"" data-stat=""game_remarks""></td></tr>"
