,0
1,"<tr><th class=""left"" csk=""194612010CHS"" data-stat=""date_game"" scope=""row""><a href=""/boxscores/index.fcgi?month=12&amp;day=1&amp;year=1946"">Sun, Dec 1, 1946</a></th><td class=""left"" csk=""BOS.194612010CHS"" data-stat=""visitor_team_name""><a href=""/teams/BOS/1947.html"">Boston Celtics</a></td><td class=""right"" data-stat=""visitor_pts"">56</td><td class=""left"" csk=""CHS.194612010CHS"" data-stat=""home_team_name""><a href=""/teams/CHS/1947.html"">Chicago Stags</a></td><td class=""right"" data-stat=""home_pts"">66</td><td class=""center"" data-stat=""box_score_text""><a href=""/boxscores/194612010CHS.html"">Box Score</a></td><td class=""center iz"" data-stat=""overtimes""></td><td class=""right iz"" data-stat=""attendance""></td><td class=""left iz"" data-stat=""game_remarks""></td></tr>"
3,"<tr><th class=""left"" csk=""194612010CLR"" data-stat=""date_game"" scope=""row""><a href=""/boxscores/index.fcgi?month=12&amp;day=1&amp;year=1946"">Sun, Dec 1, 1946</a></th><td class=""left"" csk=""DTF.194612010CLR"" data-stat=""visitor_team_name""><a href=""/teams/DTF/1947.html"">Detroit Falcons</a></td><td class=""right"" data-stat=""visitor_pts"">47</td><td class=""left"" csk=""CLR.194612010CLR"" data-stat=""home_team_name""><a href=""/teams/CLR/1947.html"">Cleveland Rebels</a></td><td class=""right"" data-stat=""home_pts"">49</td><td class=""center"" data-stat=""box_score_text""><a href=""/boxscores/194612010CLR.html"">Box Score</a></td><td class=""center iz"" data-stat=""overtimes""></td><td class=""right iz"" data-stat=""attendance""></td><td class=""left iz"" data-stat=""game_remarks""></td></tr>"
5,"<tr><th class=""left"" csk=""194612020PIT"" data-stat=""date_game"" scope=""row""><a href=""/boxscores/index.fcgi?month=12&amp;day=2&amp;year=1946"">Mon, Dec 2, 1946</a></th><td class=""left"" csk=""BOS.194612020PIT"" data-stat=""visitor_team_name""><a href=""/teams/BOS/1947.html"">Boston Celtics</a></td><td class=""right"" data-stat=""visitor_pts"">46</td><td class=""left"" csk=""PIT.194612020PIT"" data-stat=""home_team_name""><a href=""/teams/PIT/1947.html"">Pittsburgh Ironmen</a></td><td class=""right"" data-stat=""home_pts"">44</td><td class=""center"" data-stat=""box_score_text""><a href=""/boxscores/194612020PIT.html"">Box Score</a></td><td class=""center iz"" data-stat=""overtimes""></td><td class=""right iz"" data-stat=""attendance""></td><td class=""left iz"" data-stat=""game_remarks""></td></tr>"
7,"<tr><th class=""left"" csk=""194612030PHW"" data-stat=""date_game"" scope=""row""><a href=""/boxscores/index.fcgi?month=12&amp;day=3&amp;year=1946"">Tue, Dec 3, 1946</a></th><td class=""left"" csk=""PRO.194612030PHW"" data-stat=""visitor_team_name""><a href=""/teams/PRO/1947.html"">Providence Steamrollers</a></td><td class=""right"" data-stat=""visitor_pts"">68</td><td class=""left"" csk=""PHW.194612030PHW"" data-stat=""home_team_name""><a href=""/teams/PHW/1947.html"">Philadelphia Warriors</a></td><td class=""right"" data-stat=""home_pts"">76</td><td class=""center"" data-stat=""box_score_text""><a href=""/boxscores/194612030PHW.html"">Box Score</a></td><td class=""center iz"" data-stat=""overtimes""></td><td class=""right iz"" data-stat=""attendance""></td><td class=""left iz"" data-stat=""game_remarks""></td></tr>"
9,"<tr><th class=""left"" csk=""194612040NYK"" data-stat=""date_game"" scope=""row""><a href=""/boxscores/index.fcgi?month=12&amp;day=4&amp;year=1946"">Wed, Dec 4, 1946</a></th><td class=""left"" csk=""DTF.194612040NYK"" data-stat=""visitor_team_name""><a href=""/teams/DTF/1947.html"">Detroit Falcons</a></td><td class=""right"" data-stat=""visitor_pts"">57</td><td class=""left"" csk=""NYK.194612040NYK"" data-stat=""home_team_name""><a href=""/teams/NYK/1947.html"">New York Knicks</a></td><td class=""right"" data-stat=""home_pts"">70</td><td class=""center"" data-stat=""box_score_text""><a href=""/boxscores/194612040NYK.html"">Box Score</a></td><td class=""center iz"" data-stat=""overtimes""></td><td class=""right iz"" data-stat=""attendance""></td><td class=""left iz"" data-stat=""game_remarks""></td></tr>"
11,"<tr><th class=""left"" csk=""194612040PIT"" data-stat=""date_game"" scope=""row""><a href=""/boxscores/index.fcgi?month=12&amp;day=4&amp;year=1946"">Wed, Dec 4, 1946</a></th><td class=""left"" csk=""CHS.194612040PIT"" data-stat=""visitor_team_name""><a href=""/teams/CHS/1947.html"">Chicago Stags</a></td><td class=""right"" data-stat=""visitor_pts"">57</td><td class=""left"" csk=""PIT.194612040PIT"" data-stat=""home_team_name""><a href=""/teams/PIT/1947.html"">Pittsburgh Ironmen</a></td><td class=""right"" data-stat=""home_pts"">46</td><td class=""center"" data-stat=""box_score_text""><a href=""/boxscores/194612040PIT.html"">Box Score</a></td><td class=""center iz"" data-stat=""overtimes""></td><td class=""right iz"" data-stat=""attendance""></td><td class=""left iz"" data-stat=""game_remarks""></td></tr>"
13,"<tr><th class=""left"" csk=""194612040WSC"" data-stat=""date_game"" scope=""row""><a href=""/boxscores/index.fcgi?month=12&amp;day=4&amp;year=1946"">Wed, Dec 4, 1946</a></th><td class=""left"" csk=""PRO.194612040WSC"" data-stat=""visitor_team_name""><a href=""/teams/PRO/1947.html"">Providence Steamrollers</a></td><td class=""right"" data-stat=""visitor_pts"">62</td><td class=""left"" csk=""WSC.194612040WSC"" data-stat=""home_team_name""><a href=""/teams/WSC/1947.html"">Washington Capitols</a></td><td class=""right"" data-stat=""home_pts"">80</td><td class=""center"" data-stat=""box_score_text""><a href=""/boxscores/194612040WSC.html"">Box Score</a></td><td class=""center iz"" data-stat=""overtimes""></td><td class=""right iz"" data-stat=""attendance""></td><td class=""left iz"" data-stat=""game_remarks""></td></tr>"
15,"<tr><th class=""left"" csk=""194612050STB"" data-stat=""date_game"" scope=""row""><a href=""/boxscores/index.fcgi?month=12&amp;day=5&amp;year=1946"">Thu, Dec 5, 1946</a></th><td class=""left"" csk=""PIT.194612050STB"" data-stat=""visitor_team_name""><a href=""/teams/PIT/1947.html"">Pittsburgh Ironmen</a></td><td class=""right"" data-stat=""visitor_pts"">55</td><td class=""left"" csk=""STB.194612050STB"" data-stat=""home_team_name""><a href=""/teams/STB/1947.html"">St. Louis Bombers</a></td><td class=""right"" data-stat=""home_pts"">66</td><td class=""center"" data-stat=""box_score_text""><a href=""/boxscores/194612050STB.html"">Box Score</a></td><td class=""center iz"" data-stat=""overtimes""></td><td class=""right iz"" data-stat=""attendance""></td><td class=""left iz"" data-stat=""game_remarks""></td></tr>"
17,"<tr><th class=""left"" csk=""194612050PHW"" data-stat=""date_game"" scope=""row""><a href=""/boxscores/index.fcgi?month=12&amp;day=5&amp;year=1946"">Thu, Dec 5, 1946</a></th><td class=""left"" csk=""NYK.194612050PHW"" data-stat=""visitor_team_name""><a href=""/teams/NYK/1947.html"">New York Knicks</a></td><td class=""right"" data-stat=""visitor_pts"">51</td><td class=""left"" csk=""PHW.194612050PHW"" data-stat=""home_team_name""><a href=""/teams/PHW/1947.html"">Philadelphia Warriors</a></td><td class=""right"" data-stat=""home_pts"">62</td><td class=""center"" data-stat=""box_score_text""><a href=""/boxscores/194612050PHW.html"">Box Score</a></td><td class=""center iz"" data-stat=""overtimes""></td><td class=""right iz"" data-stat=""attendance""></td><td class=""left iz"" data-stat=""game_remarks""></td></tr>"
19,"<tr><th class=""left"" csk=""194612050CHS"" data-stat=""date_game"" scope=""row""><a href=""/boxscores/index.fcgi?month=12&amp;day=5&amp;year=1946"">Thu, Dec 5, 1946</a></th><td class=""left"" csk=""TRH.194612050CHS"" data-stat=""visitor_team_name""><a href=""/teams/TRH/1947.html"">Toronto Huskies</a></td><td class=""right"" data-stat=""visitor_pts"">65</td><td class=""left"" csk=""CHS.194612050CHS"" data-stat=""home_team_name""><a href=""/teams/CHS/1947.html"">Chicago Stags</a></td><td class=""right"" data-stat=""home_pts"">61</td><td class=""center"" data-stat=""box_score_text""><a href=""/boxscores/194612050CHS.html"">Box Score</a></td><td class=""center iz"" data-stat=""overtimes""></td><td class=""right iz"" data-stat=""attendance""></td><td class=""left iz"" data-stat=""game_remarks""></td></tr>"
21,"<tr><th class=""left"" csk=""194612050BOS"" data-stat=""date_game"" scope=""row""><a href=""/boxscores/index.fcgi?month=12&amp;day=5&amp;year=1946"">Thu, Dec 5, 1946</a></th><td class=""left"" csk=""DTF.194612050BOS"" data-stat=""visitor_team_name""><a href=""/teams/DTF/1947.html"">Detroit Falcons</a></td><td class=""right"" data-stat=""visitor_pts"">65</td><td class=""left"" csk=""BOS.194612050BOS"" data-stat=""home_team_name""><a href=""/teams/BOS/1947.html"">Boston Celtics</a></td><td class=""right"" data-stat=""home_pts"">61</td><td class=""center"" data-stat=""box_score_text""><a href=""/boxscores/194612050BOS.html"">Box Score</a></td><td class=""center iz"" data-stat=""overtimes""></td><td class=""right iz"" data-stat=""attendance""></td><td class=""left iz"" data-stat=""game_remarks""></td></tr>"
23,"<tr><th class=""left"" csk=""194612070BOS"" data-stat=""date_game"" scope=""row""><a href=""/boxscores/index.fcgi?month=12&amp;day=7&amp;year=1946"">Sat, Dec 7, 1946</a></th><td class=""left"" csk=""NYK.194612070BOS"" data-stat=""visitor_team_name""><a href=""/teams/NYK/1947.html"">New York Knicks</a></td><td class=""right"" data-stat=""visitor_pts"">90</td><td class=""left"" csk=""BOS.194612070BOS"" data-stat=""home_team_name""><a href=""/teams/BOS/1947.html"">Boston Celtics</a></td><td class=""right"" data-stat=""home_pts"">65</td><td class=""center"" data-stat=""box_score_text""><a href=""/boxscores/194612070BOS.html"">Box Score</a></td><td class=""center iz"" data-stat=""overtimes""></td><td class=""right iz"" data-stat=""attendance""></td><td class=""left iz"" data-stat=""game_remarks""></td></tr>"
25,"<tr><th class=""left"" csk=""194612070CHS"" data-stat=""date_game"" scope=""row""><a href=""/boxscores/index.fcgi?month=12&amp;day=7&amp;year=1946"">Sat, Dec 7, 1946</a></th><td class=""left"" csk=""CLR.194612070CHS"" data-stat=""visitor_team_name""><a href=""/teams/CLR/1947.html"">Cleveland Rebels</a></td><td class=""right"" data-stat=""visitor_pts"">78</td><td class=""left"" csk=""CHS.194612070CHS"" data-stat=""home_team_name""><a href=""/teams/CHS/1947.html"">Chicago Stags</a></td><td class=""right"" data-stat=""home_pts"">86</td><td class=""center"" data-stat=""box_score_text""><a href=""/boxscores/194612070CHS.html"">Box Score</a></td><td class=""center iz"" data-stat=""overtimes""></td><td class=""right iz"" data-stat=""attendance""></td><td class=""left iz"" data-stat=""game_remarks""></td></tr>"
27,"<tr><th class=""left"" csk=""194612070PRO"" data-stat=""date_game"" scope=""row""><a href=""/boxscores/index.fcgi?month=12&amp;day=7&amp;year=1946"">Sat, Dec 7, 1946</a></th><td class=""left"" csk=""TRH.194612070PRO"" data-stat=""visitor_team_name""><a href=""/teams/TRH/1947.html"">Toronto Huskies</a></td><td class=""right"" data-stat=""visitor_pts"">68</td><td class=""left"" csk=""PRO.194612070PRO"" data-stat=""home_team_name""><a href=""/teams/PRO/1947.html"">Providence Steamrollers</a></td><td class=""right"" data-stat=""home_pts"">59</td><td class=""center"" data-stat=""box_score_text""><a href=""/boxscores/194612070PRO.html"">Box Score</a></td><td class=""center iz"" data-stat=""overtimes""></td><td class=""right iz"" data-stat=""attendance""></td><td class=""left iz"" data-stat=""game_remarks""></td></tr>"
29,"<tr><th class=""left"" csk=""194612070STB"" data-stat=""date_game"" scope=""row""><a href=""/boxscores/index.fcgi?month=12&amp;day=7&amp;year=1946"">Sat, Dec 7, 1946</a></th><td class=""left"" csk=""PHW.194612070STB"" data-stat=""visitor_team_name""><a href=""/teams/PHW/1947.html"">Philadelphia Warriors</a></td><td class=""right"" data-stat=""visitor_pts"">57</td><td class=""left"" csk=""STB.194612070STB"" data-stat=""home_team_name""><a href=""/teams/STB/1947.html"">St. Louis Bombers</a></td><td class=""right"" data-stat=""home_pts"">47</td><td class=""center"" data-stat=""box_score_text""><a href=""/boxscores/194612070STB.html"">Box Score</a></td><td class=""center iz"" data-stat=""overtimes""></td><td class=""right iz"" data-stat=""attendance""></td><td class=""left iz"" data-stat=""game_remarks""></td></tr>"
31,"<tr><th class=""left"" csk=""194612070WSC"" data-stat=""date_game"" scope=""row""><a href=""/boxscores/index.fcgi?month=12&amp;day=7&amp;year=1946"">Sat, Dec 7, 1946</a></th><td class=""left"" csk=""DTF.194612070WSC"" data-stat=""visitor_team_name""><a href=""/teams/DTF/1947.html"">Detroit Falcons</a></td><td class=""right"" data-stat=""visitor_pts"">64</td><td class=""left"" csk=""WSC.194612070WSC"" data-stat=""home_team_name""><a href=""/teams/WSC/1947.html"">Washington Capitols</a></td><td class=""right"" data-stat=""home_pts"">75</td><td class=""center"" data-stat=""box_score_text""><a href=""/boxscores/194612070WSC.html"">Box Score</a></td><td class=""center iz"" data-stat=""overtimes""></td><td class=""right iz"" data-stat=""attendance""></td><td class=""left iz"" data-stat=""game_remarks""></td></tr>"
33,"<tr><th class=""left"" csk=""194612080NYK"" data-stat=""date_game"" scope=""row""><a href=""/boxscores/index.fcgi?month=12&amp;day=8&amp;year=1946"">Sun, Dec 8, 1946</a></th><td class=""left"" csk=""BOS.194612080NYK"" data-stat=""visitor_team_name""><a href=""/teams/BOS/1947.html"">Boston Celtics</a></td><td class=""right"" data-stat=""visitor_pts"">44</td><td class=""left"" csk=""NYK.194612080NYK"" data-stat=""home_team_name""><a href=""/teams/NYK/1947.html"">New York Knicks</a></td><td class=""right"" data-stat=""home_pts"">62</td><td class=""center"" data-stat=""box_score_text""><a href=""/boxscores/194612080NYK.html"">Box Score</a></td><td class=""center iz"" data-stat=""overtimes""></td><td class=""right iz"" data-stat=""attendance""></td><td class=""left iz"" data-stat=""game_remarks""></td></tr>"
35,"<tr><th class=""left"" csk=""194612080CLR"" data-stat=""date_game"" scope=""row""><a href=""/boxscores/index.fcgi?month=12&amp;day=8&amp;year=1946"">Sun, Dec 8, 1946</a></th><td class=""left"" csk=""PHW.194612080CLR"" data-stat=""visitor_team_name""><a href=""/teams/PHW/1947.html"">Philadelphia Warriors</a></td><td class=""right"" data-stat=""visitor_pts"">66</td><td class=""left"" csk=""CLR.194612080CLR"" data-stat=""home_team_name""><a href=""/teams/CLR/1947.html"">Cleveland Rebels</a></td><td class=""right"" data-stat=""home_pts"">72</td><td class=""center"" data-stat=""box_score_text""><a href=""/boxscores/194612080CLR.html"">Box Score</a></td><td class=""center iz"" data-stat=""overtimes""></td><td class=""right iz"" data-stat=""attendance""></td><td class=""left iz"" data-stat=""game_remarks""></td></tr>"
37,"<tr><th class=""left"" csk=""194612090PIT"" data-stat=""date_game"" scope=""row""><a href=""/boxscores/index.fcgi?month=12&amp;day=9&amp;year=1946"">Mon, Dec 9, 1946</a></th><td class=""left"" csk=""DTF.194612090PIT"" data-stat=""visitor_team_name""><a href=""/teams/DTF/1947.html"">Detroit Falcons</a></td><td class=""right"" data-stat=""visitor_pts"">66</td><td class=""left"" csk=""PIT.194612090PIT"" data-stat=""home_team_name""><a href=""/teams/PIT/1947.html"">Pittsburgh Ironmen</a></td><td class=""right"" data-stat=""home_pts"">58</td><td class=""center"" data-stat=""box_score_text""><a href=""/boxscores/194612090PIT.html"">Box Score</a></td><td class=""center iz"" data-stat=""overtimes""></td><td class=""right iz"" data-stat=""attendance""></td><td class=""left iz"" data-stat=""game_remarks""></td></tr>"
39,"<tr><th class=""left"" csk=""194612100CLR"" data-stat=""date_game"" scope=""row""><a href=""/boxscores/index.fcgi?month=12&amp;day=10&amp;year=1946"">Tue, Dec 10, 1946</a></th><td class=""left"" csk=""STB.194612100CLR"" data-stat=""visitor_team_name""><a href=""/teams/STB/1947.html"">St. Louis Bombers</a></td><td class=""right"" data-stat=""visitor_pts"">62</td><td class=""left"" csk=""CLR.194612100CLR"" data-stat=""home_team_name""><a href=""/teams/CLR/1947.html"">Cleveland Rebels</a></td><td class=""right"" data-stat=""home_pts"">61</td><td class=""center"" data-stat=""box_score_text""><a href=""/boxscores/194612100CLR.html"">Box Score</a></td><td class=""center"" data-stat=""overtimes"">OT</td><td class=""right iz"" data-stat=""attendance""></td><td class=""left iz"" data-stat=""game_remarks""></td></tr>"
41,"<tr><th class=""left"" csk=""194612100TRH"" data-stat=""date_game"" scope=""row""><a href=""/boxscores/index.fcgi?month=12&amp;day=10&amp;year=1946"">Tue, Dec 10, 1946</a></th><td class=""left"" csk=""PHW.194612100TRH"" data-stat=""visitor_team_name""><a href=""/teams/PHW/1947.html"">Philadelphia Warriors</a></td><td class=""right"" data-stat=""visitor_pts"">85</td><td class=""left"" csk=""TRH.194612100TRH"" data-stat=""home_team_name""><a href=""/teams/TRH/1947.html"">Toronto Huskies</a></td><td class=""right"" data-stat=""home_pts"">73</td><td class=""center"" data-stat=""box_score_text""><a href=""/boxscores/194612100TRH.html"">Box Score</a></td><td class=""center iz"" data-stat=""overtimes""></td><td class=""right iz"" data-stat=""attendance""></td><td class=""left iz"" data-stat=""game_remarks""></td></tr>"
43,"<tr><th class=""left"" csk=""194612110CHS"" data-stat=""date_game"" scope=""row""><a href=""/boxscores/index.fcgi?month=12&amp;day=11&amp;year=1946"">Wed, Dec 11, 1946</a></th><td class=""left"" csk=""CLR.194612110CHS"" data-stat=""visitor_team_name""><a href=""/teams/CLR/1947.html"">Cleveland Rebels</a></td><td class=""right"" data-stat=""visitor_pts"">79</td><td class=""left"" csk=""CHS.194612110CHS"" data-stat=""home_team_name""><a href=""/teams/CHS/1947.html"">Chicago Stags</a></td><td class=""right"" data-stat=""home_pts"">88</td><td class=""center"" data-stat=""box_score_text""><a href=""/boxscores/194612110CHS.html"">Box Score</a></td><td class=""center iz"" data-stat=""overtimes""></td><td class=""right iz"" data-stat=""attendance""></td><td class=""left iz"" data-stat=""game_remarks""></td></tr>"
45,"<tr><th class=""left"" csk=""194612110NYK"" data-stat=""date_game"" scope=""row""><a href=""/boxscores/index.fcgi?month=12&amp;day=11&amp;year=1946"">Wed, Dec 11, 1946</a></th><td class=""left"" csk=""PRO.194612110NYK"" data-stat=""visitor_team_name""><a href=""/teams/PRO/1947.html"">Providence Steamrollers</a></td><td class=""right"" data-stat=""visitor_pts"">68</td><td class=""left"" csk=""NYK.194612110NYK"" data-stat=""home_team_name""><a href=""/teams/NYK/1947.html"">New York Knicks</a></td><td class=""right"" data-stat=""home_pts"">83</td><td class=""center"" data-stat=""box_score_text""><a href=""/boxscores/194612110NYK.html"">Box Score</a></td><td class=""center iz"" data-stat=""overtimes""></td><td class=""right iz"" data-stat=""attendance""></td><td class=""left iz"" data-stat=""game_remarks""></td></tr>"
47,"<tr><th class=""left"" csk=""194612110WSC"" data-stat=""date_game"" scope=""row""><a href=""/boxscores/index.fcgi?month=12&amp;day=11&amp;year=1946"">Wed, Dec 11, 1946</a></th><td class=""left"" csk=""DTF.194612110WSC"" data-stat=""visitor_team_name""><a href=""/teams/DTF/1947.html"">Detroit Falcons</a></td><td class=""right"" data-stat=""visitor_pts"">66</td><td class=""left"" csk=""WSC.194612110WSC"" data-stat=""home_team_name""><a href=""/teams/WSC/1947.html"">Washington Capitols</a></td><td class=""right"" data-stat=""home_pts"">81</td><td class=""center"" data-stat=""box_score_text""><a href=""/boxscores/194612110WSC.html"">Box Score</a></td><td class=""center iz"" data-stat=""overtimes""></td><td class=""right iz"" data-stat=""attendance""></td><td class=""left iz"" data-stat=""game_remarks""></td></tr>"
49,"<tr><th class=""left"" csk=""194612120STB"" data-stat=""date_game"" scope=""row""><a href=""/boxscores/index.fcgi?month=12&amp;day=12&amp;year=1946"">Thu, Dec 12, 1946</a></th><td class=""left"" csk=""CHS.194612120STB"" data-stat=""visitor_team_name""><a href=""/teams/CHS/1947.html"">Chicago Stags</a></td><td class=""right"" data-stat=""visitor_pts"">88</td><td class=""left"" csk=""STB.194612120STB"" data-stat=""home_team_name""><a href=""/teams/STB/1947.html"">St. Louis Bombers</a></td><td class=""right"" data-stat=""home_pts"">68</td><td class=""center"" data-stat=""box_score_text""><a href=""/boxscores/194612120STB.html"">Box Score</a></td><td class=""center iz"" data-stat=""overtimes""></td><td class=""right iz"" data-stat=""attendance""></td><td class=""left iz"" data-stat=""game_remarks""></td></tr>"
51,"<tr><th class=""left"" csk=""194612120PHW"" data-stat=""date_game"" scope=""row""><a href=""/boxscores/index.fcgi?month=12&amp;day=12&amp;year=1946"">Thu, Dec 12, 1946</a></th><td class=""left"" csk=""WSC.194612120PHW"" data-stat=""visitor_team_name""><a href=""/teams/WSC/1947.html"">Washington Capitols</a></td><td class=""right"" data-stat=""visitor_pts"">64</td><td class=""left"" csk=""PHW.194612120PHW"" data-stat=""home_team_name""><a href=""/teams/PHW/1947.html"">Philadelphia Warriors</a></td><td class=""right"" data-stat=""home_pts"">49</td><td class=""center"" data-stat=""box_score_text""><a href=""/boxscores/194612120PHW.html"">Box Score</a></td><td class=""center iz"" data-stat=""overtimes""></td><td class=""right iz"" data-stat=""attendance""></td><td class=""left iz"" data-stat=""game_remarks""></td></tr>"
53,"<tr><th class=""left"" csk=""194612120BOS"" data-stat=""date_game"" scope=""row""><a href=""/boxscores/index.fcgi?month=12&amp;day=12&amp;year=1946"">Thu, Dec 12, 1946</a></th><td class=""left"" csk=""DTF.194612120BOS"" data-stat=""visitor_team_name""><a href=""/teams/DTF/1947.html"">Detroit Falcons</a></td><td class=""right"" data-stat=""visitor_pts"">66</td><td class=""left"" csk=""BOS.194612120BOS"" data-stat=""home_team_name""><a href=""/teams/BOS/1947.html"">Boston Celtics</a></td><td class=""right"" data-stat=""home_pts"">73</td><td class=""center"" data-stat=""box_score_text""><a href=""/boxscores/194612120BOS.html"">Box Score</a></td><td class=""center iz"" data-stat=""overtimes""></td><td class=""right iz"" data-stat=""attendance""></td><td class=""left iz"" data-stat=""game_remarks""></td></tr>"
55,"<tr><th class=""left"" csk=""194612130TRH"" data-stat=""date_game"" scope=""row""><a href=""/boxscores/index.fcgi?month=12&amp;day=13&amp;year=1946"">Fri, Dec 13, 1946</a></th><td class=""left"" csk=""PIT.194612130TRH"" data-stat=""visitor_team_name""><a href=""/teams/PIT/1947.html"">Pittsburgh Ironmen</a></td><td class=""right"" data-stat=""visitor_pts"">62</td><td class=""left"" csk=""TRH.194612130TRH"" data-stat=""home_team_name""><a href=""/teams/TRH/1947.html"">Toronto Huskies</a></td><td class=""right"" data-stat=""home_pts"">52</td><td class=""center"" data-stat=""box_score_text""><a href=""/boxscores/194612130TRH.html"">Box Score</a></td><td class=""center iz"" data-stat=""overtimes""></td><td class=""right iz"" data-stat=""attendance""></td><td class=""left iz"" data-stat=""game_remarks""></td></tr>"
57,"<tr><th class=""left"" csk=""194612140BOS"" data-stat=""date_game"" scope=""row""><a href=""/boxscores/index.fcgi?month=12&amp;day=14&amp;year=1946"">Sat, Dec 14, 1946</a></th><td class=""left"" csk=""PHW.194612140BOS"" data-stat=""visitor_team_name""><a href=""/teams/PHW/1947.html"">Philadelphia Warriors</a></td><td class=""right"" data-stat=""visitor_pts"">65</td><td class=""left"" csk=""BOS.194612140BOS"" data-stat=""home_team_name""><a href=""/teams/BOS/1947.html"">Boston Celtics</a></td><td class=""right"" data-stat=""home_pts"">77</td><td class=""center"" data-stat=""box_score_text""><a href=""/boxscores/194612140BOS.html"">Box Score</a></td><td class=""center iz"" data-stat=""overtimes""></td><td class=""right iz"" data-stat=""attendance""></td><td class=""left iz"" data-stat=""game_remarks""></td></tr>"
59,"<tr><th class=""left"" csk=""194612140PRO"" data-stat=""date_game"" scope=""row""><a href=""/boxscores/index.fcgi?month=12&amp;day=14&amp;year=1946"">Sat, Dec 14, 1946</a></th><td class=""left"" csk=""DTF.194612140PRO"" data-stat=""visitor_team_name""><a href=""/teams/DTF/1947.html"">Detroit Falcons</a></td><td class=""right"" data-stat=""visitor_pts"">66</td><td class=""left"" csk=""PRO.194612140PRO"" data-stat=""home_team_name""><a href=""/teams/PRO/1947.html"">Providence Steamrollers</a></td><td class=""right"" data-stat=""home_pts"">81</td><td class=""center"" data-stat=""box_score_text""><a href=""/boxscores/194612140PRO.html"">Box Score</a></td><td class=""center iz"" data-stat=""overtimes""></td><td class=""right iz"" data-stat=""attendance""></td><td class=""left iz"" data-stat=""game_remarks""></td></tr>"
61,"<tr><th class=""left"" csk=""194612140WSC"" data-stat=""date_game"" scope=""row""><a href=""/boxscores/index.fcgi?month=12&amp;day=14&amp;year=1946"">Sat, Dec 14, 1946</a></th><td class=""left"" csk=""CLR.194612140WSC"" data-stat=""visitor_team_name""><a href=""/teams/CLR/1947.html"">Cleveland Rebels</a></td><td class=""right"" data-stat=""visitor_pts"">52</td><td class=""left"" csk=""WSC.194612140WSC"" data-stat=""home_team_name""><a href=""/teams/WSC/1947.html"">Washington Capitols</a></td><td class=""right"" data-stat=""home_pts"">72</td><td class=""center"" data-stat=""box_score_text""><a href=""/boxscores/194612140WSC.html"">Box Score</a></td><td class=""center iz"" data-stat=""overtimes""></td><td class=""right iz"" data-stat=""attendance""></td><td class=""left iz"" data-stat=""game_remarks""></td></tr>"
63,"<tr><th class=""left"" csk=""194612150STB"" data-stat=""date_game"" scope=""row""><a href=""/boxscores/index.fcgi?month=12&amp;day=15&amp;year=1946"">Sun, Dec 15, 1946</a></th><td class=""left"" csk=""TRH.194612150STB"" data-stat=""visitor_team_name""><a href=""/teams/TRH/1947.html"">Toronto Huskies</a></td><td class=""right"" data-stat=""visitor_pts"">50</td><td class=""left"" csk=""STB.194612150STB"" data-stat=""home_team_name""><a href=""/teams/STB/1947.html"">St. Louis Bombers</a></td><td class=""right"" data-stat=""home_pts"">46</td><td class=""center"" data-stat=""box_score_text""><a href=""/boxscores/194612150STB.html"">Box Score</a></td><td class=""center iz"" data-stat=""overtimes""></td><td class=""right iz"" data-stat=""attendance""></td><td class=""left iz"" data-stat=""game_remarks""></td></tr>"
65,"<tr><th class=""left"" csk=""194612150CLR"" data-stat=""date_game"" scope=""row""><a href=""/boxscores/index.fcgi?month=12&amp;day=15&amp;year=1946"">Sun, Dec 15, 1946</a></th><td class=""left"" csk=""NYK.194612150CLR"" data-stat=""visitor_team_name""><a href=""/teams/NYK/1947.html"">New York Knicks</a></td><td class=""right"" data-stat=""visitor_pts"">52</td><td class=""left"" csk=""CLR.194612150CLR"" data-stat=""home_team_name""><a href=""/teams/CLR/1947.html"">Cleveland Rebels</a></td><td class=""right"" data-stat=""home_pts"">70</td><td class=""center"" data-stat=""box_score_text""><a href=""/boxscores/194612150CLR.html"">Box Score</a></td><td class=""center iz"" data-stat=""overtimes""></td><td class=""right iz"" data-stat=""attendance""></td><td class=""left iz"" data-stat=""game_remarks""></td></tr>"
67,"<tr><th class=""left"" csk=""194612150CHS"" data-stat=""date_game"" scope=""row""><a href=""/boxscores/index.fcgi?month=12&amp;day=15&amp;year=1946"">Sun, Dec 15, 1946</a></th><td class=""left"" csk=""PIT.194612150CHS"" data-stat=""visitor_team_name""><a href=""/teams/PIT/1947.html"">Pittsburgh Ironmen</a></td><td class=""right"" data-stat=""visitor_pts"">75</td><td class=""left"" csk=""CHS.194612150CHS"" data-stat=""home_team_name""><a href=""/teams/CHS/1947.html"">Chicago Stags</a></td><td class=""right"" data-stat=""home_pts"">84</td><td class=""center"" data-stat=""box_score_text""><a href=""/boxscores/194612150CHS.html"">Box Score</a></td><td class=""center iz"" data-stat=""overtimes""></td><td class=""right iz"" data-stat=""attendance""></td><td class=""left iz"" data-stat=""game_remarks""></td></tr>"
69,"<tr><th class=""left"" csk=""194612160PIT"" data-stat=""date_game"" scope=""row""><a href=""/boxscores/index.fcgi?month=12&amp;day=16&amp;year=1946"">Mon, Dec 16, 1946</a></th><td class=""left"" csk=""STB.194612160PIT"" data-stat=""visitor_team_name""><a href=""/teams/STB/1947.html"">St. Louis Bombers</a></td><td class=""right"" data-stat=""visitor_pts"">66</td><td class=""left"" csk=""PIT.194612160PIT"" data-stat=""home_team_name""><a href=""/teams/PIT/1947.html"">Pittsburgh Ironmen</a></td><td class=""right"" data-stat=""home_pts"">55</td><td class=""center"" data-stat=""box_score_text""><a href=""/boxscores/194612160PIT.html"">Box Score</a></td><td class=""center iz"" data-stat=""overtimes""></td><td class=""right iz"" data-stat=""attendance""></td><td class=""left iz"" data-stat=""game_remarks""></td></tr>"
71,"<tr><th class=""left"" csk=""194612170CLR"" data-stat=""date_game"" scope=""row""><a href=""/boxscores/index.fcgi?month=12&amp;day=17&amp;year=1946"">Tue, Dec 17, 1946</a></th><td class=""left"" csk=""TRH.194612170CLR"" data-stat=""visitor_team_name""><a href=""/teams/TRH/1947.html"">Toronto Huskies</a></td><td class=""right"" data-stat=""visitor_pts"">62</td><td class=""left"" csk=""CLR.194612170CLR"" data-stat=""home_team_name""><a href=""/teams/CLR/1947.html"">Cleveland Rebels</a></td><td class=""right"" data-stat=""home_pts"">78</td><td class=""center"" data-stat=""box_score_text""><a href=""/boxscores/194612170CLR.html"">Box Score</a></td><td class=""center iz"" data-stat=""overtimes""></td><td class=""right iz"" data-stat=""attendance""></td><td class=""left iz"" data-stat=""game_remarks""></td></tr>"
73,"<tr><th class=""left"" csk=""194612170PHW"" data-stat=""date_game"" scope=""row""><a href=""/boxscores/index.fcgi?month=12&amp;day=17&amp;year=1946"">Tue, Dec 17, 1946</a></th><td class=""left"" csk=""DTF.194612170PHW"" data-stat=""visitor_team_name""><a href=""/teams/DTF/1947.html"">Detroit Falcons</a></td><td class=""right"" data-stat=""visitor_pts"">49</td><td class=""left"" csk=""PHW.194612170PHW"" data-stat=""home_team_name""><a href=""/teams/PHW/1947.html"">Philadelphia Warriors</a></td><td class=""right"" data-stat=""home_pts"">57</td><td class=""center"" data-stat=""box_score_text""><a href=""/boxscores/194612170PHW.html"">Box Score</a></td><td class=""center iz"" data-stat=""overtimes""></td><td class=""right iz"" data-stat=""attendance""></td><td class=""left iz"" data-stat=""game_remarks""></td></tr>"
75,"<tr><th class=""left"" csk=""194612180NYK"" data-stat=""date_game"" scope=""row""><a href=""/boxscores/index.fcgi?month=12&amp;day=18&amp;year=1946"">Wed, Dec 18, 1946</a></th><td class=""left"" csk=""CLR.194612180NYK"" data-stat=""visitor_team_name""><a href=""/teams/CLR/1947.html"">Cleveland Rebels</a></td><td class=""right"" data-stat=""visitor_pts"">56</td><td class=""left"" csk=""NYK.194612180NYK"" data-stat=""home_team_name""><a href=""/teams/NYK/1947.html"">New York Knicks</a></td><td class=""right"" data-stat=""home_pts"">53</td><td class=""center"" data-stat=""box_score_text""><a href=""/boxscores/194612180NYK.html"">Box Score</a></td><td class=""center iz"" data-stat=""overtimes""></td><td class=""right iz"" data-stat=""attendance""></td><td class=""left iz"" data-stat=""game_remarks""></td></tr>"
77,"<tr><th class=""left"" csk=""194612180WSC"" data-stat=""date_game"" scope=""row""><a href=""/boxscores/index.fcgi?month=12&amp;day=18&amp;year=1946"">Wed, Dec 18, 1946</a></th><td class=""left"" csk=""STB.194612180WSC"" data-stat=""visitor_team_name""><a href=""/teams/STB/1947.html"">St. Louis Bombers</a></td><td class=""right"" data-stat=""visitor_pts"">47</td><td class=""left"" csk=""WSC.194612180WSC"" data-stat=""home_team_name""><a href=""/teams/WSC/1947.html"">Washington Capitols</a></td><td class=""right"" data-stat=""home_pts"">68</td><td class=""center"" data-stat=""box_score_text""><a href=""/boxscores/194612180WSC.html"">Box Score</a></td><td class=""center iz"" data-stat=""overtimes""></td><td class=""right iz"" data-stat=""attendance""></td><td class=""left iz"" data-stat=""game_remarks""></td></tr>"
79,"<tr><th class=""left"" csk=""194612190PRO"" data-stat=""date_game"" scope=""row""><a href=""/boxscores/index.fcgi?month=12&amp;day=19&amp;year=1946"">Thu, Dec 19, 1946</a></th><td class=""left"" csk=""CHS.194612190PRO"" data-stat=""visitor_team_name""><a href=""/teams/CHS/1947.html"">Chicago Stags</a></td><td class=""right"" data-stat=""visitor_pts"">77</td><td class=""left"" csk=""PRO.194612190PRO"" data-stat=""home_team_name""><a href=""/teams/PRO/1947.html"">Providence Steamrollers</a></td><td class=""right"" data-stat=""home_pts"">81</td><td class=""center"" data-stat=""box_score_text""><a href=""/boxscores/194612190PRO.html"">Box Score</a></td><td class=""center iz"" data-stat=""overtimes""></td><td class=""right iz"" data-stat=""attendance""></td><td class=""left iz"" data-stat=""game_remarks""></td></tr>"
81,"<tr><th class=""left"" csk=""194612190PHW"" data-stat=""date_game"" scope=""row""><a href=""/boxscores/index.fcgi?month=12&amp;day=19&amp;year=1946"">Thu, Dec 19, 1946</a></th><td class=""left"" csk=""CLR.194612190PHW"" data-stat=""visitor_team_name""><a href=""/teams/CLR/1947.html"">Cleveland Rebels</a></td><td class=""right"" data-stat=""visitor_pts"">44</td><td class=""left"" csk=""PHW.194612190PHW"" data-stat=""home_team_name""><a href=""/teams/PHW/1947.html"">Philadelphia Warriors</a></td><td class=""right"" data-stat=""home_pts"">58</td><td class=""center"" data-stat=""box_score_text""><a href=""/boxscores/194612190PHW.html"">Box Score</a></td><td class=""center iz"" data-stat=""overtimes""></td><td class=""right iz"" data-stat=""attendance""></td><td class=""left iz"" data-stat=""game_remarks""></td></tr>"
83,"<tr><th class=""left"" csk=""194612190BOS"" data-stat=""date_game"" scope=""row""><a href=""/boxscores/index.fcgi?month=12&amp;day=19&amp;year=1946"">Thu, Dec 19, 1946</a></th><td class=""left"" csk=""STB.194612190BOS"" data-stat=""visitor_team_name""><a href=""/teams/STB/1947.html"">St. Louis Bombers</a></td><td class=""right"" data-stat=""visitor_pts"">76</td><td class=""left"" csk=""BOS.194612190BOS"" data-stat=""home_team_name""><a href=""/teams/BOS/1947.html"">Boston Celtics</a></td><td class=""right"" data-stat=""home_pts"">74</td><td class=""center"" data-stat=""box_score_text""><a href=""/boxscores/194612190BOS.html"">Box Score</a></td><td class=""center iz"" data-stat=""overtimes""></td><td class=""right iz"" data-stat=""attendance""></td><td class=""left iz"" data-stat=""game_remarks""></td></tr>"
85,"<tr><th class=""left"" csk=""194612200TRH"" data-stat=""date_game"" scope=""row""><a href=""/boxscores/index.fcgi?month=12&amp;day=20&amp;year=1946"">Fri, Dec 20, 1946</a></th><td class=""left"" csk=""NYK.194612200TRH"" data-stat=""visitor_team_name""><a href=""/teams/NYK/1947.html"">New York Knicks</a></td><td class=""right"" data-stat=""visitor_pts"">70</td><td class=""left"" csk=""TRH.194612200TRH"" data-stat=""home_team_name""><a href=""/teams/TRH/1947.html"">Toronto Huskies</a></td><td class=""right"" data-stat=""home_pts"">74</td><td class=""center"" data-stat=""box_score_text""><a href=""/boxscores/194612200TRH.html"">Box Score</a></td><td class=""center iz"" data-stat=""overtimes""></td><td class=""right iz"" data-stat=""attendance""></td><td class=""left iz"" data-stat=""game_remarks""></td></tr>"
87,"<tr><th class=""left"" csk=""194612210PRO"" data-stat=""date_game"" scope=""row""><a href=""/boxscores/index.fcgi?month=12&amp;day=21&amp;year=1946"">Sat, Dec 21, 1946</a></th><td class=""left"" csk=""NYK.194612210PRO"" data-stat=""visitor_team_name""><a href=""/teams/NYK/1947.html"">New York Knicks</a></td><td class=""right"" data-stat=""visitor_pts"">61</td><td class=""left"" csk=""PRO.194612210PRO"" data-stat=""home_team_name""><a href=""/teams/PRO/1947.html"">Providence Steamrollers</a></td><td class=""right"" data-stat=""home_pts"">63</td><td class=""center"" data-stat=""box_score_text""><a href=""/boxscores/194612210PRO.html"">Box Score</a></td><td class=""center iz"" data-stat=""overtimes""></td><td class=""right iz"" data-stat=""attendance""></td><td class=""left iz"" data-stat=""game_remarks""></td></tr>"
89,"<tr><th class=""left"" csk=""194612210WSC"" data-stat=""date_game"" scope=""row""><a href=""/boxscores/index.fcgi?month=12&amp;day=21&amp;year=1946"">Sat, Dec 21, 1946</a></th><td class=""left"" csk=""PHW.194612210WSC"" data-stat=""visitor_team_name""><a href=""/teams/PHW/1947.html"">Philadelphia Warriors</a></td><td class=""right"" data-stat=""visitor_pts"">56</td><td class=""left"" csk=""WSC.194612210WSC"" data-stat=""home_team_name""><a href=""/teams/WSC/1947.html"">Washington Capitols</a></td><td class=""right"" data-stat=""home_pts"">68</td><td class=""center"" data-stat=""box_score_text""><a href=""/boxscores/194612210WSC.html"">Box Score</a></td><td class=""center iz"" data-stat=""overtimes""></td><td class=""right iz"" data-stat=""attendance""></td><td class=""left iz"" data-stat=""game_remarks""></td></tr>"
91,"<tr><th class=""left"" csk=""194612220CHS"" data-stat=""date_game"" scope=""row""><a href=""/boxscores/index.fcgi?month=12&amp;day=22&amp;year=1946"">Sun, Dec 22, 1946</a></th><td class=""left"" csk=""DTF.194612220CHS"" data-stat=""visitor_team_name""><a href=""/teams/DTF/1947.html"">Detroit Falcons</a></td><td class=""right"" data-stat=""visitor_pts"">92</td><td class=""left"" csk=""CHS.194612220CHS"" data-stat=""home_team_name""><a href=""/teams/CHS/1947.html"">Chicago Stags</a></td><td class=""right"" data-stat=""home_pts"">95</td><td class=""center"" data-stat=""box_score_text""><a href=""/boxscores/194612220CHS.html"">Box Score</a></td><td class=""center iz"" data-stat=""overtimes""></td><td class=""right iz"" data-stat=""attendance""></td><td class=""left iz"" data-stat=""game_remarks""></td></tr>"
93,"<tr><th class=""left"" csk=""194612220CLR"" data-stat=""date_game"" scope=""row""><a href=""/boxscores/index.fcgi?month=12&amp;day=22&amp;year=1946"">Sun, Dec 22, 1946</a></th><td class=""left"" csk=""PIT.194612220CLR"" data-stat=""visitor_team_name""><a href=""/teams/PIT/1947.html"">Pittsburgh Ironmen</a></td><td class=""right"" data-stat=""visitor_pts"">78</td><td class=""left"" csk=""CLR.194612220CLR"" data-stat=""home_team_name""><a href=""/teams/CLR/1947.html"">Cleveland Rebels</a></td><td class=""right"" data-stat=""home_pts"">74</td><td class=""center"" data-stat=""box_score_text""><a href=""/boxscores/194612220CLR.html"">Box Score</a></td><td class=""center"" data-stat=""overtimes"">OT</td><td class=""right iz"" data-stat=""attendance""></td><td class=""left iz"" data-stat=""game_remarks""></td></tr>"
95,"<tr><th class=""left"" csk=""194612220STB"" data-stat=""date_game"" scope=""row""><a href=""/boxscores/index.fcgi?month=12&amp;day=22&amp;year=1946"">Sun, Dec 22, 1946</a></th><td class=""left"" csk=""BOS.194612220STB"" data-stat=""visitor_team_name""><a href=""/teams/BOS/1947.html"">Boston Celtics</a></td><td class=""right"" data-stat=""visitor_pts"">53</td><td class=""left"" csk=""STB.194612220STB"" data-stat=""home_team_name""><a href=""/teams/STB/1947.html"">St. Louis Bombers</a></td><td class=""right"" data-stat=""home_pts"">65</td><td class=""center"" data-stat=""box_score_text""><a href=""/boxscores/194612220STB.html"">Box Score</a></td><td class=""center iz"" data-stat=""overtimes""></td><td class=""right iz"" data-stat=""attendance""></td><td class=""left iz"" data-stat=""game_remarks""></td></tr>"
97,"<tr><th class=""left"" csk=""194612230PIT"" data-stat=""date_game"" scope=""row""><a href=""/boxscores/index.fcgi?month=12&amp;day=23&amp;year=1946"">Mon, Dec 23, 1946</a></th><td class=""left"" csk=""BOS.194612230PIT"" data-stat=""visitor_team_name""><a href=""/teams/BOS/1947.html"">Boston Celtics</a></td><td class=""right"" data-stat=""visitor_pts"">54</td><td class=""left"" csk=""PIT.194612230PIT"" data-stat=""home_team_name""><a href=""/teams/PIT/1947.html"">Pittsburgh Ironmen</a></td><td class=""right"" data-stat=""home_pts"">64</td><td class=""center"" data-stat=""box_score_text""><a href=""/boxscores/194612230PIT.html"">Box Score</a></td><td class=""center iz"" data-stat=""overtimes""></td><td class=""right iz"" data-stat=""attendance""></td><td class=""left iz"" data-stat=""game_remarks""></td></tr>"
99,"<tr><th class=""left"" csk=""194612260PHW"" data-stat=""date_game"" scope=""row""><a href=""/boxscores/index.fcgi?month=12&amp;day=26&amp;year=1946"">Thu, Dec 26, 1946</a></th><td class=""left"" csk=""PIT.194612260PHW"" data-stat=""visitor_team_name""><a href=""/teams/PIT/1947.html"">Pittsburgh Ironmen</a></td><td class=""right"" data-stat=""visitor_pts"">46</td><td class=""left"" csk=""PHW.194612260PHW"" data-stat=""home_team_name""><a href=""/teams/PHW/1947.html"">Philadelphia Warriors</a></td><td class=""right"" data-stat=""home_pts"">53</td><td class=""center"" data-stat=""box_score_text""><a href=""/boxscores/194612260PHW.html"">Box Score</a></td><td class=""center iz"" data-stat=""overtimes""></td><td class=""right iz"" data-stat=""attendance""></td><td class=""left iz"" data-stat=""game_remarks""></td></tr>"
101,"<tr><th class=""left"" csk=""194612260PRO"" data-stat=""date_game"" scope=""row""><a href=""/boxscores/index.fcgi?month=12&amp;day=26&amp;year=1946"">Thu, Dec 26, 1946</a></th><td class=""left"" csk=""WSC.194612260PRO"" data-stat=""visitor_team_name""><a href=""/teams/WSC/1947.html"">Washington Capitols</a></td><td class=""right"" data-stat=""visitor_pts"">78</td><td class=""left"" csk=""PRO.194612260PRO"" data-stat=""home_team_name""><a href=""/teams/PRO/1947.html"">Providence Steamrollers</a></td><td class=""right"" data-stat=""home_pts"">66</td><td class=""center"" data-stat=""box_score_text""><a href=""/boxscores/194612260PRO.html"">Box Score</a></td><td class=""center iz"" data-stat=""overtimes""></td><td class=""right iz"" data-stat=""attendance""></td><td class=""left iz"" data-stat=""game_remarks""></td></tr>"
103,"<tr><th class=""left"" csk=""194612260STB"" data-stat=""date_game"" scope=""row""><a href=""/boxscores/index.fcgi?month=12&amp;day=26&amp;year=1946"">Thu, Dec 26, 1946</a></th><td class=""left"" csk=""DTF.194612260STB"" data-stat=""visitor_team_name""><a href=""/teams/DTF/1947.html"">Detroit Falcons</a></td><td class=""right"" data-stat=""visitor_pts"">51</td><td class=""left"" csk=""STB.194612260STB"" data-stat=""home_team_name""><a href=""/teams/STB/1947.html"">St. Louis Bombers</a></td><td class=""right"" data-stat=""home_pts"">55</td><td class=""center"" data-stat=""box_score_text""><a href=""/boxscores/194612260STB.html"">Box Score</a></td><td class=""center iz"" data-stat=""overtimes""></td><td class=""right iz"" data-stat=""attendance""></td><td class=""left iz"" data-stat=""game_remarks""></td></tr>"
105,"<tr><th class=""left"" csk=""194612270BOS"" data-stat=""date_game"" scope=""row""><a href=""/boxscores/index.fcgi?month=12&amp;day=27&amp;year=1946"">Fri, Dec 27, 1946</a></th><td class=""left"" csk=""PHW.194612270BOS"" data-stat=""visitor_team_name""><a href=""/teams/PHW/1947.html"">Philadelphia Warriors</a></td><td class=""right"" data-stat=""visitor_pts"">63</td><td class=""left"" csk=""BOS.194612270BOS"" data-stat=""home_team_name""><a href=""/teams/BOS/1947.html"">Boston Celtics</a></td><td class=""right"" data-stat=""home_pts"">60</td><td class=""center"" data-stat=""box_score_text""><a href=""/boxscores/194612270BOS.html"">Box Score</a></td><td class=""center iz"" data-stat=""overtimes""></td><td class=""right iz"" data-stat=""attendance""></td><td class=""left iz"" data-stat=""game_remarks""></td></tr>"
107,"<tr><th class=""left"" csk=""194612270TRH"" data-stat=""date_game"" scope=""row""><a href=""/boxscores/index.fcgi?month=12&amp;day=27&amp;year=1946"">Fri, Dec 27, 1946</a></th><td class=""left"" csk=""CHS.194612270TRH"" data-stat=""visitor_team_name""><a href=""/teams/CHS/1947.html"">Chicago Stags</a></td><td class=""right"" data-stat=""visitor_pts"">88</td><td class=""left"" csk=""TRH.194612270TRH"" data-stat=""home_team_name""><a href=""/teams/TRH/1947.html"">Toronto Huskies</a></td><td class=""right"" data-stat=""home_pts"">80</td><td class=""center"" data-stat=""box_score_text""><a href=""/boxscores/194612270TRH.html"">Box Score</a></td><td class=""center iz"" data-stat=""overtimes""></td><td class=""right iz"" data-stat=""attendance""></td><td class=""left iz"" data-stat=""game_remarks""></td></tr>"
109,"<tr><th class=""left"" csk=""194612280PRO"" data-stat=""date_game"" scope=""row""><a href=""/boxscores/index.fcgi?month=12&amp;day=28&amp;year=1946"">Sat, Dec 28, 1946</a></th><td class=""left"" csk=""BOS.194612280PRO"" data-stat=""visitor_team_name""><a href=""/teams/BOS/1947.html"">Boston Celtics</a></td><td class=""right"" data-stat=""visitor_pts"">68</td><td class=""left"" csk=""PRO.194612280PRO"" data-stat=""home_team_name""><a href=""/teams/PRO/1947.html"">Providence Steamrollers</a></td><td class=""right"" data-stat=""home_pts"">80</td><td class=""center"" data-stat=""box_score_text""><a href=""/boxscores/194612280PRO.html"">Box Score</a></td><td class=""center iz"" data-stat=""overtimes""></td><td class=""right iz"" data-stat=""attendance""></td><td class=""left iz"" data-stat=""game_remarks""></td></tr>"
111,"<tr><th class=""left"" csk=""194612280WSC"" data-stat=""date_game"" scope=""row""><a href=""/boxscores/index.fcgi?month=12&amp;day=28&amp;year=1946"">Sat, Dec 28, 1946</a></th><td class=""left"" csk=""NYK.194612280WSC"" data-stat=""visitor_team_name""><a href=""/teams/NYK/1947.html"">New York Knicks</a></td><td class=""right"" data-stat=""visitor_pts"">49</td><td class=""left"" csk=""WSC.194612280WSC"" data-stat=""home_team_name""><a href=""/teams/WSC/1947.html"">Washington Capitols</a></td><td class=""right"" data-stat=""home_pts"">70</td><td class=""center"" data-stat=""box_score_text""><a href=""/boxscores/194612280WSC.html"">Box Score</a></td><td class=""center iz"" data-stat=""overtimes""></td><td class=""right iz"" data-stat=""attendance""></td><td class=""left iz"" data-stat=""game_remarks""></td></tr>"
113,"<tr><th class=""left"" csk=""194612290STB"" data-stat=""date_game"" scope=""row""><a href=""/boxscores/index.fcgi?month=12&amp;day=29&amp;year=1946"">Sun, Dec 29, 1946</a></th><td class=""left"" csk=""PHW.194612290STB"" data-stat=""visitor_team_name""><a href=""/teams/PHW/1947.html"">Philadelphia Warriors</a></td><td class=""right"" data-stat=""visitor_pts"">68</td><td class=""left"" csk=""STB.194612290STB"" data-stat=""home_team_name""><a href=""/teams/STB/1947.html"">St. Louis Bombers</a></td><td class=""right"" data-stat=""home_pts"">75</td><td class=""center"" data-stat=""box_score_text""><a href=""/boxscores/194612290STB.html"">Box Score</a></td><td class=""center iz"" data-stat=""overtimes""></td><td class=""right iz"" data-stat=""attendance""></td><td class=""left iz"" data-stat=""game_remarks""></td></tr>"
115,"<tr><th class=""left"" csk=""194612290DTF"" data-stat=""date_game"" scope=""row""><a href=""/boxscores/index.fcgi?month=12&amp;day=29&amp;year=1946"">Sun, Dec 29, 1946</a></th><td class=""left"" csk=""TRH.194612290DTF"" data-stat=""visitor_team_name""><a href=""/teams/TRH/1947.html"">Toronto Huskies</a></td><td class=""right"" data-stat=""visitor_pts"">52</td><td class=""left"" csk=""DTF.194612290DTF"" data-stat=""home_team_name""><a href=""/teams/DTF/1947.html"">Detroit Falcons</a></td><td class=""right"" data-stat=""home_pts"">48</td><td class=""center"" data-stat=""box_score_text""><a href=""/boxscores/194612290DTF.html"">Box Score</a></td><td class=""center iz"" data-stat=""overtimes""></td><td class=""right iz"" data-stat=""attendance""></td><td class=""left iz"" data-stat=""game_remarks""></td></tr>"
117,"<tr><th class=""left"" csk=""194612290CLR"" data-stat=""date_game"" scope=""row""><a href=""/boxscores/index.fcgi?month=12&amp;day=29&amp;year=1946"">Sun, Dec 29, 1946</a></th><td class=""left"" csk=""CHS.194612290CLR"" data-stat=""visitor_team_name""><a href=""/teams/CHS/1947.html"">Chicago Stags</a></td><td class=""right"" data-stat=""visitor_pts"">87</td><td class=""left"" csk=""CLR.194612290CLR"" data-stat=""home_team_name""><a href=""/teams/CLR/1947.html"">Cleveland Rebels</a></td><td class=""right"" data-stat=""home_pts"">79</td><td class=""center"" data-stat=""box_score_text""><a href=""/boxscores/194612290CLR.html"">Box Score</a></td><td class=""center"" data-stat=""overtimes"">OT</td><td class=""right iz"" data-stat=""attendance""></td><td class=""left iz"" data-stat=""game_remarks""></td></tr>"
119,"<tr><th class=""left"" csk=""194612300BOS"" data-stat=""date_game"" scope=""row""><a href=""/boxscores/index.fcgi?month=12&amp;day=30&amp;year=1946"">Mon, Dec 30, 1946</a></th><td class=""left"" csk=""WSC.194612300BOS"" data-stat=""visitor_team_name""><a href=""/teams/WSC/1947.html"">Washington Capitols</a></td><td class=""right"" data-stat=""visitor_pts"">70</td><td class=""left"" csk=""BOS.194612300BOS"" data-stat=""home_team_name""><a href=""/teams/BOS/1947.html"">Boston Celtics</a></td><td class=""right"" data-stat=""home_pts"">60</td><td class=""center"" data-stat=""box_score_text""><a href=""/boxscores/194612300BOS.html"">Box Score</a></td><td class=""center"" data-stat=""overtimes"">OT</td><td class=""right iz"" data-stat=""attendance""></td><td class=""left iz"" data-stat=""game_remarks""></td></tr>"
121,"<tr><th class=""left"" csk=""194612300PIT"" data-stat=""date_game"" scope=""row""><a href=""/boxscores/index.fcgi?month=12&amp;day=30&amp;year=1946"">Mon, Dec 30, 1946</a></th><td class=""left"" csk=""PHW.194612300PIT"" data-stat=""visitor_team_name""><a href=""/teams/PHW/1947.html"">Philadelphia Warriors</a></td><td class=""right"" data-stat=""visitor_pts"">62</td><td class=""left"" csk=""PIT.194612300PIT"" data-stat=""home_team_name""><a href=""/teams/PIT/1947.html"">Pittsburgh Ironmen</a></td><td class=""right"" data-stat=""home_pts"">60</td><td class=""center"" data-stat=""box_score_text""><a href=""/boxscores/194612300PIT.html"">Box Score</a></td><td class=""center iz"" data-stat=""overtimes""></td><td class=""right iz"" data-stat=""attendance""></td><td class=""left iz"" data-stat=""game_remarks""></td></tr>"
123,"<tr><th class=""left"" csk=""194612310CLR"" data-stat=""date_game"" scope=""row""><a href=""/boxscores/index.fcgi?month=12&amp;day=31&amp;year=1946"">Tue, Dec 31, 1946</a></th><td class=""left"" csk=""STB.194612310CLR"" data-stat=""visitor_team_name""><a href=""/teams/STB/1947.html"">St. Louis Bombers</a></td><td class=""right"" data-stat=""visitor_pts"">68</td><td class=""left"" csk=""CLR.194612310CLR"" data-stat=""home_team_name""><a href=""/teams/CLR/1947.html"">Cleveland Rebels</a></td><td class=""right"" data-stat=""home_pts"">59</td><td class=""center"" data-stat=""box_score_text""><a href=""/boxscores/194612310CLR.html"">Box Score</a></td><td class=""center iz"" data-stat=""overtimes""></td><td class=""right iz"" data-stat=""attendance""></td><td class=""left iz"" data-stat=""game_remarks""></td></tr>"
125,"<tr><th class=""left"" csk=""194612310TRH"" data-stat=""date_game"" scope=""row""><a href=""/boxscores/index.fcgi?month=12&amp;day=31&amp;year=1946"">Tue, Dec 31, 1946</a></th><td class=""left"" csk=""CHS.194612310TRH"" data-stat=""visitor_team_name""><a href=""/teams/CHS/1947.html"">Chicago Stags</a></td><td class=""right"" data-stat=""visitor_pts"">76</td><td class=""left"" csk=""TRH.194612310TRH"" data-stat=""home_team_name""><a href=""/teams/TRH/1947.html"">Toronto Huskies</a></td><td class=""right"" data-stat=""home_pts"">86</td><td class=""center"" data-stat=""box_score_text""><a href=""/boxscores/194612310TRH.html"">Box Score</a></td><td class=""center iz"" data-stat=""overtimes""></td><td class=""right iz"" data-stat=""attendance""></td><td class=""left iz"" data-stat=""game_remarks""></td></tr>"
