,0
1,"<tr><th class=""left"" csk=""194711120WSC"" data-stat=""date_game"" scope=""row""><a href=""/boxscores/index.fcgi?month=11&amp;day=12&amp;year=1947"">Wed, Nov 12, 1947</a></th><td class=""left"" csk=""BLB.194711120WSC"" data-stat=""visitor_team_name""><a href=""/teams/BLB/1948.html"">Baltimore Bullets</a></td><td class=""right"" data-stat=""visitor_pts"">55</td><td class=""left"" csk=""WSC.194711120WSC"" data-stat=""home_team_name""><a href=""/teams/WSC/1948.html"">Washington Capitols</a></td><td class=""right"" data-stat=""home_pts"">63</td><td class=""center"" data-stat=""box_score_text""><a href=""/boxscores/194711120WSC.html"">Box Score</a></td><td class=""center iz"" data-stat=""overtimes""></td><td class=""right iz"" data-stat=""attendance""></td><td class=""left iz"" data-stat=""game_remarks""></td></tr>"
3,"<tr><th class=""left"" csk=""194711130BLB"" data-stat=""date_game"" scope=""row""><a href=""/boxscores/index.fcgi?month=11&amp;day=13&amp;year=1947"">Thu, Nov 13, 1947</a></th><td class=""left"" csk=""BOS.194711130BLB"" data-stat=""visitor_team_name""><a href=""/teams/BOS/1948.html"">Boston Celtics</a></td><td class=""right"" data-stat=""visitor_pts"">74</td><td class=""left"" csk=""BLB.194711130BLB"" data-stat=""home_team_name""><a href=""/teams/BLB/1948.html"">Baltimore Bullets</a></td><td class=""right"" data-stat=""home_pts"">85</td><td class=""center"" data-stat=""box_score_text""><a href=""/boxscores/194711130BLB.html"">Box Score</a></td><td class=""center iz"" data-stat=""overtimes""></td><td class=""right iz"" data-stat=""attendance""></td><td class=""left iz"" data-stat=""game_remarks""></td></tr>"
5,"<tr><th class=""left"" csk=""194711130CHS"" data-stat=""date_game"" scope=""row""><a href=""/boxscores/index.fcgi?month=11&amp;day=13&amp;year=1947"">Thu, Nov 13, 1947</a></th><td class=""left"" csk=""STB.194711130CHS"" data-stat=""visitor_team_name""><a href=""/teams/STB/1948.html"">St. Louis Bombers</a></td><td class=""right"" data-stat=""visitor_pts"">70</td><td class=""left"" csk=""CHS.194711130CHS"" data-stat=""home_team_name""><a href=""/teams/CHS/1948.html"">Chicago Stags</a></td><td class=""right"" data-stat=""home_pts"">80</td><td class=""center"" data-stat=""box_score_text""><a href=""/boxscores/194711130CHS.html"">Box Score</a></td><td class=""center iz"" data-stat=""overtimes""></td><td class=""right iz"" data-stat=""attendance""></td><td class=""left iz"" data-stat=""game_remarks""></td></tr>"
7,"<tr><th class=""left"" csk=""194711130NYK"" data-stat=""date_game"" scope=""row""><a href=""/boxscores/index.fcgi?month=11&amp;day=13&amp;year=1947"">Thu, Nov 13, 1947</a></th><td class=""left"" csk=""WSC.194711130NYK"" data-stat=""visitor_team_name""><a href=""/teams/WSC/1948.html"">Washington Capitols</a></td><td class=""right"" data-stat=""visitor_pts"">65</td><td class=""left"" csk=""NYK.194711130NYK"" data-stat=""home_team_name""><a href=""/teams/NYK/1948.html"">New York Knicks</a></td><td class=""right"" data-stat=""home_pts"">80</td><td class=""center"" data-stat=""box_score_text""><a href=""/boxscores/194711130NYK.html"">Box Score</a></td><td class=""center iz"" data-stat=""overtimes""></td><td class=""right iz"" data-stat=""attendance""></td><td class=""left iz"" data-stat=""game_remarks""></td></tr>"
9,"<tr><th class=""left"" csk=""194711130PHW"" data-stat=""date_game"" scope=""row""><a href=""/boxscores/index.fcgi?month=11&amp;day=13&amp;year=1947"">Thu, Nov 13, 1947</a></th><td class=""left"" csk=""PRO.194711130PHW"" data-stat=""visitor_team_name""><a href=""/teams/PRO/1948.html"">Providence Steamrollers</a></td><td class=""right"" data-stat=""visitor_pts"">64</td><td class=""left"" csk=""PHW.194711130PHW"" data-stat=""home_team_name""><a href=""/teams/PHW/1948.html"">Philadelphia Warriors</a></td><td class=""right"" data-stat=""home_pts"">79</td><td class=""center"" data-stat=""box_score_text""><a href=""/boxscores/194711130PHW.html"">Box Score</a></td><td class=""center iz"" data-stat=""overtimes""></td><td class=""right iz"" data-stat=""attendance""></td><td class=""left iz"" data-stat=""game_remarks""></td></tr>"
11,"<tr><th class=""left"" csk=""194711140BOS"" data-stat=""date_game"" scope=""row""><a href=""/boxscores/index.fcgi?month=11&amp;day=14&amp;year=1947"">Fri, Nov 14, 1947</a></th><td class=""left"" csk=""PHW.194711140BOS"" data-stat=""visitor_team_name""><a href=""/teams/PHW/1948.html"">Philadelphia Warriors</a></td><td class=""right"" data-stat=""visitor_pts"">79</td><td class=""left"" csk=""BOS.194711140BOS"" data-stat=""home_team_name""><a href=""/teams/BOS/1948.html"">Boston Celtics</a></td><td class=""right"" data-stat=""home_pts"">74</td><td class=""center"" data-stat=""box_score_text""><a href=""/boxscores/194711140BOS.html"">Box Score</a></td><td class=""center iz"" data-stat=""overtimes""></td><td class=""right iz"" data-stat=""attendance""></td><td class=""left iz"" data-stat=""game_remarks""></td></tr>"
13,"<tr><th class=""left"" csk=""194711150PRO"" data-stat=""date_game"" scope=""row""><a href=""/boxscores/index.fcgi?month=11&amp;day=15&amp;year=1947"">Sat, Nov 15, 1947</a></th><td class=""left"" csk=""PHW.194711150PRO"" data-stat=""visitor_team_name""><a href=""/teams/PHW/1948.html"">Philadelphia Warriors</a></td><td class=""right"" data-stat=""visitor_pts"">80</td><td class=""left"" csk=""PRO.194711150PRO"" data-stat=""home_team_name""><a href=""/teams/PRO/1948.html"">Providence Steamrollers</a></td><td class=""right"" data-stat=""home_pts"">78</td><td class=""center"" data-stat=""box_score_text""><a href=""/boxscores/194711150PRO.html"">Box Score</a></td><td class=""center iz"" data-stat=""overtimes""></td><td class=""right iz"" data-stat=""attendance""></td><td class=""left iz"" data-stat=""game_remarks""></td></tr>"
15,"<tr><th class=""left"" csk=""194711150NYK"" data-stat=""date_game"" scope=""row""><a href=""/boxscores/index.fcgi?month=11&amp;day=15&amp;year=1947"">Sat, Nov 15, 1947</a></th><td class=""left"" csk=""STB.194711150NYK"" data-stat=""visitor_team_name""><a href=""/teams/STB/1948.html"">St. Louis Bombers</a></td><td class=""right"" data-stat=""visitor_pts"">67</td><td class=""left"" csk=""NYK.194711150NYK"" data-stat=""home_team_name""><a href=""/teams/NYK/1948.html"">New York Knicks</a></td><td class=""right"" data-stat=""home_pts"">73</td><td class=""center"" data-stat=""box_score_text""><a href=""/boxscores/194711150NYK.html"">Box Score</a></td><td class=""center iz"" data-stat=""overtimes""></td><td class=""right iz"" data-stat=""attendance""></td><td class=""left iz"" data-stat=""game_remarks""></td></tr>"
17,"<tr><th class=""left"" csk=""194711150CHS"" data-stat=""date_game"" scope=""row""><a href=""/boxscores/index.fcgi?month=11&amp;day=15&amp;year=1947"">Sat, Nov 15, 1947</a></th><td class=""left"" csk=""BLB.194711150CHS"" data-stat=""visitor_team_name""><a href=""/teams/BLB/1948.html"">Baltimore Bullets</a></td><td class=""right"" data-stat=""visitor_pts"">67</td><td class=""left"" csk=""CHS.194711150CHS"" data-stat=""home_team_name""><a href=""/teams/CHS/1948.html"">Chicago Stags</a></td><td class=""right"" data-stat=""home_pts"">63</td><td class=""center"" data-stat=""box_score_text""><a href=""/boxscores/194711150CHS.html"">Box Score</a></td><td class=""center iz"" data-stat=""overtimes""></td><td class=""right iz"" data-stat=""attendance""></td><td class=""left iz"" data-stat=""game_remarks""></td></tr>"
19,"<tr><th class=""left"" csk=""194711150BOS"" data-stat=""date_game"" scope=""row""><a href=""/boxscores/index.fcgi?month=11&amp;day=15&amp;year=1947"">Sat, Nov 15, 1947</a></th><td class=""left"" csk=""WSC.194711150BOS"" data-stat=""visitor_team_name""><a href=""/teams/WSC/1948.html"">Washington Capitols</a></td><td class=""right"" data-stat=""visitor_pts"">69</td><td class=""left"" csk=""BOS.194711150BOS"" data-stat=""home_team_name""><a href=""/teams/BOS/1948.html"">Boston Celtics</a></td><td class=""right"" data-stat=""home_pts"">73</td><td class=""center"" data-stat=""box_score_text""><a href=""/boxscores/194711150BOS.html"">Box Score</a></td><td class=""center iz"" data-stat=""overtimes""></td><td class=""right iz"" data-stat=""attendance""></td><td class=""left iz"" data-stat=""game_remarks""></td></tr>"
21,"<tr><th class=""left"" csk=""194711180BOS"" data-stat=""date_game"" scope=""row""><a href=""/boxscores/index.fcgi?month=11&amp;day=18&amp;year=1947"">Tue, Nov 18, 1947</a></th><td class=""left"" csk=""STB.194711180BOS"" data-stat=""visitor_team_name""><a href=""/teams/STB/1948.html"">St. Louis Bombers</a></td><td class=""right"" data-stat=""visitor_pts"">65</td><td class=""left"" csk=""BOS.194711180BOS"" data-stat=""home_team_name""><a href=""/teams/BOS/1948.html"">Boston Celtics</a></td><td class=""right"" data-stat=""home_pts"">50</td><td class=""center"" data-stat=""box_score_text""><a href=""/boxscores/194711180BOS.html"">Box Score</a></td><td class=""center iz"" data-stat=""overtimes""></td><td class=""right iz"" data-stat=""attendance""></td><td class=""left iz"" data-stat=""game_remarks""></td></tr>"
23,"<tr><th class=""left"" csk=""194711180PRO"" data-stat=""date_game"" scope=""row""><a href=""/boxscores/index.fcgi?month=11&amp;day=18&amp;year=1947"">Tue, Nov 18, 1947</a></th><td class=""left"" csk=""NYK.194711180PRO"" data-stat=""visitor_team_name""><a href=""/teams/NYK/1948.html"">New York Knicks</a></td><td class=""right"" data-stat=""visitor_pts"">87</td><td class=""left"" csk=""PRO.194711180PRO"" data-stat=""home_team_name""><a href=""/teams/PRO/1948.html"">Providence Steamrollers</a></td><td class=""right"" data-stat=""home_pts"">69</td><td class=""center"" data-stat=""box_score_text""><a href=""/boxscores/194711180PRO.html"">Box Score</a></td><td class=""center iz"" data-stat=""overtimes""></td><td class=""right iz"" data-stat=""attendance""></td><td class=""left iz"" data-stat=""game_remarks""></td></tr>"
25,"<tr><th class=""left"" csk=""194711190NYK"" data-stat=""date_game"" scope=""row""><a href=""/boxscores/index.fcgi?month=11&amp;day=19&amp;year=1947"">Wed, Nov 19, 1947</a></th><td class=""left"" csk=""CHS.194711190NYK"" data-stat=""visitor_team_name""><a href=""/teams/CHS/1948.html"">Chicago Stags</a></td><td class=""right"" data-stat=""visitor_pts"">81</td><td class=""left"" csk=""NYK.194711190NYK"" data-stat=""home_team_name""><a href=""/teams/NYK/1948.html"">New York Knicks</a></td><td class=""right"" data-stat=""home_pts"">63</td><td class=""center"" data-stat=""box_score_text""><a href=""/boxscores/194711190NYK.html"">Box Score</a></td><td class=""center iz"" data-stat=""overtimes""></td><td class=""right iz"" data-stat=""attendance""></td><td class=""left iz"" data-stat=""game_remarks""></td></tr>"
27,"<tr><th class=""left"" csk=""194711190WSC"" data-stat=""date_game"" scope=""row""><a href=""/boxscores/index.fcgi?month=11&amp;day=19&amp;year=1947"">Wed, Nov 19, 1947</a></th><td class=""left"" csk=""PHW.194711190WSC"" data-stat=""visitor_team_name""><a href=""/teams/PHW/1948.html"">Philadelphia Warriors</a></td><td class=""right"" data-stat=""visitor_pts"">67</td><td class=""left"" csk=""WSC.194711190WSC"" data-stat=""home_team_name""><a href=""/teams/WSC/1948.html"">Washington Capitols</a></td><td class=""right"" data-stat=""home_pts"">74</td><td class=""center"" data-stat=""box_score_text""><a href=""/boxscores/194711190WSC.html"">Box Score</a></td><td class=""center iz"" data-stat=""overtimes""></td><td class=""right iz"" data-stat=""attendance""></td><td class=""left iz"" data-stat=""game_remarks""></td></tr>"
29,"<tr><th class=""left"" csk=""194711200STB"" data-stat=""date_game"" scope=""row""><a href=""/boxscores/index.fcgi?month=11&amp;day=20&amp;year=1947"">Thu, Nov 20, 1947</a></th><td class=""left"" csk=""PRO.194711200STB"" data-stat=""visitor_team_name""><a href=""/teams/PRO/1948.html"">Providence Steamrollers</a></td><td class=""right"" data-stat=""visitor_pts"">67</td><td class=""left"" csk=""STB.194711200STB"" data-stat=""home_team_name""><a href=""/teams/STB/1948.html"">St. Louis Bombers</a></td><td class=""right"" data-stat=""home_pts"">73</td><td class=""center"" data-stat=""box_score_text""><a href=""/boxscores/194711200STB.html"">Box Score</a></td><td class=""center iz"" data-stat=""overtimes""></td><td class=""right iz"" data-stat=""attendance""></td><td class=""left iz"" data-stat=""game_remarks""></td></tr>"
31,"<tr><th class=""left"" csk=""194711200PHW"" data-stat=""date_game"" scope=""row""><a href=""/boxscores/index.fcgi?month=11&amp;day=20&amp;year=1947"">Thu, Nov 20, 1947</a></th><td class=""left"" csk=""BOS.194711200PHW"" data-stat=""visitor_team_name""><a href=""/teams/BOS/1948.html"">Boston Celtics</a></td><td class=""right"" data-stat=""visitor_pts"">67</td><td class=""left"" csk=""PHW.194711200PHW"" data-stat=""home_team_name""><a href=""/teams/PHW/1948.html"">Philadelphia Warriors</a></td><td class=""right"" data-stat=""home_pts"">57</td><td class=""center"" data-stat=""box_score_text""><a href=""/boxscores/194711200PHW.html"">Box Score</a></td><td class=""center iz"" data-stat=""overtimes""></td><td class=""right iz"" data-stat=""attendance""></td><td class=""left iz"" data-stat=""game_remarks""></td></tr>"
33,"<tr><th class=""left"" csk=""194711200CHS"" data-stat=""date_game"" scope=""row""><a href=""/boxscores/index.fcgi?month=11&amp;day=20&amp;year=1947"">Thu, Nov 20, 1947</a></th><td class=""left"" csk=""WSC.194711200CHS"" data-stat=""visitor_team_name""><a href=""/teams/WSC/1948.html"">Washington Capitols</a></td><td class=""right"" data-stat=""visitor_pts"">77</td><td class=""left"" csk=""CHS.194711200CHS"" data-stat=""home_team_name""><a href=""/teams/CHS/1948.html"">Chicago Stags</a></td><td class=""right"" data-stat=""home_pts"">81</td><td class=""center"" data-stat=""box_score_text""><a href=""/boxscores/194711200CHS.html"">Box Score</a></td><td class=""center iz"" data-stat=""overtimes""></td><td class=""right iz"" data-stat=""attendance""></td><td class=""left iz"" data-stat=""game_remarks""></td></tr>"
35,"<tr><th class=""left"" csk=""194711200BLB"" data-stat=""date_game"" scope=""row""><a href=""/boxscores/index.fcgi?month=11&amp;day=20&amp;year=1947"">Thu, Nov 20, 1947</a></th><td class=""left"" csk=""NYK.194711200BLB"" data-stat=""visitor_team_name""><a href=""/teams/NYK/1948.html"">New York Knicks</a></td><td class=""right"" data-stat=""visitor_pts"">56</td><td class=""left"" csk=""BLB.194711200BLB"" data-stat=""home_team_name""><a href=""/teams/BLB/1948.html"">Baltimore Bullets</a></td><td class=""right"" data-stat=""home_pts"">68</td><td class=""center"" data-stat=""box_score_text""><a href=""/boxscores/194711200BLB.html"">Box Score</a></td><td class=""center iz"" data-stat=""overtimes""></td><td class=""right iz"" data-stat=""attendance""></td><td class=""left iz"" data-stat=""game_remarks""></td></tr>"
37,"<tr><th class=""left"" csk=""194711210BOS"" data-stat=""date_game"" scope=""row""><a href=""/boxscores/index.fcgi?month=11&amp;day=21&amp;year=1947"">Fri, Nov 21, 1947</a></th><td class=""left"" csk=""BLB.194711210BOS"" data-stat=""visitor_team_name""><a href=""/teams/BLB/1948.html"">Baltimore Bullets</a></td><td class=""right"" data-stat=""visitor_pts"">89</td><td class=""left"" csk=""BOS.194711210BOS"" data-stat=""home_team_name""><a href=""/teams/BOS/1948.html"">Boston Celtics</a></td><td class=""right"" data-stat=""home_pts"">73</td><td class=""center"" data-stat=""box_score_text""><a href=""/boxscores/194711210BOS.html"">Box Score</a></td><td class=""center iz"" data-stat=""overtimes""></td><td class=""right iz"" data-stat=""attendance""></td><td class=""left iz"" data-stat=""game_remarks""></td></tr>"
39,"<tr><th class=""left"" csk=""194711220BLB"" data-stat=""date_game"" scope=""row""><a href=""/boxscores/index.fcgi?month=11&amp;day=22&amp;year=1947"">Sat, Nov 22, 1947</a></th><td class=""left"" csk=""CHS.194711220BLB"" data-stat=""visitor_team_name""><a href=""/teams/CHS/1948.html"">Chicago Stags</a></td><td class=""right"" data-stat=""visitor_pts"">72</td><td class=""left"" csk=""BLB.194711220BLB"" data-stat=""home_team_name""><a href=""/teams/BLB/1948.html"">Baltimore Bullets</a></td><td class=""right"" data-stat=""home_pts"">75</td><td class=""center"" data-stat=""box_score_text""><a href=""/boxscores/194711220BLB.html"">Box Score</a></td><td class=""center iz"" data-stat=""overtimes""></td><td class=""right iz"" data-stat=""attendance""></td><td class=""left iz"" data-stat=""game_remarks""></td></tr>"
41,"<tr><th class=""left"" csk=""194711220BOS"" data-stat=""date_game"" scope=""row""><a href=""/boxscores/index.fcgi?month=11&amp;day=22&amp;year=1947"">Sat, Nov 22, 1947</a></th><td class=""left"" csk=""PRO.194711220BOS"" data-stat=""visitor_team_name""><a href=""/teams/PRO/1948.html"">Providence Steamrollers</a></td><td class=""right"" data-stat=""visitor_pts"">62</td><td class=""left"" csk=""BOS.194711220BOS"" data-stat=""home_team_name""><a href=""/teams/BOS/1948.html"">Boston Celtics</a></td><td class=""right"" data-stat=""home_pts"">65</td><td class=""center"" data-stat=""box_score_text""><a href=""/boxscores/194711220BOS.html"">Box Score</a></td><td class=""center iz"" data-stat=""overtimes""></td><td class=""right iz"" data-stat=""attendance""></td><td class=""left iz"" data-stat=""game_remarks""></td></tr>"
43,"<tr><th class=""left"" csk=""194711220NYK"" data-stat=""date_game"" scope=""row""><a href=""/boxscores/index.fcgi?month=11&amp;day=22&amp;year=1947"">Sat, Nov 22, 1947</a></th><td class=""left"" csk=""PHW.194711220NYK"" data-stat=""visitor_team_name""><a href=""/teams/PHW/1948.html"">Philadelphia Warriors</a></td><td class=""right"" data-stat=""visitor_pts"">83</td><td class=""left"" csk=""NYK.194711220NYK"" data-stat=""home_team_name""><a href=""/teams/NYK/1948.html"">New York Knicks</a></td><td class=""right"" data-stat=""home_pts"">78</td><td class=""center"" data-stat=""box_score_text""><a href=""/boxscores/194711220NYK.html"">Box Score</a></td><td class=""center iz"" data-stat=""overtimes""></td><td class=""right iz"" data-stat=""attendance""></td><td class=""left iz"" data-stat=""game_remarks""></td></tr>"
45,"<tr><th class=""left"" csk=""194711220STB"" data-stat=""date_game"" scope=""row""><a href=""/boxscores/index.fcgi?month=11&amp;day=22&amp;year=1947"">Sat, Nov 22, 1947</a></th><td class=""left"" csk=""WSC.194711220STB"" data-stat=""visitor_team_name""><a href=""/teams/WSC/1948.html"">Washington Capitols</a></td><td class=""right"" data-stat=""visitor_pts"">62</td><td class=""left"" csk=""STB.194711220STB"" data-stat=""home_team_name""><a href=""/teams/STB/1948.html"">St. Louis Bombers</a></td><td class=""right"" data-stat=""home_pts"">70</td><td class=""center"" data-stat=""box_score_text""><a href=""/boxscores/194711220STB.html"">Box Score</a></td><td class=""center iz"" data-stat=""overtimes""></td><td class=""right iz"" data-stat=""attendance""></td><td class=""left iz"" data-stat=""game_remarks""></td></tr>"
47,"<tr><th class=""left"" csk=""194711250BOS"" data-stat=""date_game"" scope=""row""><a href=""/boxscores/index.fcgi?month=11&amp;day=25&amp;year=1947"">Tue, Nov 25, 1947</a></th><td class=""left"" csk=""NYK.194711250BOS"" data-stat=""visitor_team_name""><a href=""/teams/NYK/1948.html"">New York Knicks</a></td><td class=""right"" data-stat=""visitor_pts"">91</td><td class=""left"" csk=""BOS.194711250BOS"" data-stat=""home_team_name""><a href=""/teams/BOS/1948.html"">Boston Celtics</a></td><td class=""right"" data-stat=""home_pts"">75</td><td class=""center"" data-stat=""box_score_text""><a href=""/boxscores/194711250BOS.html"">Box Score</a></td><td class=""center iz"" data-stat=""overtimes""></td><td class=""right iz"" data-stat=""attendance""></td><td class=""left iz"" data-stat=""game_remarks""></td></tr>"
49,"<tr><th class=""left"" csk=""194711260WSC"" data-stat=""date_game"" scope=""row""><a href=""/boxscores/index.fcgi?month=11&amp;day=26&amp;year=1947"">Wed, Nov 26, 1947</a></th><td class=""left"" csk=""STB.194711260WSC"" data-stat=""visitor_team_name""><a href=""/teams/STB/1948.html"">St. Louis Bombers</a></td><td class=""right"" data-stat=""visitor_pts"">64</td><td class=""left"" csk=""WSC.194711260WSC"" data-stat=""home_team_name""><a href=""/teams/WSC/1948.html"">Washington Capitols</a></td><td class=""right"" data-stat=""home_pts"">83</td><td class=""center"" data-stat=""box_score_text""><a href=""/boxscores/194711260WSC.html"">Box Score</a></td><td class=""center iz"" data-stat=""overtimes""></td><td class=""right iz"" data-stat=""attendance""></td><td class=""left iz"" data-stat=""game_remarks""></td></tr>"
51,"<tr><th class=""left"" csk=""194711260NYK"" data-stat=""date_game"" scope=""row""><a href=""/boxscores/index.fcgi?month=11&amp;day=26&amp;year=1947"">Wed, Nov 26, 1947</a></th><td class=""left"" csk=""BOS.194711260NYK"" data-stat=""visitor_team_name""><a href=""/teams/BOS/1948.html"">Boston Celtics</a></td><td class=""right"" data-stat=""visitor_pts"">65</td><td class=""left"" csk=""NYK.194711260NYK"" data-stat=""home_team_name""><a href=""/teams/NYK/1948.html"">New York Knicks</a></td><td class=""right"" data-stat=""home_pts"">63</td><td class=""center"" data-stat=""box_score_text""><a href=""/boxscores/194711260NYK.html"">Box Score</a></td><td class=""center iz"" data-stat=""overtimes""></td><td class=""right iz"" data-stat=""attendance""></td><td class=""left iz"" data-stat=""game_remarks""></td></tr>"
53,"<tr><th class=""left"" csk=""194711270PHW"" data-stat=""date_game"" scope=""row""><a href=""/boxscores/index.fcgi?month=11&amp;day=27&amp;year=1947"">Thu, Nov 27, 1947</a></th><td class=""left"" csk=""NYK.194711270PHW"" data-stat=""visitor_team_name""><a href=""/teams/NYK/1948.html"">New York Knicks</a></td><td class=""right"" data-stat=""visitor_pts"">81</td><td class=""left"" csk=""PHW.194711270PHW"" data-stat=""home_team_name""><a href=""/teams/PHW/1948.html"">Philadelphia Warriors</a></td><td class=""right"" data-stat=""home_pts"">59</td><td class=""center"" data-stat=""box_score_text""><a href=""/boxscores/194711270PHW.html"">Box Score</a></td><td class=""center iz"" data-stat=""overtimes""></td><td class=""right iz"" data-stat=""attendance""></td><td class=""left iz"" data-stat=""game_remarks""></td></tr>"
55,"<tr><th class=""left"" csk=""194711270PRO"" data-stat=""date_game"" scope=""row""><a href=""/boxscores/index.fcgi?month=11&amp;day=27&amp;year=1947"">Thu, Nov 27, 1947</a></th><td class=""left"" csk=""BLB.194711270PRO"" data-stat=""visitor_team_name""><a href=""/teams/BLB/1948.html"">Baltimore Bullets</a></td><td class=""right"" data-stat=""visitor_pts"">76</td><td class=""left"" csk=""PRO.194711270PRO"" data-stat=""home_team_name""><a href=""/teams/PRO/1948.html"">Providence Steamrollers</a></td><td class=""right"" data-stat=""home_pts"">61</td><td class=""center"" data-stat=""box_score_text""><a href=""/boxscores/194711270PRO.html"">Box Score</a></td><td class=""center iz"" data-stat=""overtimes""></td><td class=""right iz"" data-stat=""attendance""></td><td class=""left iz"" data-stat=""game_remarks""></td></tr>"
57,"<tr><th class=""left"" csk=""194711280BOS"" data-stat=""date_game"" scope=""row""><a href=""/boxscores/index.fcgi?month=11&amp;day=28&amp;year=1947"">Fri, Nov 28, 1947</a></th><td class=""left"" csk=""WSC.194711280BOS"" data-stat=""visitor_team_name""><a href=""/teams/WSC/1948.html"">Washington Capitols</a></td><td class=""right"" data-stat=""visitor_pts"">83</td><td class=""left"" csk=""BOS.194711280BOS"" data-stat=""home_team_name""><a href=""/teams/BOS/1948.html"">Boston Celtics</a></td><td class=""right"" data-stat=""home_pts"">92</td><td class=""center"" data-stat=""box_score_text""><a href=""/boxscores/194711280BOS.html"">Box Score</a></td><td class=""center iz"" data-stat=""overtimes""></td><td class=""right iz"" data-stat=""attendance""></td><td class=""left iz"" data-stat=""game_remarks""></td></tr>"
59,"<tr><th class=""left"" csk=""194711280CHS"" data-stat=""date_game"" scope=""row""><a href=""/boxscores/index.fcgi?month=11&amp;day=28&amp;year=1947"">Fri, Nov 28, 1947</a></th><td class=""left"" csk=""PHW.194711280CHS"" data-stat=""visitor_team_name""><a href=""/teams/PHW/1948.html"">Philadelphia Warriors</a></td><td class=""right"" data-stat=""visitor_pts"">71</td><td class=""left"" csk=""CHS.194711280CHS"" data-stat=""home_team_name""><a href=""/teams/CHS/1948.html"">Chicago Stags</a></td><td class=""right"" data-stat=""home_pts"">75</td><td class=""center"" data-stat=""box_score_text""><a href=""/boxscores/194711280CHS.html"">Box Score</a></td><td class=""center iz"" data-stat=""overtimes""></td><td class=""right iz"" data-stat=""attendance""></td><td class=""left iz"" data-stat=""game_remarks""></td></tr>"
61,"<tr><th class=""left"" csk=""194711290STB"" data-stat=""date_game"" scope=""row""><a href=""/boxscores/index.fcgi?month=11&amp;day=29&amp;year=1947"">Sat, Nov 29, 1947</a></th><td class=""left"" csk=""BLB.194711290STB"" data-stat=""visitor_team_name""><a href=""/teams/BLB/1948.html"">Baltimore Bullets</a></td><td class=""right"" data-stat=""visitor_pts"">71</td><td class=""left"" csk=""STB.194711290STB"" data-stat=""home_team_name""><a href=""/teams/STB/1948.html"">St. Louis Bombers</a></td><td class=""right"" data-stat=""home_pts"">67</td><td class=""center"" data-stat=""box_score_text""><a href=""/boxscores/194711290STB.html"">Box Score</a></td><td class=""center iz"" data-stat=""overtimes""></td><td class=""right iz"" data-stat=""attendance""></td><td class=""left iz"" data-stat=""game_remarks""></td></tr>"
63,"<tr><th class=""left"" csk=""194711290WSC"" data-stat=""date_game"" scope=""row""><a href=""/boxscores/index.fcgi?month=11&amp;day=29&amp;year=1947"">Sat, Nov 29, 1947</a></th><td class=""left"" csk=""PRO.194711290WSC"" data-stat=""visitor_team_name""><a href=""/teams/PRO/1948.html"">Providence Steamrollers</a></td><td class=""right"" data-stat=""visitor_pts"">85</td><td class=""left"" csk=""WSC.194711290WSC"" data-stat=""home_team_name""><a href=""/teams/WSC/1948.html"">Washington Capitols</a></td><td class=""right"" data-stat=""home_pts"">78</td><td class=""center"" data-stat=""box_score_text""><a href=""/boxscores/194711290WSC.html"">Box Score</a></td><td class=""center iz"" data-stat=""overtimes""></td><td class=""right iz"" data-stat=""attendance""></td><td class=""left iz"" data-stat=""game_remarks""></td></tr>"
