,0
1,"<tr><th class=""left"" csk=""194812010FTW"" data-stat=""date_game"" scope=""row""><a href=""/boxscores/index.fcgi?month=12&amp;day=1&amp;year=1948"">Wed, Dec 1, 1948</a></th><td class=""left"" csk=""MNL.194812010FTW"" data-stat=""visitor_team_name""><a href=""/teams/MNL/1949.html"">Minneapolis Lakers</a></td><td class=""right"" data-stat=""visitor_pts"">74</td><td class=""left"" csk=""FTW.194812010FTW"" data-stat=""home_team_name""><a href=""/teams/FTW/1949.html"">Fort Wayne Pistons</a></td><td class=""right"" data-stat=""home_pts"">84</td><td class=""center"" data-stat=""box_score_text""><a href=""/boxscores/194812010FTW.html"">Box Score</a></td><td class=""center iz"" data-stat=""overtimes""></td><td class=""right iz"" data-stat=""attendance""></td><td class=""left iz"" data-stat=""game_remarks""></td></tr>"
3,"<tr><th class=""left"" csk=""194812010NYK"" data-stat=""date_game"" scope=""row""><a href=""/boxscores/index.fcgi?month=12&amp;day=1&amp;year=1948"">Wed, Dec 1, 1948</a></th><td class=""left"" csk=""ROC.194812010NYK"" data-stat=""visitor_team_name""><a href=""/teams/ROC/1949.html"">Rochester Royals</a></td><td class=""right"" data-stat=""visitor_pts"">73</td><td class=""left"" csk=""NYK.194812010NYK"" data-stat=""home_team_name""><a href=""/teams/NYK/1949.html"">New York Knicks</a></td><td class=""right"" data-stat=""home_pts"">72</td><td class=""center"" data-stat=""box_score_text""><a href=""/boxscores/194812010NYK.html"">Box Score</a></td><td class=""center iz"" data-stat=""overtimes""></td><td class=""right iz"" data-stat=""attendance""></td><td class=""left iz"" data-stat=""game_remarks""></td></tr>"
5,"<tr><th class=""left"" csk=""194812010STB"" data-stat=""date_game"" scope=""row""><a href=""/boxscores/index.fcgi?month=12&amp;day=1&amp;year=1948"">Wed, Dec 1, 1948</a></th><td class=""left"" csk=""CHS.194812010STB"" data-stat=""visitor_team_name""><a href=""/teams/CHS/1949.html"">Chicago Stags</a></td><td class=""right"" data-stat=""visitor_pts"">61</td><td class=""left"" csk=""STB.194812010STB"" data-stat=""home_team_name""><a href=""/teams/STB/1949.html"">St. Louis Bombers</a></td><td class=""right"" data-stat=""home_pts"">72</td><td class=""center"" data-stat=""box_score_text""><a href=""/boxscores/194812010STB.html"">Box Score</a></td><td class=""center iz"" data-stat=""overtimes""></td><td class=""right iz"" data-stat=""attendance""></td><td class=""left iz"" data-stat=""game_remarks""></td></tr>"
7,"<tr><th class=""left"" csk=""194812010WSC"" data-stat=""date_game"" scope=""row""><a href=""/boxscores/index.fcgi?month=12&amp;day=1&amp;year=1948"">Wed, Dec 1, 1948</a></th><td class=""left"" csk=""PRO.194812010WSC"" data-stat=""visitor_team_name""><a href=""/teams/PRO/1949.html"">Providence Steamrollers</a></td><td class=""right"" data-stat=""visitor_pts"">63</td><td class=""left"" csk=""WSC.194812010WSC"" data-stat=""home_team_name""><a href=""/teams/WSC/1949.html"">Washington Capitols</a></td><td class=""right"" data-stat=""home_pts"">75</td><td class=""center"" data-stat=""box_score_text""><a href=""/boxscores/194812010WSC.html"">Box Score</a></td><td class=""center iz"" data-stat=""overtimes""></td><td class=""right iz"" data-stat=""attendance""></td><td class=""left iz"" data-stat=""game_remarks""></td></tr>"
9,"<tr><th class=""left"" csk=""194812020PRO"" data-stat=""date_game"" scope=""row""><a href=""/boxscores/index.fcgi?month=12&amp;day=2&amp;year=1948"">Thu, Dec 2, 1948</a></th><td class=""left"" csk=""WSC.194812020PRO"" data-stat=""visitor_team_name""><a href=""/teams/WSC/1949.html"">Washington Capitols</a></td><td class=""right"" data-stat=""visitor_pts"">66</td><td class=""left"" csk=""PRO.194812020PRO"" data-stat=""home_team_name""><a href=""/teams/PRO/1949.html"">Providence Steamrollers</a></td><td class=""right"" data-stat=""home_pts"">61</td><td class=""center"" data-stat=""box_score_text""><a href=""/boxscores/194812020PRO.html"">Box Score</a></td><td class=""center iz"" data-stat=""overtimes""></td><td class=""right iz"" data-stat=""attendance""></td><td class=""left iz"" data-stat=""game_remarks""></td></tr>"
11,"<tr><th class=""left"" csk=""194812020PHW"" data-stat=""date_game"" scope=""row""><a href=""/boxscores/index.fcgi?month=12&amp;day=2&amp;year=1948"">Thu, Dec 2, 1948</a></th><td class=""left"" csk=""BOS.194812020PHW"" data-stat=""visitor_team_name""><a href=""/teams/BOS/1949.html"">Boston Celtics</a></td><td class=""right"" data-stat=""visitor_pts"">88</td><td class=""left"" csk=""PHW.194812020PHW"" data-stat=""home_team_name""><a href=""/teams/PHW/1949.html"">Philadelphia Warriors</a></td><td class=""right"" data-stat=""home_pts"">87</td><td class=""center"" data-stat=""box_score_text""><a href=""/boxscores/194812020PHW.html"">Box Score</a></td><td class=""center iz"" data-stat=""overtimes""></td><td class=""right iz"" data-stat=""attendance""></td><td class=""left iz"" data-stat=""game_remarks""></td></tr>"
13,"<tr><th class=""left"" csk=""194812020BLB"" data-stat=""date_game"" scope=""row""><a href=""/boxscores/index.fcgi?month=12&amp;day=2&amp;year=1948"">Thu, Dec 2, 1948</a></th><td class=""left"" csk=""INJ.194812020BLB"" data-stat=""visitor_team_name""><a href=""/teams/INJ/1949.html"">Indianapolis Jets</a></td><td class=""right"" data-stat=""visitor_pts"">78</td><td class=""left"" csk=""BLB.194812020BLB"" data-stat=""home_team_name""><a href=""/teams/BLB/1949.html"">Baltimore Bullets</a></td><td class=""right"" data-stat=""home_pts"">90</td><td class=""center"" data-stat=""box_score_text""><a href=""/boxscores/194812020BLB.html"">Box Score</a></td><td class=""center iz"" data-stat=""overtimes""></td><td class=""right iz"" data-stat=""attendance""></td><td class=""left iz"" data-stat=""game_remarks""></td></tr>"
15,"<tr><th class=""left"" csk=""194812040WSC"" data-stat=""date_game"" scope=""row""><a href=""/boxscores/index.fcgi?month=12&amp;day=4&amp;year=1948"">Sat, Dec 4, 1948</a></th><td class=""left"" csk=""BLB.194812040WSC"" data-stat=""visitor_team_name""><a href=""/teams/BLB/1949.html"">Baltimore Bullets</a></td><td class=""right"" data-stat=""visitor_pts"">82</td><td class=""left"" csk=""WSC.194812040WSC"" data-stat=""home_team_name""><a href=""/teams/WSC/1949.html"">Washington Capitols</a></td><td class=""right"" data-stat=""home_pts"">83</td><td class=""center"" data-stat=""box_score_text""><a href=""/boxscores/194812040WSC.html"">Box Score</a></td><td class=""center iz"" data-stat=""overtimes""></td><td class=""right iz"" data-stat=""attendance""></td><td class=""left iz"" data-stat=""game_remarks""></td></tr>"
17,"<tr><th class=""left"" csk=""194812040STB"" data-stat=""date_game"" scope=""row""><a href=""/boxscores/index.fcgi?month=12&amp;day=4&amp;year=1948"">Sat, Dec 4, 1948</a></th><td class=""left"" csk=""FTW.194812040STB"" data-stat=""visitor_team_name""><a href=""/teams/FTW/1949.html"">Fort Wayne Pistons</a></td><td class=""right"" data-stat=""visitor_pts"">62</td><td class=""left"" csk=""STB.194812040STB"" data-stat=""home_team_name""><a href=""/teams/STB/1949.html"">St. Louis Bombers</a></td><td class=""right"" data-stat=""home_pts"">76</td><td class=""center"" data-stat=""box_score_text""><a href=""/boxscores/194812040STB.html"">Box Score</a></td><td class=""center iz"" data-stat=""overtimes""></td><td class=""right iz"" data-stat=""attendance""></td><td class=""left iz"" data-stat=""game_remarks""></td></tr>"
19,"<tr><th class=""left"" csk=""194812040ROC"" data-stat=""date_game"" scope=""row""><a href=""/boxscores/index.fcgi?month=12&amp;day=4&amp;year=1948"">Sat, Dec 4, 1948</a></th><td class=""left"" csk=""PHW.194812040ROC"" data-stat=""visitor_team_name""><a href=""/teams/PHW/1949.html"">Philadelphia Warriors</a></td><td class=""right"" data-stat=""visitor_pts"">101</td><td class=""left"" csk=""ROC.194812040ROC"" data-stat=""home_team_name""><a href=""/teams/ROC/1949.html"">Rochester Royals</a></td><td class=""right"" data-stat=""home_pts"">105</td><td class=""center"" data-stat=""box_score_text""><a href=""/boxscores/194812040ROC.html"">Box Score</a></td><td class=""center"" data-stat=""overtimes"">OT</td><td class=""right iz"" data-stat=""attendance""></td><td class=""left iz"" data-stat=""game_remarks""></td></tr>"
21,"<tr><th class=""left"" csk=""194812040PRO"" data-stat=""date_game"" scope=""row""><a href=""/boxscores/index.fcgi?month=12&amp;day=4&amp;year=1948"">Sat, Dec 4, 1948</a></th><td class=""left"" csk=""BOS.194812040PRO"" data-stat=""visitor_team_name""><a href=""/teams/BOS/1949.html"">Boston Celtics</a></td><td class=""right"" data-stat=""visitor_pts"">70</td><td class=""left"" csk=""PRO.194812040PRO"" data-stat=""home_team_name""><a href=""/teams/PRO/1949.html"">Providence Steamrollers</a></td><td class=""right"" data-stat=""home_pts"">63</td><td class=""center"" data-stat=""box_score_text""><a href=""/boxscores/194812040PRO.html"">Box Score</a></td><td class=""center iz"" data-stat=""overtimes""></td><td class=""right iz"" data-stat=""attendance""></td><td class=""left iz"" data-stat=""game_remarks""></td></tr>"
23,"<tr><th class=""left"" csk=""194812040NYK"" data-stat=""date_game"" scope=""row""><a href=""/boxscores/index.fcgi?month=12&amp;day=4&amp;year=1948"">Sat, Dec 4, 1948</a></th><td class=""left"" csk=""INJ.194812040NYK"" data-stat=""visitor_team_name""><a href=""/teams/INJ/1949.html"">Indianapolis Jets</a></td><td class=""right"" data-stat=""visitor_pts"">63</td><td class=""left"" csk=""NYK.194812040NYK"" data-stat=""home_team_name""><a href=""/teams/NYK/1949.html"">New York Knicks</a></td><td class=""right"" data-stat=""home_pts"">66</td><td class=""center"" data-stat=""box_score_text""><a href=""/boxscores/194812040NYK.html"">Box Score</a></td><td class=""center iz"" data-stat=""overtimes""></td><td class=""right iz"" data-stat=""attendance""></td><td class=""left iz"" data-stat=""game_remarks""></td></tr>"
25,"<tr><th class=""left"" csk=""194812040CHS"" data-stat=""date_game"" scope=""row""><a href=""/boxscores/index.fcgi?month=12&amp;day=4&amp;year=1948"">Sat, Dec 4, 1948</a></th><td class=""left"" csk=""MNL.194812040CHS"" data-stat=""visitor_team_name""><a href=""/teams/MNL/1949.html"">Minneapolis Lakers</a></td><td class=""right"" data-stat=""visitor_pts"">100</td><td class=""left"" csk=""CHS.194812040CHS"" data-stat=""home_team_name""><a href=""/teams/CHS/1949.html"">Chicago Stags</a></td><td class=""right"" data-stat=""home_pts"">104</td><td class=""center"" data-stat=""box_score_text""><a href=""/boxscores/194812040CHS.html"">Box Score</a></td><td class=""center"" data-stat=""overtimes"">OT</td><td class=""right iz"" data-stat=""attendance""></td><td class=""left iz"" data-stat=""game_remarks""></td></tr>"
27,"<tr><th class=""left"" csk=""194812050FTW"" data-stat=""date_game"" scope=""row""><a href=""/boxscores/index.fcgi?month=12&amp;day=5&amp;year=1948"">Sun, Dec 5, 1948</a></th><td class=""left"" csk=""CHS.194812050FTW"" data-stat=""visitor_team_name""><a href=""/teams/CHS/1949.html"">Chicago Stags</a></td><td class=""right"" data-stat=""visitor_pts"">88</td><td class=""left"" csk=""FTW.194812050FTW"" data-stat=""home_team_name""><a href=""/teams/FTW/1949.html"">Fort Wayne Pistons</a></td><td class=""right"" data-stat=""home_pts"">79</td><td class=""center"" data-stat=""box_score_text""><a href=""/boxscores/194812050FTW.html"">Box Score</a></td><td class=""center iz"" data-stat=""overtimes""></td><td class=""right iz"" data-stat=""attendance""></td><td class=""left iz"" data-stat=""game_remarks""></td></tr>"
29,"<tr><th class=""left"" csk=""194812050MNL"" data-stat=""date_game"" scope=""row""><a href=""/boxscores/index.fcgi?month=12&amp;day=5&amp;year=1948"">Sun, Dec 5, 1948</a></th><td class=""left"" csk=""STB.194812050MNL"" data-stat=""visitor_team_name""><a href=""/teams/STB/1949.html"">St. Louis Bombers</a></td><td class=""right"" data-stat=""visitor_pts"">68</td><td class=""left"" csk=""MNL.194812050MNL"" data-stat=""home_team_name""><a href=""/teams/MNL/1949.html"">Minneapolis Lakers</a></td><td class=""right"" data-stat=""home_pts"">78</td><td class=""center"" data-stat=""box_score_text""><a href=""/boxscores/194812050MNL.html"">Box Score</a></td><td class=""center iz"" data-stat=""overtimes""></td><td class=""right iz"" data-stat=""attendance""></td><td class=""left iz"" data-stat=""game_remarks""></td></tr>"
31,"<tr><th class=""left"" csk=""194812060BOS"" data-stat=""date_game"" scope=""row""><a href=""/boxscores/index.fcgi?month=12&amp;day=6&amp;year=1948"">Mon, Dec 6, 1948</a></th><td class=""left"" csk=""ROC.194812060BOS"" data-stat=""visitor_team_name""><a href=""/teams/ROC/1949.html"">Rochester Royals</a></td><td class=""right"" data-stat=""visitor_pts"">87</td><td class=""left"" csk=""BOS.194812060BOS"" data-stat=""home_team_name""><a href=""/teams/BOS/1949.html"">Boston Celtics</a></td><td class=""right"" data-stat=""home_pts"">79</td><td class=""center"" data-stat=""box_score_text""><a href=""/boxscores/194812060BOS.html"">Box Score</a></td><td class=""center iz"" data-stat=""overtimes""></td><td class=""right iz"" data-stat=""attendance""></td><td class=""left iz"" data-stat=""game_remarks""></td></tr>"
33,"<tr><th class=""left"" csk=""194812070INJ"" data-stat=""date_game"" scope=""row""><a href=""/boxscores/index.fcgi?month=12&amp;day=7&amp;year=1948"">Tue, Dec 7, 1948</a></th><td class=""left"" csk=""WSC.194812070INJ"" data-stat=""visitor_team_name""><a href=""/teams/WSC/1949.html"">Washington Capitols</a></td><td class=""right"" data-stat=""visitor_pts"">78</td><td class=""left"" csk=""INJ.194812070INJ"" data-stat=""home_team_name""><a href=""/teams/INJ/1949.html"">Indianapolis Jets</a></td><td class=""right"" data-stat=""home_pts"">94</td><td class=""center"" data-stat=""box_score_text""><a href=""/boxscores/194812070INJ.html"">Box Score</a></td><td class=""center iz"" data-stat=""overtimes""></td><td class=""right iz"" data-stat=""attendance""></td><td class=""left iz"" data-stat=""game_remarks""></td></tr>"
35,"<tr><th class=""left"" csk=""194812070ROC"" data-stat=""date_game"" scope=""row""><a href=""/boxscores/index.fcgi?month=12&amp;day=7&amp;year=1948"">Tue, Dec 7, 1948</a></th><td class=""left"" csk=""PRO.194812070ROC"" data-stat=""visitor_team_name""><a href=""/teams/PRO/1949.html"">Providence Steamrollers</a></td><td class=""right"" data-stat=""visitor_pts"">90</td><td class=""left"" csk=""ROC.194812070ROC"" data-stat=""home_team_name""><a href=""/teams/ROC/1949.html"">Rochester Royals</a></td><td class=""right"" data-stat=""home_pts"">89</td><td class=""center"" data-stat=""box_score_text""><a href=""/boxscores/194812070ROC.html"">Box Score</a></td><td class=""center iz"" data-stat=""overtimes""></td><td class=""right iz"" data-stat=""attendance""></td><td class=""left iz"" data-stat=""game_remarks""></td></tr>"
37,"<tr><th class=""left"" csk=""194812080PHW"" data-stat=""date_game"" scope=""row""><a href=""/boxscores/index.fcgi?month=12&amp;day=8&amp;year=1948"">Wed, Dec 8, 1948</a></th><td class=""left"" csk=""BLB.194812080PHW"" data-stat=""visitor_team_name""><a href=""/teams/BLB/1949.html"">Baltimore Bullets</a></td><td class=""right"" data-stat=""visitor_pts"">83</td><td class=""left"" csk=""PHW.194812080PHW"" data-stat=""home_team_name""><a href=""/teams/PHW/1949.html"">Philadelphia Warriors</a></td><td class=""right"" data-stat=""home_pts"">78</td><td class=""center"" data-stat=""box_score_text""><a href=""/boxscores/194812080PHW.html"">Box Score</a></td><td class=""center iz"" data-stat=""overtimes""></td><td class=""right iz"" data-stat=""attendance""></td><td class=""left iz"" data-stat=""game_remarks""></td></tr>"
39,"<tr><th class=""left"" csk=""194812080NYK"" data-stat=""date_game"" scope=""row""><a href=""/boxscores/index.fcgi?month=12&amp;day=8&amp;year=1948"">Wed, Dec 8, 1948</a></th><td class=""left"" csk=""PRO.194812080NYK"" data-stat=""visitor_team_name""><a href=""/teams/PRO/1949.html"">Providence Steamrollers</a></td><td class=""right"" data-stat=""visitor_pts"">74</td><td class=""left"" csk=""NYK.194812080NYK"" data-stat=""home_team_name""><a href=""/teams/NYK/1949.html"">New York Knicks</a></td><td class=""right"" data-stat=""home_pts"">83</td><td class=""center"" data-stat=""box_score_text""><a href=""/boxscores/194812080NYK.html"">Box Score</a></td><td class=""center"" data-stat=""overtimes"">OT</td><td class=""right iz"" data-stat=""attendance""></td><td class=""left iz"" data-stat=""game_remarks""></td></tr>"
41,"<tr><th class=""left"" csk=""194812080MNL"" data-stat=""date_game"" scope=""row""><a href=""/boxscores/index.fcgi?month=12&amp;day=8&amp;year=1948"">Wed, Dec 8, 1948</a></th><td class=""left"" csk=""WSC.194812080MNL"" data-stat=""visitor_team_name""><a href=""/teams/WSC/1949.html"">Washington Capitols</a></td><td class=""right"" data-stat=""visitor_pts"">94</td><td class=""left"" csk=""MNL.194812080MNL"" data-stat=""home_team_name""><a href=""/teams/MNL/1949.html"">Minneapolis Lakers</a></td><td class=""right"" data-stat=""home_pts"">83</td><td class=""center"" data-stat=""box_score_text""><a href=""/boxscores/194812080MNL.html"">Box Score</a></td><td class=""center iz"" data-stat=""overtimes""></td><td class=""right iz"" data-stat=""attendance""></td><td class=""left iz"" data-stat=""game_remarks""></td></tr>"
43,"<tr><th class=""left"" csk=""194812080FTW"" data-stat=""date_game"" scope=""row""><a href=""/boxscores/index.fcgi?month=12&amp;day=8&amp;year=1948"">Wed, Dec 8, 1948</a></th><td class=""left"" csk=""STB.194812080FTW"" data-stat=""visitor_team_name""><a href=""/teams/STB/1949.html"">St. Louis Bombers</a></td><td class=""right"" data-stat=""visitor_pts"">60</td><td class=""left"" csk=""FTW.194812080FTW"" data-stat=""home_team_name""><a href=""/teams/FTW/1949.html"">Fort Wayne Pistons</a></td><td class=""right"" data-stat=""home_pts"">70</td><td class=""center"" data-stat=""box_score_text""><a href=""/boxscores/194812080FTW.html"">Box Score</a></td><td class=""center iz"" data-stat=""overtimes""></td><td class=""right iz"" data-stat=""attendance""></td><td class=""left iz"" data-stat=""game_remarks""></td></tr>"
45,"<tr><th class=""left"" csk=""194812090BLB"" data-stat=""date_game"" scope=""row""><a href=""/boxscores/index.fcgi?month=12&amp;day=9&amp;year=1948"">Thu, Dec 9, 1948</a></th><td class=""left"" csk=""PHW.194812090BLB"" data-stat=""visitor_team_name""><a href=""/teams/PHW/1949.html"">Philadelphia Warriors</a></td><td class=""right"" data-stat=""visitor_pts"">91</td><td class=""left"" csk=""BLB.194812090BLB"" data-stat=""home_team_name""><a href=""/teams/BLB/1949.html"">Baltimore Bullets</a></td><td class=""right"" data-stat=""home_pts"">92</td><td class=""center"" data-stat=""box_score_text""><a href=""/boxscores/194812090BLB.html"">Box Score</a></td><td class=""center iz"" data-stat=""overtimes""></td><td class=""right iz"" data-stat=""attendance""></td><td class=""left iz"" data-stat=""game_remarks""></td></tr>"
47,"<tr><th class=""left"" csk=""194812090PRO"" data-stat=""date_game"" scope=""row""><a href=""/boxscores/index.fcgi?month=12&amp;day=9&amp;year=1948"">Thu, Dec 9, 1948</a></th><td class=""left"" csk=""NYK.194812090PRO"" data-stat=""visitor_team_name""><a href=""/teams/NYK/1949.html"">New York Knicks</a></td><td class=""right"" data-stat=""visitor_pts"">74</td><td class=""left"" csk=""PRO.194812090PRO"" data-stat=""home_team_name""><a href=""/teams/PRO/1949.html"">Providence Steamrollers</a></td><td class=""right"" data-stat=""home_pts"">63</td><td class=""center"" data-stat=""box_score_text""><a href=""/boxscores/194812090PRO.html"">Box Score</a></td><td class=""center iz"" data-stat=""overtimes""></td><td class=""right iz"" data-stat=""attendance""></td><td class=""left iz"" data-stat=""game_remarks""></td></tr>"
49,"<tr><th class=""left"" csk=""194812100STB"" data-stat=""date_game"" scope=""row""><a href=""/boxscores/index.fcgi?month=12&amp;day=10&amp;year=1948"">Fri, Dec 10, 1948</a></th><td class=""left"" csk=""WSC.194812100STB"" data-stat=""visitor_team_name""><a href=""/teams/WSC/1949.html"">Washington Capitols</a></td><td class=""right"" data-stat=""visitor_pts"">83</td><td class=""left"" csk=""STB.194812100STB"" data-stat=""home_team_name""><a href=""/teams/STB/1949.html"">St. Louis Bombers</a></td><td class=""right"" data-stat=""home_pts"">88</td><td class=""center"" data-stat=""box_score_text""><a href=""/boxscores/194812100STB.html"">Box Score</a></td><td class=""center"" data-stat=""overtimes"">OT</td><td class=""right iz"" data-stat=""attendance""></td><td class=""left"" data-stat=""game_remarks"">at Chicago, IL</td></tr>"
51,"<tr><th class=""left"" csk=""194812100ROC"" data-stat=""date_game"" scope=""row""><a href=""/boxscores/index.fcgi?month=12&amp;day=10&amp;year=1948"">Fri, Dec 10, 1948</a></th><td class=""left"" csk=""MNL.194812100ROC"" data-stat=""visitor_team_name""><a href=""/teams/MNL/1949.html"">Minneapolis Lakers</a></td><td class=""right"" data-stat=""visitor_pts"">96</td><td class=""left"" csk=""ROC.194812100ROC"" data-stat=""home_team_name""><a href=""/teams/ROC/1949.html"">Rochester Royals</a></td><td class=""right"" data-stat=""home_pts"">75</td><td class=""center"" data-stat=""box_score_text""><a href=""/boxscores/194812100ROC.html"">Box Score</a></td><td class=""center iz"" data-stat=""overtimes""></td><td class=""right iz"" data-stat=""attendance""></td><td class=""left iz"" data-stat=""game_remarks""></td></tr>"
53,"<tr><th class=""left"" csk=""194812100CHS"" data-stat=""date_game"" scope=""row""><a href=""/boxscores/index.fcgi?month=12&amp;day=10&amp;year=1948"">Fri, Dec 10, 1948</a></th><td class=""left"" csk=""FTW.194812100CHS"" data-stat=""visitor_team_name""><a href=""/teams/FTW/1949.html"">Fort Wayne Pistons</a></td><td class=""right"" data-stat=""visitor_pts"">70</td><td class=""left"" csk=""CHS.194812100CHS"" data-stat=""home_team_name""><a href=""/teams/CHS/1949.html"">Chicago Stags</a></td><td class=""right"" data-stat=""home_pts"">78</td><td class=""center"" data-stat=""box_score_text""><a href=""/boxscores/194812100CHS.html"">Box Score</a></td><td class=""center iz"" data-stat=""overtimes""></td><td class=""right iz"" data-stat=""attendance""></td><td class=""left iz"" data-stat=""game_remarks""></td></tr>"
55,"<tr><th class=""left"" csk=""194812110NYK"" data-stat=""date_game"" scope=""row""><a href=""/boxscores/index.fcgi?month=12&amp;day=11&amp;year=1948"">Sat, Dec 11, 1948</a></th><td class=""left"" csk=""BLB.194812110NYK"" data-stat=""visitor_team_name""><a href=""/teams/BLB/1949.html"">Baltimore Bullets</a></td><td class=""right"" data-stat=""visitor_pts"">71</td><td class=""left"" csk=""NYK.194812110NYK"" data-stat=""home_team_name""><a href=""/teams/NYK/1949.html"">New York Knicks</a></td><td class=""right"" data-stat=""home_pts"">72</td><td class=""center"" data-stat=""box_score_text""><a href=""/boxscores/194812110NYK.html"">Box Score</a></td><td class=""center iz"" data-stat=""overtimes""></td><td class=""right iz"" data-stat=""attendance""></td><td class=""left iz"" data-stat=""game_remarks""></td></tr>"
57,"<tr><th class=""left"" csk=""194812110WSC"" data-stat=""date_game"" scope=""row""><a href=""/boxscores/index.fcgi?month=12&amp;day=11&amp;year=1948"">Sat, Dec 11, 1948</a></th><td class=""left"" csk=""STB.194812110WSC"" data-stat=""visitor_team_name""><a href=""/teams/STB/1949.html"">St. Louis Bombers</a></td><td class=""right"" data-stat=""visitor_pts"">63</td><td class=""left"" csk=""WSC.194812110WSC"" data-stat=""home_team_name""><a href=""/teams/WSC/1949.html"">Washington Capitols</a></td><td class=""right"" data-stat=""home_pts"">87</td><td class=""center"" data-stat=""box_score_text""><a href=""/boxscores/194812110WSC.html"">Box Score</a></td><td class=""center iz"" data-stat=""overtimes""></td><td class=""right iz"" data-stat=""attendance""></td><td class=""left iz"" data-stat=""game_remarks""></td></tr>"
59,"<tr><th class=""left"" csk=""194812120MNL"" data-stat=""date_game"" scope=""row""><a href=""/boxscores/index.fcgi?month=12&amp;day=12&amp;year=1948"">Sun, Dec 12, 1948</a></th><td class=""left"" csk=""ROC.194812120MNL"" data-stat=""visitor_team_name""><a href=""/teams/ROC/1949.html"">Rochester Royals</a></td><td class=""right"" data-stat=""visitor_pts"">58</td><td class=""left"" csk=""MNL.194812120MNL"" data-stat=""home_team_name""><a href=""/teams/MNL/1949.html"">Minneapolis Lakers</a></td><td class=""right"" data-stat=""home_pts"">67</td><td class=""center"" data-stat=""box_score_text""><a href=""/boxscores/194812120MNL.html"">Box Score</a></td><td class=""center iz"" data-stat=""overtimes""></td><td class=""right iz"" data-stat=""attendance""></td><td class=""left iz"" data-stat=""game_remarks""></td></tr>"
61,"<tr><th class=""left"" csk=""194812120FTW"" data-stat=""date_game"" scope=""row""><a href=""/boxscores/index.fcgi?month=12&amp;day=12&amp;year=1948"">Sun, Dec 12, 1948</a></th><td class=""left"" csk=""NYK.194812120FTW"" data-stat=""visitor_team_name""><a href=""/teams/NYK/1949.html"">New York Knicks</a></td><td class=""right"" data-stat=""visitor_pts"">89</td><td class=""left"" csk=""FTW.194812120FTW"" data-stat=""home_team_name""><a href=""/teams/FTW/1949.html"">Fort Wayne Pistons</a></td><td class=""right"" data-stat=""home_pts"">78</td><td class=""center"" data-stat=""box_score_text""><a href=""/boxscores/194812120FTW.html"">Box Score</a></td><td class=""center iz"" data-stat=""overtimes""></td><td class=""right iz"" data-stat=""attendance""></td><td class=""left iz"" data-stat=""game_remarks""></td></tr>"
63,"<tr><th class=""left"" csk=""194812130BLB"" data-stat=""date_game"" scope=""row""><a href=""/boxscores/index.fcgi?month=12&amp;day=13&amp;year=1948"">Mon, Dec 13, 1948</a></th><td class=""left"" csk=""CHS.194812130BLB"" data-stat=""visitor_team_name""><a href=""/teams/CHS/1949.html"">Chicago Stags</a></td><td class=""right"" data-stat=""visitor_pts"">75</td><td class=""left"" csk=""BLB.194812130BLB"" data-stat=""home_team_name""><a href=""/teams/BLB/1949.html"">Baltimore Bullets</a></td><td class=""right"" data-stat=""home_pts"">70</td><td class=""center"" data-stat=""box_score_text""><a href=""/boxscores/194812130BLB.html"">Box Score</a></td><td class=""center iz"" data-stat=""overtimes""></td><td class=""right iz"" data-stat=""attendance""></td><td class=""left"" data-stat=""game_remarks"">at Indianapolis, IN</td></tr>"
65,"<tr><th class=""left"" csk=""194812130BOS"" data-stat=""date_game"" scope=""row""><a href=""/boxscores/index.fcgi?month=12&amp;day=13&amp;year=1948"">Mon, Dec 13, 1948</a></th><td class=""left"" csk=""STB.194812130BOS"" data-stat=""visitor_team_name""><a href=""/teams/STB/1949.html"">St. Louis Bombers</a></td><td class=""right"" data-stat=""visitor_pts"">79</td><td class=""left"" csk=""BOS.194812130BOS"" data-stat=""home_team_name""><a href=""/teams/BOS/1949.html"">Boston Celtics</a></td><td class=""right"" data-stat=""home_pts"">83</td><td class=""center"" data-stat=""box_score_text""><a href=""/boxscores/194812130BOS.html"">Box Score</a></td><td class=""center"" data-stat=""overtimes"">OT</td><td class=""right iz"" data-stat=""attendance""></td><td class=""left iz"" data-stat=""game_remarks""></td></tr>"
67,"<tr><th class=""left"" csk=""194812130INJ"" data-stat=""date_game"" scope=""row""><a href=""/boxscores/index.fcgi?month=12&amp;day=13&amp;year=1948"">Mon, Dec 13, 1948</a></th><td class=""left"" csk=""NYK.194812130INJ"" data-stat=""visitor_team_name""><a href=""/teams/NYK/1949.html"">New York Knicks</a></td><td class=""right"" data-stat=""visitor_pts"">80</td><td class=""left"" csk=""INJ.194812130INJ"" data-stat=""home_team_name""><a href=""/teams/INJ/1949.html"">Indianapolis Jets</a></td><td class=""right"" data-stat=""home_pts"">74</td><td class=""center"" data-stat=""box_score_text""><a href=""/boxscores/194812130INJ.html"">Box Score</a></td><td class=""center iz"" data-stat=""overtimes""></td><td class=""right iz"" data-stat=""attendance""></td><td class=""left iz"" data-stat=""game_remarks""></td></tr>"
69,"<tr><th class=""left"" csk=""194812140BLB"" data-stat=""date_game"" scope=""row""><a href=""/boxscores/index.fcgi?month=12&amp;day=14&amp;year=1948"">Tue, Dec 14, 1948</a></th><td class=""left"" csk=""INJ.194812140BLB"" data-stat=""visitor_team_name""><a href=""/teams/INJ/1949.html"">Indianapolis Jets</a></td><td class=""right"" data-stat=""visitor_pts"">75</td><td class=""left"" csk=""BLB.194812140BLB"" data-stat=""home_team_name""><a href=""/teams/BLB/1949.html"">Baltimore Bullets</a></td><td class=""right"" data-stat=""home_pts"">88</td><td class=""center"" data-stat=""box_score_text""><a href=""/boxscores/194812140BLB.html"">Box Score</a></td><td class=""center iz"" data-stat=""overtimes""></td><td class=""right iz"" data-stat=""attendance""></td><td class=""left"" data-stat=""game_remarks"">at Chicago, IL</td></tr>"
71,"<tr><th class=""left"" csk=""194812140CHS"" data-stat=""date_game"" scope=""row""><a href=""/boxscores/index.fcgi?month=12&amp;day=14&amp;year=1948"">Tue, Dec 14, 1948</a></th><td class=""left"" csk=""ROC.194812140CHS"" data-stat=""visitor_team_name""><a href=""/teams/ROC/1949.html"">Rochester Royals</a></td><td class=""right"" data-stat=""visitor_pts"">85</td><td class=""left"" csk=""CHS.194812140CHS"" data-stat=""home_team_name""><a href=""/teams/CHS/1949.html"">Chicago Stags</a></td><td class=""right"" data-stat=""home_pts"">78</td><td class=""center"" data-stat=""box_score_text""><a href=""/boxscores/194812140CHS.html"">Box Score</a></td><td class=""center iz"" data-stat=""overtimes""></td><td class=""right iz"" data-stat=""attendance""></td><td class=""left iz"" data-stat=""game_remarks""></td></tr>"
73,"<tr><th class=""left"" csk=""194812140PHW"" data-stat=""date_game"" scope=""row""><a href=""/boxscores/index.fcgi?month=12&amp;day=14&amp;year=1948"">Tue, Dec 14, 1948</a></th><td class=""left"" csk=""STB.194812140PHW"" data-stat=""visitor_team_name""><a href=""/teams/STB/1949.html"">St. Louis Bombers</a></td><td class=""right"" data-stat=""visitor_pts"">61</td><td class=""left"" csk=""PHW.194812140PHW"" data-stat=""home_team_name""><a href=""/teams/PHW/1949.html"">Philadelphia Warriors</a></td><td class=""right"" data-stat=""home_pts"">74</td><td class=""center"" data-stat=""box_score_text""><a href=""/boxscores/194812140PHW.html"">Box Score</a></td><td class=""center iz"" data-stat=""overtimes""></td><td class=""right iz"" data-stat=""attendance""></td><td class=""left iz"" data-stat=""game_remarks""></td></tr>"
75,"<tr><th class=""left"" csk=""194812150WSC"" data-stat=""date_game"" scope=""row""><a href=""/boxscores/index.fcgi?month=12&amp;day=15&amp;year=1948"">Wed, Dec 15, 1948</a></th><td class=""left"" csk=""PHW.194812150WSC"" data-stat=""visitor_team_name""><a href=""/teams/PHW/1949.html"">Philadelphia Warriors</a></td><td class=""right"" data-stat=""visitor_pts"">81</td><td class=""left"" csk=""WSC.194812150WSC"" data-stat=""home_team_name""><a href=""/teams/WSC/1949.html"">Washington Capitols</a></td><td class=""right"" data-stat=""home_pts"">92</td><td class=""center"" data-stat=""box_score_text""><a href=""/boxscores/194812150WSC.html"">Box Score</a></td><td class=""center iz"" data-stat=""overtimes""></td><td class=""right iz"" data-stat=""attendance""></td><td class=""left iz"" data-stat=""game_remarks""></td></tr>"
77,"<tr><th class=""left"" csk=""194812150MNL"" data-stat=""date_game"" scope=""row""><a href=""/boxscores/index.fcgi?month=12&amp;day=15&amp;year=1948"">Wed, Dec 15, 1948</a></th><td class=""left"" csk=""INJ.194812150MNL"" data-stat=""visitor_team_name""><a href=""/teams/INJ/1949.html"">Indianapolis Jets</a></td><td class=""right"" data-stat=""visitor_pts"">61</td><td class=""left"" csk=""MNL.194812150MNL"" data-stat=""home_team_name""><a href=""/teams/MNL/1949.html"">Minneapolis Lakers</a></td><td class=""right"" data-stat=""home_pts"">79</td><td class=""center"" data-stat=""box_score_text""><a href=""/boxscores/194812150MNL.html"">Box Score</a></td><td class=""center iz"" data-stat=""overtimes""></td><td class=""right iz"" data-stat=""attendance""></td><td class=""left iz"" data-stat=""game_remarks""></td></tr>"
79,"<tr><th class=""left"" csk=""194812160BLB"" data-stat=""date_game"" scope=""row""><a href=""/boxscores/index.fcgi?month=12&amp;day=16&amp;year=1948"">Thu, Dec 16, 1948</a></th><td class=""left"" csk=""STB.194812160BLB"" data-stat=""visitor_team_name""><a href=""/teams/STB/1949.html"">St. Louis Bombers</a></td><td class=""right"" data-stat=""visitor_pts"">85</td><td class=""left"" csk=""BLB.194812160BLB"" data-stat=""home_team_name""><a href=""/teams/BLB/1949.html"">Baltimore Bullets</a></td><td class=""right"" data-stat=""home_pts"">82</td><td class=""center"" data-stat=""box_score_text""><a href=""/boxscores/194812160BLB.html"">Box Score</a></td><td class=""center"" data-stat=""overtimes"">OT</td><td class=""right iz"" data-stat=""attendance""></td><td class=""left iz"" data-stat=""game_remarks""></td></tr>"
81,"<tr><th class=""left"" csk=""194812160PRO"" data-stat=""date_game"" scope=""row""><a href=""/boxscores/index.fcgi?month=12&amp;day=16&amp;year=1948"">Thu, Dec 16, 1948</a></th><td class=""left"" csk=""FTW.194812160PRO"" data-stat=""visitor_team_name""><a href=""/teams/FTW/1949.html"">Fort Wayne Pistons</a></td><td class=""right"" data-stat=""visitor_pts"">76</td><td class=""left"" csk=""PRO.194812160PRO"" data-stat=""home_team_name""><a href=""/teams/PRO/1949.html"">Providence Steamrollers</a></td><td class=""right"" data-stat=""home_pts"">61</td><td class=""center"" data-stat=""box_score_text""><a href=""/boxscores/194812160PRO.html"">Box Score</a></td><td class=""center iz"" data-stat=""overtimes""></td><td class=""right iz"" data-stat=""attendance""></td><td class=""left iz"" data-stat=""game_remarks""></td></tr>"
83,"<tr><th class=""left"" csk=""194812170BOS"" data-stat=""date_game"" scope=""row""><a href=""/boxscores/index.fcgi?month=12&amp;day=17&amp;year=1948"">Fri, Dec 17, 1948</a></th><td class=""left"" csk=""BLB.194812170BOS"" data-stat=""visitor_team_name""><a href=""/teams/BLB/1949.html"">Baltimore Bullets</a></td><td class=""right"" data-stat=""visitor_pts"">74</td><td class=""left"" csk=""BOS.194812170BOS"" data-stat=""home_team_name""><a href=""/teams/BOS/1949.html"">Boston Celtics</a></td><td class=""right"" data-stat=""home_pts"">63</td><td class=""center"" data-stat=""box_score_text""><a href=""/boxscores/194812170BOS.html"">Box Score</a></td><td class=""center iz"" data-stat=""overtimes""></td><td class=""right iz"" data-stat=""attendance""></td><td class=""left iz"" data-stat=""game_remarks""></td></tr>"
85,"<tr><th class=""left"" csk=""194812170INJ"" data-stat=""date_game"" scope=""row""><a href=""/boxscores/index.fcgi?month=12&amp;day=17&amp;year=1948"">Fri, Dec 17, 1948</a></th><td class=""left"" csk=""CHS.194812170INJ"" data-stat=""visitor_team_name""><a href=""/teams/CHS/1949.html"">Chicago Stags</a></td><td class=""right"" data-stat=""visitor_pts"">71</td><td class=""left"" csk=""INJ.194812170INJ"" data-stat=""home_team_name""><a href=""/teams/INJ/1949.html"">Indianapolis Jets</a></td><td class=""right"" data-stat=""home_pts"">67</td><td class=""center"" data-stat=""box_score_text""><a href=""/boxscores/194812170INJ.html"">Box Score</a></td><td class=""center iz"" data-stat=""overtimes""></td><td class=""right iz"" data-stat=""attendance""></td><td class=""left iz"" data-stat=""game_remarks""></td></tr>"
87,"<tr><th class=""left"" csk=""194812170PHW"" data-stat=""date_game"" scope=""row""><a href=""/boxscores/index.fcgi?month=12&amp;day=17&amp;year=1948"">Fri, Dec 17, 1948</a></th><td class=""left"" csk=""NYK.194812170PHW"" data-stat=""visitor_team_name""><a href=""/teams/NYK/1949.html"">New York Knicks</a></td><td class=""right"" data-stat=""visitor_pts"">78</td><td class=""left"" csk=""PHW.194812170PHW"" data-stat=""home_team_name""><a href=""/teams/PHW/1949.html"">Philadelphia Warriors</a></td><td class=""right"" data-stat=""home_pts"">87</td><td class=""center"" data-stat=""box_score_text""><a href=""/boxscores/194812170PHW.html"">Box Score</a></td><td class=""center iz"" data-stat=""overtimes""></td><td class=""right iz"" data-stat=""attendance""></td><td class=""left iz"" data-stat=""game_remarks""></td></tr>"
89,"<tr><th class=""left"" csk=""194812180WSC"" data-stat=""date_game"" scope=""row""><a href=""/boxscores/index.fcgi?month=12&amp;day=18&amp;year=1948"">Sat, Dec 18, 1948</a></th><td class=""left"" csk=""BOS.194812180WSC"" data-stat=""visitor_team_name""><a href=""/teams/BOS/1949.html"">Boston Celtics</a></td><td class=""right"" data-stat=""visitor_pts"">60</td><td class=""left"" csk=""WSC.194812180WSC"" data-stat=""home_team_name""><a href=""/teams/WSC/1949.html"">Washington Capitols</a></td><td class=""right"" data-stat=""home_pts"">69</td><td class=""center"" data-stat=""box_score_text""><a href=""/boxscores/194812180WSC.html"">Box Score</a></td><td class=""center iz"" data-stat=""overtimes""></td><td class=""right iz"" data-stat=""attendance""></td><td class=""left iz"" data-stat=""game_remarks""></td></tr>"
91,"<tr><th class=""left"" csk=""194812180ROC"" data-stat=""date_game"" scope=""row""><a href=""/boxscores/index.fcgi?month=12&amp;day=18&amp;year=1948"">Sat, Dec 18, 1948</a></th><td class=""left"" csk=""FTW.194812180ROC"" data-stat=""visitor_team_name""><a href=""/teams/FTW/1949.html"">Fort Wayne Pistons</a></td><td class=""right"" data-stat=""visitor_pts"">64</td><td class=""left"" csk=""ROC.194812180ROC"" data-stat=""home_team_name""><a href=""/teams/ROC/1949.html"">Rochester Royals</a></td><td class=""right"" data-stat=""home_pts"">84</td><td class=""center"" data-stat=""box_score_text""><a href=""/boxscores/194812180ROC.html"">Box Score</a></td><td class=""center iz"" data-stat=""overtimes""></td><td class=""right iz"" data-stat=""attendance""></td><td class=""left iz"" data-stat=""game_remarks""></td></tr>"
93,"<tr><th class=""left"" csk=""194812180PRO"" data-stat=""date_game"" scope=""row""><a href=""/boxscores/index.fcgi?month=12&amp;day=18&amp;year=1948"">Sat, Dec 18, 1948</a></th><td class=""left"" csk=""PHW.194812180PRO"" data-stat=""visitor_team_name""><a href=""/teams/PHW/1949.html"">Philadelphia Warriors</a></td><td class=""right"" data-stat=""visitor_pts"">94</td><td class=""left"" csk=""PRO.194812180PRO"" data-stat=""home_team_name""><a href=""/teams/PRO/1949.html"">Providence Steamrollers</a></td><td class=""right"" data-stat=""home_pts"">90</td><td class=""center"" data-stat=""box_score_text""><a href=""/boxscores/194812180PRO.html"">Box Score</a></td><td class=""center iz"" data-stat=""overtimes""></td><td class=""right iz"" data-stat=""attendance""></td><td class=""left iz"" data-stat=""game_remarks""></td></tr>"
95,"<tr><th class=""left"" csk=""194812180NYK"" data-stat=""date_game"" scope=""row""><a href=""/boxscores/index.fcgi?month=12&amp;day=18&amp;year=1948"">Sat, Dec 18, 1948</a></th><td class=""left"" csk=""STB.194812180NYK"" data-stat=""visitor_team_name""><a href=""/teams/STB/1949.html"">St. Louis Bombers</a></td><td class=""right"" data-stat=""visitor_pts"">79</td><td class=""left"" csk=""NYK.194812180NYK"" data-stat=""home_team_name""><a href=""/teams/NYK/1949.html"">New York Knicks</a></td><td class=""right"" data-stat=""home_pts"">88</td><td class=""center"" data-stat=""box_score_text""><a href=""/boxscores/194812180NYK.html"">Box Score</a></td><td class=""center iz"" data-stat=""overtimes""></td><td class=""right iz"" data-stat=""attendance""></td><td class=""left iz"" data-stat=""game_remarks""></td></tr>"
97,"<tr><th class=""left"" csk=""194812190BOS"" data-stat=""date_game"" scope=""row""><a href=""/boxscores/index.fcgi?month=12&amp;day=19&amp;year=1948"">Sun, Dec 19, 1948</a></th><td class=""left"" csk=""NYK.194812190BOS"" data-stat=""visitor_team_name""><a href=""/teams/NYK/1949.html"">New York Knicks</a></td><td class=""right"" data-stat=""visitor_pts"">75</td><td class=""left"" csk=""BOS.194812190BOS"" data-stat=""home_team_name""><a href=""/teams/BOS/1949.html"">Boston Celtics</a></td><td class=""right"" data-stat=""home_pts"">77</td><td class=""center"" data-stat=""box_score_text""><a href=""/boxscores/194812190BOS.html"">Box Score</a></td><td class=""center iz"" data-stat=""overtimes""></td><td class=""right iz"" data-stat=""attendance""></td><td class=""left iz"" data-stat=""game_remarks""></td></tr>"
99,"<tr><th class=""left"" csk=""194812190FTW"" data-stat=""date_game"" scope=""row""><a href=""/boxscores/index.fcgi?month=12&amp;day=19&amp;year=1948"">Sun, Dec 19, 1948</a></th><td class=""left"" csk=""ROC.194812190FTW"" data-stat=""visitor_team_name""><a href=""/teams/ROC/1949.html"">Rochester Royals</a></td><td class=""right"" data-stat=""visitor_pts"">83</td><td class=""left"" csk=""FTW.194812190FTW"" data-stat=""home_team_name""><a href=""/teams/FTW/1949.html"">Fort Wayne Pistons</a></td><td class=""right"" data-stat=""home_pts"">78</td><td class=""center"" data-stat=""box_score_text""><a href=""/boxscores/194812190FTW.html"">Box Score</a></td><td class=""center"" data-stat=""overtimes"">OT</td><td class=""right iz"" data-stat=""attendance""></td><td class=""left iz"" data-stat=""game_remarks""></td></tr>"
101,"<tr><th class=""left"" csk=""194812190MNL"" data-stat=""date_game"" scope=""row""><a href=""/boxscores/index.fcgi?month=12&amp;day=19&amp;year=1948"">Sun, Dec 19, 1948</a></th><td class=""left"" csk=""CHS.194812190MNL"" data-stat=""visitor_team_name""><a href=""/teams/CHS/1949.html"">Chicago Stags</a></td><td class=""right"" data-stat=""visitor_pts"">84</td><td class=""left"" csk=""MNL.194812190MNL"" data-stat=""home_team_name""><a href=""/teams/MNL/1949.html"">Minneapolis Lakers</a></td><td class=""right"" data-stat=""home_pts"">94</td><td class=""center"" data-stat=""box_score_text""><a href=""/boxscores/194812190MNL.html"">Box Score</a></td><td class=""center iz"" data-stat=""overtimes""></td><td class=""right iz"" data-stat=""attendance""></td><td class=""left iz"" data-stat=""game_remarks""></td></tr>"
103,"<tr><th class=""left"" csk=""194812210PHW"" data-stat=""date_game"" scope=""row""><a href=""/boxscores/index.fcgi?month=12&amp;day=21&amp;year=1948"">Tue, Dec 21, 1948</a></th><td class=""left"" csk=""MNL.194812210PHW"" data-stat=""visitor_team_name""><a href=""/teams/MNL/1949.html"">Minneapolis Lakers</a></td><td class=""right"" data-stat=""visitor_pts"">64</td><td class=""left"" csk=""PHW.194812210PHW"" data-stat=""home_team_name""><a href=""/teams/PHW/1949.html"">Philadelphia Warriors</a></td><td class=""right"" data-stat=""home_pts"">72</td><td class=""center"" data-stat=""box_score_text""><a href=""/boxscores/194812210PHW.html"">Box Score</a></td><td class=""center iz"" data-stat=""overtimes""></td><td class=""right iz"" data-stat=""attendance""></td><td class=""left iz"" data-stat=""game_remarks""></td></tr>"
105,"<tr><th class=""left"" csk=""194812210INJ"" data-stat=""date_game"" scope=""row""><a href=""/boxscores/index.fcgi?month=12&amp;day=21&amp;year=1948"">Tue, Dec 21, 1948</a></th><td class=""left"" csk=""ROC.194812210INJ"" data-stat=""visitor_team_name""><a href=""/teams/ROC/1949.html"">Rochester Royals</a></td><td class=""right"" data-stat=""visitor_pts"">84</td><td class=""left"" csk=""INJ.194812210INJ"" data-stat=""home_team_name""><a href=""/teams/INJ/1949.html"">Indianapolis Jets</a></td><td class=""right"" data-stat=""home_pts"">71</td><td class=""center"" data-stat=""box_score_text""><a href=""/boxscores/194812210INJ.html"">Box Score</a></td><td class=""center iz"" data-stat=""overtimes""></td><td class=""right iz"" data-stat=""attendance""></td><td class=""left iz"" data-stat=""game_remarks""></td></tr>"
107,"<tr><th class=""left"" csk=""194812220NYK"" data-stat=""date_game"" scope=""row""><a href=""/boxscores/index.fcgi?month=12&amp;day=22&amp;year=1948"">Wed, Dec 22, 1948</a></th><td class=""left"" csk=""MNL.194812220NYK"" data-stat=""visitor_team_name""><a href=""/teams/MNL/1949.html"">Minneapolis Lakers</a></td><td class=""right"" data-stat=""visitor_pts"">79</td><td class=""left"" csk=""NYK.194812220NYK"" data-stat=""home_team_name""><a href=""/teams/NYK/1949.html"">New York Knicks</a></td><td class=""right"" data-stat=""home_pts"">97</td><td class=""center"" data-stat=""box_score_text""><a href=""/boxscores/194812220NYK.html"">Box Score</a></td><td class=""center iz"" data-stat=""overtimes""></td><td class=""right iz"" data-stat=""attendance""></td><td class=""left iz"" data-stat=""game_remarks""></td></tr>"
109,"<tr><th class=""left"" csk=""194812220WSC"" data-stat=""date_game"" scope=""row""><a href=""/boxscores/index.fcgi?month=12&amp;day=22&amp;year=1948"">Wed, Dec 22, 1948</a></th><td class=""left"" csk=""PRO.194812220WSC"" data-stat=""visitor_team_name""><a href=""/teams/PRO/1949.html"">Providence Steamrollers</a></td><td class=""right"" data-stat=""visitor_pts"">77</td><td class=""left"" csk=""WSC.194812220WSC"" data-stat=""home_team_name""><a href=""/teams/WSC/1949.html"">Washington Capitols</a></td><td class=""right"" data-stat=""home_pts"">102</td><td class=""center"" data-stat=""box_score_text""><a href=""/boxscores/194812220WSC.html"">Box Score</a></td><td class=""center iz"" data-stat=""overtimes""></td><td class=""right iz"" data-stat=""attendance""></td><td class=""left iz"" data-stat=""game_remarks""></td></tr>"
111,"<tr><th class=""left"" csk=""194812230PRO"" data-stat=""date_game"" scope=""row""><a href=""/boxscores/index.fcgi?month=12&amp;day=23&amp;year=1948"">Thu, Dec 23, 1948</a></th><td class=""left"" csk=""STB.194812230PRO"" data-stat=""visitor_team_name""><a href=""/teams/STB/1949.html"">St. Louis Bombers</a></td><td class=""right"" data-stat=""visitor_pts"">109</td><td class=""left"" csk=""PRO.194812230PRO"" data-stat=""home_team_name""><a href=""/teams/PRO/1949.html"">Providence Steamrollers</a></td><td class=""right"" data-stat=""home_pts"">99</td><td class=""center"" data-stat=""box_score_text""><a href=""/boxscores/194812230PRO.html"">Box Score</a></td><td class=""center iz"" data-stat=""overtimes""></td><td class=""right iz"" data-stat=""attendance""></td><td class=""left iz"" data-stat=""game_remarks""></td></tr>"
113,"<tr><th class=""left"" csk=""194812230INJ"" data-stat=""date_game"" scope=""row""><a href=""/boxscores/index.fcgi?month=12&amp;day=23&amp;year=1948"">Thu, Dec 23, 1948</a></th><td class=""left"" csk=""FTW.194812230INJ"" data-stat=""visitor_team_name""><a href=""/teams/FTW/1949.html"">Fort Wayne Pistons</a></td><td class=""right"" data-stat=""visitor_pts"">60</td><td class=""left"" csk=""INJ.194812230INJ"" data-stat=""home_team_name""><a href=""/teams/INJ/1949.html"">Indianapolis Jets</a></td><td class=""right"" data-stat=""home_pts"">71</td><td class=""center"" data-stat=""box_score_text""><a href=""/boxscores/194812230INJ.html"">Box Score</a></td><td class=""center iz"" data-stat=""overtimes""></td><td class=""right iz"" data-stat=""attendance""></td><td class=""left iz"" data-stat=""game_remarks""></td></tr>"
115,"<tr><th class=""left"" csk=""194812230BLB"" data-stat=""date_game"" scope=""row""><a href=""/boxscores/index.fcgi?month=12&amp;day=23&amp;year=1948"">Thu, Dec 23, 1948</a></th><td class=""left"" csk=""CHS.194812230BLB"" data-stat=""visitor_team_name""><a href=""/teams/CHS/1949.html"">Chicago Stags</a></td><td class=""right"" data-stat=""visitor_pts"">89</td><td class=""left"" csk=""BLB.194812230BLB"" data-stat=""home_team_name""><a href=""/teams/BLB/1949.html"">Baltimore Bullets</a></td><td class=""right"" data-stat=""home_pts"">96</td><td class=""center"" data-stat=""box_score_text""><a href=""/boxscores/194812230BLB.html"">Box Score</a></td><td class=""center iz"" data-stat=""overtimes""></td><td class=""right iz"" data-stat=""attendance""></td><td class=""left iz"" data-stat=""game_remarks""></td></tr>"
117,"<tr><th class=""left"" csk=""194812250NYK"" data-stat=""date_game"" scope=""row""><a href=""/boxscores/index.fcgi?month=12&amp;day=25&amp;year=1948"">Sat, Dec 25, 1948</a></th><td class=""left"" csk=""CHS.194812250NYK"" data-stat=""visitor_team_name""><a href=""/teams/CHS/1949.html"">Chicago Stags</a></td><td class=""right"" data-stat=""visitor_pts"">70</td><td class=""left"" csk=""NYK.194812250NYK"" data-stat=""home_team_name""><a href=""/teams/NYK/1949.html"">New York Knicks</a></td><td class=""right"" data-stat=""home_pts"">64</td><td class=""center"" data-stat=""box_score_text""><a href=""/boxscores/194812250NYK.html"">Box Score</a></td><td class=""center iz"" data-stat=""overtimes""></td><td class=""right iz"" data-stat=""attendance""></td><td class=""left iz"" data-stat=""game_remarks""></td></tr>"
119,"<tr><th class=""left"" csk=""194812250PHW"" data-stat=""date_game"" scope=""row""><a href=""/boxscores/index.fcgi?month=12&amp;day=25&amp;year=1948"">Sat, Dec 25, 1948</a></th><td class=""left"" csk=""BOS.194812250PHW"" data-stat=""visitor_team_name""><a href=""/teams/BOS/1949.html"">Boston Celtics</a></td><td class=""right"" data-stat=""visitor_pts"">77</td><td class=""left"" csk=""PHW.194812250PHW"" data-stat=""home_team_name""><a href=""/teams/PHW/1949.html"">Philadelphia Warriors</a></td><td class=""right"" data-stat=""home_pts"">80</td><td class=""center"" data-stat=""box_score_text""><a href=""/boxscores/194812250PHW.html"">Box Score</a></td><td class=""center iz"" data-stat=""overtimes""></td><td class=""right iz"" data-stat=""attendance""></td><td class=""left iz"" data-stat=""game_remarks""></td></tr>"
121,"<tr><th class=""left"" csk=""194812250PRO"" data-stat=""date_game"" scope=""row""><a href=""/boxscores/index.fcgi?month=12&amp;day=25&amp;year=1948"">Sat, Dec 25, 1948</a></th><td class=""left"" csk=""BLB.194812250PRO"" data-stat=""visitor_team_name""><a href=""/teams/BLB/1949.html"">Baltimore Bullets</a></td><td class=""right"" data-stat=""visitor_pts"">88</td><td class=""left"" csk=""PRO.194812250PRO"" data-stat=""home_team_name""><a href=""/teams/PRO/1949.html"">Providence Steamrollers</a></td><td class=""right"" data-stat=""home_pts"">83</td><td class=""center"" data-stat=""box_score_text""><a href=""/boxscores/194812250PRO.html"">Box Score</a></td><td class=""center iz"" data-stat=""overtimes""></td><td class=""right iz"" data-stat=""attendance""></td><td class=""left iz"" data-stat=""game_remarks""></td></tr>"
123,"<tr><th class=""left"" csk=""194812250ROC"" data-stat=""date_game"" scope=""row""><a href=""/boxscores/index.fcgi?month=12&amp;day=25&amp;year=1948"">Sat, Dec 25, 1948</a></th><td class=""left"" csk=""STB.194812250ROC"" data-stat=""visitor_team_name""><a href=""/teams/STB/1949.html"">St. Louis Bombers</a></td><td class=""right"" data-stat=""visitor_pts"">82</td><td class=""left"" csk=""ROC.194812250ROC"" data-stat=""home_team_name""><a href=""/teams/ROC/1949.html"">Rochester Royals</a></td><td class=""right"" data-stat=""home_pts"">90</td><td class=""center"" data-stat=""box_score_text""><a href=""/boxscores/194812250ROC.html"">Box Score</a></td><td class=""center iz"" data-stat=""overtimes""></td><td class=""right iz"" data-stat=""attendance""></td><td class=""left iz"" data-stat=""game_remarks""></td></tr>"
125,"<tr><th class=""left"" csk=""194812250WSC"" data-stat=""date_game"" scope=""row""><a href=""/boxscores/index.fcgi?month=12&amp;day=25&amp;year=1948"">Sat, Dec 25, 1948</a></th><td class=""left"" csk=""FTW.194812250WSC"" data-stat=""visitor_team_name""><a href=""/teams/FTW/1949.html"">Fort Wayne Pistons</a></td><td class=""right"" data-stat=""visitor_pts"">74</td><td class=""left"" csk=""WSC.194812250WSC"" data-stat=""home_team_name""><a href=""/teams/WSC/1949.html"">Washington Capitols</a></td><td class=""right"" data-stat=""home_pts"">88</td><td class=""center"" data-stat=""box_score_text""><a href=""/boxscores/194812250WSC.html"">Box Score</a></td><td class=""center iz"" data-stat=""overtimes""></td><td class=""right iz"" data-stat=""attendance""></td><td class=""left iz"" data-stat=""game_remarks""></td></tr>"
127,"<tr><th class=""left"" csk=""194812260STB"" data-stat=""date_game"" scope=""row""><a href=""/boxscores/index.fcgi?month=12&amp;day=26&amp;year=1948"">Sun, Dec 26, 1948</a></th><td class=""left"" csk=""INJ.194812260STB"" data-stat=""visitor_team_name""><a href=""/teams/INJ/1949.html"">Indianapolis Jets</a></td><td class=""right"" data-stat=""visitor_pts"">65</td><td class=""left"" csk=""STB.194812260STB"" data-stat=""home_team_name""><a href=""/teams/STB/1949.html"">St. Louis Bombers</a></td><td class=""right"" data-stat=""home_pts"">75</td><td class=""center"" data-stat=""box_score_text""><a href=""/boxscores/194812260STB.html"">Box Score</a></td><td class=""center iz"" data-stat=""overtimes""></td><td class=""right iz"" data-stat=""attendance""></td><td class=""left iz"" data-stat=""game_remarks""></td></tr>"
129,"<tr><th class=""left"" csk=""194812260MNL"" data-stat=""date_game"" scope=""row""><a href=""/boxscores/index.fcgi?month=12&amp;day=26&amp;year=1948"">Sun, Dec 26, 1948</a></th><td class=""left"" csk=""ROC.194812260MNL"" data-stat=""visitor_team_name""><a href=""/teams/ROC/1949.html"">Rochester Royals</a></td><td class=""right"" data-stat=""visitor_pts"">90</td><td class=""left"" csk=""MNL.194812260MNL"" data-stat=""home_team_name""><a href=""/teams/MNL/1949.html"">Minneapolis Lakers</a></td><td class=""right"" data-stat=""home_pts"">99</td><td class=""center"" data-stat=""box_score_text""><a href=""/boxscores/194812260MNL.html"">Box Score</a></td><td class=""center iz"" data-stat=""overtimes""></td><td class=""right iz"" data-stat=""attendance""></td><td class=""left iz"" data-stat=""game_remarks""></td></tr>"
131,"<tr><th class=""left"" csk=""194812260FTW"" data-stat=""date_game"" scope=""row""><a href=""/boxscores/index.fcgi?month=12&amp;day=26&amp;year=1948"">Sun, Dec 26, 1948</a></th><td class=""left"" csk=""WSC.194812260FTW"" data-stat=""visitor_team_name""><a href=""/teams/WSC/1949.html"">Washington Capitols</a></td><td class=""right"" data-stat=""visitor_pts"">73</td><td class=""left"" csk=""FTW.194812260FTW"" data-stat=""home_team_name""><a href=""/teams/FTW/1949.html"">Fort Wayne Pistons</a></td><td class=""right"" data-stat=""home_pts"">91</td><td class=""center"" data-stat=""box_score_text""><a href=""/boxscores/194812260FTW.html"">Box Score</a></td><td class=""center iz"" data-stat=""overtimes""></td><td class=""right iz"" data-stat=""attendance""></td><td class=""left iz"" data-stat=""game_remarks""></td></tr>"
133,"<tr><th class=""left"" csk=""194812260CHS"" data-stat=""date_game"" scope=""row""><a href=""/boxscores/index.fcgi?month=12&amp;day=26&amp;year=1948"">Sun, Dec 26, 1948</a></th><td class=""left"" csk=""BOS.194812260CHS"" data-stat=""visitor_team_name""><a href=""/teams/BOS/1949.html"">Boston Celtics</a></td><td class=""right"" data-stat=""visitor_pts"">73</td><td class=""left"" csk=""CHS.194812260CHS"" data-stat=""home_team_name""><a href=""/teams/CHS/1949.html"">Chicago Stags</a></td><td class=""right"" data-stat=""home_pts"">84</td><td class=""center"" data-stat=""box_score_text""><a href=""/boxscores/194812260CHS.html"">Box Score</a></td><td class=""center iz"" data-stat=""overtimes""></td><td class=""right iz"" data-stat=""attendance""></td><td class=""left iz"" data-stat=""game_remarks""></td></tr>"
135,"<tr><th class=""left"" csk=""194812280BOS"" data-stat=""date_game"" scope=""row""><a href=""/boxscores/index.fcgi?month=12&amp;day=28&amp;year=1948"">Tue, Dec 28, 1948</a></th><td class=""left"" csk=""CHS.194812280BOS"" data-stat=""visitor_team_name""><a href=""/teams/CHS/1949.html"">Chicago Stags</a></td><td class=""right"" data-stat=""visitor_pts"">76</td><td class=""left"" csk=""BOS.194812280BOS"" data-stat=""home_team_name""><a href=""/teams/BOS/1949.html"">Boston Celtics</a></td><td class=""right"" data-stat=""home_pts"">74</td><td class=""center"" data-stat=""box_score_text""><a href=""/boxscores/194812280BOS.html"">Box Score</a></td><td class=""center iz"" data-stat=""overtimes""></td><td class=""right iz"" data-stat=""attendance""></td><td class=""left iz"" data-stat=""game_remarks""></td></tr>"
137,"<tr><th class=""left"" csk=""194812290NYK"" data-stat=""date_game"" scope=""row""><a href=""/boxscores/index.fcgi?month=12&amp;day=29&amp;year=1948"">Wed, Dec 29, 1948</a></th><td class=""left"" csk=""ROC.194812290NYK"" data-stat=""visitor_team_name""><a href=""/teams/ROC/1949.html"">Rochester Royals</a></td><td class=""right"" data-stat=""visitor_pts"">74</td><td class=""left"" csk=""NYK.194812290NYK"" data-stat=""home_team_name""><a href=""/teams/NYK/1949.html"">New York Knicks</a></td><td class=""right"" data-stat=""home_pts"">77</td><td class=""center"" data-stat=""box_score_text""><a href=""/boxscores/194812290NYK.html"">Box Score</a></td><td class=""center iz"" data-stat=""overtimes""></td><td class=""right iz"" data-stat=""attendance""></td><td class=""left iz"" data-stat=""game_remarks""></td></tr>"
139,"<tr><th class=""left"" csk=""194812290MNL"" data-stat=""date_game"" scope=""row""><a href=""/boxscores/index.fcgi?month=12&amp;day=29&amp;year=1948"">Wed, Dec 29, 1948</a></th><td class=""left"" csk=""WSC.194812290MNL"" data-stat=""visitor_team_name""><a href=""/teams/WSC/1949.html"">Washington Capitols</a></td><td class=""right"" data-stat=""visitor_pts"">68</td><td class=""left"" csk=""MNL.194812290MNL"" data-stat=""home_team_name""><a href=""/teams/MNL/1949.html"">Minneapolis Lakers</a></td><td class=""right"" data-stat=""home_pts"">91</td><td class=""center"" data-stat=""box_score_text""><a href=""/boxscores/194812290MNL.html"">Box Score</a></td><td class=""center iz"" data-stat=""overtimes""></td><td class=""right iz"" data-stat=""attendance""></td><td class=""left iz"" data-stat=""game_remarks""></td></tr>"
141,"<tr><th class=""left"" csk=""194812290BLB"" data-stat=""date_game"" scope=""row""><a href=""/boxscores/index.fcgi?month=12&amp;day=29&amp;year=1948"">Wed, Dec 29, 1948</a></th><td class=""left"" csk=""PRO.194812290BLB"" data-stat=""visitor_team_name""><a href=""/teams/PRO/1949.html"">Providence Steamrollers</a></td><td class=""right"" data-stat=""visitor_pts"">98</td><td class=""left"" csk=""BLB.194812290BLB"" data-stat=""home_team_name""><a href=""/teams/BLB/1949.html"">Baltimore Bullets</a></td><td class=""right"" data-stat=""home_pts"">88</td><td class=""center"" data-stat=""box_score_text""><a href=""/boxscores/194812290BLB.html"">Box Score</a></td><td class=""center iz"" data-stat=""overtimes""></td><td class=""right iz"" data-stat=""attendance""></td><td class=""left iz"" data-stat=""game_remarks""></td></tr>"
143,"<tr><th class=""left"" csk=""194812300BLB"" data-stat=""date_game"" scope=""row""><a href=""/boxscores/index.fcgi?month=12&amp;day=30&amp;year=1948"">Thu, Dec 30, 1948</a></th><td class=""left"" csk=""ROC.194812300BLB"" data-stat=""visitor_team_name""><a href=""/teams/ROC/1949.html"">Rochester Royals</a></td><td class=""right"" data-stat=""visitor_pts"">89</td><td class=""left"" csk=""BLB.194812300BLB"" data-stat=""home_team_name""><a href=""/teams/BLB/1949.html"">Baltimore Bullets</a></td><td class=""right"" data-stat=""home_pts"">100</td><td class=""center"" data-stat=""box_score_text""><a href=""/boxscores/194812300BLB.html"">Box Score</a></td><td class=""center iz"" data-stat=""overtimes""></td><td class=""right iz"" data-stat=""attendance""></td><td class=""left iz"" data-stat=""game_remarks""></td></tr>"
145,"<tr><th class=""left"" csk=""194812300PHW"" data-stat=""date_game"" scope=""row""><a href=""/boxscores/index.fcgi?month=12&amp;day=30&amp;year=1948"">Thu, Dec 30, 1948</a></th><td class=""left"" csk=""INJ.194812300PHW"" data-stat=""visitor_team_name""><a href=""/teams/INJ/1949.html"">Indianapolis Jets</a></td><td class=""right"" data-stat=""visitor_pts"">91</td><td class=""left"" csk=""PHW.194812300PHW"" data-stat=""home_team_name""><a href=""/teams/PHW/1949.html"">Philadelphia Warriors</a></td><td class=""right"" data-stat=""home_pts"">94</td><td class=""center"" data-stat=""box_score_text""><a href=""/boxscores/194812300PHW.html"">Box Score</a></td><td class=""center iz"" data-stat=""overtimes""></td><td class=""right iz"" data-stat=""attendance""></td><td class=""left iz"" data-stat=""game_remarks""></td></tr>"
147,"<tr><th class=""left"" csk=""194812300PRO"" data-stat=""date_game"" scope=""row""><a href=""/boxscores/index.fcgi?month=12&amp;day=30&amp;year=1948"">Thu, Dec 30, 1948</a></th><td class=""left"" csk=""CHS.194812300PRO"" data-stat=""visitor_team_name""><a href=""/teams/CHS/1949.html"">Chicago Stags</a></td><td class=""right"" data-stat=""visitor_pts"">101</td><td class=""left"" csk=""PRO.194812300PRO"" data-stat=""home_team_name""><a href=""/teams/PRO/1949.html"">Providence Steamrollers</a></td><td class=""right"" data-stat=""home_pts"">89</td><td class=""center"" data-stat=""box_score_text""><a href=""/boxscores/194812300PRO.html"">Box Score</a></td><td class=""center iz"" data-stat=""overtimes""></td><td class=""right iz"" data-stat=""attendance""></td><td class=""left iz"" data-stat=""game_remarks""></td></tr>"
149,"<tr><th class=""left"" csk=""194812300STB"" data-stat=""date_game"" scope=""row""><a href=""/boxscores/index.fcgi?month=12&amp;day=30&amp;year=1948"">Thu, Dec 30, 1948</a></th><td class=""left"" csk=""WSC.194812300STB"" data-stat=""visitor_team_name""><a href=""/teams/WSC/1949.html"">Washington Capitols</a></td><td class=""right"" data-stat=""visitor_pts"">81</td><td class=""left"" csk=""STB.194812300STB"" data-stat=""home_team_name""><a href=""/teams/STB/1949.html"">St. Louis Bombers</a></td><td class=""right"" data-stat=""home_pts"">68</td><td class=""center"" data-stat=""box_score_text""><a href=""/boxscores/194812300STB.html"">Box Score</a></td><td class=""center iz"" data-stat=""overtimes""></td><td class=""right iz"" data-stat=""attendance""></td><td class=""left iz"" data-stat=""game_remarks""></td></tr>"
151,"<tr><th class=""left"" csk=""194812310BOS"" data-stat=""date_game"" scope=""row""><a href=""/boxscores/index.fcgi?month=12&amp;day=31&amp;year=1948"">Fri, Dec 31, 1948</a></th><td class=""left"" csk=""PRO.194812310BOS"" data-stat=""visitor_team_name""><a href=""/teams/PRO/1949.html"">Providence Steamrollers</a></td><td class=""right"" data-stat=""visitor_pts"">67</td><td class=""left"" csk=""BOS.194812310BOS"" data-stat=""home_team_name""><a href=""/teams/BOS/1949.html"">Boston Celtics</a></td><td class=""right"" data-stat=""home_pts"">69</td><td class=""center"" data-stat=""box_score_text""><a href=""/boxscores/194812310BOS.html"">Box Score</a></td><td class=""center iz"" data-stat=""overtimes""></td><td class=""right iz"" data-stat=""attendance""></td><td class=""left iz"" data-stat=""game_remarks""></td></tr>"
