,0
1,"<tr><th class=""left"" csk=""194903220ROC"" data-stat=""date_game"" scope=""row""><a href=""/boxscores/index.fcgi?month=3&amp;day=22&amp;year=1949"">Tue, Mar 22, 1949</a></th><td class=""left"" csk=""STB.194903220ROC"" data-stat=""visitor_team_name""><a href=""/teams/STB/1949.html"">St. Louis Bombers</a></td><td class=""right"" data-stat=""visitor_pts"">64</td><td class=""left"" csk=""ROC.194903220ROC"" data-stat=""home_team_name""><a href=""/teams/ROC/1949.html"">Rochester Royals</a></td><td class=""right"" data-stat=""home_pts"">93</td><td class=""center"" data-stat=""box_score_text""><a href=""/boxscores/194903220ROC.html"">Box Score</a></td><td class=""center iz"" data-stat=""overtimes""></td><td class=""right iz"" data-stat=""attendance""></td><td class=""left iz"" data-stat=""game_remarks""></td></tr>"
3,"<tr><th class=""left"" csk=""194903230BLB"" data-stat=""date_game"" scope=""row""><a href=""/boxscores/index.fcgi?month=3&amp;day=23&amp;year=1949"">Wed, Mar 23, 1949</a></th><td class=""left"" csk=""NYK.194903230BLB"" data-stat=""visitor_team_name""><a href=""/teams/NYK/1949.html"">New York Knicks</a></td><td class=""right"" data-stat=""visitor_pts"">81</td><td class=""left"" csk=""BLB.194903230BLB"" data-stat=""home_team_name""><a href=""/teams/BLB/1949.html"">Baltimore Bullets</a></td><td class=""right"" data-stat=""home_pts"">82</td><td class=""center"" data-stat=""box_score_text""><a href=""/boxscores/194903230BLB.html"">Box Score</a></td><td class=""center iz"" data-stat=""overtimes""></td><td class=""right iz"" data-stat=""attendance""></td><td class=""left iz"" data-stat=""game_remarks""></td></tr>"
5,"<tr><th class=""left"" csk=""194903230MNL"" data-stat=""date_game"" scope=""row""><a href=""/boxscores/index.fcgi?month=3&amp;day=23&amp;year=1949"">Wed, Mar 23, 1949</a></th><td class=""left"" csk=""CHS.194903230MNL"" data-stat=""visitor_team_name""><a href=""/teams/CHS/1949.html"">Chicago Stags</a></td><td class=""right"" data-stat=""visitor_pts"">77</td><td class=""left"" csk=""MNL.194903230MNL"" data-stat=""home_team_name""><a href=""/teams/MNL/1949.html"">Minneapolis Lakers</a></td><td class=""right"" data-stat=""home_pts"">84</td><td class=""center"" data-stat=""box_score_text""><a href=""/boxscores/194903230MNL.html"">Box Score</a></td><td class=""center iz"" data-stat=""overtimes""></td><td class=""right iz"" data-stat=""attendance""></td><td class=""left iz"" data-stat=""game_remarks""></td></tr>"
7,"<tr><th class=""left"" csk=""194903230PHW"" data-stat=""date_game"" scope=""row""><a href=""/boxscores/index.fcgi?month=3&amp;day=23&amp;year=1949"">Wed, Mar 23, 1949</a></th><td class=""left"" csk=""WSC.194903230PHW"" data-stat=""visitor_team_name""><a href=""/teams/WSC/1949.html"">Washington Capitols</a></td><td class=""right"" data-stat=""visitor_pts"">92</td><td class=""left"" csk=""PHW.194903230PHW"" data-stat=""home_team_name""><a href=""/teams/PHW/1949.html"">Philadelphia Warriors</a></td><td class=""right"" data-stat=""home_pts"">70</td><td class=""center"" data-stat=""box_score_text""><a href=""/boxscores/194903230PHW.html"">Box Score</a></td><td class=""center iz"" data-stat=""overtimes""></td><td class=""right iz"" data-stat=""attendance""></td><td class=""left iz"" data-stat=""game_remarks""></td></tr>"
9,"<tr><th class=""left"" csk=""194903230STB"" data-stat=""date_game"" scope=""row""><a href=""/boxscores/index.fcgi?month=3&amp;day=23&amp;year=1949"">Wed, Mar 23, 1949</a></th><td class=""left"" csk=""ROC.194903230STB"" data-stat=""visitor_team_name""><a href=""/teams/ROC/1949.html"">Rochester Royals</a></td><td class=""right"" data-stat=""visitor_pts"">66</td><td class=""left"" csk=""STB.194903230STB"" data-stat=""home_team_name""><a href=""/teams/STB/1949.html"">St. Louis Bombers</a></td><td class=""right"" data-stat=""home_pts"">64</td><td class=""center"" data-stat=""box_score_text""><a href=""/boxscores/194903230STB.html"">Box Score</a></td><td class=""center iz"" data-stat=""overtimes""></td><td class=""right iz"" data-stat=""attendance""></td><td class=""left iz"" data-stat=""game_remarks""></td></tr>"
11,"<tr><th class=""left"" csk=""194903240WSC"" data-stat=""date_game"" scope=""row""><a href=""/boxscores/index.fcgi?month=3&amp;day=24&amp;year=1949"">Thu, Mar 24, 1949</a></th><td class=""left"" csk=""PHW.194903240WSC"" data-stat=""visitor_team_name""><a href=""/teams/PHW/1949.html"">Philadelphia Warriors</a></td><td class=""right"" data-stat=""visitor_pts"">78</td><td class=""left"" csk=""WSC.194903240WSC"" data-stat=""home_team_name""><a href=""/teams/WSC/1949.html"">Washington Capitols</a></td><td class=""right"" data-stat=""home_pts"">80</td><td class=""center"" data-stat=""box_score_text""><a href=""/boxscores/194903240WSC.html"">Box Score</a></td><td class=""center iz"" data-stat=""overtimes""></td><td class=""right iz"" data-stat=""attendance""></td><td class=""left iz"" data-stat=""game_remarks""></td></tr>"
13,"<tr><th class=""left"" csk=""194903240NYK"" data-stat=""date_game"" scope=""row""><a href=""/boxscores/index.fcgi?month=3&amp;day=24&amp;year=1949"">Thu, Mar 24, 1949</a></th><td class=""left"" csk=""BLB.194903240NYK"" data-stat=""visitor_team_name""><a href=""/teams/BLB/1949.html"">Baltimore Bullets</a></td><td class=""right"" data-stat=""visitor_pts"">74</td><td class=""left"" csk=""NYK.194903240NYK"" data-stat=""home_team_name""><a href=""/teams/NYK/1949.html"">New York Knicks</a></td><td class=""right"" data-stat=""home_pts"">84</td><td class=""center"" data-stat=""box_score_text""><a href=""/boxscores/194903240NYK.html"">Box Score</a></td><td class=""center iz"" data-stat=""overtimes""></td><td class=""right iz"" data-stat=""attendance""></td><td class=""left iz"" data-stat=""game_remarks""></td></tr>"
15,"<tr><th class=""left"" csk=""194903240CHS"" data-stat=""date_game"" scope=""row""><a href=""/boxscores/index.fcgi?month=3&amp;day=24&amp;year=1949"">Thu, Mar 24, 1949</a></th><td class=""left"" csk=""MNL.194903240CHS"" data-stat=""visitor_team_name""><a href=""/teams/MNL/1949.html"">Minneapolis Lakers</a></td><td class=""right"" data-stat=""visitor_pts"">101</td><td class=""left"" csk=""CHS.194903240CHS"" data-stat=""home_team_name""><a href=""/teams/CHS/1949.html"">Chicago Stags</a></td><td class=""right"" data-stat=""home_pts"">85</td><td class=""center"" data-stat=""box_score_text""><a href=""/boxscores/194903240CHS.html"">Box Score</a></td><td class=""center iz"" data-stat=""overtimes""></td><td class=""right iz"" data-stat=""attendance""></td><td class=""left iz"" data-stat=""game_remarks""></td></tr>"
17,"<tr><th class=""left"" csk=""194903260NYK"" data-stat=""date_game"" scope=""row""><a href=""/boxscores/index.fcgi?month=3&amp;day=26&amp;year=1949"">Sat, Mar 26, 1949</a></th><td class=""left"" csk=""BLB.194903260NYK"" data-stat=""visitor_team_name""><a href=""/teams/BLB/1949.html"">Baltimore Bullets</a></td><td class=""right"" data-stat=""visitor_pts"">99</td><td class=""left"" csk=""NYK.194903260NYK"" data-stat=""home_team_name""><a href=""/teams/NYK/1949.html"">New York Knicks</a></td><td class=""right"" data-stat=""home_pts"">103</td><td class=""center"" data-stat=""box_score_text""><a href=""/boxscores/194903260NYK.html"">Box Score</a></td><td class=""center"" data-stat=""overtimes"">OT</td><td class=""right iz"" data-stat=""attendance""></td><td class=""left iz"" data-stat=""game_remarks""></td></tr>"
19,"<tr><th class=""left"" csk=""194903270ROC"" data-stat=""date_game"" scope=""row""><a href=""/boxscores/index.fcgi?month=3&amp;day=27&amp;year=1949"">Sun, Mar 27, 1949</a></th><td class=""left"" csk=""MNL.194903270ROC"" data-stat=""visitor_team_name""><a href=""/teams/MNL/1949.html"">Minneapolis Lakers</a></td><td class=""right"" data-stat=""visitor_pts"">80</td><td class=""left"" csk=""ROC.194903270ROC"" data-stat=""home_team_name""><a href=""/teams/ROC/1949.html"">Rochester Royals</a></td><td class=""right"" data-stat=""home_pts"">79</td><td class=""center"" data-stat=""box_score_text""><a href=""/boxscores/194903270ROC.html"">Box Score</a></td><td class=""center iz"" data-stat=""overtimes""></td><td class=""right iz"" data-stat=""attendance""></td><td class=""left iz"" data-stat=""game_remarks""></td></tr>"
21,"<tr><th class=""left"" csk=""194903290WSC"" data-stat=""date_game"" scope=""row""><a href=""/boxscores/index.fcgi?month=3&amp;day=29&amp;year=1949"">Tue, Mar 29, 1949</a></th><td class=""left"" csk=""NYK.194903290WSC"" data-stat=""visitor_team_name""><a href=""/teams/NYK/1949.html"">New York Knicks</a></td><td class=""right"" data-stat=""visitor_pts"">71</td><td class=""left"" csk=""WSC.194903290WSC"" data-stat=""home_team_name""><a href=""/teams/WSC/1949.html"">Washington Capitols</a></td><td class=""right"" data-stat=""home_pts"">77</td><td class=""center"" data-stat=""box_score_text""><a href=""/boxscores/194903290WSC.html"">Box Score</a></td><td class=""center iz"" data-stat=""overtimes""></td><td class=""right iz"" data-stat=""attendance""></td><td class=""left"" data-stat=""game_remarks"">at Washington, DC (National Guard Armory)</td></tr>"
23,"<tr><th class=""left"" csk=""194903290MNL"" data-stat=""date_game"" scope=""row""><a href=""/boxscores/index.fcgi?month=3&amp;day=29&amp;year=1949"">Tue, Mar 29, 1949</a></th><td class=""left"" csk=""ROC.194903290MNL"" data-stat=""visitor_team_name""><a href=""/teams/ROC/1949.html"">Rochester Royals</a></td><td class=""right"" data-stat=""visitor_pts"">55</td><td class=""left"" csk=""MNL.194903290MNL"" data-stat=""home_team_name""><a href=""/teams/MNL/1949.html"">Minneapolis Lakers</a></td><td class=""right"" data-stat=""home_pts"">67</td><td class=""center"" data-stat=""box_score_text""><a href=""/boxscores/194903290MNL.html"">Box Score</a></td><td class=""center iz"" data-stat=""overtimes""></td><td class=""right iz"" data-stat=""attendance""></td><td class=""left"" data-stat=""game_remarks"">at Saint Paul, MN</td></tr>"
25,"<tr><th class=""left"" csk=""194903310NYK"" data-stat=""date_game"" scope=""row""><a href=""/boxscores/index.fcgi?month=3&amp;day=31&amp;year=1949"">Thu, Mar 31, 1949</a></th><td class=""left"" csk=""WSC.194903310NYK"" data-stat=""visitor_team_name""><a href=""/teams/WSC/1949.html"">Washington Capitols</a></td><td class=""right"" data-stat=""visitor_pts"">84</td><td class=""left"" csk=""NYK.194903310NYK"" data-stat=""home_team_name""><a href=""/teams/NYK/1949.html"">New York Knicks</a></td><td class=""right"" data-stat=""home_pts"">86</td><td class=""center"" data-stat=""box_score_text""><a href=""/boxscores/194903310NYK.html"">Box Score</a></td><td class=""center"" data-stat=""overtimes"">OT</td><td class=""right iz"" data-stat=""attendance""></td><td class=""left iz"" data-stat=""game_remarks""></td></tr>"
27,"<tr><th class=""left"" csk=""194904020WSC"" data-stat=""date_game"" scope=""row""><a href=""/boxscores/index.fcgi?month=4&amp;day=2&amp;year=1949"">Sat, Apr 2, 1949</a></th><td class=""left"" csk=""NYK.194904020WSC"" data-stat=""visitor_team_name""><a href=""/teams/NYK/1949.html"">New York Knicks</a></td><td class=""right"" data-stat=""visitor_pts"">76</td><td class=""left"" csk=""WSC.194904020WSC"" data-stat=""home_team_name""><a href=""/teams/WSC/1949.html"">Washington Capitols</a></td><td class=""right"" data-stat=""home_pts"">84</td><td class=""center"" data-stat=""box_score_text""><a href=""/boxscores/194904020WSC.html"">Box Score</a></td><td class=""center iz"" data-stat=""overtimes""></td><td class=""right iz"" data-stat=""attendance""></td><td class=""left"" data-stat=""game_remarks"">at Washington, DC (National Guard Armory)</td></tr>"
29,"<tr><th class=""left"" csk=""194904040MNL"" data-stat=""date_game"" scope=""row""><a href=""/boxscores/index.fcgi?month=4&amp;day=4&amp;year=1949"">Mon, Apr 4, 1949</a></th><td class=""left"" csk=""WSC.194904040MNL"" data-stat=""visitor_team_name""><a href=""/teams/WSC/1949.html"">Washington Capitols</a></td><td class=""right"" data-stat=""visitor_pts"">84</td><td class=""left"" csk=""MNL.194904040MNL"" data-stat=""home_team_name""><a href=""/teams/MNL/1949.html"">Minneapolis Lakers</a></td><td class=""right"" data-stat=""home_pts"">88</td><td class=""center"" data-stat=""box_score_text""><a href=""/boxscores/194904040MNL.html"">Box Score</a></td><td class=""center iz"" data-stat=""overtimes""></td><td class=""right"" data-stat=""attendance"">8,210</td><td class=""left iz"" data-stat=""game_remarks""></td></tr>"
31,"<tr><th class=""left"" csk=""194904060MNL"" data-stat=""date_game"" scope=""row""><a href=""/boxscores/index.fcgi?month=4&amp;day=6&amp;year=1949"">Wed, Apr 6, 1949</a></th><td class=""left"" csk=""WSC.194904060MNL"" data-stat=""visitor_team_name""><a href=""/teams/WSC/1949.html"">Washington Capitols</a></td><td class=""right"" data-stat=""visitor_pts"">62</td><td class=""left"" csk=""MNL.194904060MNL"" data-stat=""home_team_name""><a href=""/teams/MNL/1949.html"">Minneapolis Lakers</a></td><td class=""right"" data-stat=""home_pts"">76</td><td class=""center"" data-stat=""box_score_text""><a href=""/boxscores/194904060MNL.html"">Box Score</a></td><td class=""center iz"" data-stat=""overtimes""></td><td class=""right"" data-stat=""attendance"">10,212</td><td class=""left iz"" data-stat=""game_remarks""></td></tr>"
33,"<tr><th class=""left"" csk=""194904080WSC"" data-stat=""date_game"" scope=""row""><a href=""/boxscores/index.fcgi?month=4&amp;day=8&amp;year=1949"">Fri, Apr 8, 1949</a></th><td class=""left"" csk=""MNL.194904080WSC"" data-stat=""visitor_team_name""><a href=""/teams/MNL/1949.html"">Minneapolis Lakers</a></td><td class=""right"" data-stat=""visitor_pts"">94</td><td class=""left"" csk=""WSC.194904080WSC"" data-stat=""home_team_name""><a href=""/teams/WSC/1949.html"">Washington Capitols</a></td><td class=""right"" data-stat=""home_pts"">74</td><td class=""center"" data-stat=""box_score_text""><a href=""/boxscores/194904080WSC.html"">Box Score</a></td><td class=""center iz"" data-stat=""overtimes""></td><td class=""right"" data-stat=""attendance"">4,919</td><td class=""left iz"" data-stat=""game_remarks""></td></tr>"
35,"<tr><th class=""left"" csk=""194904090WSC"" data-stat=""date_game"" scope=""row""><a href=""/boxscores/index.fcgi?month=4&amp;day=9&amp;year=1949"">Sat, Apr 9, 1949</a></th><td class=""left"" csk=""MNL.194904090WSC"" data-stat=""visitor_team_name""><a href=""/teams/MNL/1949.html"">Minneapolis Lakers</a></td><td class=""right"" data-stat=""visitor_pts"">71</td><td class=""left"" csk=""WSC.194904090WSC"" data-stat=""home_team_name""><a href=""/teams/WSC/1949.html"">Washington Capitols</a></td><td class=""right"" data-stat=""home_pts"">83</td><td class=""center"" data-stat=""box_score_text""><a href=""/boxscores/194904090WSC.html"">Box Score</a></td><td class=""center iz"" data-stat=""overtimes""></td><td class=""right"" data-stat=""attendance"">4,471</td><td class=""left iz"" data-stat=""game_remarks""></td></tr>"
37,"<tr><th class=""left"" csk=""194904110WSC"" data-stat=""date_game"" scope=""row""><a href=""/boxscores/index.fcgi?month=4&amp;day=11&amp;year=1949"">Mon, Apr 11, 1949</a></th><td class=""left"" csk=""MNL.194904110WSC"" data-stat=""visitor_team_name""><a href=""/teams/MNL/1949.html"">Minneapolis Lakers</a></td><td class=""right"" data-stat=""visitor_pts"">65</td><td class=""left"" csk=""WSC.194904110WSC"" data-stat=""home_team_name""><a href=""/teams/WSC/1949.html"">Washington Capitols</a></td><td class=""right"" data-stat=""home_pts"">74</td><td class=""center"" data-stat=""box_score_text""><a href=""/boxscores/194904110WSC.html"">Box Score</a></td><td class=""center iz"" data-stat=""overtimes""></td><td class=""right"" data-stat=""attendance"">3,840</td><td class=""left iz"" data-stat=""game_remarks""></td></tr>"
39,"<tr><th class=""left"" csk=""194904130MNL"" data-stat=""date_game"" scope=""row""><a href=""/boxscores/index.fcgi?month=4&amp;day=13&amp;year=1949"">Wed, Apr 13, 1949</a></th><td class=""left"" csk=""WSC.194904130MNL"" data-stat=""visitor_team_name""><a href=""/teams/WSC/1949.html"">Washington Capitols</a></td><td class=""right"" data-stat=""visitor_pts"">56</td><td class=""left"" csk=""MNL.194904130MNL"" data-stat=""home_team_name""><a href=""/teams/MNL/1949.html"">Minneapolis Lakers</a></td><td class=""right"" data-stat=""home_pts"">77</td><td class=""center"" data-stat=""box_score_text""><a href=""/boxscores/194904130MNL.html"">Box Score</a></td><td class=""center iz"" data-stat=""overtimes""></td><td class=""right"" data-stat=""attendance"">10,482</td><td class=""left"" data-stat=""game_remarks"">at Saint Paul, MN</td></tr>"
