,0
1,"<tr><th class=""left"" csk=""194611010TRH"" data-stat=""date_game"" scope=""row""><a href=""/boxscores/index.fcgi?month=11&amp;day=1&amp;year=1946"">Fri, Nov 1, 1946</a></th><td class=""left"" csk=""NYK.194611010TRH"" data-stat=""visitor_team_name""><a href=""/teams/NYK/1947.html"">New York Knicks</a></td><td class=""right"" data-stat=""visitor_pts"">68</td><td class=""left"" csk=""TRH.194611010TRH"" data-stat=""home_team_name""><a href=""/teams/TRH/1947.html"">Toronto Huskies</a></td><td class=""right"" data-stat=""home_pts"">66</td><td class=""center"" data-stat=""box_score_text""><a href=""/boxscores/194611010TRH.html"">Box Score</a></td><td class=""center iz"" data-stat=""overtimes""></td><td class=""right iz"" data-stat=""attendance""></td><td class=""left iz"" data-stat=""game_remarks""></td></tr>"
3,"<tr><th class=""left"" csk=""194611020CHS"" data-stat=""date_game"" scope=""row""><a href=""/boxscores/index.fcgi?month=11&amp;day=2&amp;year=1946"">Sat, Nov 2, 1946</a></th><td class=""left"" csk=""NYK.194611020CHS"" data-stat=""visitor_team_name""><a href=""/teams/NYK/1947.html"">New York Knicks</a></td><td class=""right"" data-stat=""visitor_pts"">47</td><td class=""left"" csk=""CHS.194611020CHS"" data-stat=""home_team_name""><a href=""/teams/CHS/1947.html"">Chicago Stags</a></td><td class=""right"" data-stat=""home_pts"">63</td><td class=""center"" data-stat=""box_score_text""><a href=""/boxscores/194611020CHS.html"">Box Score</a></td><td class=""center iz"" data-stat=""overtimes""></td><td class=""right iz"" data-stat=""attendance""></td><td class=""left iz"" data-stat=""game_remarks""></td></tr>"
5,"<tr><th class=""left"" csk=""194611020DTF"" data-stat=""date_game"" scope=""row""><a href=""/boxscores/index.fcgi?month=11&amp;day=2&amp;year=1946"">Sat, Nov 2, 1946</a></th><td class=""left"" csk=""WSC.194611020DTF"" data-stat=""visitor_team_name""><a href=""/teams/WSC/1947.html"">Washington Capitols</a></td><td class=""right"" data-stat=""visitor_pts"">50</td><td class=""left"" csk=""DTF.194611020DTF"" data-stat=""home_team_name""><a href=""/teams/DTF/1947.html"">Detroit Falcons</a></td><td class=""right"" data-stat=""home_pts"">33</td><td class=""center"" data-stat=""box_score_text""><a href=""/boxscores/194611020DTF.html"">Box Score</a></td><td class=""center iz"" data-stat=""overtimes""></td><td class=""right iz"" data-stat=""attendance""></td><td class=""left iz"" data-stat=""game_remarks""></td></tr>"
7,"<tr><th class=""left"" csk=""194611020PRO"" data-stat=""date_game"" scope=""row""><a href=""/boxscores/index.fcgi?month=11&amp;day=2&amp;year=1946"">Sat, Nov 2, 1946</a></th><td class=""left"" csk=""BOS.194611020PRO"" data-stat=""visitor_team_name""><a href=""/teams/BOS/1947.html"">Boston Celtics</a></td><td class=""right"" data-stat=""visitor_pts"">53</td><td class=""left"" csk=""PRO.194611020PRO"" data-stat=""home_team_name""><a href=""/teams/PRO/1947.html"">Providence Steamrollers</a></td><td class=""right"" data-stat=""home_pts"">59</td><td class=""center"" data-stat=""box_score_text""><a href=""/boxscores/194611020PRO.html"">Box Score</a></td><td class=""center iz"" data-stat=""overtimes""></td><td class=""right iz"" data-stat=""attendance""></td><td class=""left iz"" data-stat=""game_remarks""></td></tr>"
9,"<tr><th class=""left"" csk=""194611020STB"" data-stat=""date_game"" scope=""row""><a href=""/boxscores/index.fcgi?month=11&amp;day=2&amp;year=1946"">Sat, Nov 2, 1946</a></th><td class=""left"" csk=""PIT.194611020STB"" data-stat=""visitor_team_name""><a href=""/teams/PIT/1947.html"">Pittsburgh Ironmen</a></td><td class=""right"" data-stat=""visitor_pts"">51</td><td class=""left"" csk=""STB.194611020STB"" data-stat=""home_team_name""><a href=""/teams/STB/1947.html"">St. Louis Bombers</a></td><td class=""right"" data-stat=""home_pts"">56</td><td class=""center"" data-stat=""box_score_text""><a href=""/boxscores/194611020STB.html"">Box Score</a></td><td class=""center iz"" data-stat=""overtimes""></td><td class=""right iz"" data-stat=""attendance""></td><td class=""left iz"" data-stat=""game_remarks""></td></tr>"
11,"<tr><th class=""left"" csk=""194611030CLR"" data-stat=""date_game"" scope=""row""><a href=""/boxscores/index.fcgi?month=11&amp;day=3&amp;year=1946"">Sun, Nov 3, 1946</a></th><td class=""left"" csk=""TRH.194611030CLR"" data-stat=""visitor_team_name""><a href=""/teams/TRH/1947.html"">Toronto Huskies</a></td><td class=""right"" data-stat=""visitor_pts"">60</td><td class=""left"" csk=""CLR.194611030CLR"" data-stat=""home_team_name""><a href=""/teams/CLR/1947.html"">Cleveland Rebels</a></td><td class=""right"" data-stat=""home_pts"">71</td><td class=""center"" data-stat=""box_score_text""><a href=""/boxscores/194611030CLR.html"">Box Score</a></td><td class=""center iz"" data-stat=""overtimes""></td><td class=""right iz"" data-stat=""attendance""></td><td class=""left iz"" data-stat=""game_remarks""></td></tr>"
13,"<tr><th class=""left"" csk=""194611040PIT"" data-stat=""date_game"" scope=""row""><a href=""/boxscores/index.fcgi?month=11&amp;day=4&amp;year=1946"">Mon, Nov 4, 1946</a></th><td class=""left"" csk=""WSC.194611040PIT"" data-stat=""visitor_team_name""><a href=""/teams/WSC/1947.html"">Washington Capitols</a></td><td class=""right"" data-stat=""visitor_pts"">71</td><td class=""left"" csk=""PIT.194611040PIT"" data-stat=""home_team_name""><a href=""/teams/PIT/1947.html"">Pittsburgh Ironmen</a></td><td class=""right"" data-stat=""home_pts"">56</td><td class=""center"" data-stat=""box_score_text""><a href=""/boxscores/194611040PIT.html"">Box Score</a></td><td class=""center iz"" data-stat=""overtimes""></td><td class=""right iz"" data-stat=""attendance""></td><td class=""left iz"" data-stat=""game_remarks""></td></tr>"
15,"<tr><th class=""left"" csk=""194611050DTF"" data-stat=""date_game"" scope=""row""><a href=""/boxscores/index.fcgi?month=11&amp;day=5&amp;year=1946"">Tue, Nov 5, 1946</a></th><td class=""left"" csk=""STB.194611050DTF"" data-stat=""visitor_team_name""><a href=""/teams/STB/1947.html"">St. Louis Bombers</a></td><td class=""right"" data-stat=""visitor_pts"">53</td><td class=""left"" csk=""DTF.194611050DTF"" data-stat=""home_team_name""><a href=""/teams/DTF/1947.html"">Detroit Falcons</a></td><td class=""right"" data-stat=""home_pts"">49</td><td class=""center"" data-stat=""box_score_text""><a href=""/boxscores/194611050DTF.html"">Box Score</a></td><td class=""center iz"" data-stat=""overtimes""></td><td class=""right iz"" data-stat=""attendance""></td><td class=""left iz"" data-stat=""game_remarks""></td></tr>"
17,"<tr><th class=""left"" csk=""194611050BOS"" data-stat=""date_game"" scope=""row""><a href=""/boxscores/index.fcgi?month=11&amp;day=5&amp;year=1946"">Tue, Nov 5, 1946</a></th><td class=""left"" csk=""CHS.194611050BOS"" data-stat=""visitor_team_name""><a href=""/teams/CHS/1947.html"">Chicago Stags</a></td><td class=""right"" data-stat=""visitor_pts"">57</td><td class=""left"" csk=""BOS.194611050BOS"" data-stat=""home_team_name""><a href=""/teams/BOS/1947.html"">Boston Celtics</a></td><td class=""right"" data-stat=""home_pts"">55</td><td class=""center"" data-stat=""box_score_text""><a href=""/boxscores/194611050BOS.html"">Box Score</a></td><td class=""center iz"" data-stat=""overtimes""></td><td class=""right iz"" data-stat=""attendance""></td><td class=""left iz"" data-stat=""game_remarks""></td></tr>"
19,"<tr><th class=""left"" csk=""194611070PHW"" data-stat=""date_game"" scope=""row""><a href=""/boxscores/index.fcgi?month=11&amp;day=7&amp;year=1946"">Thu, Nov 7, 1946</a></th><td class=""left"" csk=""PIT.194611070PHW"" data-stat=""visitor_team_name""><a href=""/teams/PIT/1947.html"">Pittsburgh Ironmen</a></td><td class=""right"" data-stat=""visitor_pts"">75</td><td class=""left"" csk=""PHW.194611070PHW"" data-stat=""home_team_name""><a href=""/teams/PHW/1947.html"">Philadelphia Warriors</a></td><td class=""right"" data-stat=""home_pts"">81</td><td class=""center"" data-stat=""box_score_text""><a href=""/boxscores/194611070PHW.html"">Box Score</a></td><td class=""center iz"" data-stat=""overtimes""></td><td class=""right iz"" data-stat=""attendance""></td><td class=""left iz"" data-stat=""game_remarks""></td></tr>"
21,"<tr><th class=""left"" csk=""194611070PRO"" data-stat=""date_game"" scope=""row""><a href=""/boxscores/index.fcgi?month=11&amp;day=7&amp;year=1946"">Thu, Nov 7, 1946</a></th><td class=""left"" csk=""CHS.194611070PRO"" data-stat=""visitor_team_name""><a href=""/teams/CHS/1947.html"">Chicago Stags</a></td><td class=""right"" data-stat=""visitor_pts"">65</td><td class=""left"" csk=""PRO.194611070PRO"" data-stat=""home_team_name""><a href=""/teams/PRO/1947.html"">Providence Steamrollers</a></td><td class=""right"" data-stat=""home_pts"">73</td><td class=""center"" data-stat=""box_score_text""><a href=""/boxscores/194611070PRO.html"">Box Score</a></td><td class=""center iz"" data-stat=""overtimes""></td><td class=""right iz"" data-stat=""attendance""></td><td class=""left iz"" data-stat=""game_remarks""></td></tr>"
23,"<tr><th class=""left"" csk=""194611070STB"" data-stat=""date_game"" scope=""row""><a href=""/boxscores/index.fcgi?month=11&amp;day=7&amp;year=1946"">Thu, Nov 7, 1946</a></th><td class=""left"" csk=""NYK.194611070STB"" data-stat=""visitor_team_name""><a href=""/teams/NYK/1947.html"">New York Knicks</a></td><td class=""right"" data-stat=""visitor_pts"">68</td><td class=""left"" csk=""STB.194611070STB"" data-stat=""home_team_name""><a href=""/teams/STB/1947.html"">St. Louis Bombers</a></td><td class=""right"" data-stat=""home_pts"">63</td><td class=""center"" data-stat=""box_score_text""><a href=""/boxscores/194611070STB.html"">Box Score</a></td><td class=""center iz"" data-stat=""overtimes""></td><td class=""right iz"" data-stat=""attendance""></td><td class=""left iz"" data-stat=""game_remarks""></td></tr>"
25,"<tr><th class=""left"" csk=""194611080TRH"" data-stat=""date_game"" scope=""row""><a href=""/boxscores/index.fcgi?month=11&amp;day=8&amp;year=1946"">Fri, Nov 8, 1946</a></th><td class=""left"" csk=""DTF.194611080TRH"" data-stat=""visitor_team_name""><a href=""/teams/DTF/1947.html"">Detroit Falcons</a></td><td class=""right"" data-stat=""visitor_pts"">71</td><td class=""left"" csk=""TRH.194611080TRH"" data-stat=""home_team_name""><a href=""/teams/TRH/1947.html"">Toronto Huskies</a></td><td class=""right"" data-stat=""home_pts"">73</td><td class=""center"" data-stat=""box_score_text""><a href=""/boxscores/194611080TRH.html"">Box Score</a></td><td class=""center iz"" data-stat=""overtimes""></td><td class=""right iz"" data-stat=""attendance""></td><td class=""left iz"" data-stat=""game_remarks""></td></tr>"
27,"<tr><th class=""left"" csk=""194611090STB"" data-stat=""date_game"" scope=""row""><a href=""/boxscores/index.fcgi?month=11&amp;day=9&amp;year=1946"">Sat, Nov 9, 1946</a></th><td class=""left"" csk=""WSC.194611090STB"" data-stat=""visitor_team_name""><a href=""/teams/WSC/1947.html"">Washington Capitols</a></td><td class=""right"" data-stat=""visitor_pts"">69</td><td class=""left"" csk=""STB.194611090STB"" data-stat=""home_team_name""><a href=""/teams/STB/1947.html"">St. Louis Bombers</a></td><td class=""right"" data-stat=""home_pts"">70</td><td class=""center"" data-stat=""box_score_text""><a href=""/boxscores/194611090STB.html"">Box Score</a></td><td class=""center iz"" data-stat=""overtimes""></td><td class=""right iz"" data-stat=""attendance""></td><td class=""left iz"" data-stat=""game_remarks""></td></tr>"
29,"<tr><th class=""left"" csk=""194611090PRO"" data-stat=""date_game"" scope=""row""><a href=""/boxscores/index.fcgi?month=11&amp;day=9&amp;year=1946"">Sat, Nov 9, 1946</a></th><td class=""left"" csk=""PIT.194611090PRO"" data-stat=""visitor_team_name""><a href=""/teams/PIT/1947.html"">Pittsburgh Ironmen</a></td><td class=""right"" data-stat=""visitor_pts"">66</td><td class=""left"" csk=""PRO.194611090PRO"" data-stat=""home_team_name""><a href=""/teams/PRO/1947.html"">Providence Steamrollers</a></td><td class=""right"" data-stat=""home_pts"">76</td><td class=""center"" data-stat=""box_score_text""><a href=""/boxscores/194611090PRO.html"">Box Score</a></td><td class=""center iz"" data-stat=""overtimes""></td><td class=""right iz"" data-stat=""attendance""></td><td class=""left iz"" data-stat=""game_remarks""></td></tr>"
31,"<tr><th class=""left"" csk=""194611090DTF"" data-stat=""date_game"" scope=""row""><a href=""/boxscores/index.fcgi?month=11&amp;day=9&amp;year=1946"">Sat, Nov 9, 1946</a></th><td class=""left"" csk=""BOS.194611090DTF"" data-stat=""visitor_team_name""><a href=""/teams/BOS/1947.html"">Boston Celtics</a></td><td class=""right"" data-stat=""visitor_pts"">46</td><td class=""left"" csk=""DTF.194611090DTF"" data-stat=""home_team_name""><a href=""/teams/DTF/1947.html"">Detroit Falcons</a></td><td class=""right"" data-stat=""home_pts"">69</td><td class=""center"" data-stat=""box_score_text""><a href=""/boxscores/194611090DTF.html"">Box Score</a></td><td class=""center iz"" data-stat=""overtimes""></td><td class=""right iz"" data-stat=""attendance""></td><td class=""left iz"" data-stat=""game_remarks""></td></tr>"
33,"<tr><th class=""left"" csk=""194611090CHS"" data-stat=""date_game"" scope=""row""><a href=""/boxscores/index.fcgi?month=11&amp;day=9&amp;year=1946"">Sat, Nov 9, 1946</a></th><td class=""left"" csk=""TRH.194611090CHS"" data-stat=""visitor_team_name""><a href=""/teams/TRH/1947.html"">Toronto Huskies</a></td><td class=""right"" data-stat=""visitor_pts"">54</td><td class=""left"" csk=""CHS.194611090CHS"" data-stat=""home_team_name""><a href=""/teams/CHS/1947.html"">Chicago Stags</a></td><td class=""right"" data-stat=""home_pts"">62</td><td class=""center"" data-stat=""box_score_text""><a href=""/boxscores/194611090CHS.html"">Box Score</a></td><td class=""center iz"" data-stat=""overtimes""></td><td class=""right iz"" data-stat=""attendance""></td><td class=""left iz"" data-stat=""game_remarks""></td></tr>"
35,"<tr><th class=""left"" csk=""194611100CLR"" data-stat=""date_game"" scope=""row""><a href=""/boxscores/index.fcgi?month=11&amp;day=10&amp;year=1946"">Sun, Nov 10, 1946</a></th><td class=""left"" csk=""WSC.194611100CLR"" data-stat=""visitor_team_name""><a href=""/teams/WSC/1947.html"">Washington Capitols</a></td><td class=""right"" data-stat=""visitor_pts"">68</td><td class=""left"" csk=""CLR.194611100CLR"" data-stat=""home_team_name""><a href=""/teams/CLR/1947.html"">Cleveland Rebels</a></td><td class=""right"" data-stat=""home_pts"">92</td><td class=""center"" data-stat=""box_score_text""><a href=""/boxscores/194611100CLR.html"">Box Score</a></td><td class=""center iz"" data-stat=""overtimes""></td><td class=""right iz"" data-stat=""attendance""></td><td class=""left iz"" data-stat=""game_remarks""></td></tr>"
37,"<tr><th class=""left"" csk=""194611110NYK"" data-stat=""date_game"" scope=""row""><a href=""/boxscores/index.fcgi?month=11&amp;day=11&amp;year=1946"">Mon, Nov 11, 1946</a></th><td class=""left"" csk=""CHS.194611110NYK"" data-stat=""visitor_team_name""><a href=""/teams/CHS/1947.html"">Chicago Stags</a></td><td class=""right"" data-stat=""visitor_pts"">78</td><td class=""left"" csk=""NYK.194611110NYK"" data-stat=""home_team_name""><a href=""/teams/NYK/1947.html"">New York Knicks</a></td><td class=""right"" data-stat=""home_pts"">68</td><td class=""center"" data-stat=""box_score_text""><a href=""/boxscores/194611110NYK.html"">Box Score</a></td><td class=""center"" data-stat=""overtimes"">OT</td><td class=""right iz"" data-stat=""attendance""></td><td class=""left iz"" data-stat=""game_remarks""></td></tr>"
39,"<tr><th class=""left"" csk=""194611110PIT"" data-stat=""date_game"" scope=""row""><a href=""/boxscores/index.fcgi?month=11&amp;day=11&amp;year=1946"">Mon, Nov 11, 1946</a></th><td class=""left"" csk=""PRO.194611110PIT"" data-stat=""visitor_team_name""><a href=""/teams/PRO/1947.html"">Providence Steamrollers</a></td><td class=""right"" data-stat=""visitor_pts"">71</td><td class=""left"" csk=""PIT.194611110PIT"" data-stat=""home_team_name""><a href=""/teams/PIT/1947.html"">Pittsburgh Ironmen</a></td><td class=""right"" data-stat=""home_pts"">84</td><td class=""center"" data-stat=""box_score_text""><a href=""/boxscores/194611110PIT.html"">Box Score</a></td><td class=""center iz"" data-stat=""overtimes""></td><td class=""right iz"" data-stat=""attendance""></td><td class=""left iz"" data-stat=""game_remarks""></td></tr>"
41,"<tr><th class=""left"" csk=""194611130CHS"" data-stat=""date_game"" scope=""row""><a href=""/boxscores/index.fcgi?month=11&amp;day=13&amp;year=1946"">Wed, Nov 13, 1946</a></th><td class=""left"" csk=""BOS.194611130CHS"" data-stat=""visitor_team_name""><a href=""/teams/BOS/1947.html"">Boston Celtics</a></td><td class=""right"" data-stat=""visitor_pts"">61</td><td class=""left"" csk=""CHS.194611130CHS"" data-stat=""home_team_name""><a href=""/teams/CHS/1947.html"">Chicago Stags</a></td><td class=""right"" data-stat=""home_pts"">71</td><td class=""center"" data-stat=""box_score_text""><a href=""/boxscores/194611130CHS.html"">Box Score</a></td><td class=""center iz"" data-stat=""overtimes""></td><td class=""right iz"" data-stat=""attendance""></td><td class=""left iz"" data-stat=""game_remarks""></td></tr>"
43,"<tr><th class=""left"" csk=""194611130DTF"" data-stat=""date_game"" scope=""row""><a href=""/boxscores/index.fcgi?month=11&amp;day=13&amp;year=1946"">Wed, Nov 13, 1946</a></th><td class=""left"" csk=""PRO.194611130DTF"" data-stat=""visitor_team_name""><a href=""/teams/PRO/1947.html"">Providence Steamrollers</a></td><td class=""right"" data-stat=""visitor_pts"">70</td><td class=""left"" csk=""DTF.194611130DTF"" data-stat=""home_team_name""><a href=""/teams/DTF/1947.html"">Detroit Falcons</a></td><td class=""right"" data-stat=""home_pts"">68</td><td class=""center"" data-stat=""box_score_text""><a href=""/boxscores/194611130DTF.html"">Box Score</a></td><td class=""center iz"" data-stat=""overtimes""></td><td class=""right iz"" data-stat=""attendance""></td><td class=""left iz"" data-stat=""game_remarks""></td></tr>"
45,"<tr><th class=""left"" csk=""194611140STB"" data-stat=""date_game"" scope=""row""><a href=""/boxscores/index.fcgi?month=11&amp;day=14&amp;year=1946"">Thu, Nov 14, 1946</a></th><td class=""left"" csk=""BOS.194611140STB"" data-stat=""visitor_team_name""><a href=""/teams/BOS/1947.html"">Boston Celtics</a></td><td class=""right"" data-stat=""visitor_pts"">62</td><td class=""left"" csk=""STB.194611140STB"" data-stat=""home_team_name""><a href=""/teams/STB/1947.html"">St. Louis Bombers</a></td><td class=""right"" data-stat=""home_pts"">64</td><td class=""center"" data-stat=""box_score_text""><a href=""/boxscores/194611140STB.html"">Box Score</a></td><td class=""center"" data-stat=""overtimes"">OT</td><td class=""right iz"" data-stat=""attendance""></td><td class=""left iz"" data-stat=""game_remarks""></td></tr>"
47,"<tr><th class=""left"" csk=""194611140PHW"" data-stat=""date_game"" scope=""row""><a href=""/boxscores/index.fcgi?month=11&amp;day=14&amp;year=1946"">Thu, Nov 14, 1946</a></th><td class=""left"" csk=""WSC.194611140PHW"" data-stat=""visitor_team_name""><a href=""/teams/WSC/1947.html"">Washington Capitols</a></td><td class=""right"" data-stat=""visitor_pts"">65</td><td class=""left"" csk=""PHW.194611140PHW"" data-stat=""home_team_name""><a href=""/teams/PHW/1947.html"">Philadelphia Warriors</a></td><td class=""right"" data-stat=""home_pts"">68</td><td class=""center"" data-stat=""box_score_text""><a href=""/boxscores/194611140PHW.html"">Box Score</a></td><td class=""center iz"" data-stat=""overtimes""></td><td class=""right iz"" data-stat=""attendance""></td><td class=""left iz"" data-stat=""game_remarks""></td></tr>"
49,"<tr><th class=""left"" csk=""194611150TRH"" data-stat=""date_game"" scope=""row""><a href=""/boxscores/index.fcgi?month=11&amp;day=15&amp;year=1946"">Fri, Nov 15, 1946</a></th><td class=""left"" csk=""PRO.194611150TRH"" data-stat=""visitor_team_name""><a href=""/teams/PRO/1947.html"">Providence Steamrollers</a></td><td class=""right"" data-stat=""visitor_pts"">68</td><td class=""left"" csk=""TRH.194611150TRH"" data-stat=""home_team_name""><a href=""/teams/TRH/1947.html"">Toronto Huskies</a></td><td class=""right"" data-stat=""home_pts"">85</td><td class=""center"" data-stat=""box_score_text""><a href=""/boxscores/194611150TRH.html"">Box Score</a></td><td class=""center iz"" data-stat=""overtimes""></td><td class=""right iz"" data-stat=""attendance""></td><td class=""left iz"" data-stat=""game_remarks""></td></tr>"
51,"<tr><th class=""left"" csk=""194611160BOS"" data-stat=""date_game"" scope=""row""><a href=""/boxscores/index.fcgi?month=11&amp;day=16&amp;year=1946"">Sat, Nov 16, 1946</a></th><td class=""left"" csk=""TRH.194611160BOS"" data-stat=""visitor_team_name""><a href=""/teams/TRH/1947.html"">Toronto Huskies</a></td><td class=""right"" data-stat=""visitor_pts"">49</td><td class=""left"" csk=""BOS.194611160BOS"" data-stat=""home_team_name""><a href=""/teams/BOS/1947.html"">Boston Celtics</a></td><td class=""right"" data-stat=""home_pts"">53</td><td class=""center"" data-stat=""box_score_text""><a href=""/boxscores/194611160BOS.html"">Box Score</a></td><td class=""center iz"" data-stat=""overtimes""></td><td class=""right iz"" data-stat=""attendance""></td><td class=""left iz"" data-stat=""game_remarks""></td></tr>"
53,"<tr><th class=""left"" csk=""194611160CHS"" data-stat=""date_game"" scope=""row""><a href=""/boxscores/index.fcgi?month=11&amp;day=16&amp;year=1946"">Sat, Nov 16, 1946</a></th><td class=""left"" csk=""WSC.194611160CHS"" data-stat=""visitor_team_name""><a href=""/teams/WSC/1947.html"">Washington Capitols</a></td><td class=""right"" data-stat=""visitor_pts"">73</td><td class=""left"" csk=""CHS.194611160CHS"" data-stat=""home_team_name""><a href=""/teams/CHS/1947.html"">Chicago Stags</a></td><td class=""right"" data-stat=""home_pts"">65</td><td class=""center"" data-stat=""box_score_text""><a href=""/boxscores/194611160CHS.html"">Box Score</a></td><td class=""center iz"" data-stat=""overtimes""></td><td class=""right iz"" data-stat=""attendance""></td><td class=""left iz"" data-stat=""game_remarks""></td></tr>"
55,"<tr><th class=""left"" csk=""194611160NYK"" data-stat=""date_game"" scope=""row""><a href=""/boxscores/index.fcgi?month=11&amp;day=16&amp;year=1946"">Sat, Nov 16, 1946</a></th><td class=""left"" csk=""PIT.194611160NYK"" data-stat=""visitor_team_name""><a href=""/teams/PIT/1947.html"">Pittsburgh Ironmen</a></td><td class=""right"" data-stat=""visitor_pts"">62</td><td class=""left"" csk=""NYK.194611160NYK"" data-stat=""home_team_name""><a href=""/teams/NYK/1947.html"">New York Knicks</a></td><td class=""right"" data-stat=""home_pts"">64</td><td class=""center"" data-stat=""box_score_text""><a href=""/boxscores/194611160NYK.html"">Box Score</a></td><td class=""center"" data-stat=""overtimes"">OT</td><td class=""right iz"" data-stat=""attendance""></td><td class=""left iz"" data-stat=""game_remarks""></td></tr>"
57,"<tr><th class=""left"" csk=""194611160PRO"" data-stat=""date_game"" scope=""row""><a href=""/boxscores/index.fcgi?month=11&amp;day=16&amp;year=1946"">Sat, Nov 16, 1946</a></th><td class=""left"" csk=""DTF.194611160PRO"" data-stat=""visitor_team_name""><a href=""/teams/DTF/1947.html"">Detroit Falcons</a></td><td class=""right"" data-stat=""visitor_pts"">70</td><td class=""left"" csk=""PRO.194611160PRO"" data-stat=""home_team_name""><a href=""/teams/PRO/1947.html"">Providence Steamrollers</a></td><td class=""right"" data-stat=""home_pts"">59</td><td class=""center"" data-stat=""box_score_text""><a href=""/boxscores/194611160PRO.html"">Box Score</a></td><td class=""center iz"" data-stat=""overtimes""></td><td class=""right iz"" data-stat=""attendance""></td><td class=""left iz"" data-stat=""game_remarks""></td></tr>"
59,"<tr><th class=""left"" csk=""194611160STB"" data-stat=""date_game"" scope=""row""><a href=""/boxscores/index.fcgi?month=11&amp;day=16&amp;year=1946"">Sat, Nov 16, 1946</a></th><td class=""left"" csk=""CLR.194611160STB"" data-stat=""visitor_team_name""><a href=""/teams/CLR/1947.html"">Cleveland Rebels</a></td><td class=""right"" data-stat=""visitor_pts"">74</td><td class=""left"" csk=""STB.194611160STB"" data-stat=""home_team_name""><a href=""/teams/STB/1947.html"">St. Louis Bombers</a></td><td class=""right"" data-stat=""home_pts"">83</td><td class=""center"" data-stat=""box_score_text""><a href=""/boxscores/194611160STB.html"">Box Score</a></td><td class=""center"" data-stat=""overtimes"">OT</td><td class=""right iz"" data-stat=""attendance""></td><td class=""left iz"" data-stat=""game_remarks""></td></tr>"
61,"<tr><th class=""left"" csk=""194611170CLR"" data-stat=""date_game"" scope=""row""><a href=""/boxscores/index.fcgi?month=11&amp;day=17&amp;year=1946"">Sun, Nov 17, 1946</a></th><td class=""left"" csk=""CHS.194611170CLR"" data-stat=""visitor_team_name""><a href=""/teams/CHS/1947.html"">Chicago Stags</a></td><td class=""right"" data-stat=""visitor_pts"">78</td><td class=""left"" csk=""CLR.194611170CLR"" data-stat=""home_team_name""><a href=""/teams/CLR/1947.html"">Cleveland Rebels</a></td><td class=""right"" data-stat=""home_pts"">76</td><td class=""center"" data-stat=""box_score_text""><a href=""/boxscores/194611170CLR.html"">Box Score</a></td><td class=""center iz"" data-stat=""overtimes""></td><td class=""right iz"" data-stat=""attendance""></td><td class=""left iz"" data-stat=""game_remarks""></td></tr>"
63,"<tr><th class=""left"" csk=""194611180PIT"" data-stat=""date_game"" scope=""row""><a href=""/boxscores/index.fcgi?month=11&amp;day=18&amp;year=1946"">Mon, Nov 18, 1946</a></th><td class=""left"" csk=""TRH.194611180PIT"" data-stat=""visitor_team_name""><a href=""/teams/TRH/1947.html"">Toronto Huskies</a></td><td class=""right"" data-stat=""visitor_pts"">48</td><td class=""left"" csk=""PIT.194611180PIT"" data-stat=""home_team_name""><a href=""/teams/PIT/1947.html"">Pittsburgh Ironmen</a></td><td class=""right"" data-stat=""home_pts"">54</td><td class=""center"" data-stat=""box_score_text""><a href=""/boxscores/194611180PIT.html"">Box Score</a></td><td class=""center iz"" data-stat=""overtimes""></td><td class=""right iz"" data-stat=""attendance""></td><td class=""left iz"" data-stat=""game_remarks""></td></tr>"
65,"<tr><th class=""left"" csk=""194611180NYK"" data-stat=""date_game"" scope=""row""><a href=""/boxscores/index.fcgi?month=11&amp;day=18&amp;year=1946"">Mon, Nov 18, 1946</a></th><td class=""left"" csk=""DTF.194611180NYK"" data-stat=""visitor_team_name""><a href=""/teams/DTF/1947.html"">Detroit Falcons</a></td><td class=""right"" data-stat=""visitor_pts"">57</td><td class=""left"" csk=""NYK.194611180NYK"" data-stat=""home_team_name""><a href=""/teams/NYK/1947.html"">New York Knicks</a></td><td class=""right"" data-stat=""home_pts"">61</td><td class=""center"" data-stat=""box_score_text""><a href=""/boxscores/194611180NYK.html"">Box Score</a></td><td class=""center iz"" data-stat=""overtimes""></td><td class=""right iz"" data-stat=""attendance""></td><td class=""left iz"" data-stat=""game_remarks""></td></tr>"
67,"<tr><th class=""left"" csk=""194611190PHW"" data-stat=""date_game"" scope=""row""><a href=""/boxscores/index.fcgi?month=11&amp;day=19&amp;year=1946"">Tue, Nov 19, 1946</a></th><td class=""left"" csk=""STB.194611190PHW"" data-stat=""visitor_team_name""><a href=""/teams/STB/1947.html"">St. Louis Bombers</a></td><td class=""right"" data-stat=""visitor_pts"">66</td><td class=""left"" csk=""PHW.194611190PHW"" data-stat=""home_team_name""><a href=""/teams/PHW/1947.html"">Philadelphia Warriors</a></td><td class=""right"" data-stat=""home_pts"">63</td><td class=""center"" data-stat=""box_score_text""><a href=""/boxscores/194611190PHW.html"">Box Score</a></td><td class=""center iz"" data-stat=""overtimes""></td><td class=""right iz"" data-stat=""attendance""></td><td class=""left iz"" data-stat=""game_remarks""></td></tr>"
69,"<tr><th class=""left"" csk=""194611190TRH"" data-stat=""date_game"" scope=""row""><a href=""/boxscores/index.fcgi?month=11&amp;day=19&amp;year=1946"">Tue, Nov 19, 1946</a></th><td class=""left"" csk=""CLR.194611190TRH"" data-stat=""visitor_team_name""><a href=""/teams/CLR/1947.html"">Cleveland Rebels</a></td><td class=""right"" data-stat=""visitor_pts"">74</td><td class=""left"" csk=""TRH.194611190TRH"" data-stat=""home_team_name""><a href=""/teams/TRH/1947.html"">Toronto Huskies</a></td><td class=""right"" data-stat=""home_pts"">72</td><td class=""center"" data-stat=""box_score_text""><a href=""/boxscores/194611190TRH.html"">Box Score</a></td><td class=""center iz"" data-stat=""overtimes""></td><td class=""right iz"" data-stat=""attendance""></td><td class=""left iz"" data-stat=""game_remarks""></td></tr>"
71,"<tr><th class=""left"" csk=""194611200DTF"" data-stat=""date_game"" scope=""row""><a href=""/boxscores/index.fcgi?month=11&amp;day=20&amp;year=1946"">Wed, Nov 20, 1946</a></th><td class=""left"" csk=""PIT.194611200DTF"" data-stat=""visitor_team_name""><a href=""/teams/PIT/1947.html"">Pittsburgh Ironmen</a></td><td class=""right"" data-stat=""visitor_pts"">54</td><td class=""left"" csk=""DTF.194611200DTF"" data-stat=""home_team_name""><a href=""/teams/DTF/1947.html"">Detroit Falcons</a></td><td class=""right"" data-stat=""home_pts"">53</td><td class=""center"" data-stat=""box_score_text""><a href=""/boxscores/194611200DTF.html"">Box Score</a></td><td class=""center iz"" data-stat=""overtimes""></td><td class=""right iz"" data-stat=""attendance""></td><td class=""left iz"" data-stat=""game_remarks""></td></tr>"
73,"<tr><th class=""left"" csk=""194611200NYK"" data-stat=""date_game"" scope=""row""><a href=""/boxscores/index.fcgi?month=11&amp;day=20&amp;year=1946"">Wed, Nov 20, 1946</a></th><td class=""left"" csk=""CHS.194611200NYK"" data-stat=""visitor_team_name""><a href=""/teams/CHS/1947.html"">Chicago Stags</a></td><td class=""right"" data-stat=""visitor_pts"">69</td><td class=""left"" csk=""NYK.194611200NYK"" data-stat=""home_team_name""><a href=""/teams/NYK/1947.html"">New York Knicks</a></td><td class=""right"" data-stat=""home_pts"">72</td><td class=""center"" data-stat=""box_score_text""><a href=""/boxscores/194611200NYK.html"">Box Score</a></td><td class=""center iz"" data-stat=""overtimes""></td><td class=""right iz"" data-stat=""attendance""></td><td class=""left iz"" data-stat=""game_remarks""></td></tr>"
75,"<tr><th class=""left"" csk=""194611200WSC"" data-stat=""date_game"" scope=""row""><a href=""/boxscores/index.fcgi?month=11&amp;day=20&amp;year=1946"">Wed, Nov 20, 1946</a></th><td class=""left"" csk=""STB.194611200WSC"" data-stat=""visitor_team_name""><a href=""/teams/STB/1947.html"">St. Louis Bombers</a></td><td class=""right"" data-stat=""visitor_pts"">51</td><td class=""left"" csk=""WSC.194611200WSC"" data-stat=""home_team_name""><a href=""/teams/WSC/1947.html"">Washington Capitols</a></td><td class=""right"" data-stat=""home_pts"">54</td><td class=""center"" data-stat=""box_score_text""><a href=""/boxscores/194611200WSC.html"">Box Score</a></td><td class=""center iz"" data-stat=""overtimes""></td><td class=""right iz"" data-stat=""attendance""></td><td class=""left iz"" data-stat=""game_remarks""></td></tr>"
77,"<tr><th class=""left"" csk=""194611210PRO"" data-stat=""date_game"" scope=""row""><a href=""/boxscores/index.fcgi?month=11&amp;day=21&amp;year=1946"">Thu, Nov 21, 1946</a></th><td class=""left"" csk=""WSC.194611210PRO"" data-stat=""visitor_team_name""><a href=""/teams/WSC/1947.html"">Washington Capitols</a></td><td class=""right"" data-stat=""visitor_pts"">66</td><td class=""left"" csk=""PRO.194611210PRO"" data-stat=""home_team_name""><a href=""/teams/PRO/1947.html"">Providence Steamrollers</a></td><td class=""right"" data-stat=""home_pts"">58</td><td class=""center"" data-stat=""box_score_text""><a href=""/boxscores/194611210PRO.html"">Box Score</a></td><td class=""center iz"" data-stat=""overtimes""></td><td class=""right iz"" data-stat=""attendance""></td><td class=""left iz"" data-stat=""game_remarks""></td></tr>"
79,"<tr><th class=""left"" csk=""194611210PHW"" data-stat=""date_game"" scope=""row""><a href=""/boxscores/index.fcgi?month=11&amp;day=21&amp;year=1946"">Thu, Nov 21, 1946</a></th><td class=""left"" csk=""CHS.194611210PHW"" data-stat=""visitor_team_name""><a href=""/teams/CHS/1947.html"">Chicago Stags</a></td><td class=""right"" data-stat=""visitor_pts"">65</td><td class=""left"" csk=""PHW.194611210PHW"" data-stat=""home_team_name""><a href=""/teams/PHW/1947.html"">Philadelphia Warriors</a></td><td class=""right"" data-stat=""home_pts"">63</td><td class=""center"" data-stat=""box_score_text""><a href=""/boxscores/194611210PHW.html"">Box Score</a></td><td class=""center iz"" data-stat=""overtimes""></td><td class=""right iz"" data-stat=""attendance""></td><td class=""left iz"" data-stat=""game_remarks""></td></tr>"
81,"<tr><th class=""left"" csk=""194611210BOS"" data-stat=""date_game"" scope=""row""><a href=""/boxscores/index.fcgi?month=11&amp;day=21&amp;year=1946"">Thu, Nov 21, 1946</a></th><td class=""left"" csk=""STB.194611210BOS"" data-stat=""visitor_team_name""><a href=""/teams/STB/1947.html"">St. Louis Bombers</a></td><td class=""right"" data-stat=""visitor_pts"">65</td><td class=""left"" csk=""BOS.194611210BOS"" data-stat=""home_team_name""><a href=""/teams/BOS/1947.html"">Boston Celtics</a></td><td class=""right"" data-stat=""home_pts"">53</td><td class=""center"" data-stat=""box_score_text""><a href=""/boxscores/194611210BOS.html"">Box Score</a></td><td class=""center iz"" data-stat=""overtimes""></td><td class=""right iz"" data-stat=""attendance""></td><td class=""left iz"" data-stat=""game_remarks""></td></tr>"
83,"<tr><th class=""left"" csk=""194611220TRH"" data-stat=""date_game"" scope=""row""><a href=""/boxscores/index.fcgi?month=11&amp;day=22&amp;year=1946"">Fri, Nov 22, 1946</a></th><td class=""left"" csk=""BOS.194611220TRH"" data-stat=""visitor_team_name""><a href=""/teams/BOS/1947.html"">Boston Celtics</a></td><td class=""right"" data-stat=""visitor_pts"">82</td><td class=""left"" csk=""TRH.194611220TRH"" data-stat=""home_team_name""><a href=""/teams/TRH/1947.html"">Toronto Huskies</a></td><td class=""right"" data-stat=""home_pts"">83</td><td class=""center"" data-stat=""box_score_text""><a href=""/boxscores/194611220TRH.html"">Box Score</a></td><td class=""center"" data-stat=""overtimes"">OT</td><td class=""right iz"" data-stat=""attendance""></td><td class=""left iz"" data-stat=""game_remarks""></td></tr>"
85,"<tr><th class=""left"" csk=""194611230DTF"" data-stat=""date_game"" scope=""row""><a href=""/boxscores/index.fcgi?month=11&amp;day=23&amp;year=1946"">Sat, Nov 23, 1946</a></th><td class=""left"" csk=""BOS.194611230DTF"" data-stat=""visitor_team_name""><a href=""/teams/BOS/1947.html"">Boston Celtics</a></td><td class=""right"" data-stat=""visitor_pts"">46</td><td class=""left"" csk=""DTF.194611230DTF"" data-stat=""home_team_name""><a href=""/teams/DTF/1947.html"">Detroit Falcons</a></td><td class=""right"" data-stat=""home_pts"">54</td><td class=""center"" data-stat=""box_score_text""><a href=""/boxscores/194611230DTF.html"">Box Score</a></td><td class=""center iz"" data-stat=""overtimes""></td><td class=""right iz"" data-stat=""attendance""></td><td class=""left iz"" data-stat=""game_remarks""></td></tr>"
87,"<tr><th class=""left"" csk=""194611230NYK"" data-stat=""date_game"" scope=""row""><a href=""/boxscores/index.fcgi?month=11&amp;day=23&amp;year=1946"">Sat, Nov 23, 1946</a></th><td class=""left"" csk=""CLR.194611230NYK"" data-stat=""visitor_team_name""><a href=""/teams/CLR/1947.html"">Cleveland Rebels</a></td><td class=""right"" data-stat=""visitor_pts"">76</td><td class=""left"" csk=""NYK.194611230NYK"" data-stat=""home_team_name""><a href=""/teams/NYK/1947.html"">New York Knicks</a></td><td class=""right"" data-stat=""home_pts"">82</td><td class=""center"" data-stat=""box_score_text""><a href=""/boxscores/194611230NYK.html"">Box Score</a></td><td class=""center"" data-stat=""overtimes"">OT</td><td class=""right iz"" data-stat=""attendance""></td><td class=""left iz"" data-stat=""game_remarks""></td></tr>"
89,"<tr><th class=""left"" csk=""194611230PRO"" data-stat=""date_game"" scope=""row""><a href=""/boxscores/index.fcgi?month=11&amp;day=23&amp;year=1946"">Sat, Nov 23, 1946</a></th><td class=""left"" csk=""STB.194611230PRO"" data-stat=""visitor_team_name""><a href=""/teams/STB/1947.html"">St. Louis Bombers</a></td><td class=""right"" data-stat=""visitor_pts"">65</td><td class=""left"" csk=""PRO.194611230PRO"" data-stat=""home_team_name""><a href=""/teams/PRO/1947.html"">Providence Steamrollers</a></td><td class=""right"" data-stat=""home_pts"">59</td><td class=""center"" data-stat=""box_score_text""><a href=""/boxscores/194611230PRO.html"">Box Score</a></td><td class=""center iz"" data-stat=""overtimes""></td><td class=""right iz"" data-stat=""attendance""></td><td class=""left iz"" data-stat=""game_remarks""></td></tr>"
91,"<tr><th class=""left"" csk=""194611230WSC"" data-stat=""date_game"" scope=""row""><a href=""/boxscores/index.fcgi?month=11&amp;day=23&amp;year=1946"">Sat, Nov 23, 1946</a></th><td class=""left"" csk=""TRH.194611230WSC"" data-stat=""visitor_team_name""><a href=""/teams/TRH/1947.html"">Toronto Huskies</a></td><td class=""right"" data-stat=""visitor_pts"">50</td><td class=""left"" csk=""WSC.194611230WSC"" data-stat=""home_team_name""><a href=""/teams/WSC/1947.html"">Washington Capitols</a></td><td class=""right"" data-stat=""home_pts"">74</td><td class=""center"" data-stat=""box_score_text""><a href=""/boxscores/194611230WSC.html"">Box Score</a></td><td class=""center iz"" data-stat=""overtimes""></td><td class=""right iz"" data-stat=""attendance""></td><td class=""left iz"" data-stat=""game_remarks""></td></tr>"
93,"<tr><th class=""left"" csk=""194611240CHS"" data-stat=""date_game"" scope=""row""><a href=""/boxscores/index.fcgi?month=11&amp;day=24&amp;year=1946"">Sun, Nov 24, 1946</a></th><td class=""left"" csk=""DTF.194611240CHS"" data-stat=""visitor_team_name""><a href=""/teams/DTF/1947.html"">Detroit Falcons</a></td><td class=""right"" data-stat=""visitor_pts"">68</td><td class=""left"" csk=""CHS.194611240CHS"" data-stat=""home_team_name""><a href=""/teams/CHS/1947.html"">Chicago Stags</a></td><td class=""right"" data-stat=""home_pts"">55</td><td class=""center"" data-stat=""box_score_text""><a href=""/boxscores/194611240CHS.html"">Box Score</a></td><td class=""center iz"" data-stat=""overtimes""></td><td class=""right iz"" data-stat=""attendance""></td><td class=""left iz"" data-stat=""game_remarks""></td></tr>"
95,"<tr><th class=""left"" csk=""194611240CLR"" data-stat=""date_game"" scope=""row""><a href=""/boxscores/index.fcgi?month=11&amp;day=24&amp;year=1946"">Sun, Nov 24, 1946</a></th><td class=""left"" csk=""PIT.194611240CLR"" data-stat=""visitor_team_name""><a href=""/teams/PIT/1947.html"">Pittsburgh Ironmen</a></td><td class=""right"" data-stat=""visitor_pts"">60</td><td class=""left"" csk=""CLR.194611240CLR"" data-stat=""home_team_name""><a href=""/teams/CLR/1947.html"">Cleveland Rebels</a></td><td class=""right"" data-stat=""home_pts"">62</td><td class=""center"" data-stat=""box_score_text""><a href=""/boxscores/194611240CLR.html"">Box Score</a></td><td class=""center iz"" data-stat=""overtimes""></td><td class=""right iz"" data-stat=""attendance""></td><td class=""left iz"" data-stat=""game_remarks""></td></tr>"
97,"<tr><th class=""left"" csk=""194611250PIT"" data-stat=""date_game"" scope=""row""><a href=""/boxscores/index.fcgi?month=11&amp;day=25&amp;year=1946"">Mon, Nov 25, 1946</a></th><td class=""left"" csk=""NYK.194611250PIT"" data-stat=""visitor_team_name""><a href=""/teams/NYK/1947.html"">New York Knicks</a></td><td class=""right"" data-stat=""visitor_pts"">62</td><td class=""left"" csk=""PIT.194611250PIT"" data-stat=""home_team_name""><a href=""/teams/PIT/1947.html"">Pittsburgh Ironmen</a></td><td class=""right"" data-stat=""home_pts"">46</td><td class=""center"" data-stat=""box_score_text""><a href=""/boxscores/194611250PIT.html"">Box Score</a></td><td class=""center iz"" data-stat=""overtimes""></td><td class=""right iz"" data-stat=""attendance""></td><td class=""left iz"" data-stat=""game_remarks""></td></tr>"
99,"<tr><th class=""left"" csk=""194611250BOS"" data-stat=""date_game"" scope=""row""><a href=""/boxscores/index.fcgi?month=11&amp;day=25&amp;year=1946"">Mon, Nov 25, 1946</a></th><td class=""left"" csk=""PRO.194611250BOS"" data-stat=""visitor_team_name""><a href=""/teams/PRO/1947.html"">Providence Steamrollers</a></td><td class=""right"" data-stat=""visitor_pts"">71</td><td class=""left"" csk=""BOS.194611250BOS"" data-stat=""home_team_name""><a href=""/teams/BOS/1947.html"">Boston Celtics</a></td><td class=""right"" data-stat=""home_pts"">59</td><td class=""center"" data-stat=""box_score_text""><a href=""/boxscores/194611250BOS.html"">Box Score</a></td><td class=""center iz"" data-stat=""overtimes""></td><td class=""right iz"" data-stat=""attendance""></td><td class=""left iz"" data-stat=""game_remarks""></td></tr>"
101,"<tr><th class=""left"" csk=""194611260DTF"" data-stat=""date_game"" scope=""row""><a href=""/boxscores/index.fcgi?month=11&amp;day=26&amp;year=1946"">Tue, Nov 26, 1946</a></th><td class=""left"" csk=""CLR.194611260DTF"" data-stat=""visitor_team_name""><a href=""/teams/CLR/1947.html"">Cleveland Rebels</a></td><td class=""right"" data-stat=""visitor_pts"">46</td><td class=""left"" csk=""DTF.194611260DTF"" data-stat=""home_team_name""><a href=""/teams/DTF/1947.html"">Detroit Falcons</a></td><td class=""right"" data-stat=""home_pts"">66</td><td class=""center"" data-stat=""box_score_text""><a href=""/boxscores/194611260DTF.html"">Box Score</a></td><td class=""center iz"" data-stat=""overtimes""></td><td class=""right iz"" data-stat=""attendance""></td><td class=""left iz"" data-stat=""game_remarks""></td></tr>"
103,"<tr><th class=""left"" csk=""194611260PHW"" data-stat=""date_game"" scope=""row""><a href=""/boxscores/index.fcgi?month=11&amp;day=26&amp;year=1946"">Tue, Nov 26, 1946</a></th><td class=""left"" csk=""BOS.194611260PHW"" data-stat=""visitor_team_name""><a href=""/teams/BOS/1947.html"">Boston Celtics</a></td><td class=""right"" data-stat=""visitor_pts"">54</td><td class=""left"" csk=""PHW.194611260PHW"" data-stat=""home_team_name""><a href=""/teams/PHW/1947.html"">Philadelphia Warriors</a></td><td class=""right"" data-stat=""home_pts"">66</td><td class=""center"" data-stat=""box_score_text""><a href=""/boxscores/194611260PHW.html"">Box Score</a></td><td class=""center iz"" data-stat=""overtimes""></td><td class=""right iz"" data-stat=""attendance""></td><td class=""left iz"" data-stat=""game_remarks""></td></tr>"
105,"<tr><th class=""left"" csk=""194611260TRH"" data-stat=""date_game"" scope=""row""><a href=""/boxscores/index.fcgi?month=11&amp;day=26&amp;year=1946"">Tue, Nov 26, 1946</a></th><td class=""left"" csk=""WSC.194611260TRH"" data-stat=""visitor_team_name""><a href=""/teams/WSC/1947.html"">Washington Capitols</a></td><td class=""right"" data-stat=""visitor_pts"">78</td><td class=""left"" csk=""TRH.194611260TRH"" data-stat=""home_team_name""><a href=""/teams/TRH/1947.html"">Toronto Huskies</a></td><td class=""right"" data-stat=""home_pts"">68</td><td class=""center"" data-stat=""box_score_text""><a href=""/boxscores/194611260TRH.html"">Box Score</a></td><td class=""center iz"" data-stat=""overtimes""></td><td class=""right iz"" data-stat=""attendance""></td><td class=""left iz"" data-stat=""game_remarks""></td></tr>"
107,"<tr><th class=""left"" csk=""194611270NYK"" data-stat=""date_game"" scope=""row""><a href=""/boxscores/index.fcgi?month=11&amp;day=27&amp;year=1946"">Wed, Nov 27, 1946</a></th><td class=""left"" csk=""STB.194611270NYK"" data-stat=""visitor_team_name""><a href=""/teams/STB/1947.html"">St. Louis Bombers</a></td><td class=""right"" data-stat=""visitor_pts"">60</td><td class=""left"" csk=""NYK.194611270NYK"" data-stat=""home_team_name""><a href=""/teams/NYK/1947.html"">New York Knicks</a></td><td class=""right"" data-stat=""home_pts"">67</td><td class=""center"" data-stat=""box_score_text""><a href=""/boxscores/194611270NYK.html"">Box Score</a></td><td class=""center iz"" data-stat=""overtimes""></td><td class=""right iz"" data-stat=""attendance""></td><td class=""left iz"" data-stat=""game_remarks""></td></tr>"
109,"<tr><th class=""left"" csk=""194611270PIT"" data-stat=""date_game"" scope=""row""><a href=""/boxscores/index.fcgi?month=11&amp;day=27&amp;year=1946"">Wed, Nov 27, 1946</a></th><td class=""left"" csk=""CLR.194611270PIT"" data-stat=""visitor_team_name""><a href=""/teams/CLR/1947.html"">Cleveland Rebels</a></td><td class=""right"" data-stat=""visitor_pts"">60</td><td class=""left"" csk=""PIT.194611270PIT"" data-stat=""home_team_name""><a href=""/teams/PIT/1947.html"">Pittsburgh Ironmen</a></td><td class=""right"" data-stat=""home_pts"">62</td><td class=""center"" data-stat=""box_score_text""><a href=""/boxscores/194611270PIT.html"">Box Score</a></td><td class=""center iz"" data-stat=""overtimes""></td><td class=""right iz"" data-stat=""attendance""></td><td class=""left iz"" data-stat=""game_remarks""></td></tr>"
111,"<tr><th class=""left"" csk=""194611270WSC"" data-stat=""date_game"" scope=""row""><a href=""/boxscores/index.fcgi?month=11&amp;day=27&amp;year=1946"">Wed, Nov 27, 1946</a></th><td class=""left"" csk=""CHS.194611270WSC"" data-stat=""visitor_team_name""><a href=""/teams/CHS/1947.html"">Chicago Stags</a></td><td class=""right"" data-stat=""visitor_pts"">67</td><td class=""left"" csk=""WSC.194611270WSC"" data-stat=""home_team_name""><a href=""/teams/WSC/1947.html"">Washington Capitols</a></td><td class=""right"" data-stat=""home_pts"">75</td><td class=""center"" data-stat=""box_score_text""><a href=""/boxscores/194611270WSC.html"">Box Score</a></td><td class=""center iz"" data-stat=""overtimes""></td><td class=""right iz"" data-stat=""attendance""></td><td class=""left iz"" data-stat=""game_remarks""></td></tr>"
113,"<tr><th class=""left"" csk=""194611280PRO"" data-stat=""date_game"" scope=""row""><a href=""/boxscores/index.fcgi?month=11&amp;day=28&amp;year=1946"">Thu, Nov 28, 1946</a></th><td class=""left"" csk=""NYK.194611280PRO"" data-stat=""visitor_team_name""><a href=""/teams/NYK/1947.html"">New York Knicks</a></td><td class=""right"" data-stat=""visitor_pts"">60</td><td class=""left"" csk=""PRO.194611280PRO"" data-stat=""home_team_name""><a href=""/teams/PRO/1947.html"">Providence Steamrollers</a></td><td class=""right"" data-stat=""home_pts"">58</td><td class=""center"" data-stat=""box_score_text""><a href=""/boxscores/194611280PRO.html"">Box Score</a></td><td class=""center iz"" data-stat=""overtimes""></td><td class=""right iz"" data-stat=""attendance""></td><td class=""left iz"" data-stat=""game_remarks""></td></tr>"
115,"<tr><th class=""left"" csk=""194611280PHW"" data-stat=""date_game"" scope=""row""><a href=""/boxscores/index.fcgi?month=11&amp;day=28&amp;year=1946"">Thu, Nov 28, 1946</a></th><td class=""left"" csk=""DTF.194611280PHW"" data-stat=""visitor_team_name""><a href=""/teams/DTF/1947.html"">Detroit Falcons</a></td><td class=""right"" data-stat=""visitor_pts"">68</td><td class=""left"" csk=""PHW.194611280PHW"" data-stat=""home_team_name""><a href=""/teams/PHW/1947.html"">Philadelphia Warriors</a></td><td class=""right"" data-stat=""home_pts"">55</td><td class=""center"" data-stat=""box_score_text""><a href=""/boxscores/194611280PHW.html"">Box Score</a></td><td class=""center iz"" data-stat=""overtimes""></td><td class=""right iz"" data-stat=""attendance""></td><td class=""left iz"" data-stat=""game_remarks""></td></tr>"
117,"<tr><th class=""left"" csk=""194611280CHS"" data-stat=""date_game"" scope=""row""><a href=""/boxscores/index.fcgi?month=11&amp;day=28&amp;year=1946"">Thu, Nov 28, 1946</a></th><td class=""left"" csk=""STB.194611280CHS"" data-stat=""visitor_team_name""><a href=""/teams/STB/1947.html"">St. Louis Bombers</a></td><td class=""right"" data-stat=""visitor_pts"">75</td><td class=""left"" csk=""CHS.194611280CHS"" data-stat=""home_team_name""><a href=""/teams/CHS/1947.html"">Chicago Stags</a></td><td class=""right"" data-stat=""home_pts"">72</td><td class=""center"" data-stat=""box_score_text""><a href=""/boxscores/194611280CHS.html"">Box Score</a></td><td class=""center iz"" data-stat=""overtimes""></td><td class=""right iz"" data-stat=""attendance""></td><td class=""left iz"" data-stat=""game_remarks""></td></tr>"
119,"<tr><th class=""left"" csk=""194611280BOS"" data-stat=""date_game"" scope=""row""><a href=""/boxscores/index.fcgi?month=11&amp;day=28&amp;year=1946"">Thu, Nov 28, 1946</a></th><td class=""left"" csk=""PIT.194611280BOS"" data-stat=""visitor_team_name""><a href=""/teams/PIT/1947.html"">Pittsburgh Ironmen</a></td><td class=""right"" data-stat=""visitor_pts"">55</td><td class=""left"" csk=""BOS.194611280BOS"" data-stat=""home_team_name""><a href=""/teams/BOS/1947.html"">Boston Celtics</a></td><td class=""right"" data-stat=""home_pts"">59</td><td class=""center"" data-stat=""box_score_text""><a href=""/boxscores/194611280BOS.html"">Box Score</a></td><td class=""center iz"" data-stat=""overtimes""></td><td class=""right iz"" data-stat=""attendance""></td><td class=""left iz"" data-stat=""game_remarks""></td></tr>"
121,"<tr><th class=""left"" csk=""194611290TRH"" data-stat=""date_game"" scope=""row""><a href=""/boxscores/index.fcgi?month=11&amp;day=29&amp;year=1946"">Fri, Nov 29, 1946</a></th><td class=""left"" csk=""CLR.194611290TRH"" data-stat=""visitor_team_name""><a href=""/teams/CLR/1947.html"">Cleveland Rebels</a></td><td class=""right"" data-stat=""visitor_pts"">87</td><td class=""left"" csk=""TRH.194611290TRH"" data-stat=""home_team_name""><a href=""/teams/TRH/1947.html"">Toronto Huskies</a></td><td class=""right"" data-stat=""home_pts"">72</td><td class=""center"" data-stat=""box_score_text""><a href=""/boxscores/194611290TRH.html"">Box Score</a></td><td class=""center iz"" data-stat=""overtimes""></td><td class=""right iz"" data-stat=""attendance""></td><td class=""left iz"" data-stat=""game_remarks""></td></tr>"
123,"<tr><th class=""left"" csk=""194611300NYK"" data-stat=""date_game"" scope=""row""><a href=""/boxscores/index.fcgi?month=11&amp;day=30&amp;year=1946"">Sat, Nov 30, 1946</a></th><td class=""left"" csk=""PHW.194611300NYK"" data-stat=""visitor_team_name""><a href=""/teams/PHW/1947.html"">Philadelphia Warriors</a></td><td class=""right"" data-stat=""visitor_pts"">60</td><td class=""left"" csk=""NYK.194611300NYK"" data-stat=""home_team_name""><a href=""/teams/NYK/1947.html"">New York Knicks</a></td><td class=""right"" data-stat=""home_pts"">64</td><td class=""center"" data-stat=""box_score_text""><a href=""/boxscores/194611300NYK.html"">Box Score</a></td><td class=""center"" data-stat=""overtimes"">OT</td><td class=""right iz"" data-stat=""attendance""></td><td class=""left iz"" data-stat=""game_remarks""></td></tr>"
125,"<tr><th class=""left"" csk=""194611300PRO"" data-stat=""date_game"" scope=""row""><a href=""/boxscores/index.fcgi?month=11&amp;day=30&amp;year=1946"">Sat, Nov 30, 1946</a></th><td class=""left"" csk=""TRH.194611300PRO"" data-stat=""visitor_team_name""><a href=""/teams/TRH/1947.html"">Toronto Huskies</a></td><td class=""right"" data-stat=""visitor_pts"">65</td><td class=""left"" csk=""PRO.194611300PRO"" data-stat=""home_team_name""><a href=""/teams/PRO/1947.html"">Providence Steamrollers</a></td><td class=""right"" data-stat=""home_pts"">79</td><td class=""center"" data-stat=""box_score_text""><a href=""/boxscores/194611300PRO.html"">Box Score</a></td><td class=""center iz"" data-stat=""overtimes""></td><td class=""right iz"" data-stat=""attendance""></td><td class=""left iz"" data-stat=""game_remarks""></td></tr>"
127,"<tr><th class=""left"" csk=""194611300STB"" data-stat=""date_game"" scope=""row""><a href=""/boxscores/index.fcgi?month=11&amp;day=30&amp;year=1946"">Sat, Nov 30, 1946</a></th><td class=""left"" csk=""DTF.194611300STB"" data-stat=""visitor_team_name""><a href=""/teams/DTF/1947.html"">Detroit Falcons</a></td><td class=""right"" data-stat=""visitor_pts"">57</td><td class=""left"" csk=""STB.194611300STB"" data-stat=""home_team_name""><a href=""/teams/STB/1947.html"">St. Louis Bombers</a></td><td class=""right"" data-stat=""home_pts"">60</td><td class=""center"" data-stat=""box_score_text""><a href=""/boxscores/194611300STB.html"">Box Score</a></td><td class=""center"" data-stat=""overtimes"">OT</td><td class=""right iz"" data-stat=""attendance""></td><td class=""left iz"" data-stat=""game_remarks""></td></tr>"
129,"<tr><th class=""left"" csk=""194611300WSC"" data-stat=""date_game"" scope=""row""><a href=""/boxscores/index.fcgi?month=11&amp;day=30&amp;year=1946"">Sat, Nov 30, 1946</a></th><td class=""left"" csk=""PIT.194611300WSC"" data-stat=""visitor_team_name""><a href=""/teams/PIT/1947.html"">Pittsburgh Ironmen</a></td><td class=""right"" data-stat=""visitor_pts"">40</td><td class=""left"" csk=""WSC.194611300WSC"" data-stat=""home_team_name""><a href=""/teams/WSC/1947.html"">Washington Capitols</a></td><td class=""right"" data-stat=""home_pts"">49</td><td class=""center"" data-stat=""box_score_text""><a href=""/boxscores/194611300WSC.html"">Box Score</a></td><td class=""center iz"" data-stat=""overtimes""></td><td class=""right iz"" data-stat=""attendance""></td><td class=""left iz"" data-stat=""game_remarks""></td></tr>"
