,0
1,"<tr><th class=""left"" csk=""194704020CLR"" data-stat=""date_game"" scope=""row""><a href=""/boxscores/index.fcgi?month=4&amp;day=2&amp;year=1947"">Wed, Apr 2, 1947</a></th><td class=""left"" csk=""NYK.194704020CLR"" data-stat=""visitor_team_name""><a href=""/teams/NYK/1947.html"">New York Knicks</a></td><td class=""right"" data-stat=""visitor_pts"">51</td><td class=""left"" csk=""CLR.194704020CLR"" data-stat=""home_team_name""><a href=""/teams/CLR/1947.html"">Cleveland Rebels</a></td><td class=""right"" data-stat=""home_pts"">77</td><td class=""center"" data-stat=""box_score_text""><a href=""/boxscores/194704020CLR.html"">Box Score</a></td><td class=""center iz"" data-stat=""overtimes""></td><td class=""right iz"" data-stat=""attendance""></td><td class=""left iz"" data-stat=""game_remarks""></td></tr>"
3,"<tr><th class=""left"" csk=""194704020PHW"" data-stat=""date_game"" scope=""row""><a href=""/boxscores/index.fcgi?month=4&amp;day=2&amp;year=1947"">Wed, Apr 2, 1947</a></th><td class=""left"" csk=""STB.194704020PHW"" data-stat=""visitor_team_name""><a href=""/teams/STB/1947.html"">St. Louis Bombers</a></td><td class=""right"" data-stat=""visitor_pts"">68</td><td class=""left"" csk=""PHW.194704020PHW"" data-stat=""home_team_name""><a href=""/teams/PHW/1947.html"">Philadelphia Warriors</a></td><td class=""right"" data-stat=""home_pts"">73</td><td class=""center"" data-stat=""box_score_text""><a href=""/boxscores/194704020PHW.html"">Box Score</a></td><td class=""center iz"" data-stat=""overtimes""></td><td class=""right iz"" data-stat=""attendance""></td><td class=""left iz"" data-stat=""game_remarks""></td></tr>"
5,"<tr><th class=""left"" csk=""194704020WSC"" data-stat=""date_game"" scope=""row""><a href=""/boxscores/index.fcgi?month=4&amp;day=2&amp;year=1947"">Wed, Apr 2, 1947</a></th><td class=""left"" csk=""CHS.194704020WSC"" data-stat=""visitor_team_name""><a href=""/teams/CHS/1947.html"">Chicago Stags</a></td><td class=""right"" data-stat=""visitor_pts"">81</td><td class=""left"" csk=""WSC.194704020WSC"" data-stat=""home_team_name""><a href=""/teams/WSC/1947.html"">Washington Capitols</a></td><td class=""right"" data-stat=""home_pts"">65</td><td class=""center"" data-stat=""box_score_text""><a href=""/boxscores/194704020WSC.html"">Box Score</a></td><td class=""center iz"" data-stat=""overtimes""></td><td class=""right iz"" data-stat=""attendance""></td><td class=""left iz"" data-stat=""game_remarks""></td></tr>"
7,"<tr><th class=""left"" csk=""194704030WSC"" data-stat=""date_game"" scope=""row""><a href=""/boxscores/index.fcgi?month=4&amp;day=3&amp;year=1947"">Thu, Apr 3, 1947</a></th><td class=""left"" csk=""CHS.194704030WSC"" data-stat=""visitor_team_name""><a href=""/teams/CHS/1947.html"">Chicago Stags</a></td><td class=""right"" data-stat=""visitor_pts"">69</td><td class=""left"" csk=""WSC.194704030WSC"" data-stat=""home_team_name""><a href=""/teams/WSC/1947.html"">Washington Capitols</a></td><td class=""right"" data-stat=""home_pts"">53</td><td class=""center"" data-stat=""box_score_text""><a href=""/boxscores/194704030WSC.html"">Box Score</a></td><td class=""center iz"" data-stat=""overtimes""></td><td class=""right iz"" data-stat=""attendance""></td><td class=""left iz"" data-stat=""game_remarks""></td></tr>"
9,"<tr><th class=""left"" csk=""194704050NYK"" data-stat=""date_game"" scope=""row""><a href=""/boxscores/index.fcgi?month=4&amp;day=5&amp;year=1947"">Sat, Apr 5, 1947</a></th><td class=""left"" csk=""CLR.194704050NYK"" data-stat=""visitor_team_name""><a href=""/teams/CLR/1947.html"">Cleveland Rebels</a></td><td class=""right"" data-stat=""visitor_pts"">74</td><td class=""left"" csk=""NYK.194704050NYK"" data-stat=""home_team_name""><a href=""/teams/NYK/1947.html"">New York Knicks</a></td><td class=""right"" data-stat=""home_pts"">86</td><td class=""center"" data-stat=""box_score_text""><a href=""/boxscores/194704050NYK.html"">Box Score</a></td><td class=""center iz"" data-stat=""overtimes""></td><td class=""right iz"" data-stat=""attendance""></td><td class=""left iz"" data-stat=""game_remarks""></td></tr>"
11,"<tr><th class=""left"" csk=""194704050STB"" data-stat=""date_game"" scope=""row""><a href=""/boxscores/index.fcgi?month=4&amp;day=5&amp;year=1947"">Sat, Apr 5, 1947</a></th><td class=""left"" csk=""PHW.194704050STB"" data-stat=""visitor_team_name""><a href=""/teams/PHW/1947.html"">Philadelphia Warriors</a></td><td class=""right"" data-stat=""visitor_pts"">51</td><td class=""left"" csk=""STB.194704050STB"" data-stat=""home_team_name""><a href=""/teams/STB/1947.html"">St. Louis Bombers</a></td><td class=""right"" data-stat=""home_pts"">73</td><td class=""center"" data-stat=""box_score_text""><a href=""/boxscores/194704050STB.html"">Box Score</a></td><td class=""center iz"" data-stat=""overtimes""></td><td class=""right iz"" data-stat=""attendance""></td><td class=""left iz"" data-stat=""game_remarks""></td></tr>"
13,"<tr><th class=""left"" csk=""194704060STB"" data-stat=""date_game"" scope=""row""><a href=""/boxscores/index.fcgi?month=4&amp;day=6&amp;year=1947"">Sun, Apr 6, 1947</a></th><td class=""left"" csk=""PHW.194704060STB"" data-stat=""visitor_team_name""><a href=""/teams/PHW/1947.html"">Philadelphia Warriors</a></td><td class=""right"" data-stat=""visitor_pts"">75</td><td class=""left"" csk=""STB.194704060STB"" data-stat=""home_team_name""><a href=""/teams/STB/1947.html"">St. Louis Bombers</a></td><td class=""right"" data-stat=""home_pts"">59</td><td class=""center"" data-stat=""box_score_text""><a href=""/boxscores/194704060STB.html"">Box Score</a></td><td class=""center iz"" data-stat=""overtimes""></td><td class=""right iz"" data-stat=""attendance""></td><td class=""left iz"" data-stat=""game_remarks""></td></tr>"
15,"<tr><th class=""left"" csk=""194704080CHS"" data-stat=""date_game"" scope=""row""><a href=""/boxscores/index.fcgi?month=4&amp;day=8&amp;year=1947"">Tue, Apr 8, 1947</a></th><td class=""left"" csk=""WSC.194704080CHS"" data-stat=""visitor_team_name""><a href=""/teams/WSC/1947.html"">Washington Capitols</a></td><td class=""right"" data-stat=""visitor_pts"">55</td><td class=""left"" csk=""CHS.194704080CHS"" data-stat=""home_team_name""><a href=""/teams/CHS/1947.html"">Chicago Stags</a></td><td class=""right"" data-stat=""home_pts"">67</td><td class=""center"" data-stat=""box_score_text""><a href=""/boxscores/194704080CHS.html"">Box Score</a></td><td class=""center iz"" data-stat=""overtimes""></td><td class=""right iz"" data-stat=""attendance""></td><td class=""left iz"" data-stat=""game_remarks""></td></tr>"
17,"<tr><th class=""left"" csk=""194704090NYK"" data-stat=""date_game"" scope=""row""><a href=""/boxscores/index.fcgi?month=4&amp;day=9&amp;year=1947"">Wed, Apr 9, 1947</a></th><td class=""left"" csk=""CLR.194704090NYK"" data-stat=""visitor_team_name""><a href=""/teams/CLR/1947.html"">Cleveland Rebels</a></td><td class=""right"" data-stat=""visitor_pts"">71</td><td class=""left"" csk=""NYK.194704090NYK"" data-stat=""home_team_name""><a href=""/teams/NYK/1947.html"">New York Knicks</a></td><td class=""right"" data-stat=""home_pts"">93</td><td class=""center"" data-stat=""box_score_text""><a href=""/boxscores/194704090NYK.html"">Box Score</a></td><td class=""center iz"" data-stat=""overtimes""></td><td class=""right iz"" data-stat=""attendance""></td><td class=""left iz"" data-stat=""game_remarks""></td></tr>"
19,"<tr><th class=""left"" csk=""194704100WSC"" data-stat=""date_game"" scope=""row""><a href=""/boxscores/index.fcgi?month=4&amp;day=10&amp;year=1947"">Thu, Apr 10, 1947</a></th><td class=""left"" csk=""CHS.194704100WSC"" data-stat=""visitor_team_name""><a href=""/teams/CHS/1947.html"">Chicago Stags</a></td><td class=""right"" data-stat=""visitor_pts"">69</td><td class=""left"" csk=""WSC.194704100WSC"" data-stat=""home_team_name""><a href=""/teams/WSC/1947.html"">Washington Capitols</a></td><td class=""right"" data-stat=""home_pts"">76</td><td class=""center"" data-stat=""box_score_text""><a href=""/boxscores/194704100WSC.html"">Box Score</a></td><td class=""center iz"" data-stat=""overtimes""></td><td class=""right iz"" data-stat=""attendance""></td><td class=""left iz"" data-stat=""game_remarks""></td></tr>"
21,"<tr><th class=""left"" csk=""194704120CHS"" data-stat=""date_game"" scope=""row""><a href=""/boxscores/index.fcgi?month=4&amp;day=12&amp;year=1947"">Sat, Apr 12, 1947</a></th><td class=""left"" csk=""WSC.194704120CHS"" data-stat=""visitor_team_name""><a href=""/teams/WSC/1947.html"">Washington Capitols</a></td><td class=""right"" data-stat=""visitor_pts"">67</td><td class=""left"" csk=""CHS.194704120CHS"" data-stat=""home_team_name""><a href=""/teams/CHS/1947.html"">Chicago Stags</a></td><td class=""right"" data-stat=""home_pts"">55</td><td class=""center"" data-stat=""box_score_text""><a href=""/boxscores/194704120CHS.html"">Box Score</a></td><td class=""center iz"" data-stat=""overtimes""></td><td class=""right iz"" data-stat=""attendance""></td><td class=""left iz"" data-stat=""game_remarks""></td></tr>"
23,"<tr><th class=""left"" csk=""194704120PHW"" data-stat=""date_game"" scope=""row""><a href=""/boxscores/index.fcgi?month=4&amp;day=12&amp;year=1947"">Sat, Apr 12, 1947</a></th><td class=""left"" csk=""NYK.194704120PHW"" data-stat=""visitor_team_name""><a href=""/teams/NYK/1947.html"">New York Knicks</a></td><td class=""right"" data-stat=""visitor_pts"">70</td><td class=""left"" csk=""PHW.194704120PHW"" data-stat=""home_team_name""><a href=""/teams/PHW/1947.html"">Philadelphia Warriors</a></td><td class=""right"" data-stat=""home_pts"">82</td><td class=""center"" data-stat=""box_score_text""><a href=""/boxscores/194704120PHW.html"">Box Score</a></td><td class=""center iz"" data-stat=""overtimes""></td><td class=""right iz"" data-stat=""attendance""></td><td class=""left iz"" data-stat=""game_remarks""></td></tr>"
25,"<tr><th class=""left"" csk=""194704130CHS"" data-stat=""date_game"" scope=""row""><a href=""/boxscores/index.fcgi?month=4&amp;day=13&amp;year=1947"">Sun, Apr 13, 1947</a></th><td class=""left"" csk=""WSC.194704130CHS"" data-stat=""visitor_team_name""><a href=""/teams/WSC/1947.html"">Washington Capitols</a></td><td class=""right"" data-stat=""visitor_pts"">61</td><td class=""left"" csk=""CHS.194704130CHS"" data-stat=""home_team_name""><a href=""/teams/CHS/1947.html"">Chicago Stags</a></td><td class=""right"" data-stat=""home_pts"">66</td><td class=""center"" data-stat=""box_score_text""><a href=""/boxscores/194704130CHS.html"">Box Score</a></td><td class=""center iz"" data-stat=""overtimes""></td><td class=""right iz"" data-stat=""attendance""></td><td class=""left iz"" data-stat=""game_remarks""></td></tr>"
27,"<tr><th class=""left"" csk=""194704140NYK"" data-stat=""date_game"" scope=""row""><a href=""/boxscores/index.fcgi?month=4&amp;day=14&amp;year=1947"">Mon, Apr 14, 1947</a></th><td class=""left"" csk=""PHW.194704140NYK"" data-stat=""visitor_team_name""><a href=""/teams/PHW/1947.html"">Philadelphia Warriors</a></td><td class=""right"" data-stat=""visitor_pts"">72</td><td class=""left"" csk=""NYK.194704140NYK"" data-stat=""home_team_name""><a href=""/teams/NYK/1947.html"">New York Knicks</a></td><td class=""right"" data-stat=""home_pts"">53</td><td class=""center"" data-stat=""box_score_text""><a href=""/boxscores/194704140NYK.html"">Box Score</a></td><td class=""center iz"" data-stat=""overtimes""></td><td class=""right iz"" data-stat=""attendance""></td><td class=""left iz"" data-stat=""game_remarks""></td></tr>"
29,"<tr><th class=""left"" csk=""194704160PHW"" data-stat=""date_game"" scope=""row""><a href=""/boxscores/index.fcgi?month=4&amp;day=16&amp;year=1947"">Wed, Apr 16, 1947</a></th><td class=""left"" csk=""CHS.194704160PHW"" data-stat=""visitor_team_name""><a href=""/teams/CHS/1947.html"">Chicago Stags</a></td><td class=""right"" data-stat=""visitor_pts"">71</td><td class=""left"" csk=""PHW.194704160PHW"" data-stat=""home_team_name""><a href=""/teams/PHW/1947.html"">Philadelphia Warriors</a></td><td class=""right"" data-stat=""home_pts"">84</td><td class=""center"" data-stat=""box_score_text""><a href=""/boxscores/194704160PHW.html"">Box Score</a></td><td class=""center iz"" data-stat=""overtimes""></td><td class=""right"" data-stat=""attendance"">7,918</td><td class=""left iz"" data-stat=""game_remarks""></td></tr>"
31,"<tr><th class=""left"" csk=""194704170PHW"" data-stat=""date_game"" scope=""row""><a href=""/boxscores/index.fcgi?month=4&amp;day=17&amp;year=1947"">Thu, Apr 17, 1947</a></th><td class=""left"" csk=""CHS.194704170PHW"" data-stat=""visitor_team_name""><a href=""/teams/CHS/1947.html"">Chicago Stags</a></td><td class=""right"" data-stat=""visitor_pts"">74</td><td class=""left"" csk=""PHW.194704170PHW"" data-stat=""home_team_name""><a href=""/teams/PHW/1947.html"">Philadelphia Warriors</a></td><td class=""right"" data-stat=""home_pts"">85</td><td class=""center"" data-stat=""box_score_text""><a href=""/boxscores/194704170PHW.html"">Box Score</a></td><td class=""center iz"" data-stat=""overtimes""></td><td class=""right"" data-stat=""attendance"">7,604</td><td class=""left iz"" data-stat=""game_remarks""></td></tr>"
33,"<tr><th class=""left"" csk=""194704190CHS"" data-stat=""date_game"" scope=""row""><a href=""/boxscores/index.fcgi?month=4&amp;day=19&amp;year=1947"">Sat, Apr 19, 1947</a></th><td class=""left"" csk=""PHW.194704190CHS"" data-stat=""visitor_team_name""><a href=""/teams/PHW/1947.html"">Philadelphia Warriors</a></td><td class=""right"" data-stat=""visitor_pts"">75</td><td class=""left"" csk=""CHS.194704190CHS"" data-stat=""home_team_name""><a href=""/teams/CHS/1947.html"">Chicago Stags</a></td><td class=""right"" data-stat=""home_pts"">72</td><td class=""center"" data-stat=""box_score_text""><a href=""/boxscores/194704190CHS.html"">Box Score</a></td><td class=""center iz"" data-stat=""overtimes""></td><td class=""right"" data-stat=""attendance"">2,209</td><td class=""left iz"" data-stat=""game_remarks""></td></tr>"
35,"<tr><th class=""left"" csk=""194704200CHS"" data-stat=""date_game"" scope=""row""><a href=""/boxscores/index.fcgi?month=4&amp;day=20&amp;year=1947"">Sun, Apr 20, 1947</a></th><td class=""left"" csk=""PHW.194704200CHS"" data-stat=""visitor_team_name""><a href=""/teams/PHW/1947.html"">Philadelphia Warriors</a></td><td class=""right"" data-stat=""visitor_pts"">73</td><td class=""left"" csk=""CHS.194704200CHS"" data-stat=""home_team_name""><a href=""/teams/CHS/1947.html"">Chicago Stags</a></td><td class=""right"" data-stat=""home_pts"">74</td><td class=""center"" data-stat=""box_score_text""><a href=""/boxscores/194704200CHS.html"">Box Score</a></td><td class=""center iz"" data-stat=""overtimes""></td><td class=""right"" data-stat=""attendance"">1,934</td><td class=""left iz"" data-stat=""game_remarks""></td></tr>"
37,"<tr><th class=""left"" csk=""194704220PHW"" data-stat=""date_game"" scope=""row""><a href=""/boxscores/index.fcgi?month=4&amp;day=22&amp;year=1947"">Tue, Apr 22, 1947</a></th><td class=""left"" csk=""CHS.194704220PHW"" data-stat=""visitor_team_name""><a href=""/teams/CHS/1947.html"">Chicago Stags</a></td><td class=""right"" data-stat=""visitor_pts"">80</td><td class=""left"" csk=""PHW.194704220PHW"" data-stat=""home_team_name""><a href=""/teams/PHW/1947.html"">Philadelphia Warriors</a></td><td class=""right"" data-stat=""home_pts"">83</td><td class=""center"" data-stat=""box_score_text""><a href=""/boxscores/194704220PHW.html"">Box Score</a></td><td class=""center iz"" data-stat=""overtimes""></td><td class=""right"" data-stat=""attendance"">8,221</td><td class=""left iz"" data-stat=""game_remarks""></td></tr>"
